"","node_from","node_to","n","mean_pred","sd_pred","p_value"
"1","Argyranthemum_frutescens","Amegilla_canifrons",5,0.501731030656251,0.00195074685883908,0.118230049814698
"2","Argyranthemum_frutescens","Amegilla_quadrifasciata",13,0.500110225148286,0.0113858994879336,0.97272956005899
"3","Argyranthemum_frutescens","Ammophila_terminata",6,0.528137449346059,0.05406310792483,0.258389407665197
"4","Argyranthemum_frutescens","Anaspis_proteus",8,0.804083089288802,0.189245433403992,0.00265257315238121
"5","Argyranthemum_frutescens","Anthophora_alluaudi",19,0.620472379401665,0.182728587855718,0.0101003667578868
"6","Argyranthemum_frutescens","Anthophora_orotavae",16,0.503108519649111,0.0278565040923625,0.661712238309945
"7","Argyranthemum_frutescens","Apis_mellifera",24,0.554951200651653,0.215029315762947,0.223172601964872
"8","Argyranthemum_frutescens","Aprostocetus_occidentalis",15,0.492592447093774,0.158690077089658,0.859124689341608
"9","Argyranthemum_frutescens","Araneidae_sp_1",6,0.540251148938325,0.127149008487154,0.473148376098313
"10","Argyranthemum_frutescens","Araneidae_sp_2",5,0.500263923837816,0.000439830391933769,0.250776803646268
"11","Argyranthemum_frutescens","Bassus_sp",5,0.619157594522109,0.20031049328742,0.254239850584689
"12","Argyranthemum_frutescens","Blaesoxipha_sp_1",8,0.54610925640563,0.143851436076517,0.394750659923927
"13","Argyranthemum_frutescens","Bracon_sp",12,0.564940374972409,0.0941616345276827,0.035919531488841
"14","Argyranthemum_frutescens","Camponotus_feae",11,0.558255358469684,0.456844343409481,0.681300242058271
"15","Argyranthemum_frutescens","Chalicodoma_canescens",9,0.520199615927802,0.0261438620099168,0.0490800915740208
"16","Argyranthemum_frutescens","Chetogena_acuminata",10,0.495708834311535,0.0898011179234968,0.883221636917132
"17","Argyranthemum_frutescens","Chloropidae_sp",5,0.520819456741017,0.0200073816053867,0.0805315689135589
"18","Argyranthemum_frutescens","Chloropidae_sp_4",5,0.709898613049783,0.154899142664032,0.0387797721665413
"19","Argyranthemum_frutescens","Chloropidae_sp_5",11,0.426375940773196,0.129213439563203,0.0880956831712313
"20","Argyranthemum_frutescens","Chloropidae_sp_6",5,0.512224716944885,0.0236847548949036,0.312708329019735
"21","Argyranthemum_frutescens","Chrysomya_albiceps",10,0.299884662779672,0.258101145674054,0.03664650957337
"22","Argyranthemum_frutescens","Crematogaster_alluaudi",5,0.552715771442397,0.0798183959103553,0.213780857533807
"23","Argyranthemum_frutescens","Cryptocephalus_gounellei",6,0.521926024082438,0.0313507984532218,0.147363844991714
"24","Argyranthemum_frutescens","Dasytes_subaenescens",6,0.524925064871764,0.0431827473637709,0.216539359073943
"25","Argyranthemum_frutescens","Dinarmoides_spilopterus",5,0.515121634663609,0.0856692319019967,0.713210695399912
"26","Argyranthemum_frutescens","Empididae_sp_1",7,0.729449870842834,0.205212503359525,0.0253407764584022
"27","Argyranthemum_frutescens","Eristalinus_taeniops",14,0.552142272462846,0.149203714685408,0.213662687717299
"28","Argyranthemum_frutescens","Estheria_simonyi",17,0.641900803407653,0.223706222393905,0.0187463781989772
"29","Argyranthemum_frutescens","Eucera_gracilipes",5,0.55501673789739,0.310281054393217,0.711990662561699
"30","Argyranthemum_frutescens","Euderus_sp",12,0.609785122415391,0.200697465471919,0.0846742381562397
"31","Argyranthemum_frutescens","Eumerus_latitarsis",16,0.749864384159394,0.202226530640631,0.000177150541135985
"32","Argyranthemum_frutescens","Fannia_sp",7,0.348795861398623,0.168180031943202,0.0548659346959191
"33","Argyranthemum_frutescens","Geometridae_sp",6,0.498093511786022,0.0192725848564167,0.81816588939152
"34","Argyranthemum_frutescens","Gnaphosidae_sp_1",8,0.506939676353233,0.0125114002418465,0.160674109234229
"35","Argyranthemum_frutescens","Halictus_fulvipes",6,0.499874227272075,0.000704487223897034,0.680130029477525
"36","Argyranthemum_frutescens","Hylaeus_ater",7,0.447102958746025,0.141567270124493,0.361037505458847
"37","Argyranthemum_frutescens","Lasioglossum_loetum",19,0.672669579780316,0.205898637358407,0.00180960438892114
"38","Argyranthemum_frutescens","Lasioglossum_viride",12,0.632020041382056,0.282461084456996,0.133716727558233
"39","Argyranthemum_frutescens","Leptochilus_cruentatus",5,0.612975449699315,0.140048700460709,0.145592151149855
"40","Argyranthemum_frutescens","Leptochilus_eatoni",11,0.501693149591498,0.00369552974032795,0.159589468612353
"41","Argyranthemum_frutescens","Lucilia_sericata",7,0.429824261447802,0.355043768511786,0.619755053336441
"42","Argyranthemum_frutescens","Malthinus_mutabilis",9,0.551221607811037,0.15170710379235,0.340757003056584
"43","Argyranthemum_frutescens","Megaselia_sp_1",11,0.485966442758784,0.0554306192164937,0.42070826020506
"44","Argyranthemum_frutescens","Megaselia_sp_2",6,0.374636333592018,0.206858097048196,0.197805744355392
"45","Argyranthemum_frutescens","Minotetrastichus_sp",9,0.581550040481542,0.064524802882062,0.00529997288890373
"46","Argyranthemum_frutescens","Monomorium_subopacum",5,0.520401356392147,0.149445151373328,0.775397324274782
"47","Argyranthemum_frutescens","Musca_domestica",26,0.476771684185303,0.200241367426958,0.559500322111378
"48","Argyranthemum_frutescens","Myopites_nigrescens",13,0.577944162224763,0.185712303502276,0.156096235481425
"49","Argyranthemum_frutescens","Nyctia_lugubris",15,0.545838221507423,0.122411303682573,0.169013796786372
"50","Argyranthemum_frutescens","Oscinella_sp_2",6,0.608108484072158,0.156262209553334,0.150912991394032
"51","Argyranthemum_frutescens","Osmia_latreillei",7,0.50420337012886,0.00672828259030022,0.14944092448387
"52","Argyranthemum_frutescens","Oxyopes_kraepelinorum",8,0.54374250953166,0.0533456092650274,0.0534524411746723
"53","Argyranthemum_frutescens","Phthiria_simonyi",14,0.525021761731443,0.16711759201386,0.584853781828223
"54","Argyranthemum_frutescens","Phyto_discrepans",15,0.492465746284307,0.0286625177251508,0.325923103029154
"55","Argyranthemum_frutescens","Plagiolepis_schmitzii",10,0.834904186542409,0.217306793955658,0.000879162869203065
"56","Argyranthemum_frutescens","Plagiolepis_sp_2",13,0.501973645263005,0.31643744408797,0.982428214316923
"57","Argyranthemum_frutescens","Platypalpus_sp",15,0.447798445430728,0.127258453386244,0.134449412941104
"58","Argyranthemum_frutescens","Platypalpus_sp_1",7,0.505008248478454,0.00590273409623864,0.0659087627867702
"59","Argyranthemum_frutescens","Sarcophagidae_sp_5",14,0.425037827329157,0.136219785823759,0.0601075975654594
"60","Argyranthemum_frutescens","Sarcophagidae_sp_8",14,0.442875948452159,0.132291457726561,0.130164555375583
"61","Argyranthemum_frutescens","Sciaridae_sp",5,0.716256480732846,0.25597128253829,0.131882263490111
"62","Argyranthemum_frutescens","Sciaridae_sp_1",17,0.461618269169994,0.127083361320353,0.230965321388231
"63","Argyranthemum_frutescens","Sibinia_sericea",6,0.520622674702981,0.280188437230834,0.864004745507629
"64","Argyranthemum_frutescens","Sphaeniscus_filiolus",6,0.500950422664364,0.00186886851634816,0.268063474528077
"65","Argyranthemum_frutescens","Synthesomyia_nudiseta",9,0.485681436397196,0.0561698047006549,0.466379513524333
"66","Argyranthemum_frutescens","Themnothorax_hesperius",22,0.598959837082793,0.281112753822313,0.113582064817199
"67","Argyranthemum_frutescens","Thomisus_cf_onustus",9,0.669079789809596,0.111097405488452,0.00183607606295437
"68","Argyranthemum_frutescens","Thysanoptera_sp_2",8,0.499289614290813,0.27023633248584,0.994275046288522
"69","Argyranthemum_frutescens","Thysanoptera_sp_3",7,0.516479516549135,0.0305231051487828,0.203084964891633
"70","Argyranthemum_frutescens","Torymoides_lindbergi",8,0.720676339014225,0.215743177609466,0.0232132645973251
"71","Argyranthemum_frutescens","Urelliosoma_guimari",20,0.56465435123766,0.12726378266963,0.034894446631129
"72","Argyranthemum_sp","Anaspis_cf_saharensis",5,0.499223725212779,0.000541068348567945,0.0326478067330562
"73","Argyranthemum_sp","Anthaxia_sp_1",5,0.50003143846739,3.81705387611925e-05,0.139324053992291
"74","Argyranthemum_sp","Anthophora_sp_1",6,0.500002825647656,6.92139495051271e-06,0.363217467646245
"75","Argyranthemum_sp","Axinotarsus_sp_1",5,0.500136756436988,0.000141925853169201,0.0974748584278952
"76","Argyranthemum_sp","Bombylius_sp_1",9,0.500053609152975,0.000378046158278658,0.681745085279959
"77","Argyranthemum_sp","Chetogena_acuminata",6,0.499913174185033,0.000998536941868114,0.839746064881615
"78","Argyranthemum_sp","Colletes1_Waiting_85",7,0.500197955754118,0.000949318520182769,0.601079705626057
"79","Argyranthemum_sp","Colletes2_Waiting_85",5,0.500161071500267,0.000360166823834903,0.373900966300059
"80","Argyranthemum_sp","Lasioglossum_phoenicurum",6,0.50013128620397,0.000413977047348385,0.472398448293196
"81","Argyranthemum_sp","Lucilia_sericata",6,0.501476491147585,0.00246828592642035,0.20274706690165
"82","Argyranthemum_sp","Musca_domestica",5,0.500486073351896,0.00113280847083279,0.39165701482963
"83","Argyranthemum_sp","Musca_osiris",6,0.500258069579762,0.000479226962514861,0.244320033924944
"84","Argyranthemum_sp","Musca_sorbens",8,0.499278210314286,0.00287083450336902,0.500008284267004
"85","Argyranthemum_sp","Paragus_tibialis",5,0.500022927842438,2.09512190198957e-05,0.0706711312842606
"86","Argyranthemum_sp","Plagiolepis_schmitzii",9,0.515427756131921,0.00899079733469279,0.000876635957018439
"87","Argyranthemum_sp","Proconura_sp_1",6,0.499925274149096,8.30385962657526e-05,0.0786689359030828
"88","Argyranthemum_sp","Sarcophaga_sp_1",5,0.500473357057036,0.000994997701359407,0.347383974125126
"89","Argyranthemum_sp","Sarcophagidae_sp",5,0.499999205720925,1.26434531063833e-05,0.895076233219619
"90","Argyranthemum_sp","Sarcophagidae_sp_7",6,0.503774019987764,0.00583104799003327,0.173736448095451
"91","Argyranthemum_sp","Tachinidae_sp_1",7,0.50023098302462,0.000807824395051541,0.477988168445261
"92","Argyranthemum_sp","Tephritidae_sp_1",7,0.499751148223171,0.000409203369906212,0.158745829740544
"93","Argyranthemum_sp","Thysanoptera_sp",7,0.499756762037432,0.00254659832980995,0.80892832013873
"94","Argyranthemum_sp","Urellliosoma_sp",5,0.500007957066988,2.47287180670097e-05,0.511623012651796
"95","Asparagus_pastorianus","Amegilla_sp",7,0.505277378047481,0.0214933708711728,0.539992253785648
"96","Asparagus_pastorianus","Anaspis_cf_saharensis",12,0.50223596649494,0.00508257397731356,0.155739739092437
"97","Asparagus_pastorianus","Andrena_vachali",7,0.493453421892618,0.00568434457250928,0.0225966412067556
"98","Asparagus_pastorianus","Anthaxia_sp_1",8,0.502316336424269,0.0069043761632211,0.374270384837879
"99","Asparagus_pastorianus","Anthophora_sp_1",5,0.5,0,NA
"100","Asparagus_pastorianus","Axinotarsus_sp_1",8,0.527018270621721,0.220818922527379,0.739457161213133
"101","Asparagus_pastorianus","Bombylius_sp_1",9,0.511884524260245,0.0228654908378156,0.157550414821808
"102","Asparagus_pastorianus","Chalicodoma_sicula",5,0.500851675615,0.0017918166882976,0.347764521574208
"103","Asparagus_pastorianus","Colletes1_Waiting_85",6,0.513969011335239,0.317747943291427,0.918432566849271
"104","Asparagus_pastorianus","Colletes2_Waiting_85",6,0.500228433012013,0.000532412528207838,0.341394711775187
"105","Asparagus_pastorianus","Eurytoma_sp_3",5,0.514247013554882,0.0299818614613353,0.347878247328711
"106","Asparagus_pastorianus","Hylaeus_sp",6,0.591642832144479,0.200435366674877,0.313627477745609
"107","Asparagus_pastorianus","Hym_Waiting_85",9,0.500001866080478,3.05994733498572e-05,0.859387033059914
"108","Asparagus_pastorianus","Lasioglossum_phoenicurum",5,0.602561047396746,0.222184712166072,0.360308731932221
"109","Asparagus_pastorianus","Lucilia_sp_1",6,0.67779084463872,0.121311397357684,0.015709574359594
"110","Asparagus_pastorianus","Macrocoma_cf_henoni",9,0.500001194177089,1.71686543101858e-06,0.0703815814748689
"111","Asparagus_pastorianus","Musca_domestica",14,0.544123957220639,0.11784898148485,0.184655431528483
"112","Asparagus_pastorianus","Musca_sorbens",9,0.529297248140613,0.0492171318696884,0.111955856752228
"113","Asparagus_pastorianus","Nomioides_sp",8,0.568705824046672,0.174554527340494,0.302347740519024
"114","Asparagus_pastorianus","Ormyrus_sp_1",6,0.500081522601956,0.000134935544954337,0.198976559821574
"115","Asparagus_pastorianus","Paragus_tibialis",9,0.595688516171615,0.158102319220324,0.106954615406018
"116","Asparagus_pastorianus","Plagiolepis_schmitzii",15,0.566709038008934,0.256734660665148,0.331328376912427
"117","Asparagus_pastorianus","Sarcophagidae_sp_2",6,0.517022009691166,0.0619651333963024,0.530862520789365
"118","Asparagus_pastorianus","Sarcophagidae_sp_7",6,0.470838549628717,0.266515263067106,0.79939156461125
"119","Asparagus_pastorianus","Sciaridae_sp",5,0.5700775861668,0.429802841038981,0.733880516221413
"120","Asparagus_pastorianus","Sciaridae_sp_4",11,0.622039970743829,0.324671322945997,0.240926060541819
"121","Asparagus_pastorianus","Tachinidae_sp_1",5,0.519586951610896,0.0157274528328342,0.0495748377714192
"122","Asparagus_pastorianus","Tapinoma_nigerrimum",13,0.763396008864213,0.258565844717666,0.0031899642732847
"123","Asparagus_pastorianus","Tephritidae_sp_1",7,0.51209478601286,0.0307694329247845,0.338427652435077
"124","Asparagus_pastorianus","Tethinidae_sp_1",8,0.500196284392583,0.000313285781733035,0.119667324483998
"125","Asparagus_pastorianus","Tethinidae_sp_2",8,0.500890135969451,0.00108519038296073,0.0533913356590578
"126","Asparagus_pastorianus","Thyreus_sp_aff_ramosus",6,0.505238169810514,0.00836253650227911,0.18553578591555
"127","Asparagus_pastorianus","Thysanoptera_sp",8,0.729060589342712,0.223683116206429,0.0231034765096621
"128","Asparagus_pastorianus","Troglops_sp",8,0.499700741549114,0.00131850422996193,0.541341501427411
"129","Asparagus_pastorianus","Urelliosoma_guimari",12,0.492676405776526,0.0517711425319939,0.633736207898319
"130","Asparagus_pastorianus","Vanessa_Cardui",8,0.523348155982004,0.0200677114272056,0.013288133558898
"131","Asparagus_pastorianus","Vestitohalictus_sp",5,0.549070639352256,0.108256898479069,0.368117061104525
"132","Asphaltklee_bituminosa","Amegilla_quadrifasciata",8,0.500017907904944,4.11767051394095e-05,0.25839422546834
"133","Asphaltklee_bituminosa","Anaspis_cf_canariensis",8,0.504656363919434,0.0122009231618875,0.316174085993331
"134","Asphaltklee_bituminosa","Anaspis_proteus",6,0.52376601143238,0.0275956417038477,0.0886716001300617
"135","Asphaltklee_bituminosa","Anthophora_alluaudi",5,0.500349901135709,0.000753456426087606,0.357722293903456
"136","Asphaltklee_bituminosa","Anthophora_orotavae",7,0.500000001482943,5.10644286871411e-07,0.994118668488254
"137","Asphaltklee_bituminosa","Apis_mellifera",9,0.500175746181741,0.000291024822179572,0.107616692830993
"138","Asphaltklee_bituminosa","Aprostocetus_occidentalis",10,0.501348897918089,0.00431188103203088,0.348382604182481
"139","Asphaltklee_bituminosa","Attalus_rugifrons",6,0.500028733167832,0.00014345044305911,0.644458112911277
"140","Asphaltklee_bituminosa","Bassus_sp",6,0.500004889704031,1.09822643771046e-05,0.325193648804484
"141","Asphaltklee_bituminosa","Bruchidius_wollastoni",6,0.500051070844156,9.70857562366304e-05,0.253961797267198
"142","Asphaltklee_bituminosa","Camponotus_feae",8,0.506494822572938,0.0191288613767216,0.368875173008392
"143","Asphaltklee_bituminosa","Ceratogoponidae_sp",12,0.504090460781069,0.0111108446710811,0.228475307775184
"144","Asphaltklee_bituminosa","Chalicodoma_canescens",5,0.501173749161303,0.00263216022372173,0.375138662033979
"145","Asphaltklee_bituminosa","Chetogena_acuminata",10,0.50011405702941,0.000366447231217143,0.350705437095161
"146","Asphaltklee_bituminosa","Chironomidae_sp_1",15,0.501379109557377,0.00181102661144997,0.0105604257451386
"147","Asphaltklee_bituminosa","Chloropidae_sp_3",12,0.502531506354865,0.00316599645965279,0.0182312629162463
"148","Asphaltklee_bituminosa","Chloropidae_sp_4",10,0.499900010177334,0.00266104987825492,0.90802500504494
"149","Asphaltklee_bituminosa","Chloropidae_sp_5",9,0.500459362423443,0.000930956404006482,0.177065371149622
"150","Asphaltklee_bituminosa","Chrysomya_albiceps",7,0.505339780776262,0.00656243993647184,0.0748148177343525
"151","Asphaltklee_bituminosa","Colletes_dimidiatus",9,0.50503334512388,0.0141291181317996,0.316380805307572
"152","Asphaltklee_bituminosa","Cryptocephalus_nitidicollis",6,0.500203404346613,0.00189729918257865,0.80333310769564
"153","Asphaltklee_bituminosa","Dasytes_cf_subaenescens",6,0.501259623803788,0.00136407745812007,0.0731753761414954
"154","Asphaltklee_bituminosa","Dasytes_subaenescens",7,0.501462490088083,0.00282759426441945,0.220200825574193
"155","Asphaltklee_bituminosa","Delia_flavibasis",5,0.499499237812236,0.00218789597729046,0.635758959002307
"156","Asphaltklee_bituminosa","Dilophus_hiemalis",7,0.503280835585622,0.0047627240774098,0.118202942038576
"157","Asphaltklee_bituminosa","Empididae_sp_1",14,0.501126174964542,0.00187465215822286,0.0425834671858131
"158","Asphaltklee_bituminosa","Empis_sp_1",6,0.505354305992284,0.00912807703717635,0.210270101492779
"159","Asphaltklee_bituminosa","Eristalinus_taeniops",5,0.501193436303259,0.00109094952081922,0.0707394844235608
"160","Asphaltklee_bituminosa","Eristalis_tenax",5,0.500029179920891,5.3340467398917e-05,0.288373069298994
"161","Asphaltklee_bituminosa","Estheria_simonyi",8,0.499947711210977,0.000131318830141316,0.297192945374968
"162","Asphaltklee_bituminosa","Euderus_sp",5,0.500003399949127,6.54399686097191e-06,0.309932652414375
"163","Asphaltklee_bituminosa","Eumerus_latitarsis",13,0.501813749201341,0.00493637118288258,0.209921321363657
"164","Asphaltklee_bituminosa","Eumerus_nivariae",8,0.501828381185081,0.00424561021186335,0.26265641042263
"165","Asphaltklee_bituminosa","Eupelmus_testaceiventris",7,0.500002318090667,8.26980688960105e-06,0.486318641796207
"166","Asphaltklee_bituminosa","Eurytoma_sp_2",6,0.50000137253149,3.5422464441353e-06,0.38614575001413
"167","Asphaltklee_bituminosa","Exetastes_segmentarius",8,0.500019593834604,4.26832894599039e-05,0.235288930288129
"168","Asphaltklee_bituminosa","Lasioglossum_arctifrons",9,0.500074528204648,0.00024498391415328,0.38810217334288
"169","Asphaltklee_bituminosa","Lasioglossum_loetum",17,0.560346487548115,0.132505237082691,0.0787636059681021
"170","Asphaltklee_bituminosa","Lasioglossum_viride",21,0.514182850992306,0.0392705632820871,0.113526867075122
"171","Asphaltklee_bituminosa","Linnaemyia_soror",5,0.517264425671873,0.0376316912225405,0.36294630468401
"172","Asphaltklee_bituminosa","Lucilia_sericata",16,0.505308271503474,0.0113658974428198,0.0814021698177931
"173","Asphaltklee_bituminosa","Megachile_canariensis",9,0.50077140720312,0.00195126433805395,0.269645330246926
"174","Asphaltklee_bituminosa","Minotetrastichus_sp",5,0.500007748665257,6.87996710339301e-06,0.0654679584829954
"175","Asphaltklee_bituminosa","Musca_domestica",6,0.500002530031103,3.00197602539389e-06,0.0939058348775779
"176","Asphaltklee_bituminosa","Myathropa_florea",17,0.512692737084737,0.0312312890173585,0.113230426080662
"177","Asphaltklee_bituminosa","Mycetophilidae_sp_1",5,0.501497845488434,0.00174245083984279,0.126954183664912
"178","Asphaltklee_bituminosa","Myopites_nigrescens",7,0.500469740632675,0.000716533996560463,0.133524706175907
"179","Asphaltklee_bituminosa","Neodryophilus_cryptophagoides",11,0.500327325472826,0.0007844556644331,0.196492934792869
"180","Asphaltklee_bituminosa","Osmia_canaria",5,0.499994499050569,1.4403618344864e-05,0.441238918466459
"181","Asphaltklee_bituminosa","Osmia_latreillei",6,0.500000546812681,9.0454065949719e-07,0.198751441873095
"182","Asphaltklee_bituminosa","Paratrechina_longicornis",8,0.501874083461503,0.00361765548946099,0.186278223634598
"183","Asphaltklee_bituminosa","Perilampus_sp_1",7,0.500518386459527,0.000829349258493446,0.149266442296216
"184","Asphaltklee_bituminosa","Perilampus_sp_2",6,0.501929175230189,0.00247227649313871,0.114181888076631
"185","Asphaltklee_bituminosa","Phalacrus_coruscus",7,0.499919577344359,0.00052439958743545,0.698995108818145
"186","Asphaltklee_bituminosa","Plagiolepis_schmitzii",8,0.500311546608554,0.000866854609205516,0.343215806617928
"187","Asphaltklee_bituminosa","Plagiolepis_sp_2",9,0.501251259223098,0.00263472360314931,0.192054843301028
"188","Asphaltklee_bituminosa","Sarcophagidae_sp_8",7,0.500005140204747,8.22403990858833e-06,0.14928286878748
"189","Asphaltklee_bituminosa","Scaeva_albomaculata",17,0.50412498780524,0.00974274918822333,0.100035648658019
"190","Asphaltklee_bituminosa","Scenopinus_sp",5,0.500014859253072,2.79061918752392e-05,0.299621869099406
"191","Asphaltklee_bituminosa","Sciaridae_sp",6,0.500886034811225,0.00273997747892506,0.46420760578353
"192","Asphaltklee_bituminosa","Sciaridae_sp_1",12,0.501551103851403,0.00348283587888812,0.151151916124925
"193","Asphaltklee_bituminosa","Spathulina_sicula",5,0.500003930791459,1.19432288121218e-05,0.502591546634429
"194","Asphaltklee_bituminosa","Syritta_pipiens",13,0.503162598771105,0.00464864100346437,0.030428197460377
"195","Asphaltklee_bituminosa","Tachina_canariensis",7,0.533319483031636,0.0579096206324977,0.178763007193757
"196","Asphaltklee_bituminosa","Thaumatomyia_notata",8,0.504285180470517,0.0144177985906915,0.428321512023958
"197","Asphaltklee_bituminosa","Thomisus_cf_onustus",7,0.504927838794924,0.0065254534248255,0.0926832083794416
"198","Asphaltklee_bituminosa","Thyridanthrax_indigenus",12,0.502356487435073,0.0075940780792603,0.305418381824529
"199","Asphaltklee_bituminosa","Thysanoptera_sp_1",15,0.502769222532202,0.0746321093726096,0.887779912809884
"200","Asphaltklee_bituminosa","Thysanoptera_sp_2",28,0.497818879080928,0.0124069059469146,0.360489774226111
"201","Asphaltklee_bituminosa","Thysanoptera_sp_7",5,0.599801142553196,0.221997928245966,0.371655381585131
"202","Asphaltklee_bituminosa","Trupanea_augur",5,0.500003500207457,7.2542679075505e-06,0.341344434833643
"203","Asphaltklee_bituminosa","Urelliosoma_guimari",10,0.500000517348617,8.24417908084589e-07,0.0784976465180005
"204","Ceballosia_fruticosa","Amegilla_canifrons",6,0.50072423662656,0.000569444570494437,0.0263910624573625
"205","Ceballosia_fruticosa","Anaspis_proteus",9,0.560313172119453,0.136923251539243,0.222885633618949
"206","Ceballosia_fruticosa","Anthophora_alluaudi",18,0.505289114132647,0.0234717122143378,0.352452746061678
"207","Ceballosia_fruticosa","Apis_mellifera",8,0.520461903664,0.0278583466360594,0.0763693663367143
"208","Ceballosia_fruticosa","Bracon_sp",5,0.499800992377526,0.000861291628528538,0.632645418968985
"209","Ceballosia_fruticosa","Ceratogoponidae_sp",13,0.507814087615058,0.0164478891819985,0.112418259813932
"210","Ceballosia_fruticosa","Ceratogoponidae_sp_2",5,0.501225089587586,0.00334234856479402,0.458470510680315
"211","Ceballosia_fruticosa","Chalicodoma_canescens",8,0.50010746129761,0.000349502261383602,0.413312825869993
"212","Ceballosia_fruticosa","Chetogena_acuminata",9,0.504216305265173,0.00436167591803505,0.0198913146137483
"213","Ceballosia_fruticosa","Chironomidae_sp",7,0.504764921647474,0.0100230516944396,0.255206419667847
"214","Ceballosia_fruticosa","Chironomidae_sp_1",11,0.513452867635932,0.0135989331862349,0.00827492938920023
"215","Ceballosia_fruticosa","Chloropidae_sp_3",6,0.51437058682308,0.0151940653957021,0.0683311544576229
"216","Ceballosia_fruticosa","Chloropidae_sp_4",5,0.499980575620316,2.69886193079599e-05,0.182823992547669
"217","Ceballosia_fruticosa","Chrysomya_albiceps",6,0.566030615883415,0.111435321911262,0.206368009612848
"218","Ceballosia_fruticosa","Colias_croceus",11,0.499780261161881,0.00208230581461563,0.733603757262358
"219","Ceballosia_fruticosa","Cryptocephalus_gounellei",7,0.513793667938531,0.0137698197044384,0.0380116694721573
"220","Ceballosia_fruticosa","Cryptocephalus_nitidicollis",7,0.499608810743332,0.0194859839022789,0.959364922104469
"221","Ceballosia_fruticosa","Dasytes_subaenescens",20,0.530785107545681,0.0666856082682252,0.0528896943515524
"222","Ceballosia_fruticosa","Delia_flavibasis",7,0.5105565402025,0.012563903860141,0.0679137952130692
"223","Ceballosia_fruticosa","Dilophus_hiemalis",5,0.510775464136454,0.0230580733494703,0.355031383462493
"224","Ceballosia_fruticosa","Empididae_sp_1",7,0.500735745341093,0.00211107123291453,0.392050577499655
"225","Ceballosia_fruticosa","Empis_sp_1",6,0.500663379255776,0.00251501266088477,0.546696598234174
"226","Ceballosia_fruticosa","Eristalinus_aeneus",5,0.501134659912469,0.00140852843074412,0.146018019515494
"227","Ceballosia_fruticosa","Eristalinus_taeniops",5,0.505785346941027,0.00792198770184248,0.177811047989605
"228","Ceballosia_fruticosa","Eristalis_tenax",6,0.499690096490789,0.00224518839903657,0.749019456028086
"229","Ceballosia_fruticosa","Estheria_simonyi",16,0.589849368765902,0.111289669112497,0.00561551247949344
"230","Ceballosia_fruticosa","Eucera_gracilipes",10,0.51005321930914,0.057141639108731,0.591529806318487
"231","Ceballosia_fruticosa","Euderus_sp",8,0.500060542897996,0.000157526668540174,0.313017666033854
"232","Ceballosia_fruticosa","Eumerus_latitarsis",22,0.576303726353745,0.107371897385256,0.00315497874975448
"233","Ceballosia_fruticosa","Eumerus_nivariae",7,0.568570940792583,0.0915726561751011,0.0948690159969918
"234","Ceballosia_fruticosa","Geometridae_sp",7,0.524941022400603,0.00601022475176554,3.39201450866325e-05
"235","Ceballosia_fruticosa","Lasioglossum_loetum",16,0.577857172075569,0.0904299221929764,0.00361707481506586
"236","Ceballosia_fruticosa","Lasioglossum_viride",25,0.515833120360272,0.0473440546166974,0.107486666417013
"237","Ceballosia_fruticosa","Leptochilus_cruentatus",11,0.503767586542812,0.00451218601423841,0.0198105238425506
"238","Ceballosia_fruticosa","Leptochilus_eatoni",5,0.500893348595921,0.000496838670067301,0.0158565724690132
"239","Ceballosia_fruticosa","Linnaemyia_soror",8,0.505665327900562,0.00682440694954529,0.0512352037559924
"240","Ceballosia_fruticosa","Lucilia_sericata",10,0.572082042947725,0.0524544360937207,0.00186230778409196
"241","Ceballosia_fruticosa","Malthinus_mutabilis",7,0.511848867663019,0.0148724020867641,0.0796063473088136
"242","Ceballosia_fruticosa","Megachile_canariensis",9,0.507660037755777,0.0154008529418225,0.17400839618375
"243","Ceballosia_fruticosa","Musca_domestica",15,0.529835672093278,0.0356167025823048,0.00587840287781592
"244","Ceballosia_fruticosa","Myathropa_florea",22,0.531647187035774,0.0664758229729814,0.0365655811468977
"245","Ceballosia_fruticosa","Mycetophilidae_sp_1",8,0.508470562485571,0.0127754014306934,0.10286602000215
"246","Ceballosia_fruticosa","Neodryophilus_cryptophagoides",10,0.508202084163931,0.0147862311120714,0.113301261427713
"247","Ceballosia_fruticosa","Osmia_canaria",9,0.499895122370874,0.000287534368215849,0.305696773209959
"248","Ceballosia_fruticosa","Perilampus_sp_2",5,0.504037582241331,0.00629698953862669,0.224943347854087
"249","Ceballosia_fruticosa","Pteromalus_sp_1",5,0.488561376052565,0.0253057845160574,0.369315208902871
"250","Ceballosia_fruticosa","Pteromalus_sp_4",9,0.508431551975638,0.0115934771982855,0.0606918613400206
"251","Ceballosia_fruticosa","Rondania_insularis",8,0.500522157747563,0.00179123896460753,0.436842463670697
"252","Ceballosia_fruticosa","Scaeva_albomaculata",8,0.503195964621603,0.00565957058542816,0.154249186057638
"253","Ceballosia_fruticosa","Sciaridae_sp",16,0.532031901679983,0.0493720693577452,0.0202942116747156
"254","Ceballosia_fruticosa","Sciaridae_sp_1",9,0.499902030078456,0.000302742364393801,0.360068678059742
"255","Ceballosia_fruticosa","Spathulina_sicula",6,0.499876765717984,0.000299918370220085,0.360380699884547
"256","Ceballosia_fruticosa","Syritta_pipiens",15,0.50629588812947,0.00887133802140629,0.0156876653270299
"257","Ceballosia_fruticosa","Tachina_canariensis",10,0.523361352861684,0.03484513174725,0.0630275786789779
"258","Ceballosia_fruticosa","Tethina_marmorata",6,0.513086598069084,0.0100573843792071,0.0243395411717793
"259","Ceballosia_fruticosa","Thaumatomyia_notata",20,0.514133858406091,0.0234392329135303,0.0142906938693907
"260","Ceballosia_fruticosa","Themnothorax_hesperius",9,0.521903640125534,0.0271930788457695,0.042082040535285
"261","Ceballosia_fruticosa","Thomisus_cf_onustus",13,0.514269760479249,0.0192253982306247,0.0201794636033591
"262","Ceballosia_fruticosa","Thysanoptera_sp_1",19,0.58825106895513,0.256681802271158,0.151296442810932
"263","Ceballosia_fruticosa","Thysanoptera_sp_2",21,0.433938338754993,0.238757929691067,0.219379385489266
"264","Ceballosia_fruticosa","Villa_nigriceps",7,0.500279015948359,0.000307848511165171,0.0534436086507504
"265","Ceropegia_dichotoma","Ceratogoponidae_sp",5,0.50024883485565,0.000817584912058229,0.533507209181318
"266","Ceropegia_dichotoma","Chloropidae_sp_5",6,0.50061003648024,0.000787992310291418,0.116413214146392
"267","Ceropegia_dichotoma","Crematogaster_alluaudi",5,0.500926864628693,0.000892490898807796,0.0809421362738798
"268","Ceropegia_dichotoma","Estheria_simonyi",5,0.513798097396597,0.00985533028135483,0.0351635655229837
"269","Ceropegia_dichotoma","Eucera_gracilipes",5,0.500348559486743,0.000316124538645372,0.0692812859563115
"270","Ceropegia_dichotoma","Euderus_sp",6,0.499985541302739,6.13206639606387e-05,0.588592562003237
"271","Ceropegia_dichotoma","Eumerus_latitarsis",5,0.509639961343299,0.00943290332999353,0.0843063463000143
"272","Ceropegia_dichotoma","Phthiria_simonyi",5,0.500930921922784,0.00180854036065721,0.313859840656506
"273","Ceropegia_dichotoma","Platypalpus_sp",6,0.498239596961396,0.00283573011663349,0.188832041415524
"274","Ceropegia_dichotoma","Scenopinus_sp",5,0.50094537498091,0.00211078207499622,0.37326264586868
"275","Ceropegia_dichotoma","Themnothorax_hesperius",5,0.501069336186085,0.0110243824850208,0.838905256248156
"276","Ceropegia_dichotoma","Thysanoptera_sp_1",5,0.671898255859283,0.215624533238514,0.149228318506368
"277","Ceropegia_dichotoma","Thysanoptera_sp_2",6,0.497341198816401,0.0208398831043774,0.767265206991234
"278","Ceropegia_dichotoma","Urelliosoma_guimari",6,0.499893828837399,0.000195553982501164,0.240990848630537
"279","Ceropegia_fusca","Anthophora_alluaudi",6,0.500466351786877,0.00126421905357783,0.407641430046479
"280","Ceropegia_fusca","Aprostocetus_occidentalis",6,0.509198088771179,0.00778872897755295,0.0340784969341383
"281","Ceropegia_fusca","Chalicodoma_canescens",8,0.500532974396712,0.00166122731170539,0.394334764883655
"282","Ceropegia_fusca","Dinarmoides_spilopterus",5,0.500514496964722,0.00126712028936073,0.415270991769023
"283","Ceropegia_fusca","Eurytoma_sp_1",6,0.499075749897529,0.00217136686826163,0.344883073765175
"284","Ceropegia_fusca","Macrocoma_splendens",5,0.501127186546984,0.00134963483208355,0.135218982002828
"285","Ceropegia_fusca","Musca_domestica",6,0.5033551681301,0.00523057160349459,0.176930021132668
"286","Ceropegia_fusca","Physiphora_alceae",6,0.503068202534354,0.0025389783916845,0.031516674762797
"287","Ceropegia_fusca","Phyto_discrepans",7,0.500491794053881,0.000873782145684108,0.187032306364282
"288","Ceropegia_fusca","Platypalpus_sp",7,0.500755547796116,0.00145365879308391,0.218224560043119
"289","Ceropegia_fusca","Sarcophagidae_sp_8",6,0.561816915451141,0.0452272019703121,0.0203737238301459
"290","Ceropegia_fusca","Scenopinus_sp",6,0.499620078523748,0.00059019994499981,0.175671704940637
"291","Ceropegia_fusca","Sphaeniscus_filiolus",5,0.500019152171997,3.0344628770293e-05,0.230992319710504
"292","Ceropegia_fusca","Thysanoptera_sp_1",5,0.509967906800844,0.0275821830426673,0.464354528090462
"293","Ceropegia_fusca","Thysanoptera_sp_2",5,0.500022476686117,5.220098909418e-05,0.390167892980312
"294","Euphorbia_balsamifera_f","Agromyzidae_sp_1",10,0.561033359958244,0.0864515372667054,0.0524807640375925
"295","Euphorbia_balsamifera_f","Alliophleps_elliptica",5,0.49852648694353,0.004151273904528,0.471795121744942
"296","Euphorbia_balsamifera_f","Amegilla_quadrifasciata",28,0.487993623783205,0.0736058326671344,0.395665844328525
"297","Euphorbia_balsamifera_f","Amegilla_sp",12,0.512896970160241,0.114464597327438,0.703761280118686
"298","Euphorbia_balsamifera_f","Ammophila_terminata",6,0.50068553073528,0.000576049449867747,0.0332050051491705
"299","Euphorbia_balsamifera_f","Anaspis_cf_canariensis",5,0.739636879737156,0.213800114482241,0.0663197057798034
"300","Euphorbia_balsamifera_f","Anaspis_cf_saharensis",10,0.513236522920426,0.0871622479847652,0.642523629951018
"301","Euphorbia_balsamifera_f","Anaspis_proteus",53,0.688656137016373,0.352262122672537,0.000278368131463331
"302","Euphorbia_balsamifera_f","Andrena_vulcana",18,0.543759092889531,0.273989915125746,0.507146572600186
"303","Euphorbia_balsamifera_f","Anthaxia_sp_1",16,0.486112273509251,0.139109549223878,0.695276470653989
"304","Euphorbia_balsamifera_f","Anthophora_alluaudi",63,0.517212256084424,0.188762484158694,0.471937368161316
"305","Euphorbia_balsamifera_f","Anthophora_orotavae",25,0.499712930282763,0.0341337501124082,0.966806156410565
"306","Euphorbia_balsamifera_f","Anthophora_sp_1",9,0.502538261682398,0.00209910906957945,0.00670804713303236
"307","Euphorbia_balsamifera_f","Anthophora_sp_aff_orotavae",6,0.511031507920109,0.0269933726273634,0.362758823951468
"308","Euphorbia_balsamifera_f","Apis_mellifera",26,0.587799823677864,0.0967683752125068,9.81237635722965e-05
"309","Euphorbia_balsamifera_f","Aprostocetus_occidentalis",14,0.663404964199607,0.195189221220227,0.00793644616864338
"310","Euphorbia_balsamifera_f","Arachnospila_sp",8,0.49708485352129,0.0256312061889334,0.757081246861915
"311","Euphorbia_balsamifera_f","Araneidae_sp_2",6,0.533926890278017,0.0770431008552917,0.330002255407134
"312","Euphorbia_balsamifera_f","Asteia_caesia",9,0.569694323536374,0.227611710780004,0.385166078379829
"313","Euphorbia_balsamifera_f","Attagenus_abbreviatus",7,0.571396181229418,0.132860334066292,0.20492844710557
"314","Euphorbia_balsamifera_f","Attagenus_wollastoni",12,0.475143415355057,0.085281023606838,0.334347235995942
"315","Euphorbia_balsamifera_f","Attalus_chrysanthemi",7,0.518237293094295,0.0312805405188495,0.17388475246676
"316","Euphorbia_balsamifera_f","Attalus_obscurus",8,0.898273273310963,0.126171413705888,4.49360457139084e-05
"317","Euphorbia_balsamifera_f","Attalus_olivensis",14,0.735538911438446,0.264215214439922,0.0053676997561342
"318","Euphorbia_balsamifera_f","Attalus_ruficollis",6,0.517749619398598,0.0273970479550602,0.173387286127937
"319","Euphorbia_balsamifera_f","Attalus_rugifrons",11,0.492489702675789,0.0289216923413641,0.409275689712347
"320","Euphorbia_balsamifera_f","Axinotarsus_sp_1",7,0.419406536368758,0.184490674437667,0.29171240266762
"321","Euphorbia_balsamifera_f","Blaesoxipha_sp_1",9,0.500962212367118,0.00623531134288026,0.655732972312623
"322","Euphorbia_balsamifera_f","Bombylius_pintuarius",8,0.431216633280148,0.226445561668919,0.418708667420531
"323","Euphorbia_balsamifera_f","Bombylius_sp_1",9,0.510549330479693,0.0362805693240988,0.408454776509098
"324","Euphorbia_balsamifera_f","Bracon_sp",9,0.564088105390471,0.072516738438888,0.0291964251937828
"325","Euphorbia_balsamifera_f","Bruchidius_wollastoni",10,0.52065754137763,0.112174991463087,0.574629167222624
"326","Euphorbia_balsamifera_f","Campiglossa_martii",18,0.522765731396325,0.0533210208271204,0.0877810168239066
"327","Euphorbia_balsamifera_f","Camponotus_cfr_feae",9,0.595628532976255,0.233980443271369,0.255021563193829
"328","Euphorbia_balsamifera_f","Camponotus_feae",5,0.409309733011147,0.230757404415365,0.429132409902547
"329","Euphorbia_balsamifera_f","Cecydomyiidae_sp",6,0.524001698729761,0.0231522848713059,0.0519344632512008
"330","Euphorbia_balsamifera_f","Cephalodromia_sp",31,0.512717870962957,0.078066273675144,0.371608228204475
"331","Euphorbia_balsamifera_f","Ceratogoponidae_sp",5,0.654839093812791,0.0765301051848066,0.0106249374896789
"332","Euphorbia_balsamifera_f","Ceratogoponidae_sp_2",9,0.549878608403857,0.070830913425768,0.0676015774733791
"333","Euphorbia_balsamifera_f","Chalicodoma_canescens",19,0.523207107048413,0.0570116752798018,0.0929245064481066
"334","Euphorbia_balsamifera_f","Chalicodoma_sicula",8,0.48673299731693,0.038363867277735,0.360597005269659
"335","Euphorbia_balsamifera_f","Chalicodoma_sp",8,0.486173378777323,0.0445840974085705,0.409489911161639
"336","Euphorbia_balsamifera_f","Chetogena_acuminata",35,0.512636034495951,0.0934734320670224,0.429405550267645
"337","Euphorbia_balsamifera_f","Chironomidae_sp_1",13,0.617468239512325,0.135677565599843,0.0088277312553645
"338","Euphorbia_balsamifera_f","Chloropidae_sp",14,0.510591732494688,0.0259724444318385,0.150996972614653
"339","Euphorbia_balsamifera_f","Chloropidae_sp_1",6,0.500052955384579,4.67063406471319e-05,0.0390303664040294
"340","Euphorbia_balsamifera_f","Chloropidae_sp_2",10,0.501650109222689,0.0111136538656985,0.649863772552095
"341","Euphorbia_balsamifera_f","Chloropidae_sp_3",10,0.637468721471383,0.157476633455609,0.0220940787203509
"342","Euphorbia_balsamifera_f","Chloropidae_sp_4",10,0.529008479466582,0.0323639276838734,0.0195807417667697
"343","Euphorbia_balsamifera_f","Chloropidae_sp_5",7,0.4769151531715,0.208310142885374,0.779245041789797
"344","Euphorbia_balsamifera_f","Chloropidae_sp_6",9,0.546465892008014,0.0456444358573156,0.015725432587882
"345","Euphorbia_balsamifera_f","Chrysomya_albiceps",20,0.558719181709264,0.118952994244203,0.0397669883911053
"346","Euphorbia_balsamifera_f","Coccinella_miranda",9,0.597955732388966,0.112488644247545,0.0310136505688874
"347","Euphorbia_balsamifera_f","Colias_croceus",11,0.500909634338416,0.000999242261914383,0.0129130150904327
"348","Euphorbia_balsamifera_f","Colletes1_Waiting_85",8,0.653210040263692,0.219936737704974,0.0894503908504984
"349","Euphorbia_balsamifera_f","Colletes_dimidiatus",7,0.829907519604754,0.201732862737196,0.00494602112227471
"350","Euphorbia_balsamifera_f","Cryptocephalus_nubigena",7,0.550092989945668,0.249872980144015,0.614879382775815
"351","Euphorbia_balsamifera_f","Dasytes_cf_subaenescens",7,0.525409459662271,0.157300533811976,0.684014990615409
"352","Euphorbia_balsamifera_f","Dasytes_lanzarotensis",7,0.664343958173724,0.196528817264654,0.0689089561425918
"353","Euphorbia_balsamifera_f","Dasytes_subaenescens",29,0.533423779784847,0.11332359567626,0.123446780950995
"354","Euphorbia_balsamifera_f","Delia_flavibasis",7,0.53489609235751,0.0621595318214583,0.188003352554465
"355","Euphorbia_balsamifera_f","Diglyphus_chabrias",12,0.549790190675157,0.128235826427704,0.205696694521543
"356","Euphorbia_balsamifera_f","Dinarmoides_spilopterus",11,0.544513843777249,0.047956998838494,0.0116704297095542
"357","Euphorbia_balsamifera_f","Elasmus_platyedrae",5,0.498326377096969,0.00744037163199489,0.641413003715911
"358","Euphorbia_balsamifera_f","Empis_sp_1",6,0.523749188628665,0.0354312822096958,0.161540784936649
"359","Euphorbia_balsamifera_f","Eristalinus_taeniops",24,0.56414461857699,0.117655778688909,0.0136505160626714
"360","Euphorbia_balsamifera_f","Eristalis_tenax",6,0.503238704110818,0.0196225225061678,0.702713336942414
"361","Euphorbia_balsamifera_f","Estheria_simonyi",18,0.721819290389248,0.198351285902752,0.000187600007818678
"362","Euphorbia_balsamifera_f","Eucera_gracilipes",19,0.620768233561358,0.226055319809952,0.0317261803593486
"363","Euphorbia_balsamifera_f","Euderus_sp",12,0.50897087873511,0.023158779630451,0.206681019855172
"364","Euphorbia_balsamifera_f","Eumerus_latitarsis",20,0.704691545065369,0.231340234187483,0.000845312403781966
"365","Euphorbia_balsamifera_f","Eupelmus_sp",8,0.502101370795114,0.00486122189951647,0.261025436726928
"366","Euphorbia_balsamifera_f","Eurytoma_sp_1",10,0.501977109306549,0.00282917487131588,0.0544549073612815
"367","Euphorbia_balsamifera_f","Eurytoma_sp_2",15,0.559985460926891,0.123623822756533,0.0811850592858923
"368","Euphorbia_balsamifera_f","Exetastes_segmentarius",8,0.506565425655828,0.0110858427421388,0.137824835965599
"369","Euphorbia_balsamifera_f","Exhyalanthrax_canarionae",5,0.641371911532889,0.176555785305189,0.147870292234567
"370","Euphorbia_balsamifera_f","Fannia_sp",6,0.650449759514559,0.118177523450434,0.0262996591842143
"371","Euphorbia_balsamifera_f","Gasteruption_sp",9,0.522611787357918,0.18267739021002,0.720026314115866
"372","Euphorbia_balsamifera_f","Geometridae_sp",5,0.539908326521314,0.0783938597547801,0.318535899847933
"373","Euphorbia_balsamifera_f","Geometridae_sp_2",5,0.507754793932244,0.00458881468985647,0.0194558311871118
"374","Euphorbia_balsamifera_f","Goniozus_sp",5,0.500083613396749,0.000186965238959988,0.373900966300173
"375","Euphorbia_balsamifera_f","Hylaeus_ater",6,0.521521677083657,0.0342321167074831,0.184188655690439
"376","Euphorbia_balsamifera_f","Hylaeus_hohmanni",11,0.568361908565649,0.148027257242011,0.156602341414458
"377","Euphorbia_balsamifera_f","Hylaeus_sp",13,0.482239726560347,0.0534394935404398,0.253938118391822
"378","Euphorbia_balsamifera_f","Hym_Waiting_85",5,0.500137099553332,0.00038085932519219,0.465982838305346
"379","Euphorbia_balsamifera_f","Lasioglossum_arctifrons",5,0.499635495556008,0.000840305636631676,0.386995585636731
"380","Euphorbia_balsamifera_f","Lasioglossum_loetum",43,0.741003256214293,0.212828193290427,3.60139490424974e-09
"381","Euphorbia_balsamifera_f","Lasioglossum_phoenicurum",5,0.494690165287178,0.240518241457433,0.962995132960915
"382","Euphorbia_balsamifera_f","Lasioglossum_viride",43,0.656448825131957,0.292751162467721,0.0011018609583078
"383","Euphorbia_balsamifera_f","Leptochilus_cruentatus",8,0.489896649051029,0.0885626994908106,0.756368610698411
"384","Euphorbia_balsamifera_f","Leptochilus_eatoni",13,0.505255333464159,0.00791525656577916,0.0338931774411935
"385","Euphorbia_balsamifera_f","Leptochilus_fortunatus",6,0.485685726477365,0.0341962959689007,0.352226798140349
"386","Euphorbia_balsamifera_f","Linnaemyia_soror",6,0.569239998736123,0.0919046603508624,0.124278451920512
"387","Euphorbia_balsamifera_f","Lucilia_sericata",57,0.739952371058102,0.246754537999528,9.42733974377713e-10
"388","Euphorbia_balsamifera_f","Macroglossum_stellatarum",11,0.478083801460042,0.197997989638369,0.721183705100764
"389","Euphorbia_balsamifera_f","Malthinus_mutabilis",11,0.503728841515951,0.175783519870193,0.945298555640801
"390","Euphorbia_balsamifera_f","Megachile_canariensis",10,0.501104466637258,0.00501640580077679,0.503859780363122
"391","Euphorbia_balsamifera_f","Megaselia_sp_1",11,0.608824518944434,0.144023623457803,0.0311226615684876
"392","Euphorbia_balsamifera_f","Melecta_curvispina",5,0.565343808704017,0.0729713718264185,0.115807274455872
"393","Euphorbia_balsamifera_f","Meligethes_canariensis",8,0.646769926328374,0.0961821862698958,0.00349703019249705
"394","Euphorbia_balsamifera_f","Meligethes_cf_canariensis",6,0.500001171473398,8.03260869322371e-06,0.735500512196834
"395","Euphorbia_balsamifera_f","Milichiidae_sp",8,0.526937740458861,0.063205909885522,0.267193182164576
"396","Euphorbia_balsamifera_f","Monomorium_subopacum",5,0.548568837181579,0.0411701391861634,0.0577062446061874
"397","Euphorbia_balsamifera_f","Mordellistena_cf_canariensis",7,0.509449534140622,0.0134380839164377,0.112151074330181
"398","Euphorbia_balsamifera_f","Musca_domestica",42,0.668979576597831,0.146866874437917,3.7651317083762e-09
"399","Euphorbia_balsamifera_f","Musca_osiris",7,0.509756502409639,0.0347377036854086,0.485493226727229
"400","Euphorbia_balsamifera_f","Musca_sorbens",5,0.793249315604285,0.199223147099515,0.0301754945710551
"401","Euphorbia_balsamifera_f","Myathropa_florea",11,0.556373567847124,0.176870776568939,0.315334190180933
"402","Euphorbia_balsamifera_f","Mycetophilidae_sp_1",6,0.522413196490384,0.226612531349468,0.81819626934064
"403","Euphorbia_balsamifera_f","Myopites_nigrescens",24,0.523820526034236,0.12542346373676,0.361818202866447
"404","Euphorbia_balsamifera_f","Neodryophilus_cryptophagoides",11,0.5892109592464,0.102991235400818,0.0165872720999902
"405","Euphorbia_balsamifera_f","Nomioides_deceptor",9,0.568659659977165,0.436250994733173,0.649425760939897
"406","Euphorbia_balsamifera_f","Nomioides_sp",8,0.498897393971388,0.260332506993018,0.990776278833805
"407","Euphorbia_balsamifera_f","Nyctia_lugubris",25,0.616403741375126,0.120237062679916,6.2289899951111e-05
"408","Euphorbia_balsamifera_f","Oscinella_sp_1",10,0.475880055919058,0.0500775255898987,0.162061743585427
"409","Euphorbia_balsamifera_f","Oscinimorpha_sp",7,0.49982588924026,0.000512943263807562,0.403749470863225
"410","Euphorbia_balsamifera_f","Osmia_canaria",8,0.500053528219211,0.000141349408008372,0.319654984459066
"411","Euphorbia_balsamifera_f","Osmia_latreillei",14,0.501319727627472,0.0045950395697054,0.302081886935248
"412","Euphorbia_balsamifera_f","Oxyopes_cf_kraepelinorum",5,0.492887040453277,0.0618050744545752,0.809610669703198
"413","Euphorbia_balsamifera_f","Oxyopes_kraepelinorum",6,0.509990953894864,0.0102845490893664,0.063199108018562
"414","Euphorbia_balsamifera_f","Paragus_tibialis",19,0.50351076513937,0.151743818357711,0.92078590013257
"415","Euphorbia_balsamifera_f","Paratrechina_longicornis",12,0.684653068923512,0.144384810417771,0.00101124480787313
"416","Euphorbia_balsamifera_f","Perilampus_sp_1",5,0.524330037368178,0.0243313024892512,0.0890208263647522
"417","Euphorbia_balsamifera_f","Phalacrus_coruscus",10,0.537636490631673,0.0733852107348808,0.139293340824838
"418","Euphorbia_balsamifera_f","Phthiria_simonyi",17,0.577938104109046,0.144855541097984,0.0413428264734465
"419","Euphorbia_balsamifera_f","Physiphora_alceae",11,0.5905756202896,0.119230675615693,0.0304117895757502
"420","Euphorbia_balsamifera_f","Phyto_discrepans",7,0.504671274596665,0.0132509337281886,0.386973202385048
"421","Euphorbia_balsamifera_f","Phyto_nigrobarbata",9,0.543128320577602,0.0801985919126659,0.145342184596703
"422","Euphorbia_balsamifera_f","Pieris_rapae",9,0.502374049371771,0.00537017482729711,0.221371325435515
"423","Euphorbia_balsamifera_f","Plagiolepis_schmitzii",7,0.708982810885185,0.240956772127599,0.0615485026044852
"424","Euphorbia_balsamifera_f","Plagiolepis_sp_2",20,0.542241441775143,0.119244407458297,0.129646875464449
"425","Euphorbia_balsamifera_f","Platypalpus_sp_1",5,0.498025657932728,0.00304601475461799,0.220830671889612
"426","Euphorbia_balsamifera_f","Platypalpus_sp_2",6,0.509818763773793,0.0159798352042544,0.192642089633836
"427","Euphorbia_balsamifera_f","Proconura_sp_2",6,0.526050097120591,0.0527976160256283,0.280861675721971
"428","Euphorbia_balsamifera_f","Pteromalus_sp_2",20,0.613071555268333,0.203085595286155,0.0222059845105406
"429","Euphorbia_balsamifera_f","Pteromalus_sp_3",6,0.475280738435045,0.0331064397067959,0.126941208879003
"430","Euphorbia_balsamifera_f","Pteromalus_sp_4",9,0.514460648789466,0.0239636344586784,0.107837138185642
"431","Euphorbia_balsamifera_f","Sapromyza_sp",6,0.664362784057102,0.137288083852931,0.0325361691247997
"432","Euphorbia_balsamifera_f","Sarcophaga_sp_1",12,0.491570514963807,0.025695746183085,0.279941469914144
"433","Euphorbia_balsamifera_f","Sarcophagidae_sp",6,0.489442783302149,0.0272584261688924,0.386342467440515
"434","Euphorbia_balsamifera_f","Sarcophagidae_sp_2",10,0.491176763526163,0.152344099884446,0.858741350768383
"435","Euphorbia_balsamifera_f","Sarcophagidae_sp_4",6,0.528621408634296,0.0475740435877972,0.200572066809886
"436","Euphorbia_balsamifera_f","Sarcophagidae_sp_5",16,0.722312479234922,0.218315904088538,0.000999066308442687
"437","Euphorbia_balsamifera_f","Sarcophagidae_sp_6",10,0.59104100928728,0.167303054309505,0.119393630618036
"438","Euphorbia_balsamifera_f","Sarcophagidae_sp_7",6,0.695500828770308,0.109469898372407,0.00719154346903451
"439","Euphorbia_balsamifera_f","Sarcophagidae_sp_8",13,0.621436395441604,0.228084433712321,0.0789867999076322
"440","Euphorbia_balsamifera_f","Scaeva_albomaculata",20,0.553997342741791,0.0871879182295842,0.0122022727021993
"441","Euphorbia_balsamifera_f","Scaptomyza_sp_2",5,0.575847750682462,0.101043044139349,0.168551319634658
"442","Euphorbia_balsamifera_f","Scenopinus_sp",11,0.487481921108757,0.0369798161128083,0.28779083692489
"443","Euphorbia_balsamifera_f","Sciaridae_sp",34,0.640375887152806,0.277980000503735,0.00588612236786053
"444","Euphorbia_balsamifera_f","Sciaridae_sp_1",23,0.618264426543829,0.139170391132784,0.000501822479460242
"445","Euphorbia_balsamifera_f","Scymnus_canariensis",6,0.603372434736805,0.0551935071168049,0.00590609989443669
"446","Euphorbia_balsamifera_f","Sphecidae_sp",5,0.521092657753649,0.0400229160678236,0.303937449414936
"447","Euphorbia_balsamifera_f","Stenoselma_sp",7,0.524413920244146,0.0582078515217095,0.309613470050791
"448","Euphorbia_balsamifera_f","Synthesomyia_nudiseta",6,0.646261013117292,0.1577081997714,0.072285330174489
"449","Euphorbia_balsamifera_f","Syritta_pipiens",22,0.479682371480233,0.116861526784392,0.423951277087801
"450","Euphorbia_balsamifera_f","Tachinidae_sp_1",7,0.513473077184244,0.0707720957701768,0.632441374501028
"451","Euphorbia_balsamifera_f","Tachyagetes_aemulans",9,0.536008384926134,0.0804116036239435,0.216001185315888
"452","Euphorbia_balsamifera_f","Tethinidae_sp_1",5,0.494156686870169,0.00879708584394478,0.211652264039199
"453","Euphorbia_balsamifera_f","Tethinidae_sp_2",7,0.500127952914002,0.00704760540478464,0.96324736532205
"454","Euphorbia_balsamifera_f","Tethinidae_sp_3",14,0.540403937672284,0.081807159746451,0.0874785801531184
"455","Euphorbia_balsamifera_f","Tetramesa_sp",15,0.49455622390018,0.0200722948287758,0.311335042306428
"456","Euphorbia_balsamifera_f","Thaumatomyia_notata",9,0.580332919789934,0.0671499879682693,0.00709518587654338
"457","Euphorbia_balsamifera_f","Themnothorax_hesperius",7,0.784802052678797,0.268573447424015,0.0309340190847471
"458","Euphorbia_balsamifera_f","Themnothorax_productus",9,0.555996909129998,0.290595187186505,0.579106780724732
"459","Euphorbia_balsamifera_f","Themnothorax_risii",8,0.593060184612174,0.158476024245183,0.14068910886629
"460","Euphorbia_balsamifera_f","Thomisus_cf_globosum",12,0.52527986524724,0.046772306879607,0.0879714504214679
"461","Euphorbia_balsamifera_f","Thomisus_cf_onustus",26,0.526209517499177,0.037899478551941,0.00165294122553537
"462","Euphorbia_balsamifera_f","Thyreus_sp_aff_ramosus",5,0.538184856574007,0.0863992669452329,0.378975924976736
"463","Euphorbia_balsamifera_f","Thyridanthrax_indigenus",7,0.783067457265796,0.211882446096364,0.0122985674267483
"464","Euphorbia_balsamifera_f","Thysanoptera_sp",10,0.540344354219162,0.344472070982572,0.71967754112811
"465","Euphorbia_balsamifera_f","Thysanoptera_sp_1",47,0.69619654059482,0.319153700133319,0.00011570130014292
"466","Euphorbia_balsamifera_f","Thysanoptera_sp_2",51,0.565580730739267,0.304160176703046,0.129919077829508
"467","Euphorbia_balsamifera_f","Thysanoptera_sp_3",23,0.528788161455613,0.0681917328582946,0.0552113750115459
"468","Euphorbia_balsamifera_f","Thysanoptera_sp_7",10,0.698428078067424,0.350076011159252,0.106661422712451
"469","Euphorbia_balsamifera_f","Troglops_sp",6,0.50083521141435,0.00234729669496763,0.423308324205097
"470","Euphorbia_balsamifera_f","Tropinota_squalida",6,0.500626877448491,0.00565123982230485,0.796702912201604
"471","Euphorbia_balsamifera_f","Urelliosoma_guimari",36,0.528346322942481,0.0944910194609642,0.080495526676627
"472","Euphorbia_balsamifera_f","Urellliosoma_sp",5,0.519076347947055,0.0408643477658304,0.355487697750057
"473","Euphorbia_balsamifera_f","Vanessa_Cardui",11,0.491561785401838,0.0328283564411905,0.41388450538732
"474","Euphorbia_balsamifera_f","Vestitohalictus_sp",5,0.534377639972527,0.0261535301266153,0.0424224663707831
"475","Euphorbia_balsamifera_m","Agromyzidae_sp_1",12,0.566658675518014,0.13097734079226,0.105623088999488
"476","Euphorbia_balsamifera_m","Agromyzidae_sp_2",8,0.661838392269415,0.168421101491588,0.0298570000896371
"477","Euphorbia_balsamifera_m","Alliophleps_elliptica",5,0.49963594470777,0.000688027846190621,0.30225862376234
"478","Euphorbia_balsamifera_m","Amegilla_canifrons",6,0.507997835886808,0.00641344472349869,0.0282749986674409
"479","Euphorbia_balsamifera_m","Amegilla_quadrifasciata",29,0.573291233311662,0.134524668891214,0.00661052190714417
"480","Euphorbia_balsamifera_m","Amegilla_sp",5,0.509921829296129,0.00591986698612681,0.0199869391103917
"481","Euphorbia_balsamifera_m","Anaspis_proteus",5,0.627153614222514,0.229202686262435,0.282583330882951
"482","Euphorbia_balsamifera_m","Andrena_vulcana",10,0.494390648176499,0.305690606499092,0.954995009315154
"483","Euphorbia_balsamifera_m","Anthaxia_sp_1",10,0.57125238938384,0.088514100286578,0.0314217200552498
"484","Euphorbia_balsamifera_m","Anthophora_alluaudi",49,0.648281533821577,0.162616998739777,6.50313827961589e-08
"485","Euphorbia_balsamifera_m","Anthophora_orotavae",20,0.525167979419906,0.066800242531387,0.108354731372271
"486","Euphorbia_balsamifera_m","Apis_mellifera",27,0.700389295672399,0.196253292461839,1.50259158279563e-05
"487","Euphorbia_balsamifera_m","Aplocnemus_sp_2",6,0.600424577459643,0.191376355065683,0.254978125628242
"488","Euphorbia_balsamifera_m","Aprostocetus_occidentalis",15,0.524516351430402,0.201567497550099,0.644850244538486
"489","Euphorbia_balsamifera_m","Aprostocetus_sp_2",10,0.556102407739638,0.0432026360013095,0.00265085453377724
"490","Euphorbia_balsamifera_m","Araneae_sp_1",7,0.518751728540599,0.215052868089831,0.825213981240529
"491","Euphorbia_balsamifera_m","Araneidae_sp_1",7,0.653009924462063,0.140123599158361,0.027727385671487
"492","Euphorbia_balsamifera_m","Araneidae_sp_2",6,0.508932126301139,0.0208942017177731,0.342991563588864
"493","Euphorbia_balsamifera_m","Attagenus_abbreviatus",10,0.590253616660046,0.104749768524483,0.0234286035432269
"494","Euphorbia_balsamifera_m","Attagenus_sp_1",10,0.636730170243057,0.19705091915443,0.0558619713893958
"495","Euphorbia_balsamifera_m","Attagenus_wollastoni",11,0.589520907493175,0.169244620908397,0.109912001703876
"496","Euphorbia_balsamifera_m","Attalus_chrysanthemi",8,0.509561679228625,0.0133410794896278,0.0822566632814005
"497","Euphorbia_balsamifera_m","Attalus_crispus",8,0.564471377579421,0.0657748232754654,0.0275994750824554
"498","Euphorbia_balsamifera_m","Attalus_rugifrons",13,0.581209042068338,0.200670692043499,0.170206833960424
"499","Euphorbia_balsamifera_m","Aulacoderus_canariensis",11,0.531615939749488,0.047775939687917,0.0529053713422892
"500","Euphorbia_balsamifera_m","Axinotarsus_sp_1",14,0.595138181382106,0.25859290823596,0.191888239804474
"501","Euphorbia_balsamifera_m","Blaesoxipha_sp_1",11,0.549004838134557,0.109949513843345,0.170138194687565
"502","Euphorbia_balsamifera_m","Bombylius_pintuarius",8,0.59604001959738,0.201553214279472,0.219726831272192
"503","Euphorbia_balsamifera_m","Bombylius_sp_1",6,0.503800875184636,0.0104998988797899,0.415849310667977
"504","Euphorbia_balsamifera_m","Bruchidius_wollastoni",13,0.707870773005489,0.255086523098685,0.0124140056127704
"505","Euphorbia_balsamifera_m","Campiglossa_martii",15,0.572015251125786,0.103435437616095,0.0173752532558314
"506","Euphorbia_balsamifera_m","Camponotus_cfr_feae",11,0.579102033909396,0.150211764086218,0.111300919689073
"507","Euphorbia_balsamifera_m","Cephalodromia_sp",17,0.651370510311672,0.15677171020535,0.00107397166926482
"508","Euphorbia_balsamifera_m","Ceratogoponidae_sp",8,0.518885853217409,0.0901355158462251,0.572066214522098
"509","Euphorbia_balsamifera_m","Ceratogoponidae_sp_2",5,0.512765181864225,0.0285438143935537,0.373900966300059
"510","Euphorbia_balsamifera_m","Chalicodoma_canescens",9,0.523120612088029,0.0417351230022159,0.135097082185528
"511","Euphorbia_balsamifera_m","Chalicodoma_sicula",9,0.531062055868202,0.0560621691503309,0.135048259276492
"512","Euphorbia_balsamifera_m","Chalicodoma_sp",5,0.547258786097607,0.0967559370777333,0.336129544189928
"513","Euphorbia_balsamifera_m","Chetogena_acuminata",24,0.547699498942676,0.0939065874637884,0.0205109942017148
"514","Euphorbia_balsamifera_m","Chloropidae_sp",5,0.701017681060064,0.231179484736625,0.123760249673826
"515","Euphorbia_balsamifera_m","Chloropidae_sp_4",10,0.502599103395148,0.0241953633553664,0.741877842465448
"516","Euphorbia_balsamifera_m","Chloropidae_sp_5",10,0.686496920351986,0.177576469735324,0.00892419987836706
"517","Euphorbia_balsamifera_m","Chrysomya_albiceps",26,0.587898286706872,0.194953366846726,0.0301396342096926
"518","Euphorbia_balsamifera_m","Coccinella_miranda",12,0.548544658672085,0.127333640783821,0.213433770698048
"519","Euphorbia_balsamifera_m","Colias_croceus",9,0.503835346543359,0.0100761580615754,0.286516671550567
"520","Euphorbia_balsamifera_m","Colletes2_Waiting_85",6,0.671592396012479,0.235956788100496,0.134965812949561
"521","Euphorbia_balsamifera_m","Colletes_dimidiatus",22,0.760234226733742,0.256477175074475,0.000106056711744915
"522","Euphorbia_balsamifera_m","Curculionidae_sp",6,0.62636993562013,0.177699287967536,0.141989153988614
"523","Euphorbia_balsamifera_m","Dasytes_lanzarotensis",12,0.710125724750509,0.187020774791337,0.0025106435383191
"524","Euphorbia_balsamifera_m","Dasytes_subaenescens",13,0.636392916446105,0.143608644833145,0.00503759167234487
"525","Euphorbia_balsamifera_m","Delia_flavibasis",11,0.57399441574743,0.114457900730786,0.0576330187480247
"526","Euphorbia_balsamifera_m","Diglyphus_chabrias",8,0.517438302019712,0.0359288810053771,0.212178423620939
"527","Euphorbia_balsamifera_m","Dilophus_hiemalis",11,0.687457928215683,0.188336206818745,0.00799783844614834
"528","Euphorbia_balsamifera_m","Dinarmoides_spilopterus",6,0.523485671351534,0.0416512570121945,0.225761623317571
"529","Euphorbia_balsamifera_m","Dischistus_atlanticus",10,0.527084170775289,0.184288726989088,0.653150948920959
"530","Euphorbia_balsamifera_m","Eristalinus_aeneus",8,0.55601553885559,0.094069783142823,0.136007958803659
"531","Euphorbia_balsamifera_m","Eristalinus_taeniops",22,0.553443797026357,0.146051784497784,0.100817508172581
"532","Euphorbia_balsamifera_m","Eristalis_tenax",5,0.529203535153129,0.0476733690867854,0.242619619816673
"533","Euphorbia_balsamifera_m","Estheria_simonyi",22,0.671394907724655,0.213742223475228,0.00114845940306903
"534","Euphorbia_balsamifera_m","Eucera_gracilipes",16,0.814668615514265,0.274644882530742,0.000358943255772761
"535","Euphorbia_balsamifera_m","Euderus_sp",13,0.532747832097815,0.0442851446427062,0.0205537908666679
"536","Euphorbia_balsamifera_m","Eumerus_latitarsis",9,0.637081458856992,0.150572828108565,0.0257979123145317
"537","Euphorbia_balsamifera_m","Eupelmus_sp",8,0.547867445851598,0.0702613609866287,0.0953505424353991
"538","Euphorbia_balsamifera_m","Eupelmus_testaceiventris",5,0.696337185436558,0.138860766454622,0.0341313506667176
"539","Euphorbia_balsamifera_m","Eurytoma_sp_1",12,0.531200685516252,0.0851484562479697,0.230518473295252
"540","Euphorbia_balsamifera_m","Eurytoma_sp_2",19,0.626934574394684,0.166295055500329,0.00374928791411299
"541","Euphorbia_balsamifera_m","Exhyalanthrax_canarionae",9,0.52280218102814,0.214900774017593,0.758395658860516
"542","Euphorbia_balsamifera_m","Fannia_sp",6,0.705515581802582,0.186221122701242,0.0426166117149436
"543","Euphorbia_balsamifera_m","Gasteruption_sp",10,0.448677277019116,0.155168072738523,0.322865218123596
"544","Euphorbia_balsamifera_m","Geometridae_sp",5,0.537593324965954,0.0561826774700411,0.208932908455888
"545","Euphorbia_balsamifera_m","Geometridae_sp_2",10,0.499657020102876,0.00932527201028073,0.909962881159124
"546","Euphorbia_balsamifera_m","Goniozus_sp",7,0.514641405469258,0.0243713186504726,0.163055681458221
"547","Euphorbia_balsamifera_m","Halictus_fulvipes",5,0.517330782451366,0.0276275589329843,0.233358259664373
"548","Euphorbia_balsamifera_m","Holepyris_sp",5,0.525653131970098,0.146531269382221,0.715411170570946
"549","Euphorbia_balsamifera_m","Hylaeus_hohmanni",5,0.578011372265098,0.17876742261084,0.384422940832508
"550","Euphorbia_balsamifera_m","Hym_Waiting_85",5,0.491624021313048,0.0195481984909244,0.392265612920744
"551","Euphorbia_balsamifera_m","Lasioglossum_loetum",22,0.563427727258379,0.205498713881389,0.162463809372666
"552","Euphorbia_balsamifera_m","Lasioglossum_viride",19,0.742337798204327,0.288419965544088,0.0017815352241329
"553","Euphorbia_balsamifera_m","Leptochilus_cruentatus",9,0.839073038833706,0.130993319215315,5.40659081635743e-05
"554","Euphorbia_balsamifera_m","Leptochilus_fortunatus",14,0.549865808017769,0.0813711023953968,0.0391668844468799
"555","Euphorbia_balsamifera_m","Linnaemyia_soror",6,0.636713857445147,0.121487910561096,0.0400012771983919
"556","Euphorbia_balsamifera_m","Lucilia_sericata",42,0.764810090929181,0.251368374008873,2.89046102171782e-08
"557","Euphorbia_balsamifera_m","Macrocoma_cf_henoni",6,0.5,0,NA
"558","Euphorbia_balsamifera_m","Macroglossum_stellatarum",5,0.555507104559732,0.0734893819625915,0.166503704135813
"559","Euphorbia_balsamifera_m","Malthinus_mutabilis",5,0.504818469625568,0.0082094328345197,0.259611664490367
"560","Euphorbia_balsamifera_m","Megachile_canariensis",10,0.525217464599412,0.0400409471413543,0.0775991919723975
"561","Euphorbia_balsamifera_m","Megaselia_sp_1",5,0.576479647332324,0.101443534848652,0.167113643543809
"562","Euphorbia_balsamifera_m","Megaselia_sp_2",5,0.615105795440481,0.172241448205902,0.20939990411767
"563","Euphorbia_balsamifera_m","Melecta_curvispina",6,0.464876369468701,0.193042530729655,0.674464704671431
"564","Euphorbia_balsamifera_m","Melecta_sp",6,0.500212412454905,0.002673390408871,0.853349220584051
"565","Euphorbia_balsamifera_m","Meligethes_canariensis",14,0.883077873004343,0.169926857733012,1.24643246580351e-06
"566","Euphorbia_balsamifera_m","Meligethes_cf_canariensis",6,0.500005501482576,8.07255411675945e-06,0.155919865564306
"567","Euphorbia_balsamifera_m","Mordellistena_cf_canariensis",7,0.531157763266852,0.0400554098861192,0.0852873418130921
"568","Euphorbia_balsamifera_m","Musca_domestica",33,0.650114051596406,0.215264611528269,0.000344425007093896
"569","Euphorbia_balsamifera_m","Musca_osiris",5,0.45339092582911,0.29240869102472,0.739529732134757
"570","Euphorbia_balsamifera_m","Myathropa_florea",12,0.547576651648723,0.220194531359269,0.46987446689504
"571","Euphorbia_balsamifera_m","Myopites_nigrescens",34,0.623061383684167,0.245945521816746,0.00630425906809008
"572","Euphorbia_balsamifera_m","Neodryophilus_cryptophagoides",8,0.574324116449221,0.151049974817189,0.206626332305503
"573","Euphorbia_balsamifera_m","Nomioides_deceptor",10,0.747991093309012,0.355666908159217,0.0548983864781529
"574","Euphorbia_balsamifera_m","Nomioides_sp",5,0.368093021185187,0.207369778047811,0.227995035440181
"575","Euphorbia_balsamifera_m","Nyctia_lugubris",18,0.487381315466385,0.0931506648496518,0.573001501272416
"576","Euphorbia_balsamifera_m","Oscinella_sp_1",10,0.673500826029031,0.174387969952622,0.0118097373501397
"577","Euphorbia_balsamifera_m","Oscinimorpha_sp",8,0.498908588209946,0.00356144133828004,0.414784436267204
"578","Euphorbia_balsamifera_m","Osmia_canaria",8,0.503587666869482,0.00950765702758691,0.321259547327024
"579","Euphorbia_balsamifera_m","Osmia_latreillei",8,0.573971264695996,0.122764790192797,0.132109354548987
"580","Euphorbia_balsamifera_m","Oxyopes_cf_kraepelinorum",7,0.673852364608263,0.141703936950612,0.0175543310329502
"581","Euphorbia_balsamifera_m","Paragus_tibialis",8,0.709104449574325,0.212392566242916,0.0271166199401506
"582","Euphorbia_balsamifera_m","Perilampus_sp_2",14,0.515933334489532,0.115338013044812,0.613913682260213
"583","Euphorbia_balsamifera_m","Phalacrus_coruscus",5,0.50293131910159,0.0049714652023766,0.257778085836938
"584","Euphorbia_balsamifera_m","Phthiria_simonyi",20,0.659526820541409,0.207870296511119,0.0027941235164808
"585","Euphorbia_balsamifera_m","Phyto_discrepans",14,0.568939087826736,0.0839691816161319,0.00891587885089552
"586","Euphorbia_balsamifera_m","Pieris_rapae",16,0.588870269040899,0.130744107319703,0.0158460944947621
"587","Euphorbia_balsamifera_m","Plagiolepis_sp_2",18,0.610967262222387,0.30893573596955,0.145914249452076
"588","Euphorbia_balsamifera_m","Platypalpus_sp",10,0.630219043886869,0.151360690592478,0.0235854340894455
"589","Euphorbia_balsamifera_m","Platypalpus_sp_2",8,0.52147088925363,0.0335826382211904,0.113490266761054
"590","Euphorbia_balsamifera_m","Proconura_sp_1",7,0.549839235185508,0.125178902727277,0.332723051739959
"591","Euphorbia_balsamifera_m","Proconura_sp_2",13,0.596508013663563,0.163046106100302,0.0541530797137288
"592","Euphorbia_balsamifera_m","Pteromalus_sp_1",5,0.493856004626288,0.0413867063264906,0.756590956165089
"593","Euphorbia_balsamifera_m","Pteromalus_sp_2",20,0.650426324770309,0.235059949568653,0.00997804953725795
"594","Euphorbia_balsamifera_m","Pteromalus_sp_3",12,0.575546604001673,0.180389125956804,0.174758862733419
"595","Euphorbia_balsamifera_m","Sarcophagidae_sp",5,0.506925590539027,0.0106688224019848,0.220264698969327
"596","Euphorbia_balsamifera_m","Sarcophagidae_sp_4",7,0.501821356474702,0.00851457871185695,0.591946211884244
"597","Euphorbia_balsamifera_m","Sarcophagidae_sp_5",33,0.600289449242213,0.137408705154122,0.000203180701857579
"598","Euphorbia_balsamifera_m","Sarcophagidae_sp_6",14,0.632041775894962,0.180599000609037,0.0169975333119947
"599","Euphorbia_balsamifera_m","Sarcophagidae_sp_8",20,0.597686279619711,0.190088803107081,0.0330728317415295
"600","Euphorbia_balsamifera_m","Scaeva_albomaculata",15,0.55365529050242,0.0663949923290434,0.00738147415855029
"601","Euphorbia_balsamifera_m","Scenopinus_sp",10,0.626955482698196,0.142426629043437,0.0200871754301385
"602","Euphorbia_balsamifera_m","Sciaridae_sp_1",18,0.56515514992397,0.151298402923462,0.0853021865017317
"603","Euphorbia_balsamifera_m","Sciaridae_sp_4",16,0.413935607003411,0.330447513720544,0.314009144580298
"604","Euphorbia_balsamifera_m","Scymnus_canariensis",7,0.537474844678628,0.0934102104857966,0.329335854073641
"605","Euphorbia_balsamifera_m","Spathulina_sicula",8,0.504387203805429,0.00831684214681528,0.179324365900339
"606","Euphorbia_balsamifera_m","Sphecidae_sp",5,0.519955843122859,0.0399451070549767,0.326519897482682
"607","Euphorbia_balsamifera_m","Synthesomyia_nudiseta",8,0.61346089482183,0.159919774886457,0.084773625046494
"608","Euphorbia_balsamifera_m","Syritta_pipiens",16,0.676689229082026,0.233342968094299,0.00846085807601947
"609","Euphorbia_balsamifera_m","Tachina_canariensis",10,0.855480001876627,0.16169806826144,6.66971486916299e-05
"610","Euphorbia_balsamifera_m","Tephritidae_sp_1",8,0.655635298791249,0.21280817392737,0.0773828895486638
"611","Euphorbia_balsamifera_m","Tethina_marmorata",7,0.579413851873166,0.151714459592161,0.215379331348929
"612","Euphorbia_balsamifera_m","Tethinidae_sp_1",9,0.592556252202497,0.167040795564952,0.135030411934614
"613","Euphorbia_balsamifera_m","Tethinidae_sp_2",8,0.530922284369561,0.0458897060899905,0.0983481772211427
"614","Euphorbia_balsamifera_m","Tetramesa_sp",6,0.499985603201449,3.52648103804133e-05,0.36321746764997
"615","Euphorbia_balsamifera_m","Thaumatomyia_notata",8,0.516816650850576,0.129482954118312,0.724217556431491
"616","Euphorbia_balsamifera_m","Themnothorax_hesperius",7,0.563938134165765,0.0627660113269793,0.0358058935421282
"617","Euphorbia_balsamifera_m","Themnothorax_risii",6,0.528694713940408,0.0620407906234248,0.308631334726999
"618","Euphorbia_balsamifera_m","Thomisus_cf_globosum",7,0.529693476063319,0.0953993869037266,0.441718287749397
"619","Euphorbia_balsamifera_m","Thomisus_cf_onustus",16,0.519487449151442,0.0552161295126704,0.178439052049883
"620","Euphorbia_balsamifera_m","Thyreus_sp_aff_ramosus",5,0.538767459081314,0.0807079913560207,0.34326291945959
"621","Euphorbia_balsamifera_m","Thysanoptera_sp_2",65,0.764801667583537,0.239615830549261,8.13359717945187e-13
"622","Euphorbia_balsamifera_m","Thysanoptera_sp_3",16,0.566868533527612,0.116387801832475,0.0363555441328571
"623","Euphorbia_balsamifera_m","Thysanoptera_sp_4",6,0.523855023372819,0.0306791676976553,0.115176174975589
"624","Euphorbia_balsamifera_m","Torymoides_lindbergi",7,0.51973233276957,0.0187461255520458,0.0317890172660902
"625","Euphorbia_balsamifera_m","Troglops_sp",5,0.501974982211762,0.00320507174641041,0.24030338322347
"626","Euphorbia_balsamifera_m","Tropinota_squalida",6,0.553787740376036,0.102877969460582,0.256497396610027
"627","Euphorbia_balsamifera_m","Trupanea_augur",8,0.513097219230868,0.01606507463686,0.054514729336212
"628","Euphorbia_balsamifera_m","Urelliosoma_guimari",40,0.570117591466338,0.162783390707594,0.00959490445044929
"629","Euphorbia_balsamifera_m","Vestitohalictus_sp",6,0.595736719481078,0.0729458005593726,0.0236020601706558
"630","Euphorbia_lamarckii","Agromyzidae_sp_1",7,0.551910670559837,0.0647519512912059,0.0781689451153156
"631","Euphorbia_lamarckii","Agromyzidae_sp_2",6,0.534091549799774,0.0438132360006002,0.114978526421245
"632","Euphorbia_lamarckii","Amegilla_canifrons",7,0.500690898161518,0.000661398490316405,0.0326911700220636
"633","Euphorbia_lamarckii","Amegilla_quadrifasciata",9,0.501070744878028,0.00225831840740868,0.192707724318015
"634","Euphorbia_lamarckii","Anaspis_cf_canariensis",5,0.644104504363586,0.148278549046135,0.0954759445176009
"635","Euphorbia_lamarckii","Anaspis_proteus",11,0.746419981709221,0.161393652401619,0.000489172543815792
"636","Euphorbia_lamarckii","Anthophora_alluaudi",25,0.503108091630488,0.0162936443235796,0.349706288093787
"637","Euphorbia_lamarckii","Anthophora_orotavae",10,0.50414937430141,0.00811639288147764,0.14040622461071
"638","Euphorbia_lamarckii","Apis_mellifera",19,0.518254005698751,0.0409054900925445,0.0675475485375975
"639","Euphorbia_lamarckii","Aprostocetus_occidentalis",5,0.558830552807609,0.323090532613103,0.704738118135313
"640","Euphorbia_lamarckii","Araneidae_sp_2",5,0.58128404561429,0.116483387094072,0.193691010076225
"641","Euphorbia_lamarckii","Attagenus_wollastoni",6,0.497111093138043,0.0044125355114675,0.169686233413639
"642","Euphorbia_lamarckii","Attalus_pallipes",6,0.50831719317172,0.0095535972235824,0.086132972308419
"643","Euphorbia_lamarckii","Attalus_ruficollis",6,0.513799178670102,0.0250410585119326,0.234962290570769
"644","Euphorbia_lamarckii","Attalus_rugifrons",11,0.537466148958848,0.124837356830928,0.343024555458833
"645","Euphorbia_lamarckii","Aulacoderus_canariensis",5,0.502150338115953,0.00440529215093948,0.336397603518545
"646","Euphorbia_lamarckii","Blaesoxipha_sp_1",9,0.500676078000516,0.000520739070875057,0.00457737224611966
"647","Euphorbia_lamarckii","Bracon_sp",11,0.51638438985367,0.0213170365796887,0.0289047802428724
"648","Euphorbia_lamarckii","Bruchidius_wollastoni",14,0.465883986979947,0.0684948429152466,0.0851108750043157
"649","Euphorbia_lamarckii","Campiglossa_reticulata",9,0.518870765489243,0.0324762086092512,0.119463152566033
"650","Euphorbia_lamarckii","Cecydomyiidae_sp",7,0.515973487189916,0.0344788993200061,0.266224025976629
"651","Euphorbia_lamarckii","Chalicodoma_canescens",14,0.504765491386918,0.01301132415301,0.193759722622428
"652","Euphorbia_lamarckii","Chetogena_acuminata",5,0.501224535066451,0.00118397454636648,0.0817919837452148
"653","Euphorbia_lamarckii","Chironomidae_sp",8,0.502574898148278,0.0402524358342274,0.861548884153149
"654","Euphorbia_lamarckii","Chloropidae_sp",5,0.502475669383632,0.00472530694339798,0.306412689323142
"655","Euphorbia_lamarckii","Chloropidae_sp_4",14,0.528998900383054,0.0710041756151146,0.150438966494207
"656","Euphorbia_lamarckii","Chloropidae_sp_5",8,0.542013879347994,0.0355526986969238,0.0123780168898686
"657","Euphorbia_lamarckii","Chloropidae_sp_6",5,0.50565595768583,0.00968777287715559,0.261756733770747
"658","Euphorbia_lamarckii","Chrysomya_albiceps",18,0.655809707844784,0.223103235521444,0.00871595719318347
"659","Euphorbia_lamarckii","Colias_croceus",11,0.534133730366065,0.0888029526002043,0.231192460620182
"660","Euphorbia_lamarckii","Dasytes_cf_subaenescens",5,0.525927924612288,0.0148682484977552,0.0175510199326219
"661","Euphorbia_lamarckii","Dasytes_subaenescens",6,0.503339542900329,0.0629030863983119,0.901601357553473
"662","Euphorbia_lamarckii","Delia_flavibasis",9,0.470176602674816,0.168615312775507,0.610093252686341
"663","Euphorbia_lamarckii","Dinarmoides_spilopterus",7,0.507684593028676,0.0202295200629651,0.353673081947099
"664","Euphorbia_lamarckii","Elasmus_platyedrae",5,0.500781806149192,0.00115350549500661,0.20421882646756
"665","Euphorbia_lamarckii","Empididae_sp_1",12,0.544015622958087,0.112772612279971,0.203502470116773
"666","Euphorbia_lamarckii","Eristalinus_aeneus",5,0.499277958270049,0.00211144318481604,0.487094646748534
"667","Euphorbia_lamarckii","Estheria_simonyi",13,0.553851807186024,0.0812843848938647,0.034215126275511
"668","Euphorbia_lamarckii","Euderus_sp",10,0.503890541997423,0.00964302773906087,0.233953934978914
"669","Euphorbia_lamarckii","Eumerus_latitarsis",21,0.782681284131173,0.215545756423702,7.08804950369947e-06
"670","Euphorbia_lamarckii","Eupelmus_sp",8,0.500722555940158,0.00371061498995483,0.598920310078225
"671","Euphorbia_lamarckii","Eupelmus_testaceiventris",9,0.533416577992277,0.0662638472983215,0.16876342915683
"672","Euphorbia_lamarckii","Eurytoma_sp_1",5,0.453202329163111,0.107342637179165,0.384835519814796
"673","Euphorbia_lamarckii","Eurytoma_sp_2",7,0.505860498327918,0.00718738779969942,0.0743523795347305
"674","Euphorbia_lamarckii","Fannia_sp",6,0.576544001097432,0.100621622039549,0.121446116710422
"675","Euphorbia_lamarckii","Halictus_fulvipes",7,0.499618955813813,0.00100398887047992,0.354072662089483
"676","Euphorbia_lamarckii","Lasioglossum_arctifrons",5,0.500029131131137,4.31753309797211e-05,0.205869818724291
"677","Euphorbia_lamarckii","Lasioglossum_loetum",25,0.533548198635939,0.111210442313778,0.14452500603691
"678","Euphorbia_lamarckii","Lasioglossum_viride",20,0.526409376575214,0.217632278002476,0.593654375042091
"679","Euphorbia_lamarckii","Leptochilus_cruentatus",5,0.49358212697941,0.0275213769701768,0.629597993918975
"680","Euphorbia_lamarckii","Leptochilus_eatoni",6,0.509586224916986,0.0150837948298274,0.180264683659225
"681","Euphorbia_lamarckii","Lucilia_sericata",13,0.538909873016463,0.115601781992018,0.248255916016182
"682","Euphorbia_lamarckii","Malthinus_mutabilis",11,0.507605558029214,0.0137711173384963,0.0969033684388662
"683","Euphorbia_lamarckii","Megachile_canariensis",7,0.503422417414466,0.00957943207338686,0.38102838218125
"684","Euphorbia_lamarckii","Megaselia_sp_1",6,0.548940610173351,0.118952634362073,0.359807269721602
"685","Euphorbia_lamarckii","Megaselia_sp_2",5,0.575745156191874,0.0978011842021537,0.15835032432281
"686","Euphorbia_lamarckii","Meligethes_canariensis",12,0.537102791639871,0.0504121717614995,0.0270172163275618
"687","Euphorbia_lamarckii","Minotetrastichus_sp",8,0.512123496116597,0.0109479788372637,0.0165604665011371
"688","Euphorbia_lamarckii","Monomorium_subopacum",6,0.526144023065968,0.0338201997098374,0.116829627285395
"689","Euphorbia_lamarckii","Musca_domestica",13,0.560776672145935,0.0648524605160899,0.00547875458091814
"690","Euphorbia_lamarckii","Myathropa_florea",5,0.495828448559291,0.00593262352513794,0.190983298801147
"691","Euphorbia_lamarckii","Myopites_nigrescens",20,0.50141874193815,0.0385417525191259,0.870980542331537
"692","Euphorbia_lamarckii","Neodryophilus_cryptophagoides",11,0.598190484393076,0.100788681877488,0.00900374766519516
"693","Euphorbia_lamarckii","Nomioides_fortunatus",7,0.500000334181094,8.73560594509145e-07,0.350535438780421
"694","Euphorbia_lamarckii","Nyctia_lugubris",7,0.5031830630368,0.00359075699179774,0.0574220573956428
"695","Euphorbia_lamarckii","Oscinella_sp_1",8,0.504758081881031,0.00656118515823628,0.0793970694430863
"696","Euphorbia_lamarckii","Osmia_canaria",10,0.525440523808049,0.0548888571121852,0.176777712037812
"697","Euphorbia_lamarckii","Osmia_latreillei",6,0.499989523741776,2.56614870616145e-05,0.363217467649899
"698","Euphorbia_lamarckii","Oxyopes_kraepelinorum",10,0.473637173682243,0.0781768644283821,0.31401964069254
"699","Euphorbia_lamarckii","Paratrechina_longicornis",6,0.711218905567418,0.168259297442509,0.0276297283506216
"700","Euphorbia_lamarckii","Phalacrus_coruscus",5,0.470713180139873,0.0470239604738257,0.236147130040158
"701","Euphorbia_lamarckii","Phthiria_simonyi",13,0.52829018556899,0.0521554637194736,0.0741837086096866
"702","Euphorbia_lamarckii","Pieris_rapae",18,0.497302256015186,0.0386317289868391,0.770610077718302
"703","Euphorbia_lamarckii","Plagiolepis_schmitzii",21,0.741369096456407,0.222205074783443,7.23300401621027e-05
"704","Euphorbia_lamarckii","Plagiolepis_sp_2",13,0.521878055129401,0.177407995703803,0.664494310252224
"705","Euphorbia_lamarckii","Platypalpus_sp_1",9,0.602805540139566,0.136637192562819,0.0539581526461741
"706","Euphorbia_lamarckii","Pteromalus_sp_3",12,0.530397391407956,0.0523689251499057,0.0695136966763006
"707","Euphorbia_lamarckii","Pteromalus_sp_4",9,0.500928904760807,0.00964699346800504,0.78002579612363
"708","Euphorbia_lamarckii","Rondania_insularis",7,0.500292353239496,0.0272610074450714,0.978284356741946
"709","Euphorbia_lamarckii","Sarcophagidae_sp_5",16,0.576881495702366,0.0985566148841301,0.00701997165886076
"710","Euphorbia_lamarckii","Sarcophagidae_sp_8",11,0.696200180211669,0.18666856601546,0.00586230479331057
"711","Euphorbia_lamarckii","Scaeva_albomaculata",8,0.502412609993326,0.00625079273380511,0.311115161039674
"712","Euphorbia_lamarckii","Scenopinus_sp",12,0.507731911653974,0.0229514556038809,0.267889879314636
"713","Euphorbia_lamarckii","Sciaridae_sp",5,0.5523000425173,0.0953292894326536,0.287182146104811
"714","Euphorbia_lamarckii","Sciaridae_sp_1",18,0.517460997602751,0.0576399765438172,0.215945781494007
"715","Euphorbia_lamarckii","Scymnus_canariensis",10,0.52200676208323,0.0256874376831195,0.0240303526436646
"716","Euphorbia_lamarckii","Stomorhina_lunata",5,0.50284267625048,0.0043057946930081,0.21392135210261
"717","Euphorbia_lamarckii","Syritta_pipiens",19,0.504628753594671,0.00893897620355045,0.0366673356456161
"718","Euphorbia_lamarckii","Themnothorax_hesperius",21,0.584592155109472,0.204469000228745,0.0725180318393416
"719","Euphorbia_lamarckii","Thomisus_cf_onustus",16,0.539593127584209,0.105849896683901,0.155344279321553
"720","Euphorbia_lamarckii","Thyridanthrax_indigenus",9,0.620777374896655,0.326324463865394,0.299107156729605
"721","Euphorbia_lamarckii","Thysanoptera_sp_1",46,0.412253635710295,0.349161891454559,0.0951956146726939
"722","Euphorbia_lamarckii","Thysanoptera_sp_2",44,0.556673449064679,0.299586753169999,0.216319571654248
"723","Euphorbia_lamarckii","Thysanoptera_sp_3",16,0.497764715509586,0.0137349232629022,0.524908123807727
"724","Euphorbia_lamarckii","Thysanoptera_sp_7",5,0.607552029596066,0.216433730459079,0.328784075205558
"725","Euphorbia_lamarckii","Trixoscelis_sp",6,0.500876736579321,0.00107304124651338,0.101760725182085
"726","Euphorbia_lamarckii","Trupanea_augur",6,0.505006668814444,0.00734860895154024,0.156016499627835
"727","Euphorbia_lamarckii","Urelliosoma_guimari",11,0.501563738611755,0.00502351415156682,0.326201816483309
"728","Euphorbia_lamarckii","Villa_nigriceps",10,0.502297100649961,0.00264338274537039,0.022549716384686
"729","Euphorbia_regis_jubae","Amegilla_quadrifasciata",14,0.500168604452333,0.0045337992196364,0.891467271517465
"730","Euphorbia_regis_jubae","Andrena_wollastoni",6,0.513446708526141,0.0174892259129841,0.118372966254638
"731","Euphorbia_regis_jubae","Anthophora_alluaudi",10,0.514554875914842,0.0193078216824447,0.0409696984202366
"732","Euphorbia_regis_jubae","Anthophora_orotavae",7,0.502601275214718,0.00190811011477918,0.0112730257961574
"733","Euphorbia_regis_jubae","Apis_mellifera",16,0.582734669326852,0.0698960424716555,0.000265891151843794
"734","Euphorbia_regis_jubae","Attagenus_wollastoni",9,0.53281823850313,0.0788635490250309,0.247174407428567
"735","Euphorbia_regis_jubae","Cephalodromia_sp",10,0.473946282642286,0.0631857618087883,0.224623103783047
"736","Euphorbia_regis_jubae","Chetogena_acuminata",13,0.54109198341783,0.0509299443072098,0.0131034596175145
"737","Euphorbia_regis_jubae","Chrysomya_albiceps",6,0.512983069860704,0.0255886717797776,0.269039959708442
"738","Euphorbia_regis_jubae","Coccinella_miranda",7,0.499451011937098,0.000802631566886807,0.120332555350488
"739","Euphorbia_regis_jubae","Curculionidae_sp",9,0.546748814408137,0.0567680288866643,0.0386791941187062
"740","Euphorbia_regis_jubae","Lasioglossum_loetum",19,0.559545765498443,0.0858286702738294,0.00729281538892635
"741","Euphorbia_regis_jubae","Macroglossum_stellatarum",10,0.525503065069071,0.0251183828844003,0.0106468421778307
"742","Euphorbia_regis_jubae","Oscinella_sp_1",6,0.586816956261044,0.0991892884597374,0.0848916605700975
"743","Euphorbia_regis_jubae","Osmia_canaria",5,0.5,0,NA
"744","Euphorbia_regis_jubae","Phthiria_simonyi",8,0.506025132424886,0.00510351478059376,0.0124333143647817
"745","Euphorbia_regis_jubae","Pieris_rapae",10,0.497188194040329,0.0222710461522202,0.699017269960639
"746","Euphorbia_regis_jubae","Plagiolepis_sp_2",15,0.543229104712701,0.121510962507334,0.189871516192651
"747","Euphorbia_regis_jubae","Sepsis_sp",8,0.530859984573321,0.0112135765200182,0.000108520488464146
"748","Euphorbia_regis_jubae","Stenoselma_sp",5,0.495999548893493,0.00637529129876312,0.233239515428011
"749","Euphorbia_regis_jubae","Themnothorax_risii",7,0.501207521628336,0.00307254393741153,0.338511681059454
"750","Euphorbia_regis_jubae","Thomisus_cf_onustus",7,0.506571782365618,0.00412682410728352,0.00560301147294513
"751","Euphorbia_regis_jubae","Thysanoptera_sp_1",7,0.736057939015423,0.247664312888027,0.0451794046961171
"752","Euphorbia_regis_jubae","Thysanoptera_sp_2",13,0.366160670711414,0.301389425015423,0.135328784681937
"753","Euphorbia_regis_jubae","Thysanoptera_sp_3",13,0.504023765179205,0.0198455767339056,0.478787187796379
"754","Euphorbia_regis_jubae","Tropinota_squalida",6,0.500536280617213,0.00118841999730609,0.31933880664289
"755","Fagonia_albiflora","Agromyzidae_sp_1",10,0.501507730955562,0.00280599476505269,0.12350769350816
"756","Fagonia_albiflora","Amegilla_canifrons",6,0.511635260817309,0.0224554205553028,0.260239015504761
"757","Fagonia_albiflora","Amegilla_quadrifasciata",25,0.500356781266421,0.000699637858895347,0.0175858144415823
"758","Fagonia_albiflora","Ammophila_terminata",6,0.500003660895696,4.29791552414343e-05,0.842959855007166
"759","Fagonia_albiflora","Anaspis_cf_canariensis",6,0.422373280675271,0.201185976950685,0.387992669751237
"760","Fagonia_albiflora","Anaspis_cf_saharensis",6,0.561183568211674,0.0951280849819078,0.175974568549839
"761","Fagonia_albiflora","Anaspis_proteus",24,0.531125156682557,0.159375329380226,0.348645364528345
"762","Fagonia_albiflora","Andrena_vulcana",10,0.548217029323909,0.150396405125344,0.33714468583634
"763","Fagonia_albiflora","Anthophora_alluaudi",23,0.500853021386997,0.00504587784102304,0.426193256955452
"764","Fagonia_albiflora","Anthophora_orotavae",10,0.510298819585355,0.020898230130126,0.1535679026218
"765","Fagonia_albiflora","Apis_mellifera",37,0.483399884662667,0.0751442646028922,0.187440225310939
"766","Fagonia_albiflora","Aprostocetus_sp_1",7,0.50029374018007,0.000776143413239925,0.355331535700618
"767","Fagonia_albiflora","Atherigona_varia",7,0.502276288622602,0.00217914157234291,0.0326936339780583
"768","Fagonia_albiflora","Attagenus_sp_1",11,0.500188701046159,0.000613317628765599,0.331574461143329
"769","Fagonia_albiflora","Attagenus_wollastoni",20,0.6028582123112,0.167316581740526,0.0127555577808509
"770","Fagonia_albiflora","Attalus_ruficollis",6,0.499846981409394,0.000374817468144953,0.363217467649096
"771","Fagonia_albiflora","Aulacoderus_canariensis",7,0.615120632811886,0.181306232628037,0.143973630648626
"772","Fagonia_albiflora","Bassus_sp",5,0.52068125400432,0.0437634276981652,0.350243986091504
"773","Fagonia_albiflora","Blaesoxipha_sp_1",9,0.511276620505262,0.0337038623042151,0.344894901483267
"774","Fagonia_albiflora","Bombylius_pintuarius",6,0.498867496380063,0.00279928148423425,0.367194575593447
"775","Fagonia_albiflora","Bombylius_sp_1",5,0.500804391723409,0.00166761805845043,0.341471544395305
"776","Fagonia_albiflora","Bracon_sp",9,0.595734057713481,0.164033507727161,0.118075487383927
"777","Fagonia_albiflora","Bruchidius_wollastoni",7,0.502152068692145,0.00377082604422902,0.181792702878003
"778","Fagonia_albiflora","Camponotus_feae",14,0.746882804694251,0.245820041223905,0.00239156090848898
"779","Fagonia_albiflora","Cephalodromia_sp",7,0.510803736384347,0.0285567730752905,0.355492389464527
"780","Fagonia_albiflora","Chalicodoma_canescens",5,0.5000001831511,2.2892243652795e-07,0.148125986645645
"781","Fagonia_albiflora","Chetogena_acuminata",27,0.494367323250708,0.0244997720474798,0.243014831426612
"782","Fagonia_albiflora","Chloropidae_sp_2",5,0.49986250356885,0.000627305754276969,0.649720143833967
"783","Fagonia_albiflora","Chloropidae_sp_5",9,0.500965029699981,0.00124826033538783,0.0489729820632886
"784","Fagonia_albiflora","Chrysomya_albiceps",18,0.463258594616555,0.165339395751281,0.358994051980927
"785","Fagonia_albiflora","Coccinella_miranda",8,0.500753692091417,0.000734418510688078,0.0228990803046606
"786","Fagonia_albiflora","Crematogaster_alluaudi",6,0.500570576532053,0.000491962195393834,0.0362076654565384
"787","Fagonia_albiflora","Curculionidae_sp",7,0.498017497206916,0.0113527930600724,0.66034573108714
"788","Fagonia_albiflora","Dasytes_cf_subaenescens",5,0.501456433212536,0.00176175107742573,0.138221656487559
"789","Fagonia_albiflora","Dasytes_subaenescens",10,0.714292145441341,0.227398147705661,0.0154490546382439
"790","Fagonia_albiflora","Dinarmoides_spilopterus",6,0.500587679935792,0.00101206495428193,0.21419564544248
"791","Fagonia_albiflora","Elasmus_platyedrae",6,0.527735885926684,0.0541562891256978,0.265110885427369
"792","Fagonia_albiflora","Eristalinus_aeneus",11,0.533628352550886,0.0915952189514177,0.251302102328484
"793","Fagonia_albiflora","Eristalinus_taeniops",10,0.506148225970979,0.0190513436723556,0.334126375942698
"794","Fagonia_albiflora","Eristalis_tenax",6,0.505193076154352,0.0117839731404825,0.329677469824302
"795","Fagonia_albiflora","Estheria_simonyi",18,0.506966166443806,0.166995358328268,0.861615060011411
"796","Fagonia_albiflora","Eucera_gracilipes",5,0.610817439495384,0.217667242181443,0.318503182394803
"797","Fagonia_albiflora","Euderus_sp",10,0.502943440136763,0.00718685592395288,0.227506901921793
"798","Fagonia_albiflora","Eumerus_latitarsis",17,0.539846975223405,0.203152309609836,0.43053817184073
"799","Fagonia_albiflora","Eumerus_nivariae",10,0.575245082965487,0.147109914375894,0.140231360939304
"800","Fagonia_albiflora","Eupelmus_sp",5,0.500214400804045,0.000259263388563591,0.138126775278435
"801","Fagonia_albiflora","Eurytoma_sp_2",5,0.50047672965924,0.000559569555404872,0.129484739604425
"802","Fagonia_albiflora","Eurytoma_sp_3",5,0.499770937097916,0.00069797242146319,0.503739780654291
"803","Fagonia_albiflora","Exetastes_segmentarius",5,0.500132596981602,0.000316735013889034,0.40221798094165
"804","Fagonia_albiflora","Exhyalanthrax_canarionae",6,0.500267661470707,0.000633130678992212,0.347877695700358
"805","Fagonia_albiflora","Fannia_sp",6,0.499964065378406,0.00044786702899744,0.851930201453439
"806","Fagonia_albiflora","Gasteruption_sp",7,0.516309539331569,0.0422291575545255,0.346281762567627
"807","Fagonia_albiflora","Geometridae_sp",7,0.531217671512494,0.0858930653010786,0.373388285769354
"808","Fagonia_albiflora","Holepyris_sp",7,0.52441990927829,0.0518892773665791,0.259506002391017
"809","Fagonia_albiflora","Hylaeus_hohmanni",11,0.496940610193333,0.0122129714189128,0.425464165179454
"810","Fagonia_albiflora","Hylaeus_sp",8,0.581996048370342,0.114838176955902,0.0831872380116132
"811","Fagonia_albiflora","Lasioglossum_loetum",14,0.533400396960979,0.1008593809041,0.237221209712326
"812","Fagonia_albiflora","Lasioglossum_phoenicurum",11,0.500574429520292,0.0016014956179901,0.261674752640415
"813","Fagonia_albiflora","Lasioglossum_viride",21,0.555062410235413,0.141766393404652,0.0902951831930281
"814","Fagonia_albiflora","Leptochilus_cruentatus",11,0.602405319445445,0.173538982889599,0.0788094607325484
"815","Fagonia_albiflora","Leptochilus_eatoni",7,0.493034184932521,0.0306593802121627,0.569760473390407
"816","Fagonia_albiflora","Lucilia_sericata",22,0.503405046021279,0.00748047755150556,0.0447012723599531
"817","Fagonia_albiflora","Macroglossum_stellatarum",8,0.508748171103125,0.0236433093096236,0.330099491394457
"818","Fagonia_albiflora","Malthinus_mutabilis",7,0.480431806799266,0.0735213061772204,0.507713599344503
"819","Fagonia_albiflora","Melecta_curvispina",7,0.500045097774754,0.000204612895689778,0.581040801468418
"820","Fagonia_albiflora","Meligethes_canariensis",7,0.494149946622746,0.189489826667721,0.9375567260526
"821","Fagonia_albiflora","Monomorium_subopacum",10,0.499890733834362,0.00031376774955928,0.299375730849745
"822","Fagonia_albiflora","Musca_domestica",35,0.505261003097978,0.10861454242546,0.776188737465516
"823","Fagonia_albiflora","Myathropa_florea",5,0.500789651307315,0.00124800673214509,0.230032661846545
"824","Fagonia_albiflora","Myopites_nigrescens",12,0.587851353120522,0.128337409956331,0.0370668869630722
"825","Fagonia_albiflora","Nomioides_deceptor",5,0.510765699972827,0.0193196172391607,0.280747963677453
"826","Fagonia_albiflora","Nomioides_sp",5,0.50026299934503,0.00051921810049219,0.320658612578425
"827","Fagonia_albiflora","Nyctia_lugubris",5,0.500343719142936,0.000319105830365889,0.0736711534302648
"828","Fagonia_albiflora","Oscinella_sp_1",12,0.502398143674078,0.00397594866459858,0.0607018769941824
"829","Fagonia_albiflora","Oscinella_sp_2",5,0.504425966073795,0.00414883696953657,0.0755419248360476
"830","Fagonia_albiflora","Osmia_canaria",6,0.5,0,NA
"831","Fagonia_albiflora","Osmia_latreillei",13,0.500060168886826,0.000125575336421981,0.109685390861644
"832","Fagonia_albiflora","Phthiria_simonyi",19,0.503273926553456,0.0231392745058449,0.545134273668943
"833","Fagonia_albiflora","Phyto_discrepans",9,0.499526353894089,0.00183524349863992,0.461049358642221
"834","Fagonia_albiflora","Pieris_rapae",13,0.506891828492495,0.0142762428746454,0.107312791100573
"835","Fagonia_albiflora","Plagiolepis_schmitzii",9,0.466245933589878,0.176205228394833,0.581301927940659
"836","Fagonia_albiflora","Plagiolepis_sp_2",26,0.566502064015356,0.0872022143116079,0.000659177526798065
"837","Fagonia_albiflora","Podalonia_sp",8,0.500824487108236,0.00279797892843889,0.432101776759617
"838","Fagonia_albiflora","Proconura_sp_1",8,0.500117303103405,0.000186213345073087,0.117994865031043
"839","Fagonia_albiflora","Pteromalus_sp_1",8,0.529723465194239,0.0531065294164895,0.157424534850945
"840","Fagonia_albiflora","Pteromalus_sp_4",5,0.508088953789103,0.0103757254162571,0.156244045923064
"841","Fagonia_albiflora","Sarcophaga_sp_1",9,0.50014711244123,0.000417340679760264,0.321168030920697
"842","Fagonia_albiflora","Sarcophagidae_sp",7,0.500021815934849,6.83828178648835e-05,0.430993826683831
"843","Fagonia_albiflora","Sarcophagidae_sp_2",10,0.501526391081805,0.00309755567480384,0.153594255429489
"844","Fagonia_albiflora","Sarcophagidae_sp_5",19,0.482611579277914,0.0390520385701447,0.0681013796740545
"845","Fagonia_albiflora","Sarcophagidae_sp_7",6,0.586641212843855,0.202735537096439,0.343127318978514
"846","Fagonia_albiflora","Sarcophagidae_sp_8",11,0.500424374006048,0.00246934277188841,0.581266195480949
"847","Fagonia_albiflora","Scaeva_albomaculata",18,0.503702487094298,0.0151149253826416,0.313240653188708
"848","Fagonia_albiflora","Scenopinus_sp",7,0.500527001464529,0.00109172911404081,0.248739392119728
"849","Fagonia_albiflora","Sciaridae_sp",24,0.503008198477128,0.194804994309849,0.940351308234063
"850","Fagonia_albiflora","Sciaridae_sp_1",10,0.49201092574808,0.0278369132430986,0.387765299506396
"851","Fagonia_albiflora","Sciaridae_sp_4",9,0.40008861690038,0.225494297638481,0.220427458767198
"852","Fagonia_albiflora","Sepsis_sp",6,0.474474021629043,0.0558639466249838,0.313900956873714
"853","Fagonia_albiflora","Synthesomyia_nudiseta",7,0.500121974881451,0.000413168534036748,0.464452106408889
"854","Fagonia_albiflora","Syritta_pipiens",12,0.525417106391358,0.0485141810690387,0.0968775414353125
"855","Fagonia_albiflora","Tachina_canariensis",5,0.513071863338147,0.0268534277169885,0.337570974066426
"856","Fagonia_albiflora","Tapinoma_nigerrimum",7,0.531879824689292,0.0329356694917604,0.0428547359058741
"857","Fagonia_albiflora","Tephritidae_sp_1",7,0.500026418899098,2.92553742373788e-05,0.0540829452707881
"858","Fagonia_albiflora","Themnothorax_hesperius",18,0.463125989618424,0.134747520874103,0.261681846223603
"859","Fagonia_albiflora","Themnothorax_productus",7,0.502377139129241,0.00563698101066229,0.307221187590793
"860","Fagonia_albiflora","Themnothorax_risii",10,0.572315052903908,0.104156272756802,0.0557436202639115
"861","Fagonia_albiflora","Thomisus_cf_onustus",10,0.48762641833182,0.0316360594040574,0.247447642531354
"862","Fagonia_albiflora","Thysanoptera_sp_1",34,0.725966584628809,0.233208672503137,2.70782151533295e-06
"863","Fagonia_albiflora","Thysanoptera_sp_3",20,0.520961699732169,0.028468614009678,0.00382626883258081
"864","Fagonia_albiflora","Thysanoptera_sp_7",5,0.69880795038501,0.273809122550578,0.179790133913614
"865","Fagonia_albiflora","Tropinota_squalida",6,0.503167047357143,0.00628507671871348,0.271936675779611
"866","Fagonia_albiflora","Trupanea_augur",5,0.500077188344236,0.000151192502137744,0.31732766845403
"867","Fagonia_albiflora","Urelliosoma_guimari",27,0.51815562229087,0.0866676310055737,0.286353358313171
"868","Frankenia_laevis","Agromyzidae_sp_1",6,0.507598378308699,0.011469259524157,0.165562442493577
"869","Frankenia_laevis","Agromyzidae_sp_2",6,0.506682449113029,0.00576810466272487,0.036341205668494
"870","Frankenia_laevis","Amegilla_quadrifasciata",8,0.563257560647901,0.176479248972737,0.344419011968462
"871","Frankenia_laevis","Anaspis_proteus",12,0.611914072628562,0.122770662621021,0.00911505896070114
"872","Frankenia_laevis","Anthophora_alluaudi",14,0.496653587777387,0.0109030296307648,0.271493266515722
"873","Frankenia_laevis","Anthophora_orotavae",9,0.500729056559654,0.00116348338328139,0.0969284677290496
"874","Frankenia_laevis","Apis_mellifera",12,0.508343003223056,0.0259495610936075,0.289136058340413
"875","Frankenia_laevis","Attagenus_wollastoni",8,0.500524099474628,0.00114763486881773,0.23747847113974
"876","Frankenia_laevis","Attalus_ruficollis",5,0.502649120121359,0.00294098956095094,0.114256153147853
"877","Frankenia_laevis","Blaesoxipha_sp_1",5,0.500213220038588,0.00019385166906407,0.0697303317590625
"878","Frankenia_laevis","Ceratogoponidae_sp",5,0.500534673602142,0.0109398618890035,0.918239299628367
"879","Frankenia_laevis","Chloropidae_sp_5",7,0.505739734789631,0.00394567983003342,0.00847233406046401
"880","Frankenia_laevis","Chloropidae_sp_6",6,0.50053276501065,0.000842235604466703,0.181960614424138
"881","Frankenia_laevis","Chrysomya_albiceps",12,0.590147108086805,0.176715495675688,0.104901280766635
"882","Frankenia_laevis","Dasytes_cf_subaenescens",5,0.504065998737146,0.00664428831054882,0.24301837545467
"883","Frankenia_laevis","Dinarmoides_spilopterus",10,0.50448129414225,0.00550272325298842,0.0299270619409808
"884","Frankenia_laevis","Eristalinus_aeneus",5,0.499747139060591,0.000614081146699029,0.40928690804653
"885","Frankenia_laevis","Eristalinus_taeniops",9,0.500570786290513,0.000737340870639901,0.0487407803618799
"886","Frankenia_laevis","Eristalis_tenax",10,0.501392684795805,0.00375863415389135,0.271394358948349
"887","Frankenia_laevis","Estheria_simonyi",5,0.549963431819917,0.00409408244763025,1.07238432888143e-05
"888","Frankenia_laevis","Euderus_sp",10,0.500444718780901,0.000824024269034252,0.122070584245114
"889","Frankenia_laevis","Eumerus_latitarsis",5,0.550326211966402,0.0345163088716173,0.0310726058826912
"890","Frankenia_laevis","Eumerus_nivariae",6,0.558905082396811,0.0328228525576791,0.00704856209369139
"891","Frankenia_laevis","Eurytoma_sp_1",6,0.500195189578135,0.000301460788805602,0.173599079997422
"892","Frankenia_laevis","Lasioglossum_loetum",7,0.498901284494529,0.00289379628717357,0.353897090647777
"893","Frankenia_laevis","Lasioglossum_viride",10,0.512617049606382,0.0392496339914148,0.335921761252925
"894","Frankenia_laevis","Leptochilus_eatoni",8,0.503418156190515,0.00285636731384888,0.0116832199444352
"895","Frankenia_laevis","Lucilia_sericata",14,0.560476936247481,0.0781298614650597,0.0124974367820273
"896","Frankenia_laevis","Malthinus_mutabilis",8,0.506793969507795,0.0096018808263762,0.0854552852945741
"897","Frankenia_laevis","Meligethes_cf_canariensis",7,0.499999996441917,7.76173647381352e-08,0.907425372027053
"898","Frankenia_laevis","Mordellistena_cf_canariensis",6,0.500069883666991,0.000214724086628654,0.461493796515044
"899","Frankenia_laevis","Musca_domestica",12,0.535212681237963,0.0495464313600132,0.0315699178811658
"900","Frankenia_laevis","Myopites_nigrescens",6,0.49971586233405,0.0165322778278753,0.968049203600067
"901","Frankenia_laevis","Neodryophilus_cryptophagoides",6,0.508560248652091,0.0100345141234877,0.0909446563143276
"902","Frankenia_laevis","Oscinella_sp_1",12,0.499314723587136,0.00252473315451204,0.367281208566182
"903","Frankenia_laevis","Oscinella_sp_2",5,0.500830828291099,0.00178408562485295,0.356529231761714
"904","Frankenia_laevis","Phthiria_simonyi",7,0.50181404777806,0.00206614969886561,0.0592110345584889
"905","Frankenia_laevis","Phyto_discrepans",5,0.501298143523288,0.00338053996062009,0.438937411078801
"906","Frankenia_laevis","Plagiolepis_schmitzii",5,0.504796477139837,0.0102783093836582,0.355635732351521
"907","Frankenia_laevis","Plagiolepis_sp_2",10,0.572713286759255,0.207533088007666,0.296606652397475
"908","Frankenia_laevis","Platypalpus_sp",7,0.505697173333915,0.00641630078256134,0.0571192880817343
"909","Frankenia_laevis","Platypalpus_sp_2",5,0.500154788030992,0.000192162620393619,0.146040308576532
"910","Frankenia_laevis","Pteromalus_sp_3",6,0.500254941185402,0.000996893513713424,0.55852244710563
"911","Frankenia_laevis","Pteromalus_sp_4",5,0.49911693632796,0.00181185855610752,0.33705023157906
"912","Frankenia_laevis","Sarcophagidae_sp_8",6,0.52406262811469,0.056584159830772,0.345295350012635
"913","Frankenia_laevis","Scenopinus_sp",8,0.529875259111432,0.0486264057612519,0.125822941503633
"914","Frankenia_laevis","Sibinia_sericea",5,0.501967839449083,0.00296481145750542,0.211932720234732
"915","Frankenia_laevis","Sphaeniscus_filiolus",5,0.500125509581546,0.000355525996514903,0.47404403513703
"916","Frankenia_laevis","Synthesomyia_nudiseta",7,0.511580932716581,0.0124249613279855,0.04871961495345
"917","Frankenia_laevis","Syritta_pipiens",10,0.49788121587515,0.00802471898861768,0.425357759654196
"918","Frankenia_laevis","Thysanoptera_sp_1",10,0.708011184453059,0.194679181793946,0.00814199233224739
"919","Frankenia_laevis","Thysanoptera_sp_2",14,0.551882990224518,0.0777663261946601,0.0267747357620082
"920","Frankenia_laevis","Thysanoptera_sp_3",10,0.501058615620799,0.00142429289952526,0.043277785904685
"921","Frankenia_laevis","Thysanoptera_sp_7",6,0.414516107176699,0.132978430200624,0.176157871688684
"922","Frankenia_laevis","Urelliosoma_guimari",7,0.506884446505523,0.0115728208833244,0.166574083800383
"923","Helianthemum_canariensis","Agromyzidae_sp_1",12,0.502804356639638,0.0123416716158045,0.447830011070017
"924","Helianthemum_canariensis","Anaspis_cf_eversi",7,0.501007692078416,0.00268837810854169,0.359630858192254
"925","Helianthemum_canariensis","Anaspis_proteus",23,0.527052083900117,0.0458658220361774,0.00977780482243036
"926","Helianthemum_canariensis","Andrena_vachali",6,0.50124283696149,0.00149334741705958,0.0970435038165028
"927","Helianthemum_canariensis","Anthophora_alluaudi",16,0.500880017081913,0.00178938565833723,0.0679387411204537
"928","Helianthemum_canariensis","Anthophora_orotavae",7,0.500046530618554,0.000183088897130712,0.526362805939604
"929","Helianthemum_canariensis","Aphthona_wachnitzae",17,0.502827269755851,0.0093192470817268,0.228966276133009
"930","Helianthemum_canariensis","Aprostocetus_occidentalis",5,0.504347410363304,0.0183013008827353,0.623426417673523
"931","Helianthemum_canariensis","Araneae_sp_1",5,0.500337428328348,0.000722735812298559,0.355437059185553
"932","Helianthemum_canariensis","Attagenus_abbreviatus",5,0.500180855746881,0.000376303359151778,0.343023302003827
"933","Helianthemum_canariensis","Attagenus_wollastoni",10,0.524810927432919,0.0232371876317207,0.00817297206827708
"934","Helianthemum_canariensis","Attalus_olivensis",9,0.510678299068892,0.038807356977606,0.433020972645745
"935","Helianthemum_canariensis","Attalus_ruficollis",5,0.503929772021315,0.00122823802427935,0.00201986359969716
"936","Helianthemum_canariensis","Aulacoderus_canariensis",17,0.505545736005745,0.016206287683191,0.177418104222776
"937","Helianthemum_canariensis","Axinotarsus_sp_1",5,0.49999022149591,1.35873447537453e-05,0.182846860033479
"938","Helianthemum_canariensis","Blaesoxipha_sp_1",11,0.499963798523922,0.000863382914231561,0.892159218231664
"939","Helianthemum_canariensis","Campiglossa_martii",16,0.500026768550521,5.22194411246005e-05,0.0582170925294867
"940","Helianthemum_canariensis","Camponotus_cfr_feae",5,0.500321782742144,0.00044452863759468,0.180837963295368
"941","Helianthemum_canariensis","Camponotus_feae",18,0.528000932765556,0.153748260612539,0.450322979193979
"942","Helianthemum_canariensis","Cecidomyiidae_sp",6,0.500003781816564,5.76810507044943e-05,0.8786961563295
"943","Helianthemum_canariensis","Cephalodromia_sp",8,0.500269965088909,0.000470716484910105,0.148799616708097
"944","Helianthemum_canariensis","Chalicodoma_canescens",5,0.508346866577677,0.00755370915040187,0.068883105129444
"945","Helianthemum_canariensis","Chalicodoma_sicula",13,0.499977011963692,5.26293477092821e-05,0.141268538827455
"946","Helianthemum_canariensis","Chetogena_acuminata",11,0.500042742697187,0.000332976071009038,0.679314241694975
"947","Helianthemum_canariensis","Chloropidae_sp",5,0.499829324001546,0.000514054999826653,0.499065252224729
"948","Helianthemum_canariensis","Chloropidae_sp_1",6,0.499999904572648,3.62534198123445e-07,0.547493401157626
"949","Helianthemum_canariensis","Chloropidae_sp_2",5,0.49999960040574,0.000268212209357412,0.997501461997474
"950","Helianthemum_canariensis","Chrysomya_albiceps",29,0.483510181696827,0.0628140550868485,0.168471693809578
"951","Helianthemum_canariensis","Dasytes_lanzarotensis",9,0.501049431463503,0.00262309606525756,0.264386041262537
"952","Helianthemum_canariensis","Diglyphus_chabrias",5,0.502144534153635,0.00478276551724566,0.372775120122408
"953","Helianthemum_canariensis","Dinarmoides_spilopterus",8,0.503290337120214,0.00356683302180242,0.0349554551335802
"954","Helianthemum_canariensis","Dischistus_atlanticus",6,0.500042879297087,8.39369174392733e-05,0.266171499330115
"955","Helianthemum_canariensis","Eristalinus_taeniops",10,0.499541855304756,0.00290140620084655,0.629519745513061
"956","Helianthemum_canariensis","Euderus_sp",9,0.504567206084406,0.00232756777316113,0.000367226393271432
"957","Helianthemum_canariensis","Eurytoma_sp_1",5,0.503600124282892,0.00793241149934674,0.367577274307796
"958","Helianthemum_canariensis","Eurytoma_sp_2",6,0.500034009627994,0.000173513227439195,0.651413928450489
"959","Helianthemum_canariensis","Fannia_sp",7,0.499423771051384,0.00805444212762092,0.856112669379344
"960","Helianthemum_canariensis","Geometridae_sp_2",8,0.500450320879856,0.00126624982504581,0.347968959153751
"961","Helianthemum_canariensis","Gnaphosidae_sp_1",5,0.500411046076359,0.000589879019135678,0.194195206343433
"962","Helianthemum_canariensis","Goniozus_sp",5,0.500518573727344,0.000710583681431515,0.178047021038423
"963","Helianthemum_canariensis","Hylaeus_sp",7,0.500371384823544,0.00117961559811433,0.436753029323775
"964","Helianthemum_canariensis","Hym_Waiting_85",5,0.500000149779026,3.93418766051161e-07,0.442567803344049
"965","Helianthemum_canariensis","Lasioglossum_loetum",21,0.506801569969397,0.0162335261446559,0.0692322371824929
"966","Helianthemum_canariensis","Lasioglossum_viride",6,0.53694548407608,0.0545857759756061,0.158236734529432
"967","Helianthemum_canariensis","Leptochilus_eatoni",5,0.502217798751655,0.00129054807465184,0.0184174996249638
"968","Helianthemum_canariensis","Lucilia_sericata",26,0.51632040795146,0.0581935173882811,0.165090058839971
"969","Helianthemum_canariensis","Lucilia_sp_1",8,0.502938119359822,0.0150742122627405,0.598582966189584
"970","Helianthemum_canariensis","Milichiidae_sp",7,0.500611650719426,0.00147657579314742,0.315123339396192
"971","Helianthemum_canariensis","Monomorium_subopacum",6,0.500807720289012,0.00259748256809211,0.480603453862187
"972","Helianthemum_canariensis","Mordellistena_cf_canariensis",5,0.500237256447231,0.000460117581035614,0.313117119697163
"973","Helianthemum_canariensis","Musca_domestica",13,0.504735828423097,0.00693697608383991,0.0299568547304465
"974","Helianthemum_canariensis","Musca_osiris",6,0.500303387760315,0.000424538497544608,0.140435870537367
"975","Helianthemum_canariensis","Musca_sorbens",6,0.501703723483029,0.00313349350298402,0.240400312843942
"976","Helianthemum_canariensis","Myopites_nigrescens",7,0.597164610582439,0.163226446777772,0.166336019674923
"977","Helianthemum_canariensis","Nomioides_deceptor",5,0.500123915001814,0.000696932308873862,0.711247587212634
"978","Helianthemum_canariensis","Nyctia_lugubris",5,0.500105143222994,0.000187859577756471,0.278944761227251
"979","Helianthemum_canariensis","Ormyrus_sp_1",6,0.500000144462374,2.99793520213387e-06,0.910635667788435
"980","Helianthemum_canariensis","Oscinella_sp_1",9,0.512566551951569,0.00931053091851333,0.00368860592069652
"981","Helianthemum_canariensis","Oscinella_sp_2",5,0.505424313417002,0.00543443660141721,0.0894217976789235
"982","Helianthemum_canariensis","Oscinimorpha_sp",8,0.500154832880763,0.000437929459862079,0.350612478532044
"983","Helianthemum_canariensis","Paragus_tibialis",9,0.500366862300652,0.00104163492338526,0.321555945298673
"984","Helianthemum_canariensis","Phalacrus_coruscus",8,0.499773810280771,0.000524901554688274,0.262387805008495
"985","Helianthemum_canariensis","Physiphora_alceae",6,0.497704662973768,0.00304446524047929,0.124064043813875
"986","Helianthemum_canariensis","Phyto_discrepans",5,0.500559279719174,0.0053825235881668,0.827675728130347
"987","Helianthemum_canariensis","Phyto_nigrobarbata",12,0.500036486706326,0.000149961130616396,0.417266533148105
"988","Helianthemum_canariensis","Plagiolepis_schmitzii",15,0.520007889711044,0.0592659567282651,0.212108730143061
"989","Helianthemum_canariensis","Platypalpus_sp_1",6,0.499746728682014,0.000569276410180644,0.325523194099595
"990","Helianthemum_canariensis","Platypalpus_sp_2",8,0.500590163376744,0.00131712580937448,0.245567394581041
"991","Helianthemum_canariensis","Proconura_sp_2",6,0.50006622773003,0.000161813368329691,0.362103531073311
"992","Helianthemum_canariensis","Pteromalus_sp_2",26,0.504126117675653,0.0201676200139868,0.306832344251717
"993","Helianthemum_canariensis","Pteromalus_sp_4",8,0.566305106240311,0.0169284232955492,1.08507339697773e-05
"994","Helianthemum_canariensis","Sapromyza_sp",8,0.500068649671711,0.000354569851029541,0.600967463918293
"995","Helianthemum_canariensis","Sarcophagidae_sp_4",5,0.498468801915455,0.00234810949161868,0.21855058841909
"996","Helianthemum_canariensis","Sarcophagidae_sp_5",22,0.513275891018595,0.068866508566051,0.376143181093905
"997","Helianthemum_canariensis","Sarcophagidae_sp_6",13,0.500405649111303,0.000720643176503159,0.0651789059669619
"998","Helianthemum_canariensis","Scaptomyza_sp_2",6,0.500793489024581,0.00108088546510202,0.132064059494417
"999","Helianthemum_canariensis","Scenopinus_sp",6,0.500338802240457,0.000909912555654705,0.403569365114434
"1000","Helianthemum_canariensis","Sciaridae_sp",17,0.503702038049025,0.0254160040536297,0.556543685955445
"1001","Helianthemum_canariensis","Sciaridae_sp_4",6,0.500017760132002,0.0650486115748827,0.999492252729389
"1002","Helianthemum_canariensis","Sibinia_sericea",8,0.503094271273184,0.00389150543903332,0.0592871886482744
"1003","Helianthemum_canariensis","Stomorhina_lunata",7,0.500030870102529,8.47884992572932e-05,0.372609581585468
"1004","Helianthemum_canariensis","Synthesomyia_nudiseta",7,0.498382935498718,0.00264924722055271,0.157452883890785
"1005","Helianthemum_canariensis","Tachyagetes_aemulans",6,0.50021867216332,0.000522725821996354,0.352500511585737
"1006","Helianthemum_canariensis","Tethinidae_sp_1",8,0.500217015486612,0.000604460922570037,0.343687809287397
"1007","Helianthemum_canariensis","Tethinidae_sp_3",8,0.499898608410292,0.000166294897055258,0.12827006644726
"1008","Helianthemum_canariensis","Tetramesa_sp",13,0.499893206589982,0.000484806065802483,0.442483646953956
"1009","Helianthemum_canariensis","Themnothorax_hesperius",7,0.50857323357943,0.0106725273454342,0.0777090481226281
"1010","Helianthemum_canariensis","Thysanoptera_sp_1",13,0.550406328354265,0.141245559564251,0.222462649241802
"1011","Helianthemum_canariensis","Thysanoptera_sp_3",11,0.520532247850752,0.0158470538543821,0.00156836468599526
"1012","Helianthemum_canariensis","Thysanoptera_sp_4",7,0.499998721764573,7.63456523421482e-06,0.673310480116494
"1013","Helianthemum_canariensis","Torymoides_lindbergi",6,0.505442259448284,0.00317394032871459,0.00848901966189222
"1014","Helianthemum_canariensis","Trixoscelis_sp",7,0.513116021443732,0.0145179497391225,0.0540068097919363
"1015","Helianthemum_canariensis","Urelliosoma_guimari",25,0.501418314792396,0.00372424827171853,0.068944868618439
"1016","Helianthemum_canariensis","Vanessa_Cardui",5,0.500007433745681,0.000151234675298176,0.917773527715292
"1017","Helianthemum_canariensis","Vestitohalictus_sp",5,0.500020454376663,7.20534649126155e-05,0.560071367156595
"1018","Kickxia_heterophylla","Amegilla_sp",5,0.500000157934334,2.50075617014727e-07,0.230753637094231
"1019","Kickxia_heterophylla","Anaspis_cf_eversi",5,0.500014196486654,1.75894691603358e-05,0.145435232824844
"1020","Kickxia_heterophylla","Anaspis_cf_saharensis",8,0.500171097120496,0.000400774471901317,0.266450540007096
"1021","Kickxia_heterophylla","Andrena_vachali",5,0.500437113112229,0.000727203952744663,0.250096087351166
"1022","Kickxia_heterophylla","Anthaxia_sp_1",11,0.500040313308563,7.92581561609082e-05,0.122508055999386
"1023","Kickxia_heterophylla","Anthophora_sp_1",5,0.500003169126949,7.08638328818114e-06,0.373900966297051
"1024","Kickxia_heterophylla","Anthophora_sp_aff_orotavae",7,0.500002480194434,5.87227954023356e-06,0.306539215430961
"1025","Kickxia_heterophylla","Aphthona_wachnitzae",7,0.49963963872228,0.000994259499793152,0.374623852881073
"1026","Kickxia_heterophylla","Aplocnemus_sp_2",8,0.500446816572305,0.00105951700047737,0.271807226368067
"1027","Kickxia_heterophylla","Arachnospila_sp",11,0.499877408392969,0.000696104620704884,0.572096920144674
"1028","Kickxia_heterophylla","Attalus_olivensis",15,0.500037243824162,0.000568218543197575,0.803298370060094
"1029","Kickxia_heterophylla","Axinotarsus_sp_1",9,0.500215459765403,0.00046946739005246,0.205860850467538
"1030","Kickxia_heterophylla","Blaesoxipha_sp_1",9,0.502863862235167,0.00400821530809045,0.0644248370105164
"1031","Kickxia_heterophylla","Bombylius_sp_1",5,0.499911729637433,0.000499903150719264,0.713114551967983
"1032","Kickxia_heterophylla","Campiglossa_martii",6,0.500004653662886,7.18313837207458e-06,0.173391029902974
"1033","Kickxia_heterophylla","Camponotus_cfr_feae",5,0.499999994013891,1.27265399976246e-08,0.352247407684232
"1034","Kickxia_heterophylla","Chalicodoma_sicula",9,0.500007600305944,1.24516122902515e-05,0.104450969621543
"1035","Kickxia_heterophylla","Chalicodoma_sp",5,0.499999728452928,6.07197712965447e-07,0.373900966317612
"1036","Kickxia_heterophylla","Chetogena_acuminata",5,0.500405571672481,0.000905382666004385,0.373188770082407
"1037","Kickxia_heterophylla","Chloropidae_sp",5,0.499997108201382,3.41487581540833e-05,0.859034267917562
"1038","Kickxia_heterophylla","Chloropidae_sp_1",7,0.500000044411987,7.6036739320111e-08,0.173217608810262
"1039","Kickxia_heterophylla","Chrysomya_albiceps",9,0.484155452346679,0.04769787019547,0.348163544899861
"1040","Kickxia_heterophylla","Cryptocephalus_nubigena",7,0.50008355564318,0.000210881017882456,0.334878352823596
"1041","Kickxia_heterophylla","Diglyphus_chabrias",5,0.501280166643102,0.00173897090472825,0.175086202244364
"1042","Kickxia_heterophylla","Dischistus_atlanticus",7,0.500018184352395,3.86209901450406e-05,0.259301808591043
"1043","Kickxia_heterophylla","Eurytoma_sp_1",9,0.500139803117295,0.000418072180885368,0.345139865034202
"1044","Kickxia_heterophylla","Eurytoma_sp_3",10,0.500352981134348,0.000827952342648391,0.210550336280611
"1045","Kickxia_heterophylla","Geometridae_sp_2",5,0.500207204150075,0.000459023646649579,0.369898990235792
"1046","Kickxia_heterophylla","Hylaeus_sp",7,0.500143619357011,0.000596755957262493,0.547799643530781
"1047","Kickxia_heterophylla","Leptochilus_fortunatus",6,0.500003680765073,5.75374275114701e-05,0.881613635269777
"1048","Kickxia_heterophylla","Lucilia_sericata",20,0.500919006255171,0.0170907706683272,0.812536881151873
"1049","Kickxia_heterophylla","Lucilia_sp_1",9,0.495901907528356,0.0104970540109764,0.275213778703589
"1050","Kickxia_heterophylla","Melecta_sp",5,0.500005291634586,8.32723815875047e-06,0.228377835808164
"1051","Kickxia_heterophylla","Musca_domestica",11,0.50083138513073,0.00249816647169401,0.29554609236726
"1052","Kickxia_heterophylla","Musca_sorbens",13,0.499354194328386,0.00248151581431077,0.366576859291749
"1053","Kickxia_heterophylla","Nomioides_deceptor",14,0.534682193992331,0.0935284120330311,0.188620716834969
"1054","Kickxia_heterophylla","Ormyrus_sp_1",5,0.500000568002187,1.05232360712264e-06,0.293947508064818
"1055","Kickxia_heterophylla","Paragus_tibialis",5,0.500365602490546,0.000793842235377665,0.361289954673304
"1056","Kickxia_heterophylla","Physiphora_alceae",6,0.500503246872156,0.00116753194180191,0.339374321302851
"1057","Kickxia_heterophylla","Plagiolepis_schmitzii",8,0.504052089798172,0.0066238102488047,0.127198302645094
"1058","Kickxia_heterophylla","Platypalpus_sp_1",7,0.500154489885905,0.000413892503916812,0.3615060699361
"1059","Kickxia_heterophylla","Podalonia_sp",5,0.500166856089627,0.0017309269754842,0.83988336376034
"1060","Kickxia_heterophylla","Proconura_sp_1",5,0.500098938952543,0.000307188283932776,0.511245992708789
"1061","Kickxia_heterophylla","Pteromalus_sp_2",14,0.500251857729352,0.000889074283602053,0.30846865475341
"1062","Kickxia_heterophylla","Sapromyza_sp",6,0.50000415988981,6.60752991094406e-06,0.183684645003289
"1063","Kickxia_heterophylla","Sarcophaga_sp_1",10,0.499953004683979,0.000241207718916539,0.553078672796449
"1064","Kickxia_heterophylla","Sarcophagidae_sp_2",8,0.497802883780498,0.00383936032992566,0.149566195393688
"1065","Kickxia_heterophylla","Sarcophagidae_sp_4",5,0.500391257134234,0.000832797184578702,0.352751812608019
"1066","Kickxia_heterophylla","Sarcophagidae_sp_5",9,0.500013391856317,3.92398822777219e-05,0.335867943212087
"1067","Kickxia_heterophylla","Sarcophagidae_sp_7",6,0.499954886203359,0.0040562863511114,0.979319749698986
"1068","Kickxia_heterophylla","Sciaridae_sp",14,0.502637726277686,0.0107645102370943,0.37591572932725
"1069","Kickxia_heterophylla","Sciaridae_sp_4",9,0.529672711073429,0.0405417444727325,0.0593893743309866
"1070","Kickxia_heterophylla","Tachinidae_sp_1",6,0.500330489470997,0.0004672948938673,0.143750501742406
"1071","Kickxia_heterophylla","Tapinoma_nigerrimum",7,0.515489740968705,0.0291663873982154,0.209591395095777
"1072","Kickxia_heterophylla","Tephritidae_sp_1",5,0.500013798396595,3.81456574927024e-05,0.463964163153052
"1073","Kickxia_heterophylla","Tethinidae_sp_2",10,0.500496185435874,0.00144363111895151,0.305333637029709
"1074","Kickxia_heterophylla","Tethinidae_sp_3",11,0.500025960136072,8.83511664527394e-05,0.352781873667037
"1075","Kickxia_heterophylla","Tetramesa_sp",9,0.499723584639768,0.000789951386616449,0.324510554608065
"1076","Kickxia_heterophylla","Thysanoptera_sp",11,0.497721787263551,0.020457685242613,0.71957019993808
"1077","Kickxia_heterophylla","Thysanoptera_sp_1",7,0.529966167565083,0.0594039326535322,0.230405584765241
"1078","Kickxia_heterophylla","Urelliosoma_guimari",13,0.499836706904204,0.000807985712295802,0.480178257126626
"1079","Kickxia_heterophylla","Vanessa_Cardui",5,0.50017734288797,0.000433308329469927,0.411881213729754
"1080","Kickxia_heterophylla","Vestitohalictus_sp",7,0.500381416572997,0.000515066667326169,0.097799668132038
"1081","Kickxia_scoparia","Amegilla_quadrifasciata",16,0.500339184187993,0.000657700990217035,0.0568854167683791
"1082","Kickxia_scoparia","Anaspis_cf_canariensis",6,0.500018920338195,0.000122794742580106,0.721351218185363
"1083","Kickxia_scoparia","Anaspis_proteus",11,0.504774603626767,0.00413133722784565,0.00330243152962597
"1084","Kickxia_scoparia","Andrena_vulcana",7,0.503484750837046,0.00551560835255968,0.145639597987486
"1085","Kickxia_scoparia","Anthophora_alluaudi",9,0.501810953208654,0.004203625160264,0.232288841478313
"1086","Kickxia_scoparia","Anthophora_orotavae",14,0.500203704510051,0.000433563306929515,0.102257049950521
"1087","Kickxia_scoparia","Apis_mellifera",17,0.50049075210945,0.00165508157748019,0.239203154108985
"1088","Kickxia_scoparia","Aprostocetus_occidentalis",15,0.499725752999023,0.000818974642698316,0.21562259263941
"1089","Kickxia_scoparia","Araneidae_sp_1",6,0.499857364297313,0.000371640448232504,0.390321232154202
"1090","Kickxia_scoparia","Araneidae_sp_2",7,0.499988690661816,1.37382620700061e-05,0.0722620440161139
"1091","Kickxia_scoparia","Attalus_obscurus",9,0.510731334128703,0.0157785427025508,0.0756308611010332
"1092","Kickxia_scoparia","Attalus_rugifrons",15,0.500145951714891,0.000309192232419155,0.0889014446852964
"1093","Kickxia_scoparia","Blaesoxipha_sp_1",6,0.500019219458505,4.77245323611414e-05,0.369211169339895
"1094","Kickxia_scoparia","Bombylius_pintuarius",7,0.500311575853761,0.000333750375540033,0.0484599175346753
"1095","Kickxia_scoparia","Bruchidius_wollastoni",10,0.502555244467026,0.00592731816642422,0.205931502069435
"1096","Kickxia_scoparia","Camponotus_feae",15,0.497469035055637,0.160556882252209,0.952180478992546
"1097","Kickxia_scoparia","Cephalodromia_sp",8,0.499992818013024,0.000165815868130624,0.905939929962484
"1098","Kickxia_scoparia","Ceratogoponidae_sp",8,0.499965078425233,5.41870543329672e-05,0.111108833752936
"1099","Kickxia_scoparia","Chetogena_acuminata",17,0.50068372757487,0.00115691160863653,0.0268766443757121
"1100","Kickxia_scoparia","Chironomidae_sp",5,0.500057444557098,0.00055884462978927,0.829484584709451
"1101","Kickxia_scoparia","Chloropidae_sp_4",6,0.500031525108503,9.70563158499047e-05,0.462332655323394
"1102","Kickxia_scoparia","Chrysomya_albiceps",16,0.508029821046258,0.0232364298413128,0.18712274315679
"1103","Kickxia_scoparia","Coccinella_miranda",7,0.500000933820619,7.60442627647034e-05,0.975135338903105
"1104","Kickxia_scoparia","Colletes_dimidiatus",11,0.504718382384684,0.00546474962787831,0.0168512814979557
"1105","Kickxia_scoparia","Dasytes_cf_subaenescens",6,0.500549742205644,0.000915540651475031,0.201305538938389
"1106","Kickxia_scoparia","Dasytes_subaenescens",14,0.500853089800165,0.00158387545818968,0.0650330794805297
"1107","Kickxia_scoparia","Eristalinus_taeniops",8,0.500845003885403,0.000813961311281866,0.0218278933390191
"1108","Kickxia_scoparia","Estheria_simonyi",14,0.501919207854897,0.00373992428488771,0.077056766990084
"1109","Kickxia_scoparia","Eucera_gracilipes",17,0.502591240265,0.00359287557273394,0.00895831749052457
"1110","Kickxia_scoparia","Eumerus_latitarsis",14,0.502589620756537,0.00551320594226056,0.102339777154209
"1111","Kickxia_scoparia","Eupelmus_sp",6,0.500147160453302,0.000349571755749817,0.349735155485354
"1112","Kickxia_scoparia","Eupelmus_testaceiventris",5,0.500458552101987,0.0009995742131627,0.362970762617783
"1113","Kickxia_scoparia","Eurytoma_sp_2",5,0.500027794868135,3.29870699814396e-05,0.132650048589648
"1114","Kickxia_scoparia","Exetastes_segmentarius",7,0.50002399661638,8.24976137176481e-05,0.470747185484086
"1115","Kickxia_scoparia","Gasteruption_sp",7,0.500439515483155,0.000748805350593947,0.171427451829313
"1116","Kickxia_scoparia","Halictus_fulvipes",7,0.500043829525068,0.000125878636871534,0.392469488831266
"1117","Kickxia_scoparia","Hylaeus_ater",6,0.500000460876421,2.01427646207071e-05,0.957476189169056
"1118","Kickxia_scoparia","Hylaeus_hohmanni",9,0.502827571111817,0.00317766258974958,0.0283850323230671
"1119","Kickxia_scoparia","Lasioglossum_loetum",25,0.504999451076515,0.0137666963824014,0.081919375400494
"1120","Kickxia_scoparia","Lasioglossum_viride",23,0.503411067328113,0.0102984862689541,0.126447834925672
"1121","Kickxia_scoparia","Lucilia_sericata",12,0.502802884996915,0.00375619930781306,0.0253668427041959
"1122","Kickxia_scoparia","Macroglossum_stellatarum",8,0.500590144669472,0.000690678458133567,0.0463142121959836
"1123","Kickxia_scoparia","Musca_domestica",24,0.507734578814242,0.00949612345460851,0.00057638167577591
"1124","Kickxia_scoparia","Myopites_nigrescens",5,0.506961422408944,0.0155481342533184,0.373402034499467
"1125","Kickxia_scoparia","Nyctia_lugubris",5,0.499998059320504,1.01945583082722e-05,0.692254005437811
"1126","Kickxia_scoparia","Oscinella_sp_1",9,0.534618046338022,0.0568108640662859,0.104947244923841
"1127","Kickxia_scoparia","Oxyopes_kraepelinorum",6,0.499980838753287,8.42219772965886e-05,0.601360805313442
"1128","Kickxia_scoparia","Paratrechina_longicornis",6,0.502130208248023,0.00283331097610362,0.124884822567338
"1129","Kickxia_scoparia","Pieris_rapae",9,0.500001009879074,1.49983731708807e-06,0.0780613611609083
"1130","Kickxia_scoparia","Plagiolepis_schmitzii",12,0.505397506792888,0.0153443771377296,0.248513207663412
"1131","Kickxia_scoparia","Plagiolepis_sp_2",12,0.505041770687144,0.0108640587448646,0.136220473634101
"1132","Kickxia_scoparia","Platypalpus_sp",5,0.49995991233968,0.000109415206407651,0.45864628462829
"1133","Kickxia_scoparia","Platypalpus_sp_1",7,0.4999394092627,0.000113876067312411,0.208848636124826
"1134","Kickxia_scoparia","Sarcophagidae_sp_5",13,0.500996214061758,0.00162350287857982,0.0470737593497031
"1135","Kickxia_scoparia","Sarcophagidae_sp_8",11,0.500050329068602,0.000108376710354324,0.154532884805677
"1136","Kickxia_scoparia","Scaeva_albomaculata",15,0.500344147160888,0.000450530120941082,0.0103707083193231
"1137","Kickxia_scoparia","Sciaridae_sp_1",10,0.500220947536952,0.000734047606395212,0.366038177901332
"1138","Kickxia_scoparia","Scymnus_canariensis",9,0.500024624619742,0.000149011780771113,0.633395537133179
"1139","Kickxia_scoparia","Tachina_canariensis",11,0.502599094350323,0.00573012283651782,0.163396915639193
"1140","Kickxia_scoparia","Thyridanthrax_indigenus",12,0.502732147907553,0.00448147105438305,0.058383843763093
"1141","Kickxia_scoparia","Thysanoptera_sp_1",20,0.55573756808073,0.11786997093285,0.0478923515935875
"1142","Kickxia_scoparia","Thysanoptera_sp_2",6,0.501628406329832,0.00391222876835579,0.354706062950622
"1143","Kickxia_scoparia","Thysanoptera_sp_3",13,0.500213344950851,0.00068142546423675,0.281024026441557
"1144","Kickxia_scoparia","Trupanea_augur",8,0.50006870882267,0.000167927892782977,0.285121528240991
"1145","Kickxia_scoparia","Urelliosoma_guimari",10,0.500029728181847,5.01588125261544e-05,0.0936657824788822
"1146","Launaea_arborescens","Agromyzidae_sp_1",13,0.504103059624277,0.00444932435009553,0.0060544117257674
"1147","Launaea_arborescens","Amegilla_quadrifasciata",23,0.500271008176068,0.00183572161155501,0.486373096206412
"1148","Launaea_arborescens","Amegilla_sp",11,0.501021839315871,0.00126810795613136,0.023390709474702
"1149","Launaea_arborescens","Ammophila_terminata",5,0.500047916829978,0.000102121638820951,0.35329715213924
"1150","Launaea_arborescens","Anaspis_cf_canariensis",5,0.58450797254539,0.0713340518278975,0.0570399329325017
"1151","Launaea_arborescens","Anaspis_cf_saharensis",12,0.500051864446059,0.0064774469260986,0.978368882514675
"1152","Launaea_arborescens","Anaspis_proteus",28,0.510173156878346,0.132204156732453,0.687083807615431
"1153","Launaea_arborescens","Andrena_vulcana",7,0.502376149612226,0.00387110337747104,0.155500141519525
"1154","Launaea_arborescens","Andrena_wollastoni",6,0.501859538278554,0.00304647285883987,0.195116287910838
"1155","Launaea_arborescens","Anthophora_alluaudi",25,0.502546265525481,0.00716091859688121,0.0880964463783015
"1156","Launaea_arborescens","Anthophora_orotavae",21,0.499974452639264,0.000160386153204475,0.473888869778083
"1157","Launaea_arborescens","Anthophora_sp_aff_orotavae",9,0.500033342145877,5.36040002946894e-05,0.0990098728893063
"1158","Launaea_arborescens","Aphthona_wachnitzae",11,0.504128938642729,0.00949157678279223,0.179667405686591
"1159","Launaea_arborescens","Apis_mellifera",30,0.505721558918684,0.00797928794269612,0.000487002859890632
"1160","Launaea_arborescens","Aprostocetus_occidentalis",8,0.499967891549513,0.00235392393090466,0.970301816344832
"1161","Launaea_arborescens","Aprostocetus_sp_2",7,0.500213736456536,0.000515382519412085,0.314612234768934
"1162","Launaea_arborescens","Arachnospila_sp",9,0.50179837738305,0.0108696447177391,0.632997377318824
"1163","Launaea_arborescens","Araneae_sp_1",5,0.536365566820351,0.0576695770507079,0.231340856299387
"1164","Launaea_arborescens","Araneidae_sp_1",10,0.500394073361326,0.000826283045651714,0.165786092041504
"1165","Launaea_arborescens","Araneidae_sp_2",9,0.500001956972677,1.10720387253506e-05,0.61033818564535
"1166","Launaea_arborescens","Asteia_caesia",9,0.509196475540521,0.0240118567299254,0.283750328808425
"1167","Launaea_arborescens","Atherigona_varia",7,0.499983663810302,0.000295219051606323,0.888396980178057
"1168","Launaea_arborescens","Attagenus_wollastoni",9,0.52657491244383,0.0294947050893284,0.0269477817289465
"1169","Launaea_arborescens","Attalus_olivensis",5,0.489963654678131,0.0290243501590888,0.482550561650809
"1170","Launaea_arborescens","Attalus_pallipes",8,0.501177388083593,0.00132876570157152,0.0406219050467558
"1171","Launaea_arborescens","Attalus_ruficollis",6,0.497210152553913,0.0108926186546541,0.557948713354133
"1172","Launaea_arborescens","Attalus_rugifrons",10,0.48082518466455,0.062381308323181,0.356436653395166
"1173","Launaea_arborescens","Aulacoderus_canariensis",10,0.559235982970697,0.110537964336304,0.124387784153976
"1174","Launaea_arborescens","Axinotarsus_sp_1",9,0.501006843435713,0.0017218183498626,0.117467466112362
"1175","Launaea_arborescens","Blaesoxipha_sp_1",20,0.511799594798036,0.0286873596302664,0.0815264595469748
"1176","Launaea_arborescens","Bombylius_pintuarius",7,0.514655490247388,0.0364458705662981,0.328304900284847
"1177","Launaea_arborescens","Bombylius_sp_1",6,0.500842702109703,0.000808247662741751,0.0510229878856002
"1178","Launaea_arborescens","Bracon_sp",12,0.505083913020801,0.00933321642288443,0.0858254761638184
"1179","Launaea_arborescens","Bruchidius_wollastoni",6,0.559958633707063,0.0375877255657282,0.0113252533827455
"1180","Launaea_arborescens","Campiglossa_reticulata",6,0.500119975183705,0.000230559793018409,0.258462088290408
"1181","Launaea_arborescens","Camponotus_cfr_feae",9,0.500018180521281,7.78742885850915e-05,0.503546405604375
"1182","Launaea_arborescens","Camponotus_feae",23,0.510312354238153,0.329200437397382,0.881950747005295
"1183","Launaea_arborescens","Cecidomyiidae_sp",6,0.524024684440595,0.0128385218082829,0.00592735742390858
"1184","Launaea_arborescens","Cephalodromia_sp",9,0.501405880020585,0.00284913744328973,0.177057623577118
"1185","Launaea_arborescens","Chalicodoma_canescens",8,0.500370377768213,0.000983602337400254,0.322205142533428
"1186","Launaea_arborescens","Chetogena_acuminata",28,0.50081081435475,0.0053381488560318,0.428573108967681
"1187","Launaea_arborescens","Chloropidae_sp",6,0.50050212148756,0.000698472810816577,0.138562394270956
"1188","Launaea_arborescens","Chloropidae_sp_1",10,0.499985687064673,2.99425773220463e-05,0.164921170675231
"1189","Launaea_arborescens","Chloropidae_sp_2",12,0.5142327805798,0.0165987450128856,0.0127377670330992
"1190","Launaea_arborescens","Chloropidae_sp_4",6,0.503106153877358,0.00291095140505162,0.0474545323497239
"1191","Launaea_arborescens","Chloropidae_sp_5",8,0.50100171685954,0.00178718908402105,0.156910849213623
"1192","Launaea_arborescens","Chrysomya_albiceps",31,0.500253561275996,0.152338340109348,0.992667201638689
"1193","Launaea_arborescens","Coccinella_miranda",15,0.500220244746973,0.00179562046520473,0.642079273548176
"1194","Launaea_arborescens","Colletes1_Waiting_85",6,0.506829713720804,0.0046526247282456,0.0156143367332921
"1195","Launaea_arborescens","Colletes_dimidiatus",6,0.501503170515815,0.00179317890796174,0.0952373854174273
"1196","Launaea_arborescens","Crematogaster_alluaudi",9,0.500340061016648,0.000827320335851203,0.252534470915869
"1197","Launaea_arborescens","Cryptocephalus_gounellei",6,0.514456831613574,0.0168041828512482,0.0889231398367021
"1198","Launaea_arborescens","Cryptocephalus_nubigena",8,0.499973821743349,0.0118475529964274,0.995187897106911
"1199","Launaea_arborescens","Curculionidae_sp",7,0.503869033413359,0.0093093472053186,0.313659659161753
"1200","Launaea_arborescens","Dischistus_atlanticus",5,0.503337365626178,0.00484248182571406,0.198153224325269
"1201","Launaea_arborescens","Elasmus_platyedrae",8,0.501895048834536,0.00431406651451248,0.25407639525023
"1202","Launaea_arborescens","Empididae_sp_1",7,0.518033083740473,0.0272505324063339,0.130540605026885
"1203","Launaea_arborescens","Eristalinus_aeneus",10,0.504567436289469,0.00923112672628365,0.152103806580939
"1204","Launaea_arborescens","Eristalinus_taeniops",8,0.499989248010005,0.000407365136428968,0.942579053291905
"1205","Launaea_arborescens","Eristalis_tenax",5,0.50080876208355,0.00156487137324948,0.312152496611093
"1206","Launaea_arborescens","Estheria_simonyi",13,0.504551487413573,0.00902109915698204,0.0939160182719078
"1207","Launaea_arborescens","Eucera_gracilipes",18,0.499594029178518,0.00279208470029615,0.545486076585939
"1208","Launaea_arborescens","Eumerus_latitarsis",13,0.609849043453597,0.128527428777235,0.00951011894355038
"1209","Launaea_arborescens","Eumerus_nivariae",5,0.501171385468176,0.00265073351119605,0.379022720533068
"1210","Launaea_arborescens","Eupelmus_sp",7,0.522444037685378,0.0571727259203089,0.339009146964084
"1211","Launaea_arborescens","Eupelmus_testaceiventris",5,0.585336126204643,0.186730703230416,0.364607526581191
"1212","Launaea_arborescens","Eurytoma_sp_1",7,0.500002125711129,2.87049402433486e-06,0.0977926438582587
"1213","Launaea_arborescens","Eurytoma_sp_3",6,0.509676670539381,0.0192453139047236,0.272853272035921
"1214","Launaea_arborescens","Exetastes_segmentarius",7,0.506349738765419,0.0133936975564424,0.256380342300896
"1215","Launaea_arborescens","Exhyalanthrax_canarionae",7,0.500666598318209,0.000928678216080162,0.106302302787336
"1216","Launaea_arborescens","Gasteruption_sp",8,0.498231180372623,0.00550323954949918,0.393522273712949
"1217","Launaea_arborescens","Geometridae_sp",8,0.499649232423529,0.0011578118063172,0.419869244795488
"1218","Launaea_arborescens","Goniozus_sp",8,0.499997017108856,1.01078385291863e-05,0.431454234867791
"1219","Launaea_arborescens","Hylaeus_hohmanni",17,0.503481425591413,0.00763335644954722,0.0783751011036379
"1220","Launaea_arborescens","Hylaeus_sp",7,0.505634890791801,0.0127655594110402,0.287162525572007
"1221","Launaea_arborescens","Hym_Waiting_85",10,0.50002468371691,4.84615422479999e-05,0.141706160836418
"1222","Launaea_arborescens","Lasioglossum_loetum",37,0.5265622165898,0.0698305015026202,0.0265019958321557
"1223","Launaea_arborescens","Lasioglossum_viride",14,0.507830593366355,0.0127196562973153,0.0384104064951667
"1224","Launaea_arborescens","Leptochilus_cruentatus",10,0.503994204159001,0.00672154170675436,0.0929323418657531
"1225","Launaea_arborescens","Leptochilus_eatoni",7,0.502356351904845,0.00275430483931285,0.064240098564336
"1226","Launaea_arborescens","Lucilia_sericata",45,0.5463961240534,0.104501228185574,0.00470179331469474
"1227","Launaea_arborescens","Macrocoma_cf_henoni",5,0.500000430591654,5.59056776535573e-07,0.160128958046552
"1228","Launaea_arborescens","Macrocoma_splendens",6,0.497120507831137,0.00413768350312483,0.148981755156173
"1229","Launaea_arborescens","Macroglossum_stellatarum",5,0.500462619935437,0.000733284906046505,0.231156176868897
"1230","Launaea_arborescens","Malthinus_mutabilis",9,0.503552591841319,0.00783043595268651,0.210589926107671
"1231","Launaea_arborescens","Megaselia_sp_1",8,0.500145364244373,0.00108469046603724,0.715886417384232
"1232","Launaea_arborescens","Melecta_curvispina",6,0.500197024770017,0.00061059115815446,0.465113939328545
"1233","Launaea_arborescens","Melecta_sp",6,0.500001661540365,4.04668467188221e-06,0.360701326163302
"1234","Launaea_arborescens","Milichiidae_sp",7,0.51963947171711,0.0184291862627251,0.0303739743837351
"1235","Launaea_arborescens","Minotetrastichus_sp",7,0.501103684765958,0.00174524009640415,0.145321698224675
"1236","Launaea_arborescens","Mordellistena_cf_canariensis",9,0.501498416233688,0.00224435963406861,0.0801541383927692
"1237","Launaea_arborescens","Musca_domestica",57,0.505571499995594,0.0248563290090859,0.0961499015359503
"1238","Launaea_arborescens","Musca_osiris",12,0.515840570822367,0.0393526930427364,0.190719873043089
"1239","Launaea_arborescens","Musca_sorbens",10,0.515396584872129,0.0339951467791132,0.185884562182115
"1240","Launaea_arborescens","Myopites_nigrescens",13,0.502009738677869,0.00191121367665956,0.0025696030335957
"1241","Launaea_arborescens","Nomioides_deceptor",5,0.500719766196014,0.000974308079135088,0.173901881033599
"1242","Launaea_arborescens","Nyctia_lugubris",17,0.505857531031735,0.0103120992423585,0.0324431995156111
"1243","Launaea_arborescens","Oscinella_sp_1",23,0.510287527710321,0.0139289229198362,0.0018295873425169
"1244","Launaea_arborescens","Oscinella_sp_2",5,0.501710082490638,0.00234163358315824,0.17780878480149
"1245","Launaea_arborescens","Oscinimorpha_sp",7,0.499998628359158,9.53853261282934e-06,0.716709780195251
"1246","Launaea_arborescens","Oxyopes_cf_kraepelinorum",8,0.516503993293171,0.0141950575365078,0.0133301748846352
"1247","Launaea_arborescens","Oxyopes_kraepelinorum",6,0.500847294532583,0.000781701702718295,0.0451528057902191
"1248","Launaea_arborescens","Paratrechina_longicornis",7,0.513719829594189,0.0129210939045715,0.0307844532000613
"1249","Launaea_arborescens","Phalacrus_coruscus",9,0.500113672081572,0.00306298163452075,0.91409354723545
"1250","Launaea_arborescens","Phthiria_simonyi",12,0.501539207711148,0.00633385856846197,0.417814538220348
"1251","Launaea_arborescens","Physiphora_alceae",6,0.496983238623923,0.0202599203415642,0.730227075407494
"1252","Launaea_arborescens","Phyto_discrepans",14,0.500484103781808,0.00204043229442071,0.39081555311968
"1253","Launaea_arborescens","Pieris_rapae",5,0.502391022220213,0.00523449894046775,0.364813758002549
"1254","Launaea_arborescens","Plagiolepis_schmitzii",27,0.665426905882584,0.195331515935941,0.000163468120617782
"1255","Launaea_arborescens","Plagiolepis_sp_2",12,0.534802916903534,0.149919480504601,0.438332699092986
"1256","Launaea_arborescens","Platypalpus_sp",5,0.504239501808553,0.0091377748343755,0.358129949424306
"1257","Launaea_arborescens","Proconura_sp_1",12,0.505326498204985,0.00958416131290105,0.0804381432312966
"1258","Launaea_arborescens","Pteromalus_sp_4",12,0.530332902010602,0.0498247582715191,0.0586869352074595
"1259","Launaea_arborescens","Sapromyza_sp",9,0.499773593000242,0.00379775014912136,0.862503248420969
"1260","Launaea_arborescens","Sarcophaga_sp_1",10,0.500778318712697,0.00223422700921128,0.299215944991585
"1261","Launaea_arborescens","Sarcophagidae_sp",7,0.502966647612993,0.00370177694089941,0.0782470741106183
"1262","Launaea_arborescens","Sarcophagidae_sp_2",8,0.501429500964976,0.00180660524483409,0.0602526242504198
"1263","Launaea_arborescens","Sarcophagidae_sp_4",6,0.507381142219401,0.012658504884493,0.212575280468834
"1264","Launaea_arborescens","Sarcophagidae_sp_5",50,0.569341279002548,0.15104690672835,0.00211257747580712
"1265","Launaea_arborescens","Sarcophagidae_sp_8",16,0.50349507302923,0.00692122703798629,0.0616259178064705
"1266","Launaea_arborescens","Scaeva_albomaculata",18,0.500846645909072,0.00370238921253465,0.345554892162335
"1267","Launaea_arborescens","Scaptomyza_sp_2",8,0.521339554873968,0.0223660769692476,0.0307006043024488
"1268","Launaea_arborescens","Scenopinus_sp",12,0.501623246178688,0.00590787797726993,0.361646648022431
"1269","Launaea_arborescens","Sciaridae_sp",23,0.532943398583754,0.061082978477773,0.016841336118349
"1270","Launaea_arborescens","Sciaridae_sp_1",18,0.507718179727926,0.0217685305746642,0.150866808730566
"1271","Launaea_arborescens","Sciaridae_sp_4",13,0.558710080790355,0.136343418192384,0.146490359513411
"1272","Launaea_arborescens","Scymnus_canariensis",6,0.500146853559389,0.000326727596495828,0.321067835185662
"1273","Launaea_arborescens","Sepsis_sp",10,0.504436400666483,0.0113582139983254,0.248045016775649
"1274","Launaea_arborescens","Sibinia_sericea",6,0.501511566903089,0.0020836421699138,0.135723736699764
"1275","Launaea_arborescens","Sphaeniscus_filiolus",5,0.500030329396524,3.26007535635144e-05,0.105989738275981
"1276","Launaea_arborescens","Synthesomyia_nudiseta",11,0.500540413300805,0.00308565221509098,0.574188164383434
"1277","Launaea_arborescens","Syritta_pipiens",10,0.508452329841645,0.0147207293590189,0.102799836893807
"1278","Launaea_arborescens","Tachina_canariensis",12,0.532937679631196,0.0504337770429102,0.0449055582338619
"1279","Launaea_arborescens","Tachinidae_sp_1",10,0.501091855745637,0.000903968062771368,0.00409273989307304
"1280","Launaea_arborescens","Tachyagetes_aemulans",7,0.509724765474559,0.0160173201698197,0.159321920528626
"1281","Launaea_arborescens","Tapinoma_nigerrimum",8,0.538418867029818,0.206911668556459,0.615679212912795
"1282","Launaea_arborescens","Tethina_marmorata",7,0.499538892346143,0.000994500645754306,0.265877292639744
"1283","Launaea_arborescens","Tethinidae_sp_1",6,0.500000062729742,5.07269875057208e-06,0.977007074954052
"1284","Launaea_arborescens","Tethinidae_sp_2",5,0.50010143560551,0.000303694179791811,0.496656703720768
"1285","Launaea_arborescens","Tethinidae_sp_3",7,0.502194414838702,0.00333354168343885,0.132207702958616
"1286","Launaea_arborescens","Tetramesa_sp",20,0.500434714980456,0.00305516452750344,0.532150572380319
"1287","Launaea_arborescens","Themnothorax_hesperius",11,0.539067552815142,0.102093471712538,0.233128722170794
"1288","Launaea_arborescens","Themnothorax_productus",9,0.518193545884535,0.0284931787941556,0.091740298549928
"1289","Launaea_arborescens","Thomisus_cf_globosum",5,0.516663881609352,0.031033791266351,0.296115941600994
"1290","Launaea_arborescens","Thomisus_cf_onustus",20,0.500449017111982,0.00106223814311224,0.0740552401604531
"1291","Launaea_arborescens","Thysanoptera_sp",6,0.51333117492215,0.00938686187649384,0.0176823856214137
"1292","Launaea_arborescens","Thysanoptera_sp_1",50,0.72896594181999,0.258842322894754,9.45954296171232e-08
"1293","Launaea_arborescens","Thysanoptera_sp_2",27,0.512758252243907,0.0404555564775209,0.113325874679267
"1294","Launaea_arborescens","Thysanoptera_sp_3",9,0.502714254398251,0.00525578229990522,0.159904081283069
"1295","Launaea_arborescens","Thysanoptera_sp_7",8,0.50888026658015,0.0173827071444529,0.1917044426252
"1296","Launaea_arborescens","Troglops_sp",5,0.50017334844456,0.000379189731954475,0.364463065930848
"1297","Launaea_arborescens","Vanessa_Cardui",7,0.499161831918764,0.00423653352058916,0.619427387585739
"1298","Lavendula_buchii","Anaspis_proteus",7,0.612515069249513,0.13286347958119,0.0662971678532287
"1299","Lavendula_buchii","Apis_mellifera",6,0.501903027186354,0.00465210406156292,0.362336110976584
"1300","Lavendula_buchii","Chetogena_acuminata",5,0.501617486041753,0.00245575887954844,0.214798175004098
"1301","Lavendula_buchii","Chironomidae_sp",5,0.504095206955424,0.00597532749789225,0.200167962105802
"1302","Lavendula_buchii","Eristalis_tenax",5,0.5,0,NA
"1303","Lavendula_buchii","Eucera_gracilipes",6,0.503235434969323,0.00289696999110217,0.0410024867271447
"1304","Lavendula_buchii","Eumerus_nivariae",5,0.513098940329836,0.017535165069936,0.170168307735371
"1305","Lavendula_buchii","Hylaeus_ater",5,0.501570936103755,0.00117283352363259,0.0401366516352464
"1306","Lavendula_buchii","Lasioglossum_loetum",7,0.512420152040552,0.0318026619631784,0.341317363851138
"1307","Lavendula_buchii","Musca_domestica",8,0.537250378546617,0.0432432108908663,0.0449925883435958
"1308","Lavendula_buchii","Phthiria_simonyi",6,0.500905691047637,0.000845941935128064,0.0469560560693551
"1309","Lavendula_minutolii","Alliophleps_elliptica",9,0.49999993470882,1.9733155540398e-07,0.349969366921899
"1310","Lavendula_minutolii","Amegilla_quadrifasciata",6,0.500001307098218,2.69633165976409e-06,0.288386381737902
"1311","Lavendula_minutolii","Anaspis_proteus",5,0.46778867578423,0.072150314539321,0.37463709249703
"1312","Lavendula_minutolii","Andrena_vulcana",6,0.500024167616387,5.90479289834745e-05,0.362099810887848
"1313","Lavendula_minutolii","Andrena_wollastoni",5,0.499997835697919,4.83952657650904e-06,0.373900966304463
"1314","Lavendula_minutolii","Apis_mellifera",9,0.502220917799993,0.00666516098967625,0.346757969623316
"1315","Lavendula_minutolii","Camponotus_feae",6,0.503548271541596,0.00450631320873038,0.111672113913578
"1316","Lavendula_minutolii","Chloropidae_sp_2",5,0.499977164605841,2.49515389969289e-05,0.110136359813704
"1317","Lavendula_minutolii","Chrysomya_albiceps",6,0.499490598782719,0.00127040854019604,0.371115624984279
"1318","Lavendula_minutolii","Coccinella_miranda",7,0.500005512796635,2.04493162185877e-05,0.50247586088667
"1319","Lavendula_minutolii","Hylaeus_hohmanni",9,0.5,0,NA
"1320","Lavendula_minutolii","Lasioglossum_viride",5,0.500037690978033,5.16147774082843e-05,0.177836132044133
"1321","Lavendula_minutolii","Lucilia_sericata",5,0.49999107024811,1.99675322473461e-05,0.373900966300059
"1322","Lavendula_minutolii","Musca_domestica",5,0.500068853817207,0.0001539618157861,0.373900966299782
"1323","Lavendula_minutolii","Oscinella_sp_1",7,0.50001313298497,3.42884456446994e-05,0.349994162064266
"1324","Lavendula_minutolii","Osmia_canaria",7,0.500635171966773,0.00108476265744619,0.172308300840184
"1325","Lavendula_minutolii","Phthiria_simonyi",6,0.500003064966657,4.87827592458988e-06,0.184426443549024
"1326","Lavendula_minutolii","Pieris_rapae",7,0.500000229886645,5.94616659119162e-07,0.345822212316906
"1327","Lavendula_minutolii","Scaeva_albomaculata",5,0.499999981907376,4.04563371530828e-08,0.373900966036611
"1328","Lavendula_minutolii","Stenoselma_sp",6,0.49999790364336,5.13500408730895e-06,0.363217467649123
"1329","Lavendula_minutolii","Thysanoptera_sp_1",11,0.501880348092308,0.00542709372947023,0.277246909007922
"1330","Lavendula_minutolii","Thysanoptera_sp_2",6,0.500002337087618,5.09569180408641e-06,0.312279734235885
"1331","Lavendula_minutolii","Thysanoptera_sp_3",5,0.499997549558417,5.71639955176999e-06,0.392075138717032
"1332","Lavendula_minutolii","Tropinota_squalida",6,0.499999968377615,5.30855108130404e-07,0.889690146564404
"1333","Lavendula_minutolii","Urelliosoma_guimari",5,0.499999657164051,7.22303035888254e-07,0.348369419175978
"1334","Lavendula_multifida","Agromyzidae_sp_1",6,0.505831053380768,0.00447500733023202,0.0242175195904966
"1335","Lavendula_multifida","Apis_mellifera",10,0.502328515042613,0.00203026969920265,0.00551290833704222
"1336","Lavendula_multifida","Aprostocetus_occidentalis",15,0.510496004890726,0.0132301779143456,0.00827060280947973
"1337","Lavendula_multifida","Araneidae_sp_1",8,0.504157457423992,0.00676064761151366,0.125529564743875
"1338","Lavendula_multifida","Araneidae_sp_2",9,0.501065906163721,0.00311097518002943,0.334077313313965
"1339","Lavendula_multifida","Attagenus_wollastoni",5,0.503468304177429,0.00455091698434276,0.163561103479049
"1340","Lavendula_multifida","Bracon_sp",6,0.500937468417126,0.000652138908302101,0.0168972676484553
"1341","Lavendula_multifida","Campiglossa_reticulata",6,0.500216653604288,0.000530485154866751,0.363047196156644
"1342","Lavendula_multifida","Chrysomya_albiceps",10,0.500867195785657,0.00118425709776361,0.0458115747992997
"1343","Lavendula_multifida","Dasytes_subaenescens",6,0.502360230068881,0.0030196017712122,0.113711933578701
"1344","Lavendula_multifida","Dinarmoides_spilopterus",8,0.502069630288502,0.00296705142625951,0.0891049698894015
"1345","Lavendula_multifida","Estheria_simonyi",5,0.507368138592961,0.00558166073219956,0.0418964626847071
"1346","Lavendula_multifida","Eumerus_latitarsis",7,0.546127150462853,0.0295856471245526,0.00618147261639277
"1347","Lavendula_multifida","Eupelmus_sp",6,0.499987941221475,0.000158669280484814,0.859636454441487
"1348","Lavendula_multifida","Halictus_fulvipes",5,0.499953133580802,0.000273639030920629,0.721221338609394
"1349","Lavendula_multifida","Lasioglossum_loetum",6,0.503475156702535,0.00586859958971817,0.20661776432034
"1350","Lavendula_multifida","Lasioglossum_viride",8,0.513473706666031,0.0120923482371796,0.016117616797396
"1351","Lavendula_multifida","Megaselia_sp_1",5,0.501398390380261,0.00294570238948596,0.348297813233999
"1352","Lavendula_multifida","Musca_domestica",9,0.507877823644243,0.00475452257459505,0.00109209478460377
"1353","Lavendula_multifida","Myopites_nigrescens",9,0.501045080691755,0.00184795257692113,0.128210226892408
"1354","Lavendula_multifida","Nyctia_lugubris",9,0.501421651399623,0.0016045461355536,0.0288930006468961
"1355","Lavendula_multifida","Oxyopes_kraepelinorum",9,0.499490712865899,0.00511373377398096,0.772724759067501
"1356","Lavendula_multifida","Pieris_rapae",7,0.500416950908384,0.000678541300112236,0.155124821390007
"1357","Lavendula_multifida","Plagiolepis_schmitzii",9,0.51954782954909,0.016639737377724,0.0077966665341525
"1358","Lavendula_multifida","Plagiolepis_sp_2",6,0.526116788952007,0.0613326166696742,0.344709342253333
"1359","Lavendula_multifida","Platypalpus_sp",7,0.500902849231759,0.000944861664331663,0.0447938111966909
"1360","Lavendula_multifida","Platypalpus_sp_1",8,0.503138531494382,0.00302139222702424,0.021772451654693
"1361","Lavendula_multifida","Pteromalus_sp_3",5,0.499949078582483,0.00029497068888245,0.719136589184907
"1362","Lavendula_multifida","Sarcophagidae_sp_8",13,0.504558846911207,0.00643358627190203,0.0252373096528866
"1363","Lavendula_multifida","Scymnus_canariensis",7,0.501986298265993,0.00141982760785759,0.0100724849539049
"1364","Lavendula_multifida","Synthesomyia_nudiseta",6,0.50191958871638,0.00279320763516371,0.153123952233705
"1365","Lavendula_multifida","Thomisus_cf_globosum",10,0.500300769635941,0.000781972903801054,0.254805045494864
"1366","Lavendula_multifida","Thyridanthrax_indigenus",8,0.503745773560266,0.00422340133500789,0.0404822025875635
"1367","Lavendula_multifida","Thysanoptera_sp_1",15,0.489051462232059,0.0651459199299668,0.525650542242136
"1368","Lavendula_multifida","Thysanoptera_sp_2",5,0.502090313207417,0.00293382006003771,0.186341941653916
"1369","Lotus_glaucus","Anthophora_alluaudi",5,0.502572975254907,0.00547856236083398,0.352903772161875
"1370","Lotus_glaucus","Ceratogoponidae_sp_2",9,0.500006956490384,1.03673441228304e-05,0.0789102993042721
"1371","Lotus_glaucus","Chironomidae_sp_1",7,0.499910716272594,0.00126113322575103,0.857591326478974
"1372","Lotus_glaucus","Colias_croceus",9,0.500340358530118,0.000671223656175616,0.166699000642404
"1373","Lotus_glaucus","Colletes_dimidiatus",6,0.499359459789433,0.00164233219831883,0.38327637914847
"1374","Lotus_glaucus","Dasytes_subaenescens",8,0.507778802359764,0.0123458940193884,0.117930123710548
"1375","Lotus_glaucus","Delia_flavibasis",6,0.49934140034578,0.00119410756951567,0.234611682864238
"1376","Lotus_glaucus","Dilophus_hiemalis",7,0.501236656108733,0.00541148038621796,0.567577209945608
"1377","Lotus_glaucus","Eristalinus_taeniops",7,0.500042125987806,5.6312753165058e-05,0.095127744860836
"1378","Lotus_glaucus","Estheria_simonyi",10,0.511599243242164,0.0358037748560661,0.332358020179946
"1379","Lotus_glaucus","Eucera_gracilipes",7,0.503874431196557,0.00738310382554674,0.214363476432553
"1380","Lotus_glaucus","Eumerus_latitarsis",12,0.503099953185812,0.00566043316546451,0.0843597493463815
"1381","Lotus_glaucus","Lasioglossum_loetum",8,0.544051753987969,0.106388435100505,0.279855213906412
"1382","Lotus_glaucus","Linnaemyia_soror",11,0.499853528566126,0.000615387690838755,0.448187156367296
"1383","Lotus_glaucus","Lucilia_sericata",9,0.500409643612241,0.00514389096995668,0.817181347244347
"1384","Lotus_glaucus","Myathropa_florea",8,0.50830175982078,0.0213909533345025,0.308651911349859
"1385","Lotus_glaucus","Mycetophilidae_sp_1",6,0.498661640268414,0.00213715890338526,0.185624728506038
"1386","Lotus_glaucus","Scaeva_albomaculata",7,0.501586841818315,0.0026645417614709,0.166176031391653
"1387","Lotus_glaucus","Tachina_canariensis",6,0.497517824650441,0.00390507538312029,0.180209772675029
"1388","Lotus_glaucus","Thaumatomyia_notata",7,0.499630325374602,0.000502629368864385,0.099623467174487
"1389","Lotus_glaucus","Thomisus_cf_onustus",10,0.499986519987421,0.000717431100388239,0.953918450943208
"1390","Lotus_glaucus","Thysanoptera_sp_1",6,0.47342208158009,0.0481442792430697,0.234242016008775
"1391","Lotus_lancerottensis","Anaspis_proteus",8,0.501535142576542,0.00195747793082813,0.0620436524521917
"1392","Lotus_lancerottensis","Anthophora_alluaudi",8,0.500002256121843,9.15386265458523e-05,0.946373128634505
"1393","Lotus_lancerottensis","Aphthona_wachnitzae",5,0.500173036101742,0.000337503909714956,0.315539730323008
"1394","Lotus_lancerottensis","Asteia_caesia",6,0.500263143664033,0.000354924818448686,0.12906050411734
"1395","Lotus_lancerottensis","Aulacoderus_canariensis",5,0.502717136417342,0.00427775227735479,0.228548409601274
"1396","Lotus_lancerottensis","Campiglossa_martii",5,0.499989829077313,7.12773490062175e-05,0.765636893948384
"1397","Lotus_lancerottensis","Chrysomya_albiceps",5,0.499967231995606,7.50329456038543e-05,0.384098390676597
"1398","Lotus_lancerottensis","Cryptocephalus_nubigena",6,0.500434562550413,0.000581321209654349,0.126588625951306
"1399","Lotus_lancerottensis","Diglyphus_chabrias",6,0.499984501450356,5.74769059468744e-05,0.538143301885641
"1400","Lotus_lancerottensis","Dischistus_atlanticus",7,0.499764906194474,0.000826238751545591,0.480048413487468
"1401","Lotus_lancerottensis","Eurytoma_sp_1",6,0.49998568963863,1.96981014379022e-05,0.13527925411581
"1402","Lotus_lancerottensis","Geometridae_sp_2",9,0.499993562861997,2.09373598027489e-05,0.383323615716131
"1403","Lotus_lancerottensis","Leptochilus_fortunatus",11,0.499973600895034,0.00011542546196293,0.465624386254498
"1404","Lotus_lancerottensis","Lucilia_sericata",6,0.502526594705903,0.00224068385981648,0.0397382260512694
"1405","Lotus_lancerottensis","Oscinimorpha_sp",9,0.500000001913,1.37230568517682e-08,0.686800073528161
"1406","Lotus_lancerottensis","Phalacrus_coruscus",7,0.500079606728907,7.3619222653415e-05,0.028766545766375
"1407","Lotus_lancerottensis","Platypalpus_sp_1",6,0.500032974180017,0.000118245094889725,0.524920384826914
"1408","Lotus_lancerottensis","Pteromalus_sp_2",6,0.500000234576851,3.96258200021067e-07,0.206735387271648
"1409","Lotus_lancerottensis","Sapromyza_sp",6,0.500032290324317,7.73330746164103e-05,0.353322023105842
"1410","Lotus_lancerottensis","Sarcophagidae_sp_4",6,0.50073393029061,0.0008550449989999,0.0894659868253515
"1411","Lotus_lancerottensis","Sarcophagidae_sp_6",6,0.500000346960878,7.77276396853012e-07,0.324073842630481
"1412","Lotus_lancerottensis","Tethinidae_sp_3",6,0.500518120231418,0.000739969445941713,0.146985340147835
"1413","Lotus_lancerottensis","Thysanoptera_sp_1",8,0.53833216268255,0.0661649108346079,0.145300087517512
"1414","Lotus_lancerottensis","Urelliosoma_guimari",8,0.500009163005042,2.57790543850996e-05,0.348209796446344
"1415","Lotus_sessilifolius","Agromyzidae_sp_1",6,0.501835876307859,0.0044961963168147,0.363142830258578
"1416","Lotus_sessilifolius","Anaspis_proteus",7,0.500243419780853,0.00321853597958319,0.848012401830481
"1417","Lotus_sessilifolius","Apis_mellifera",13,0.501019504167487,0.00229237711924965,0.134799618561722
"1418","Lotus_sessilifolius","Aprostocetus_sp_2",6,0.500332326382036,0.000510369971289227,0.171601265243545
"1419","Lotus_sessilifolius","Attagenus_wollastoni",10,0.500367781153358,0.00111083291416742,0.322408762460502
"1420","Lotus_sessilifolius","Camponotus_feae",8,0.502003935466087,0.00369481950564317,0.168891251860466
"1421","Lotus_sessilifolius","Chetogena_acuminata",6,0.500331307904717,0.000513585303228959,0.174913244584284
"1422","Lotus_sessilifolius","Chrysomya_albiceps",8,0.501001510049768,0.00143569653831147,0.0890900787406221
"1423","Lotus_sessilifolius","Dinarmoides_spilopterus",6,0.501658077853096,0.00257983685811194,0.176232231424716
"1424","Lotus_sessilifolius","Eristalinus_aeneus",5,0.500009027432021,1.19784690556773e-05,0.167234328058489
"1425","Lotus_sessilifolius","Eristalinus_taeniops",6,0.501517165809003,0.0016669146256667,0.076218862522879
"1426","Lotus_sessilifolius","Eupelmus_sp",6,0.499930291622821,0.00020922076205069,0.451543725597905
"1427","Lotus_sessilifolius","Fannia_sp",5,0.500025419772583,4.7468727299306e-05,0.297247287289872
"1428","Lotus_sessilifolius","Lasioglossum_viride",11,0.501480753045253,0.00432383041754752,0.282519300472841
"1429","Lotus_sessilifolius","Lucilia_sericata",8,0.504938884648661,0.00576821344193626,0.0459726851675902
"1430","Lotus_sessilifolius","Megachile_canariensis",5,0.500705272881246,0.0013823044579746,0.317588730316556
"1431","Lotus_sessilifolius","Monomorium_subopacum",8,0.500432971794517,0.0012039329383736,0.342924317248426
"1432","Lotus_sessilifolius","Mordellistena_cf_canariensis",6,0.500331463274785,0.000513465076359624,0.174663141160254
"1433","Lotus_sessilifolius","Musca_domestica",7,0.5025030360715,0.00468558768947005,0.207270760814999
"1434","Lotus_sessilifolius","Myopites_nigrescens",12,0.502607319391987,0.00540061911734301,0.122614774330527
"1435","Lotus_sessilifolius","Oscinella_sp_1",10,0.500568939965519,0.00284454206394451,0.542799054868033
"1436","Lotus_sessilifolius","Oscinella_sp_2",6,0.500005820507444,1.03954899905077e-05,0.228569129766346
"1437","Lotus_sessilifolius","Oxyopes_cf_kraepelinorum",6,0.500377133199869,0.000813561367021177,0.307653781259741
"1438","Lotus_sessilifolius","Phyto_discrepans",14,0.500538889802978,0.000848935985400667,0.0336118033957729
"1439","Lotus_sessilifolius","Platypalpus_sp_2",5,0.500000285252563,2.9617769246014e-07,0.0975882670655463
"1440","Lotus_sessilifolius","Pteromalus_sp_4",5,0.499789772637853,0.000523411196751495,0.419898585715819
"1441","Lotus_sessilifolius","Sarcophagidae_sp_5",8,0.501774443927289,0.00320910862358069,0.161805681286886
"1442","Lotus_sessilifolius","Sarcophagidae_sp_8",10,0.505755191282646,0.0122296526608796,0.170888981643274
"1443","Lotus_sessilifolius","Scenopinus_sp",7,0.499768041441381,0.000625754506406924,0.364594456858833
"1444","Lotus_sessilifolius","Synthesomyia_nudiseta",15,0.501396843374675,0.00271539579746306,0.0662072603399551
"1445","Lotus_sessilifolius","Themnothorax_hesperius",5,0.506449527380635,0.00818339718791686,0.152806517828592
"1446","Lotus_sessilifolius","Thysanoptera_sp_1",6,0.520351910207327,0.0339866634463607,0.202342672744051
"1447","Lotus_sessilifolius","Thysanoptera_sp_2",9,0.510945494828214,0.0416542126723837,0.453238321377945
"1448","Lotus_sessilifolius","Urelliosoma_guimari",9,0.501495290820391,0.00451237657410519,0.349275136610286
"1449","Lotus_sp","Amegilla_sp",9,0.50000261843005,8.88693336904255e-06,0.402524052384968
"1450","Lotus_sp","Anaspis_cf_saharensis",7,0.5011944766617,0.00230854459506304,0.220048384042289
"1451","Lotus_sp","Andrena_vachali",7,0.499787986657185,0.000450141396366337,0.259164594019645
"1452","Lotus_sp","Anthophora_sp_aff_orotavae",7,0.500002685715719,7.04992121580004e-06,0.352398396578537
"1453","Lotus_sp","Attagenus_sp_1",6,0.501066196955943,0.00173876814387037,0.193404977890998
"1454","Lotus_sp","Bombylius_sp_1",6,0.49999684636539,7.33903285670028e-06,0.340726502262776
"1455","Lotus_sp","Chloropidae_sp",8,0.500121443789088,0.000278913937341558,0.257884013548931
"1456","Lotus_sp","Coleoptera_sp_5",6,0.500537563955348,0.000638581452865469,0.0941927595604358
"1457","Lotus_sp","Hym_Waiting_85",6,0.499999450968188,1.374706398951e-06,0.372864231114506
"1458","Lotus_sp","Melecta_sp",8,0.500000506753221,1.39646929107857e-06,0.338864724355891
"1459","Lotus_sp","Musca_sorbens",7,0.501719210696249,0.00176563979956454,0.041984606541392
"1460","Lotus_sp","Plagiolepis_schmitzii",6,0.480675341349836,0.0774283210299223,0.567694206247849
"1461","Lotus_sp","Sarcophaga_sp_1",5,0.5004768654922,0.000773291049191235,0.240008356940052
"1462","Lotus_sp","Sarcophagidae_sp_2",6,0.501834779408784,0.00232636135337021,0.111220617625508
"1463","Lotus_sp","Sciaridae_sp",6,0.599336136397038,0.0631011711093909,0.0119273747030322
"1464","Lotus_sp","Thyreus_sp_aff_ramosus",5,0.500000779301986,3.44488731082081e-05,0.962081983595959
"1465","Lotus_spartioides","Agromyzidae_sp_1",5,0.499998647558874,3.02415029419898e-06,0.37390096629301
"1466","Lotus_spartioides","Amegilla_quadrifasciata",9,0.500009911838161,1.96686717008512e-05,0.169029366439548
"1467","Lotus_spartioides","Anaspis_proteus",6,0.49998049732081,4.77716126330937e-05,0.363217467649331
"1468","Lotus_spartioides","Andrena_vulcana",7,0.5,0,NA
"1469","Lotus_spartioides","Andrena_wollastoni",5,0.5,0,NA
"1470","Lotus_spartioides","Atherigona_varia",6,0.499997593291614,5.89520750578298e-06,0.363217467654189
"1471","Lotus_spartioides","Attalus_obscurus",5,0.5,0,NA
"1472","Lotus_spartioides","Camponotus_feae",9,0.499983343192543,4.99704223696681e-05,0.346593507087503
"1473","Lotus_spartioides","Chloropidae_sp_2",6,0.499998245857123,4.29675498540163e-06,0.363217467646805
"1474","Lotus_spartioides","Dinarmoides_spilopterus",7,0.5,0,NA
"1475","Lotus_spartioides","Lasioglossum_loetum",5,0.5,0,NA
"1476","Lotus_spartioides","Lasioglossum_viride",5,0.500076161283732,0.00017030180767751,0.373900966300309
"1477","Lotus_spartioides","Musca_domestica",7,0.499991691110448,1.41901572838166e-05,0.172308989746521
"1478","Lotus_spartioides","Osmia_latreillei",7,0.5,0,NA
"1479","Lotus_spartioides","Phthiria_simonyi",8,0.500002828054824,5.23667030945472e-06,0.170479921632668
"1480","Lotus_spartioides","Plagiolepis_sp_2",7,0.500006931234539,1.83383228699964e-05,0.355917683749582
"1481","Lotus_spartioides","Sarcophagidae_sp_5",6,0.499998924480238,2.63447462640456e-06,0.363217467660461
"1482","Lotus_spartioides","Stenoselma_sp",8,0.5,0,NA
"1483","Lotus_spartioides","Thysanoptera_sp_1",9,0.5,0,NA
"1484","Lotus_spartioides","Thysanoptera_sp_2",6,0.5,0,NA
"1485","Lotus_spartioides","Tropinota_squalida",5,0.5,0,NA
"1486","Lotus_spartioides","Urelliosoma_guimari",6,0.5,0,NA
"1487","Lycium_intricatum","Agromyzidae_sp_1",14,0.5049547629119,0.00792121385508177,0.035859995768609
"1488","Lycium_intricatum","Alliophleps_elliptica",8,0.500672386237553,0.00925992568030314,0.843120743032655
"1489","Lycium_intricatum","Anaspis_cf_canariensis",7,0.503340149550932,0.00285938112534961,0.021371441544304
"1490","Lycium_intricatum","Anaspis_cf_eversi",6,0.499911262200536,0.00042144120518349,0.628010007468246
"1491","Lycium_intricatum","Anaspis_cf_saharensis",14,0.501739706537046,0.00253054122926403,0.0231912387780763
"1492","Lycium_intricatum","Anaspis_proteus",38,0.498627594158619,0.0865249729618892,0.922637818200554
"1493","Lycium_intricatum","Andrena_vulcana",8,0.500646885210243,0.00164784069265023,0.303531029249012
"1494","Lycium_intricatum","Anthaxia_sp_1",12,0.501330177840707,0.00304299293029151,0.158152701122176
"1495","Lycium_intricatum","Anthophora_alluaudi",8,0.500861953192201,0.000931604938624367,0.0345617065543237
"1496","Lycium_intricatum","Anthophora_orotavae",10,0.500091433616631,0.000128339881911345,0.0507611536224209
"1497","Lycium_intricatum","Aphthona_wachnitzae",14,0.511300291288635,0.0290616462286486,0.169414948450839
"1498","Lycium_intricatum","Apis_mellifera",27,0.51031274929743,0.0272473851243099,0.0599804381788664
"1499","Lycium_intricatum","Aprostocetus_sp_1",6,0.500744810948645,0.00086482955827207,0.088671751239463
"1500","Lycium_intricatum","Asteia_caesia",7,0.503973921471833,0.000492736918766616,6.90966839576193e-07
"1501","Lycium_intricatum","Attagenus_abbreviatus",6,0.500213380569111,0.000542866311857175,0.379865302467364
"1502","Lycium_intricatum","Attagenus_sp_1",10,0.500071496328318,0.000192058215197029,0.269307956242962
"1503","Lycium_intricatum","Attagenus_wollastoni",27,0.500896074278432,0.00365149144497372,0.213539070151374
"1504","Lycium_intricatum","Attalus_obscurus",10,0.509576517046396,0.0155330927518016,0.0830175557198484
"1505","Lycium_intricatum","Attalus_olivensis",5,0.50877658672505,0.00203103249506398,0.000641778515303148
"1506","Lycium_intricatum","Attalus_rugifrons",6,0.500379968676876,0.000302479502698721,0.0275634702325227
"1507","Lycium_intricatum","Aulacoderus_canariensis",13,0.515592982901075,0.0296799148516253,0.0825404835235499
"1508","Lycium_intricatum","Axinotarsus_sp_1",7,0.540695141416178,0.0598626522551127,0.122188365154026
"1509","Lycium_intricatum","Blaesoxipha_sp_1",19,0.506121870119753,0.00895817401599226,0.00804775260381568
"1510","Lycium_intricatum","Bombylius_pintuarius",7,0.501061664510075,0.000965996793984666,0.0270588018868832
"1511","Lycium_intricatum","Bombylius_sp_1",6,0.500686493934092,0.00115887325082976,0.206475573120666
"1512","Lycium_intricatum","Bracon_sp",12,0.502783333770448,0.00370052555888151,0.0244526052988314
"1513","Lycium_intricatum","Bruchidius_wollastoni",7,0.499865716838645,0.00854553896758684,0.968186545172432
"1514","Lycium_intricatum","Campiglossa_martii",21,0.500392316608014,0.000708863631315356,0.0196503883224752
"1515","Lycium_intricatum","Camponotus_cfr_feae",6,0.500001190819079,1.85052604308598e-06,0.17579006266979
"1516","Lycium_intricatum","Cecidomyiidae_sp",5,0.501000521897416,0.000983505142035905,0.0852785397609902
"1517","Lycium_intricatum","Cephalodromia_sp",21,0.50023081509599,0.000482500116281516,0.0403661779345265
"1518","Lycium_intricatum","Chalicodoma_canescens",9,0.500925815474781,0.00220497313383361,0.243308291800924
"1519","Lycium_intricatum","Chalicodoma_sicula",6,0.499999046659745,1.42862177817846e-05,0.876559393990556
"1520","Lycium_intricatum","Chetogena_acuminata",41,0.500851810579774,0.00288725915154336,0.0661468106960531
"1521","Lycium_intricatum","Chironomidae_sp",5,0.500484379230565,0.00060976402990279,0.150336656122668
"1522","Lycium_intricatum","Chloropidae_sp",11,0.5022217218579,0.00210566174582272,0.00573195275450949
"1523","Lycium_intricatum","Chloropidae_sp_1",10,0.4999941584833,2.00308964940108e-05,0.380481715594072
"1524","Lycium_intricatum","Chloropidae_sp_2",9,0.486656536638011,0.0457046291341974,0.406639997151573
"1525","Lycium_intricatum","Chloropidae_sp_4",5,0.500675712327505,0.000125765428621524,0.00027517630604619
"1526","Lycium_intricatum","Chloropidae_sp_5",5,0.50129559490528,0.00100163345220317,0.044459491819675
"1527","Lycium_intricatum","Chrysomya_albiceps",43,0.531078067898077,0.0831260418197012,0.0184629792715381
"1528","Lycium_intricatum","Coccinella_miranda",13,0.501236878525705,0.00122189483923997,0.00332799171034753
"1529","Lycium_intricatum","Coleoptera_sp_5",9,0.501042040505012,0.00535811683900825,0.575674211448789
"1530","Lycium_intricatum","Colletes_dimidiatus",10,0.504919053408245,0.00526112041742229,0.0160460064396499
"1531","Lycium_intricatum","Crematogaster_alluaudi",5,0.500472780628408,0.000692843619974866,0.201746777777575
"1532","Lycium_intricatum","Crematogaster_scutellaris",5,0.500634896836181,0.000694820373141154,0.110538048963081
"1533","Lycium_intricatum","Cryptocephalus_nubigena",9,0.506103730523589,0.00538024899206829,0.0093134026490583
"1534","Lycium_intricatum","Curculionidae_sp",11,0.503429193249227,0.00586969545039481,0.08139869076204
"1535","Lycium_intricatum","Dasytes_cf_subaenescens",5,0.501141049393048,0.00106322165953335,0.0743766563874735
"1536","Lycium_intricatum","Dasytes_subaenescens",5,0.504197332901425,0.00938552169178185,0.373900966300054
"1537","Lycium_intricatum","Diglyphus_chabrias",6,0.500352498086994,0.000986046816120213,0.421283051974448
"1538","Lycium_intricatum","Dinarmoides_spilopterus",14,0.502565407145823,0.00648167110594155,0.162452567294473
"1539","Lycium_intricatum","Dischistus_atlanticus",9,0.500223460781508,0.00026153231630906,0.0334753421141504
"1540","Lycium_intricatum","Eristalinus_aeneus",11,0.500428979287981,0.000869695774858371,0.132897691656863
"1541","Lycium_intricatum","Eristalinus_taeniops",16,0.501395400847494,0.00222652581268493,0.0241758075333434
"1542","Lycium_intricatum","Eristalis_tenax",13,0.50029023477432,0.000743951541048939,0.184906625265152
"1543","Lycium_intricatum","Estheria_simonyi",12,0.508203788607652,0.00684594978963232,0.00161323498167669
"1544","Lycium_intricatum","Eucera_gracilipes",5,0.500774859147738,0.000725122420586706,0.075213374058531
"1545","Lycium_intricatum","Euderus_sp",6,0.500070899401121,0.000106412173211913,0.163602649066827
"1546","Lycium_intricatum","Eumerus_latitarsis",17,0.552801033643877,0.0479534354824646,0.000334767691164757
"1547","Lycium_intricatum","Eupelmus_sp",10,0.500208093011448,0.000292506550709017,0.0510294359072422
"1548","Lycium_intricatum","Eurytoma_sp_1",9,0.499678961530422,0.000967245657072052,0.348541478767855
"1549","Lycium_intricatum","Eurytoma_sp_2",15,0.500636302075009,0.00154944839044836,0.134044907821444
"1550","Lycium_intricatum","Exhyalanthrax_canarionae",8,0.500984272337601,0.000719942078919052,0.00615632202972883
"1551","Lycium_intricatum","Gasteruption_sp",6,0.500673456210751,0.000695729255791137,0.0638677403791261
"1552","Lycium_intricatum","Geometridae_sp",5,0.501928852358794,0.00229584361049319,0.133492122642417
"1553","Lycium_intricatum","Geometridae_sp_2",13,0.500053137149959,8.48844353840231e-05,0.0434411715418191
"1554","Lycium_intricatum","Gnaphosidae_sp_1",6,0.500012977513771,2.42191910557639e-05,0.246359771396961
"1555","Lycium_intricatum","Holepyris_sp",5,0.499773791644438,0.00116472400675018,0.686483996111337
"1556","Lycium_intricatum","Hylaeus_hohmanni",13,0.50417094527884,0.00407981833017799,0.00311398200477178
"1557","Lycium_intricatum","Hylaeus_sp",10,0.500747624160796,0.00171611434524102,0.201599774388645
"1558","Lycium_intricatum","Lasioglossum_loetum",24,0.502251751003177,0.00457877199138387,0.0243914190435838
"1559","Lycium_intricatum","Lasioglossum_viride",17,0.505328569698359,0.0111705306234283,0.0667969643514808
"1560","Lycium_intricatum","Leptochilus_cruentatus",6,0.50051215140812,0.000724818297010402,0.144044348428801
"1561","Lycium_intricatum","Leptochilus_eatoni",6,0.500678099058634,0.000862623628367971,0.112132714149992
"1562","Lycium_intricatum","Lucilia_sericata",40,0.534554708247109,0.0397267052285924,2.55075732629461e-06
"1563","Lycium_intricatum","Macroglossum_stellatarum",6,0.503680736255938,0.00562882210108762,0.170112852327158
"1564","Lycium_intricatum","Malthinus_mutabilis",11,0.501427245344501,0.00229041975435275,0.0656446719253437
"1565","Lycium_intricatum","Melecta_curvispina",9,0.500921308680826,0.000920720234468297,0.0170218700079287
"1566","Lycium_intricatum","Meligethes_canariensis",8,0.509181601281993,0.00735038183615943,0.00955820676779918
"1567","Lycium_intricatum","Meligethes_cf_canariensis",6,0.499999956497488,1.26182003239597e-07,0.436927959415435
"1568","Lycium_intricatum","Milichiidae_sp",9,0.502958267265129,0.00445687924112837,0.0816137071279174
"1569","Lycium_intricatum","Mordellistena_cf_canariensis",6,0.500105750358359,9.28368598279928e-05,0.0384353022618534
"1570","Lycium_intricatum","Musca_domestica",49,0.511509542875392,0.0192781553317138,0.000123064396912908
"1571","Lycium_intricatum","Musca_osiris",10,0.501500280986649,0.00259487646168983,0.100761536615245
"1572","Lycium_intricatum","Musca_sorbens",16,0.498973274737673,0.00650719707358219,0.537453285329798
"1573","Lycium_intricatum","Myathropa_florea",5,0.499795767828256,0.000456677019211104,0.373900966300082
"1574","Lycium_intricatum","Myopites_nigrescens",20,0.523403782947734,0.0688998033332934,0.145205816733126
"1575","Lycium_intricatum","Nyctia_lugubris",12,0.500794529927522,0.000793405647138115,0.00524911630590404
"1576","Lycium_intricatum","Oscinella_sp_1",19,0.503426670080699,0.00508381863690562,0.00879135544286174
"1577","Lycium_intricatum","Oscinella_sp_2",9,0.5020886335089,0.00198558977804753,0.0134823397648038
"1578","Lycium_intricatum","Oscinimorpha_sp",5,0.499997895481734,9.34968543539985e-06,0.64119483514222
"1579","Lycium_intricatum","Osmia_canaria",7,0.5,0,NA
"1580","Lycium_intricatum","Osmia_latreillei",10,0.496325520180148,0.0119582106033129,0.35659169840152
"1581","Lycium_intricatum","Oxyopes_cf_kraepelinorum",6,0.501004995245141,0.00206576696721783,0.286862395778006
"1582","Lycium_intricatum","Paragus_tibialis",11,0.500241055406989,0.000585680565074985,0.202155596076343
"1583","Lycium_intricatum","Phalacrus_coruscus",5,0.501630345549677,0.00115382520061036,0.0341989663133751
"1584","Lycium_intricatum","Phthiria_simonyi",14,0.501523285911324,0.00224375300317631,0.0246445049451334
"1585","Lycium_intricatum","Physiphora_alceae",7,0.504883802045775,0.00906389329091001,0.203874092598311
"1586","Lycium_intricatum","Phyto_discrepans",13,0.500451897632506,0.000811279400850247,0.067655027612945
"1587","Lycium_intricatum","Phyto_nigrobarbata",12,0.500713109064391,0.000949284759530842,0.0245948388759603
"1588","Lycium_intricatum","Pieris_rapae",6,0.500129737260133,0.000167516344286405,0.116299922137158
"1589","Lycium_intricatum","Plagiolepis_schmitzii",30,0.600749433996805,0.184174509088288,0.00555129140270654
"1590","Lycium_intricatum","Plagiolepis_sp_2",27,0.520240369427711,0.0470252292617671,0.0341144100424326
"1591","Lycium_intricatum","Platypalpus_sp_1",7,0.502685900818027,0.00156913093481445,0.00398036605966822
"1592","Lycium_intricatum","Podalonia_sp",6,0.506271373807646,0.0102841603593206,0.195473487588876
"1593","Lycium_intricatum","Proconura_sp_1",8,0.506775244033864,0.0188397007340313,0.342930932092782
"1594","Lycium_intricatum","Proconura_sp_2",6,0.500564856503163,0.000951214877243833,0.205540688492491
"1595","Lycium_intricatum","Pteromalus_sp_2",17,0.500936010454861,0.00150033810778452,0.0204601020624988
"1596","Lycium_intricatum","Pteromalus_sp_4",7,0.502671935328999,0.00282976329883998,0.0466425372317525
"1597","Lycium_intricatum","Sarcophaga_sp_1",13,0.505608935426929,0.00791435338200445,0.0252200737940391
"1598","Lycium_intricatum","Sarcophagidae_sp_2",11,0.5034309643106,0.00553090606904047,0.0666782754957434
"1599","Lycium_intricatum","Sarcophagidae_sp_4",17,0.501709994414304,0.00338589036737012,0.0537223825544686
"1600","Lycium_intricatum","Sarcophagidae_sp_5",48,0.507007660152609,0.0129404527244476,0.000481635966954681
"1601","Lycium_intricatum","Sarcophagidae_sp_6",13,0.500114056535173,0.000305720360452367,0.203450093230499
"1602","Lycium_intricatum","Sarcophagidae_sp_7",6,0.507636034471467,0.0181193422040572,0.349259386600084
"1603","Lycium_intricatum","Sarcophagidae_sp_8",8,0.507632330592336,0.0133771486612205,0.150614385742015
"1604","Lycium_intricatum","Scaeva_albomaculata",18,0.502519616166326,0.00654707097187046,0.120901583994071
"1605","Lycium_intricatum","Scaptomyza_sp_2",6,0.502202996992587,0.00390727691619035,0.225793814121279
"1606","Lycium_intricatum","Scenopinus_sp",6,0.501266392544116,0.00209398101490836,0.198590494408299
"1607","Lycium_intricatum","Sciaridae_sp",22,0.534591201980033,0.0908739566383834,0.0886469611396893
"1608","Lycium_intricatum","Sciaridae_sp_1",11,0.505611410187247,0.0110963858465937,0.124432917607716
"1609","Lycium_intricatum","Sciaridae_sp_4",8,0.539588533369241,0.0710058853291236,0.158810969125259
"1610","Lycium_intricatum","Sepsis_sp",8,0.503030824969159,0.00287847152910316,0.0205692469294464
"1611","Lycium_intricatum","Sphecidae_sp",5,0.50043878942472,0.000708554296294373,0.238362132060276
"1612","Lycium_intricatum","Stenoselma_sp",6,0.500242842459647,0.00208974116630498,0.787326819866736
"1613","Lycium_intricatum","Synthesomyia_nudiseta",9,0.503373418653068,0.00608866139778563,0.135057513590996
"1614","Lycium_intricatum","Syritta_pipiens",18,0.503511200932347,0.0116035895657952,0.216432673802706
"1615","Lycium_intricatum","Tachina_canariensis",7,0.499089509691831,0.00672330166241514,0.732390686811498
"1616","Lycium_intricatum","Tachyagetes_aemulans",6,0.502488601541343,0.00384763941940129,0.173978773751566
"1617","Lycium_intricatum","Tapinoma_nigerrimum",6,0.538242164268283,0.0460532730566366,0.0976083556410789
"1618","Lycium_intricatum","Tethina_marmorata",11,0.501373479732037,0.00183089014202441,0.0320981111693075
"1619","Lycium_intricatum","Tethinidae_sp_2",13,0.504141938203748,0.00759915222989395,0.0729650831525263
"1620","Lycium_intricatum","Tethinidae_sp_3",5,0.50016242624323,0.00195404799181918,0.861592867876916
"1621","Lycium_intricatum","Tetramesa_sp",16,0.500949383044607,0.00171957030435305,0.0431955137758893
"1622","Lycium_intricatum","Themnothorax_hesperius",11,0.507029246848455,0.0209276335633798,0.291337885926237
"1623","Lycium_intricatum","Themnothorax_productus",8,0.50570323245908,0.00882639230061553,0.110331679640194
"1624","Lycium_intricatum","Themnothorax_risii",6,0.499886339206699,0.000396218378278168,0.51361892602604
"1625","Lycium_intricatum","Thomisus_cf_onustus",12,0.501314496396578,0.00178780451439113,0.0271393694123328
"1626","Lycium_intricatum","Thyreus_sp_aff_ramosus",5,0.50013521333177,0.000166578289250008,0.143702970830561
"1627","Lycium_intricatum","Thyridanthrax_indigenus",6,0.53408595789264,0.044900240855536,0.122044972253667
"1628","Lycium_intricatum","Thysanoptera_sp",9,0.53343721289612,0.034781429877681,0.0203841940351546
"1629","Lycium_intricatum","Thysanoptera_sp_1",43,0.606693654401488,0.164205614462412,0.000112479407403101
"1630","Lycium_intricatum","Thysanoptera_sp_2",34,0.524149798904207,0.130161602687028,0.287158362548614
"1631","Lycium_intricatum","Thysanoptera_sp_3",27,0.499898791570221,0.00236568581320268,0.825816539236592
"1632","Lycium_intricatum","Thysanoptera_sp_7",7,0.613918953180051,0.129351048510448,0.058632494468106
"1633","Lycium_intricatum","Trupanea_augur",6,0.500130423032225,0.000138257998607276,0.0688489207018608
"1634","Lycium_intricatum","Urelliosoma_guimari",47,0.500374769094009,0.00184682236484748,0.170859214370632
"1635","Lycium_intricatum","Urellliosoma_sp",7,0.500988792431696,0.00148568180526194,0.12873940198032
"1636","Lycium_intricatum","Vanessa_Cardui",6,0.500840860571262,0.00147656500581196,0.221840238684696
"1637","Lycium_intricatum","Vestitohalictus_sp",6,0.500054132855437,0.000116245794492514,0.305680784969188
"1638","Nauplius_aquaticus","Amegilla_quadrifasciata",6,0.503531535058052,0.00278073282365106,0.0265250968309775
"1639","Nauplius_aquaticus","Anaspis_proteus",9,0.715118951319946,0.206449032739848,0.0141005301109338
"1640","Nauplius_aquaticus","Anthophora_alluaudi",6,0.507106291720033,0.0104385836185003,0.156281156344278
"1641","Nauplius_aquaticus","Apis_mellifera",5,0.496494721674491,0.0216200411712051,0.735295104851446
"1642","Nauplius_aquaticus","Bassus_sp",6,0.554784398320168,0.0532225486227201,0.0530857279205614
"1643","Nauplius_aquaticus","Crematogaster_alluaudi",7,0.516595870982225,0.0292647093142648,0.184182224971968
"1644","Nauplius_aquaticus","Dasytes_subaenescens",12,0.47794126313164,0.0829540323678059,0.376728743756962
"1645","Nauplius_aquaticus","Elasmus_platyedrae",6,0.50420828273225,0.0048793408898367,0.088329067808096
"1646","Nauplius_aquaticus","Estheria_simonyi",13,0.567623747329917,0.0785971901745939,0.00915322861482959
"1647","Nauplius_aquaticus","Eucera_gracilipes",6,0.513257277874693,0.0616133868179974,0.620694668839507
"1648","Nauplius_aquaticus","Euderus_sp",9,0.500716136462644,0.000772810340230462,0.0239247216292873
"1649","Nauplius_aquaticus","Eumerus_latitarsis",16,0.564092821901227,0.0685610695697862,0.00197365301120211
"1650","Nauplius_aquaticus","Geometridae_sp",6,0.498544861994435,0.0075575596657908,0.657056294084576
"1651","Nauplius_aquaticus","Lasioglossum_loetum",6,0.509236498968979,0.0113141541560997,0.101980895720288
"1652","Nauplius_aquaticus","Lasioglossum_viride",6,0.581263040242765,0.0598966256327811,0.0209328469761797
"1653","Nauplius_aquaticus","Malthinus_mutabilis",10,0.517957609357882,0.0219550810918533,0.0293813853374231
"1654","Nauplius_aquaticus","Megaselia_sp_2",7,0.514265035782536,0.062878185138543,0.570309091661987
"1655","Nauplius_aquaticus","Meligethes_canariensis",11,0.509053124277257,0.00756935894834273,0.00265723606789326
"1656","Nauplius_aquaticus","Musca_domestica",7,0.558377527138141,0.067971403671552,0.0634657028127796
"1657","Nauplius_aquaticus","Phthiria_simonyi",9,0.515890348264329,0.0253330153669594,0.0966412474959793
"1658","Nauplius_aquaticus","Plagiolepis_sp_2",8,0.513676553071382,0.352761722233558,0.915758136147737
"1659","Nauplius_aquaticus","Pteromalus_sp_1",13,0.503383672731226,0.00593261716947947,0.0621619034412666
"1660","Nauplius_aquaticus","Pteromalus_sp_4",6,0.517172287447549,0.0313091553219856,0.236863669020145
"1661","Nauplius_aquaticus","Scenopinus_sp",7,0.503840452649929,0.00784290720552022,0.242737902290313
"1662","Nauplius_aquaticus","Sciaridae_sp",5,0.506817958918209,0.00812858061909109,0.133971196406148
"1663","Nauplius_aquaticus","Syritta_pipiens",8,0.515773003412026,0.0264775927397956,0.135872051241261
"1664","Nauplius_aquaticus","Themnothorax_hesperius",10,0.533147713778936,0.0600239377959567,0.114702008315139
"1665","Nauplius_aquaticus","Thysanoptera_sp_1",9,0.61279505401112,0.169833670814855,0.0814632986657019
"1666","Nauplius_aquaticus","Thysanoptera_sp_7",9,0.52604207339323,0.209782882803998,0.719256633732385
"1667","Nauplius_sp","Amegilla_sp",12,0.500656422415205,0.00211538899389747,0.305415103648449
"1668","Nauplius_sp","Anthaxia_sp_1",13,0.500530056129197,0.00191053420076476,0.336900701964073
"1669","Nauplius_sp","Aprostocetus_sp_1",7,0.500000042606946,8.95639096807975e-08,0.25492150894248
"1670","Nauplius_sp","Arachnospila_sp",5,0.502076415330725,0.00354801303261848,0.260785534335901
"1671","Nauplius_sp","Attagenus_sp_1",16,0.5055832160384,0.015089510091524,0.159562102406868
"1672","Nauplius_sp","Axinotarsus_sp_1",11,0.500299100070902,0.000546850244318279,0.0997443372971193
"1673","Nauplius_sp","Bombylius_sp_1",6,0.500003950355884,1.42005897452313e-05,0.525889276170514
"1674","Nauplius_sp","Chalicodoma_sicula",8,0.500071191801016,3.55975328118244e-05,0.000769188866675276
"1675","Nauplius_sp","Chalicodoma_sp",5,0.500032392095028,4.4521013724951e-05,0.179088375481309
"1676","Nauplius_sp","Chloropidae_sp",6,0.500774041817883,0.00199664760655191,0.385924220237517
"1677","Nauplius_sp","Coleoptera_sp_5",11,0.504690033310981,0.00912093726041011,0.118928334129065
"1678","Nauplius_sp","Colletes1_Waiting_85",6,0.499989807889438,1.58658929233298e-05,0.176407526714966
"1679","Nauplius_sp","Colletes2_Waiting_85",5,0.500001630359021,1.50741195249395e-05,0.820793366453711
"1680","Nauplius_sp","Hylaeus_sp",7,0.500518063535311,0.0013959075750522,0.364060317948207
"1681","Nauplius_sp","Lucilia_sericata",7,0.525086027616575,0.0866186519936753,0.472587920229824
"1682","Nauplius_sp","Melecta_sp",6,0.500004522723575,8.20129451935883e-06,0.234667778552326
"1683","Nauplius_sp","Musca_domestica",12,0.502931868038771,0.00645599280038058,0.143984475868363
"1684","Nauplius_sp","Musca_osiris",5,0.500153697260814,0.000282002057387597,0.289914067206191
"1685","Nauplius_sp","Musca_sorbens",11,0.503147621651308,0.00550057044404497,0.086924298759267
"1686","Nauplius_sp","Nomioides_deceptor",5,0.497503060062865,0.00563708869596791,0.378015014985958
"1687","Nauplius_sp","Nomioides_sp",9,0.499998653388711,4.63189637913547e-06,0.408524326761535
"1688","Nauplius_sp","Ormyrus_sp_1",5,0.500159663337012,9.93622386220028e-05,0.022898528021049
"1689","Nauplius_sp","Physiphora_alceae",6,0.500240792045454,0.000468613699430255,0.263728098108979
"1690","Nauplius_sp","Plagiolepis_schmitzii",5,0.500708859419992,0.00157238506444257,0.370454709446362
"1691","Nauplius_sp","Podalonia_sp",6,0.500039754477609,5.90699447277491e-05,0.160160328370036
"1692","Nauplius_sp","Pteromalus_sp_2",8,0.500013545319075,1.79973997861725e-05,0.0708008619544701
"1693","Nauplius_sp","Sarcophaga_sp_1",12,0.501419371615829,0.00305687224926852,0.136035086558839
"1694","Nauplius_sp","Sarcophagidae_sp",5,0.500000425014755,9.47741269667783e-07,0.372715473728784
"1695","Nauplius_sp","Sarcophagidae_sp_2",9,0.508228613759308,0.0149547491989352,0.137405766585484
"1696","Nauplius_sp","Sarcophagidae_sp_7",6,0.500422904663193,0.000950460024978303,0.32547716020819
"1697","Nauplius_sp","Sciaridae_sp",5,0.510623015600388,0.0237402897272219,0.373656983781202
"1698","Nauplius_sp","Sciaridae_sp_4",13,0.511815787258803,0.137588428295615,0.762148114170772
"1699","Nauplius_sp","Tapinoma_nigerrimum",11,0.487335811659882,0.170860085983534,0.810786592239252
"1700","Nauplius_sp","Tethinidae_sp_2",15,0.500227056896995,0.000606309791072383,0.168982758594018
"1701","Nauplius_sp","Thyreus_sp_aff_ramosus",7,0.500047263586961,0.000167357904926534,0.483192985202047
"1702","Nauplius_sp","Thysanoptera_sp",8,0.5475345635056,0.0954200494165925,0.201670385101198
"1703","Nauplius_sp","Troglops_sp",6,0.499999773925672,3.57862299697234e-07,0.182434340477576
"1704","Nauplius_sp","Urelliosoma_guimari",10,0.500564739516776,0.00122667478861361,0.179411196835412
"1705","Nauplius_sp","Urellliosoma_sp",5,0.524581682846802,0.0549374035714724,0.373675097601416
"1706","Nauplius_sp","Vanessa_Cardui",5,0.504180004282082,0.00443526084320696,0.102793885850571
"1707","Neochamaelea_pulverulenta","Amegilla_canifrons",8,0.500140825868113,0.000286588310458129,0.207170037503601
"1708","Neochamaelea_pulverulenta","Anaspis_proteus",5,0.522452445817277,0.0608521224142893,0.455710647362758
"1709","Neochamaelea_pulverulenta","Anthophora_alluaudi",6,0.496514444230811,0.00670556971998833,0.258913911361888
"1710","Neochamaelea_pulverulenta","Apis_mellifera",6,0.507282303502757,0.0116114803713318,0.185081152695456
"1711","Neochamaelea_pulverulenta","Aulacoderus_canariensis",6,0.500620158838668,0.00112607843142121,0.235209695913125
"1712","Neochamaelea_pulverulenta","Bracon_sp",7,0.500778234444578,0.00139221265265689,0.189637565161233
"1713","Neochamaelea_pulverulenta","Chloropidae_sp",6,0.501661446668796,0.00324948671979988,0.265807374136872
"1714","Neochamaelea_pulverulenta","Cryptocephalus_gounellei",10,0.505067813057975,0.00938524913353623,0.121898519490438
"1715","Neochamaelea_pulverulenta","Eumerus_latitarsis",7,0.608474514813613,0.118666413920529,0.0519679746588636
"1716","Neochamaelea_pulverulenta","Geometridae_sp",7,0.508692050712948,0.0114645736832135,0.0916714025558088
"1717","Neochamaelea_pulverulenta","Leptochilus_cruentatus",7,0.501098454276199,0.00411655165028732,0.506668737258562
"1718","Neochamaelea_pulverulenta","Leptochilus_eatoni",6,0.501017272454096,0.00143412998449496,0.142804650745667
"1719","Neochamaelea_pulverulenta","Malthinus_mutabilis",7,0.50062049200185,0.000864881241636305,0.106443665813759
"1720","Neochamaelea_pulverulenta","Meligethes_canariensis",7,0.531821774112516,0.0493119922500331,0.138626929948087
"1721","Neochamaelea_pulverulenta","Phthiria_simonyi",8,0.524166279371982,0.0410672602277669,0.139977702859053
"1722","Neochamaelea_pulverulenta","Plagiolepis_sp_2",5,0.501297933639437,0.00178054120101937,0.178436637160122
"1723","Neochamaelea_pulverulenta","Pteromalus_sp_4",6,0.500935154752074,0.00312495847510013,0.496452075101999
"1724","Neochamaelea_pulverulenta","Syritta_pipiens",10,0.499827152285252,0.00549925275927428,0.923004194624917
"1725","Neochamaelea_pulverulenta","Tethina_marmorata",6,0.509232999742514,0.0104700517947175,0.0831786911471113
"1726","Neochamaelea_pulverulenta","Themnothorax_hesperius",8,0.526998828547021,0.0432205710894437,0.120590170498017
"1727","Neochamaelea_pulverulenta","Thysanoptera_sp_1",6,0.63908045224744,0.213287833280497,0.171098072138339
"1728","Neochamaelea_pulverulenta","Thysanoptera_sp_2",12,0.384527554888891,0.181487181937451,0.0497323116227068
"1729","Neochamaelea_pulverulenta","Thysanoptera_sp_7",6,0.506687833826471,0.00956823711539065,0.147557044704392
"1730","Parolinia_intermedia","Amegilla_quadrifasciata",5,0.51426898318984,0.0259449799174218,0.286168116099043
"1731","Parolinia_intermedia","Apis_mellifera",5,0.505462461229107,0.00521887243788263,0.0793405458872052
"1732","Parolinia_intermedia","Hylaeus_ater",6,0.500395618178469,0.0010665853045312,0.405242916935517
"1733","Parolinia_intermedia","Megaselia_sp_2",5,0.497907895310324,0.00472488609179241,0.378174316252232
"1734","Parolinia_intermedia","Minotetrastichus_sp",5,0.508254631406252,0.0209692972684045,0.428440459220827
"1735","Parolinia_intermedia","Neodryophilus_cryptophagoides",5,0.49323817266527,0.0102245830405863,0.213281983735571
"1736","Parolinia_intermedia","Plagiolepis_sp_2",5,0.444359491055735,0.276407230701864,0.675941935649879
"1737","Parolinia_intermedia","Scenopinus_sp",5,0.512177996237373,0.0265975462827458,0.363800138146004
"1738","Parolinia_intermedia","Thysanoptera_sp_1",6,0.999417073368781,0.00135991264223724,3.22224170731969e-14
"1739","Parolinia_intermedia","Thysanoptera_sp_2",5,0.538804797058983,0.316873611634528,0.797772310404059
"1740","Parolinia_intermedia","Thysanoptera_sp_3",5,0.506450779056368,0.0142989318419783,0.370150877505661
"1741","Periploca_laevigata","Agromyzidae_sp_1",12,0.68894365363743,0.200396144442539,0.00751666459157941
"1742","Periploca_laevigata","Amegilla_quadrifasciata",9,0.519543728554308,0.032831522260852,0.111951728636776
"1743","Periploca_laevigata","Ammophila_terminata",6,0.504051406524353,0.00779549603631068,0.258985118196768
"1744","Periploca_laevigata","Anaspis_cf_canariensis",7,0.565488352292757,0.265333791920348,0.53795153582453
"1745","Periploca_laevigata","Anthophora_alluaudi",26,0.529909185061008,0.109470835899638,0.175844149384942
"1746","Periploca_laevigata","Anthophora_orotavae",20,0.500156750087171,0.015029774562166,0.963285899312692
"1747","Periploca_laevigata","Apis_mellifera",28,0.590872196753384,0.173118542034667,0.00983716273741888
"1748","Periploca_laevigata","Aprostocetus_occidentalis",5,0.508064169760037,0.0180280127350283,0.37380526644772
"1749","Periploca_laevigata","Aprostocetus_sp_2",7,0.505165013663134,0.0109236201263332,0.257506813322215
"1750","Periploca_laevigata","Araneidae_sp_2",8,0.505208531340818,0.00793439002008539,0.105719072526752
"1751","Periploca_laevigata","Attagenus_wollastoni",10,0.338352092623377,0.191266833482097,0.0255144431162287
"1752","Periploca_laevigata","Attalus_pallipes",10,0.577995060299232,0.120097122049401,0.0701936099239572
"1753","Periploca_laevigata","Attalus_ruficollis",5,0.526764821920108,0.0291293166525096,0.109123825113198
"1754","Periploca_laevigata","Attalus_rugifrons",9,0.498367330750057,0.0305020160131026,0.876405166912874
"1755","Periploca_laevigata","Blaesoxipha_sp_1",17,0.592554292731888,0.170878767826863,0.0401664658020468
"1756","Periploca_laevigata","Bracon_sp",12,0.520164253973171,0.0893113504427613,0.450659367615247
"1757","Periploca_laevigata","Bruchidius_wollastoni",11,0.480476360452642,0.154081675873683,0.683191233366722
"1758","Periploca_laevigata","Campiglossa_reticulata",10,0.500950783747102,0.00365271262188448,0.431705448406805
"1759","Periploca_laevigata","Cecydomyiidae_sp",5,0.516615921257399,0.0276164300476231,0.249712865349025
"1760","Periploca_laevigata","Ceratogoponidae_sp",10,0.556077446301692,0.120390921858862,0.174848835539826
"1761","Periploca_laevigata","Chalicodoma_canescens",18,0.515524306525812,0.0551563966205564,0.248822823143727
"1762","Periploca_laevigata","Chetogena_acuminata",13,0.532885261961882,0.0623784610053255,0.0816100544720112
"1763","Periploca_laevigata","Chironomidae_sp",5,0.552618599507632,0.0958340710194153,0.286854524704541
"1764","Periploca_laevigata","Chironomidae_sp_1",11,0.595915377013213,0.0958608627260064,0.00776695033472046
"1765","Periploca_laevigata","Chloropidae_sp",6,0.531984661966919,0.034271860221007,0.0710017877908652
"1766","Periploca_laevigata","Chloropidae_sp_3",11,0.670300177349128,0.19495571604521,0.015910269102535
"1767","Periploca_laevigata","Chrysomya_albiceps",14,0.508420642917342,0.0529701887008446,0.56218150268678
"1768","Periploca_laevigata","Colias_croceus",15,0.501074656262633,0.00116715460068809,0.0031005542028687
"1769","Periploca_laevigata","Colletes_dimidiatus",11,0.61733224285619,0.261286444755341,0.167241376350684
"1770","Periploca_laevigata","Crematogaster_alluaudi",6,0.520346746842285,0.0127354520951049,0.0112562204626051
"1771","Periploca_laevigata","Cryptocephalus_gounellei",8,0.661792766271842,0.153692290606004,0.0205876243838667
"1772","Periploca_laevigata","Dasytes_subaenescens",30,0.593379214600417,0.170814039207759,0.00557870680197526
"1773","Periploca_laevigata","Dilophus_hiemalis",8,0.661167881416287,0.0977760477277259,0.00230853068728342
"1774","Periploca_laevigata","Dinarmoides_spilopterus",7,0.588772953802265,0.106757867521131,0.0700987034256776
"1775","Periploca_laevigata","Elasmus_platyedrae",6,0.511221809562059,0.0239021320229229,0.302154801406848
"1776","Periploca_laevigata","Empididae_sp_1",17,0.549731679233433,0.0613683445738271,0.00414273881897867
"1777","Periploca_laevigata","Eristalinus_aeneus",6,0.500767602147155,0.0172906299072583,0.917635620165935
"1778","Periploca_laevigata","Eristalinus_taeniops",12,0.513692106465212,0.0313863595636032,0.158921476348847
"1779","Periploca_laevigata","Eristalis_tenax",12,0.499135355425566,0.0114120601935053,0.797816724646992
"1780","Periploca_laevigata","Estheria_simonyi",15,0.654319744130913,0.257380102384395,0.0358116198726124
"1781","Periploca_laevigata","Eucera_gracilipes",14,0.584306867435212,0.126545895851673,0.0269546510438907
"1782","Periploca_laevigata","Euderus_sp",16,0.497238544887257,0.00798038796458018,0.186570298966039
"1783","Periploca_laevigata","Eumerus_latitarsis",38,0.687963852250262,0.213704063567553,3.80805449124082e-06
"1784","Periploca_laevigata","Eumerus_nivariae",5,0.576126830189078,0.0855569148316441,0.117503238067883
"1785","Periploca_laevigata","Eupelmus_sp",8,0.50051601244637,0.00339590872098095,0.680273527710125
"1786","Periploca_laevigata","Eupelmus_testaceiventris",8,0.587058881937412,0.106207105235704,0.0535136407825329
"1787","Periploca_laevigata","Eurytoma_sp_1",6,0.510460739072536,0.096049533414902,0.800296397579565
"1788","Periploca_laevigata","Eurytoma_sp_2",6,0.558521961893479,0.0553188360280602,0.0487587230554202
"1789","Periploca_laevigata","Exetastes_segmentarius",5,0.670270274679305,0.155781011908082,0.0708985531581464
"1790","Periploca_laevigata","Halictus_fulvipes",5,0.499687357985092,0.000564727631281096,0.28343885778036
"1791","Periploca_laevigata","Lasioglossum_arctifrons",10,0.498875257940089,0.00285882383631531,0.24487766957136
"1792","Periploca_laevigata","Lasioglossum_loetum",40,0.744597540480637,0.25206493041265,3.33947520326708e-07
"1793","Periploca_laevigata","Lasioglossum_viride",34,0.643961082058905,0.272223688338545,0.00411441966007354
"1794","Periploca_laevigata","Leptochilus_eatoni",13,0.561007830493783,0.0973782594699585,0.0432974436445119
"1795","Periploca_laevigata","Lucilia_sericata",13,0.592883247242506,0.269404062577313,0.237572558374144
"1796","Periploca_laevigata","Malthinus_mutabilis",7,0.520982306219272,0.0236749585311961,0.0574624437904804
"1797","Periploca_laevigata","Megachile_canariensis",7,0.506694725539772,0.0230081846648666,0.470608825142711
"1798","Periploca_laevigata","Meligethes_canariensis",8,0.616432420072017,0.314883925363548,0.330395736175431
"1799","Periploca_laevigata","Musca_domestica",12,0.638888896825804,0.146079490069936,0.00715902425003064
"1800","Periploca_laevigata","Myathropa_florea",21,0.6628656281299,0.218976249337276,0.00278726692292235
"1801","Periploca_laevigata","Myopites_nigrescens",32,0.614892134121545,0.156261841091704,0.000234217853182574
"1802","Periploca_laevigata","Nomioides_fortunatus",6,0.500000233467719,2.7531779951642e-06,0.843646743057302
"1803","Periploca_laevigata","Nyctia_lugubris",10,0.533652767537733,0.0353753656458334,0.0147566713486975
"1804","Periploca_laevigata","Oscinella_sp_1",9,0.508196515867525,0.209739325880671,0.909560902987812
"1805","Periploca_laevigata","Oscinella_sp_2",5,0.688198746528822,0.221246334398075,0.12992884193486
"1806","Periploca_laevigata","Osmia_canaria",10,0.499980217841779,0.000123695736463,0.625199577686899
"1807","Periploca_laevigata","Oxyopes_kraepelinorum",8,0.489296602213572,0.0236548525044663,0.241391714363513
"1808","Periploca_laevigata","Paratrechina_longicornis",6,0.540096346917057,0.0879813726586332,0.315038513651957
"1809","Periploca_laevigata","Perilampus_sp_2",7,0.52819830752836,0.0484163379981018,0.174269270781884
"1810","Periploca_laevigata","Phalacrus_coruscus",8,0.491243648079989,0.0158822246634872,0.162866003781094
"1811","Periploca_laevigata","Phthiria_simonyi",14,0.607585441729071,0.15975506506465,0.0256145764016107
"1812","Periploca_laevigata","Phyto_discrepans",12,0.540745757808041,0.0694379904557457,0.0669380027113706
"1813","Periploca_laevigata","Pieris_rapae",18,0.501590676766816,0.00553856309432782,0.239679090755436
"1814","Periploca_laevigata","Plagiolepis_sp_2",18,0.57260375981747,0.337847464016936,0.374649862766415
"1815","Periploca_laevigata","Platypalpus_sp",8,0.617141938436467,0.136765674135987,0.0459171106448454
"1816","Periploca_laevigata","Platypalpus_sp_1",6,0.577315579682047,0.142285172775961,0.240646565113217
"1817","Periploca_laevigata","Pteromalus_sp_3",7,0.536729964251603,0.067862778829162,0.202116065675749
"1818","Periploca_laevigata","Pteromalus_sp_4",10,0.47977656926818,0.0593132909411738,0.308989249789708
"1819","Periploca_laevigata","Rondania_insularis",7,0.52865670297502,0.0520159738317532,0.195218936064465
"1820","Periploca_laevigata","Sarcophagidae_sp_3",5,0.504906495916638,0.0202463437031103,0.61666979251731
"1821","Periploca_laevigata","Sarcophagidae_sp_5",5,0.629491788117193,0.137889454375009,0.103666366680233
"1822","Periploca_laevigata","Sarcophagidae_sp_8",8,0.619866079986341,0.113224129735706,0.0201022368752504
"1823","Periploca_laevigata","Scaeva_albomaculata",14,0.52134233362917,0.0428112543311096,0.0848655236764132
"1824","Periploca_laevigata","Scenopinus_sp",11,0.493448749385487,0.014289828271093,0.159347591828283
"1825","Periploca_laevigata","Sciaridae_sp",11,0.662857286057246,0.177913599141075,0.0125490603376577
"1826","Periploca_laevigata","Sciaridae_sp_1",18,0.559010017498545,0.134911180589209,0.0809143199846985
"1827","Periploca_laevigata","Spathulina_sicula",5,0.50053350935307,0.0018297079944762,0.549970940915709
"1828","Periploca_laevigata","Syritta_pipiens",9,0.565483433235091,0.151930942570556,0.232090847640494
"1829","Periploca_laevigata","Tachina_canariensis",12,0.554121914031499,0.226993565928212,0.426387510378467
"1830","Periploca_laevigata","Tethina_marmorata",9,0.620403092003021,0.10100029331184,0.0072268794655147
"1831","Periploca_laevigata","Themnothorax_hesperius",15,0.728122508370326,0.230841415126526,0.00184823380508732
"1832","Periploca_laevigata","Thomisus_cf_globosum",6,0.492212404874605,0.0195484558372685,0.373973175383038
"1833","Periploca_laevigata","Thomisus_cf_onustus",17,0.516627111245539,0.0500301912623838,0.189520856336721
"1834","Periploca_laevigata","Thyridanthrax_indigenus",14,0.649734237740152,0.173598518138379,0.0066108897120561
"1835","Periploca_laevigata","Thysanoptera_sp_1",41,0.538096808764398,0.41568574038006,0.56061279942085
"1836","Periploca_laevigata","Thysanoptera_sp_2",40,0.37018120161353,0.335182283172678,0.0188976999817034
"1837","Periploca_laevigata","Thysanoptera_sp_7",8,0.584376055111618,0.323106493160157,0.484163487995493
"1838","Periploca_laevigata","Torymoides_lindbergi",7,0.511553295709735,0.0236805472676574,0.244271838357294
"1839","Periploca_laevigata","Trixoscelis_sp",7,0.503294239223331,0.0795852783037981,0.916365432900679
"1840","Periploca_laevigata","Urelliosoma_guimari",15,0.507570149621907,0.016755469058984,0.102024974846723
"1841","Periploca_laevigata","Villa_nigriceps",5,0.501167889109942,0.00174379101604486,0.208593781521379
"1842","Phagnalon_purpurascens","Anaspis_cf_eversi",6,0.500000000007888,1.91245980665234e-11,0.358689441376237
"1843","Phagnalon_purpurascens","Anaspis_proteus",17,0.49991889466431,0.000426160927766702,0.444096889181669
"1844","Phagnalon_purpurascens","Anthophora_alluaudi",5,0.500004365255322,9.76100764001044e-06,0.373900966295691
"1845","Phagnalon_purpurascens","Aphthona_wachnitzae",9,0.499999968391915,9.48014745087945e-08,0.346484127335621
"1846","Phagnalon_purpurascens","Araneae_sp_1",8,0.5,0,NA
"1847","Phagnalon_purpurascens","Asteia_caesia",8,0.499993253901238,1.92921363760716e-05,0.35558694343796
"1848","Phagnalon_purpurascens","Attalus_chrysanthemi",8,0.500000007260201,1.48030974011083e-08,0.207940239415485
"1849","Phagnalon_purpurascens","Attalus_olivensis",16,0.500065070596863,0.00031949636067244,0.428009586790185
"1850","Phagnalon_purpurascens","Aulacoderus_canariensis",14,0.5000786058804,0.000300056617986585,0.344876509298115
"1851","Phagnalon_purpurascens","Blaesoxipha_sp_1",8,0.500008031770599,4.54406047122761e-05,0.632451675021391
"1852","Phagnalon_purpurascens","Campiglossa_martii",11,0.500000000004266,1.41472206200352e-11,0.340888771751692
"1853","Phagnalon_purpurascens","Camponotus_feae",6,0.5,0,NA
"1854","Phagnalon_purpurascens","Cecidomyiidae_sp",7,0.5,0,NA
"1855","Phagnalon_purpurascens","Cephalodromia_sp",5,0.5,0,NA
"1856","Phagnalon_purpurascens","Chetogena_acuminata",7,0.5,0,NA
"1857","Phagnalon_purpurascens","Chloropidae_sp_1",10,0.50000001195429,3.76805839945572e-08,0.341952646642615
"1858","Phagnalon_purpurascens","Chloropidae_sp_2",11,0.499995820605746,1.38614825911883e-05,0.340893132303173
"1859","Phagnalon_purpurascens","Chrysomya_albiceps",13,0.500003776483556,2.3052500969009e-05,0.56570362194074
"1860","Phagnalon_purpurascens","Cryptocephalus_nubigena",8,0.499994422787435,2.00580185656991e-05,0.457393931276273
"1861","Phagnalon_purpurascens","Dasytes_lanzarotensis",10,0.503044704635759,0.00960789371899602,0.342468814912371
"1862","Phagnalon_purpurascens","Dischistus_atlanticus",12,0.500011639209344,2.71819961876356e-05,0.166067709342217
"1863","Phagnalon_purpurascens","Eurytoma_sp_1",7,0.49999999798465,3.53836547223028e-09,0.182545051754928
"1864","Phagnalon_purpurascens","Eurytoma_sp_2",8,0.500000235900455,6.67227245318413e-07,0.350616662899865
"1865","Phagnalon_purpurascens","Geometridae_sp_2",6,0.499999999605737,6.19624333875032e-10,0.179832198647383
"1866","Phagnalon_purpurascens","Goniozus_sp",11,0.500000000173147,6.41646954672577e-10,0.391827893473587
"1867","Phagnalon_purpurascens","Lasioglossum_loetum",6,0.5,0,NA
"1868","Phagnalon_purpurascens","Leptochilus_fortunatus",5,0.50000034467441,6.42144716249486e-07,0.296274646944215
"1869","Phagnalon_purpurascens","Lucilia_sericata",13,0.500111131501726,0.000376223411059887,0.307822043584966
"1870","Phagnalon_purpurascens","Milichiidae_sp",6,0.499992337777201,1.87685361526677e-05,0.363217467648062
"1871","Phagnalon_purpurascens","Nyctia_lugubris",7,0.5,0,NA
"1872","Phagnalon_purpurascens","Oscinimorpha_sp",7,0.500000001713832,4.53474404434116e-09,0.35595412693772
"1873","Phagnalon_purpurascens","Paragus_tibialis",6,0.5,0,NA
"1874","Phagnalon_purpurascens","Phyto_nigrobarbata",6,0.5,0,NA
"1875","Phagnalon_purpurascens","Plagiolepis_schmitzii",20,0.500359288772057,0.00114796477424368,0.177723932980463
"1876","Phagnalon_purpurascens","Platypalpus_sp_1",7,0.500006870557916,1.81709411533349e-05,0.355749564017565
"1877","Phagnalon_purpurascens","Proconura_sp_2",6,0.5,0,NA
"1878","Phagnalon_purpurascens","Pteromalus_sp_2",5,0.500002964944084,6.62980318875563e-06,0.37390010292299
"1879","Phagnalon_purpurascens","Sarcophagidae_sp_4",17,0.499999029766891,1.4416309942104e-05,0.784957725432756
"1880","Phagnalon_purpurascens","Sarcophagidae_sp_5",8,0.5,0,NA
"1881","Phagnalon_purpurascens","Sarcophagidae_sp_6",15,0.500000091187421,3.27876314388343e-07,0.299630701588782
"1882","Phagnalon_purpurascens","Scaptomyza_sp_2",10,0.5,0,NA
"1883","Phagnalon_purpurascens","Sciaridae_sp",15,0.500045663561587,0.000183609436864769,0.351786031490838
"1884","Phagnalon_purpurascens","Tachyagetes_aemulans",9,0.5,0,NA
"1885","Phagnalon_purpurascens","Thysanoptera_sp_1",19,0.500032161099541,0.000138956261414184,0.326413521458061
"1886","Phagnalon_purpurascens","Thysanoptera_sp_2",11,0.499999984528954,5.13116546958635e-08,0.34089313230206
"1887","Phagnalon_purpurascens","Thysanoptera_sp_4",7,0.5,0,NA
"1888","Phagnalon_purpurascens","Urelliosoma_guimari",8,0.500006678225284,1.72423187745374e-05,0.309553833959137
"1889","Phagnalon_saxatile","Anthophora_alluaudi",14,0.50211724772291,0.00316239225987126,0.0263357159316417
"1890","Phagnalon_saxatile","Anthophora_orotavae",6,0.500261768231403,0.000189170715250515,0.0194713934809914
"1891","Phagnalon_saxatile","Aprostocetus_occidentalis",15,0.560234528488808,0.0840697338745305,0.0148972524153922
"1892","Phagnalon_saxatile","Araneidae_sp_1",6,0.500309041054192,0.0115172274106552,0.950142246555769
"1893","Phagnalon_saxatile","Araneidae_sp_2",9,0.500264442679244,0.000698460478233923,0.28890956885589
"1894","Phagnalon_saxatile","Attalus_rugifrons",12,0.49886353822951,0.00336480561109554,0.26672693935052
"1895","Phagnalon_saxatile","Blaesoxipha_sp_1",12,0.524930119517919,0.0828028485844251,0.319344401740593
"1896","Phagnalon_saxatile","Bruchidius_wollastoni",9,0.53808687904218,0.0472083803328712,0.0418274724822047
"1897","Phagnalon_saxatile","Campiglossa_reticulata",9,0.500450159874682,0.000894787902270922,0.169666395909759
"1898","Phagnalon_saxatile","Camponotus_feae",11,0.468927867528625,0.344941495645049,0.771239631861838
"1899","Phagnalon_saxatile","Cecydomyiidae_sp",12,0.501239913926262,0.00178835871386876,0.0351237217895701
"1900","Phagnalon_saxatile","Ceratogoponidae_sp",6,0.503466495540969,0.00822118434853702,0.349026091242148
"1901","Phagnalon_saxatile","Chetogena_acuminata",5,0.507096212900638,0.00708261153319318,0.088586361007107
"1902","Phagnalon_saxatile","Chloropidae_sp_3",7,0.502258688415905,0.00412122164869635,0.197232095007298
"1903","Phagnalon_saxatile","Chloropidae_sp_4",10,0.502715349022362,0.00384820176789402,0.052580707080563
"1904","Phagnalon_saxatile","Chrysomya_albiceps",11,0.507937680600161,0.0130937004359708,0.0721014405395855
"1905","Phagnalon_saxatile","Colias_croceus",6,0.499992973670878,1.19892460651513e-05,0.210615105404303
"1906","Phagnalon_saxatile","Dasytes_subaenescens",8,0.513201553289762,0.0160613692898189,0.0530175495682054
"1907","Phagnalon_saxatile","Empididae_sp_1",6,0.525047808773444,0.0300776077018717,0.0968850583261072
"1908","Phagnalon_saxatile","Estheria_simonyi",21,0.503121593789914,0.0109603462731392,0.206657311340502
"1909","Phagnalon_saxatile","Eumerus_latitarsis",7,0.594845907884225,0.111762106800748,0.0658659797417886
"1910","Phagnalon_saxatile","Eupelmus_testaceiventris",7,0.516726227928441,0.0275212080986496,0.158964918085267
"1911","Phagnalon_saxatile","Exetastes_segmentarius",5,0.500276274425804,0.000271852587155882,0.0854970459461678
"1912","Phagnalon_saxatile","Halictus_fulvipes",7,0.501209893777482,0.00167750763244247,0.1049645392936
"1913","Phagnalon_saxatile","Lasioglossum_loetum",9,0.507398140167086,0.0150855318688764,0.179434827029093
"1914","Phagnalon_saxatile","Lasioglossum_viride",9,0.498532463260637,0.0138608935432196,0.758899036537926
"1915","Phagnalon_saxatile","Lucilia_sericata",7,0.498324370612232,0.0043303853277062,0.345437287382806
"1916","Phagnalon_saxatile","Musca_domestica",7,0.505609156239305,0.00582382411429811,0.0435945937872463
"1917","Phagnalon_saxatile","Neodryophilus_cryptophagoides",7,0.499859622826414,0.000160339070961416,0.0597460073519706
"1918","Phagnalon_saxatile","Nyctia_lugubris",20,0.500915818532491,0.00494925646905077,0.418208968292157
"1919","Phagnalon_saxatile","Osmia_latreillei",5,0.50075642756643,0.00117900182989179,0.224711199444858
"1920","Phagnalon_saxatile","Paratrechina_longicornis",9,0.499848970060117,0.00292272126277923,0.880642888217184
"1921","Phagnalon_saxatile","Pieris_rapae",17,0.503001201062503,0.00812656765522198,0.147353805897699
"1922","Phagnalon_saxatile","Platypalpus_sp_1",7,0.500255029369141,0.000579603542142901,0.288556655013562
"1923","Phagnalon_saxatile","Pteromalus_sp_3",6,0.501007516309666,0.00214145988990908,0.301244375684633
"1924","Phagnalon_saxatile","Rondania_insularis",8,0.502379896417894,0.0047074553105096,0.195813237081888
"1925","Phagnalon_saxatile","Sarcophagidae_sp_5",9,0.563456870004099,0.10011832620817,0.0937573673085097
"1926","Phagnalon_saxatile","Sarcophagidae_sp_8",8,0.497299375590493,0.0139587094877064,0.601228241408674
"1927","Phagnalon_saxatile","Scaeva_albomaculata",7,0.50489359068116,0.00917221670060955,0.20777183556229
"1928","Phagnalon_saxatile","Sciaridae_sp",8,0.502523744294426,0.00795246577017444,0.399211540797936
"1929","Phagnalon_saxatile","Sciaridae_sp_1",10,0.506448621453617,0.0128438700385234,0.146814464383074
"1930","Phagnalon_saxatile","Scymnus_canariensis",5,0.49995139296618,0.00021730088805337,0.643216702446564
"1931","Phagnalon_saxatile","Thomisus_cf_globosum",8,0.509820095527845,0.0210982063582749,0.229476854482969
"1932","Phagnalon_saxatile","Thomisus_cf_onustus",10,0.502321262548114,0.00691890496264878,0.316361038659778
"1933","Phagnalon_saxatile","Thysanoptera_sp_1",23,0.833503239396587,0.217061090160441,2.24777910067214e-07
"1934","Phagnalon_saxatile","Urelliosoma_guimari",7,0.503690578583535,0.00479840291622393,0.0880620377613931
"1935","Plocama_pendula","Agromyzidae_sp_1",14,0.503712424758826,0.00503596559267263,0.0162781147446822
"1936","Plocama_pendula","Alliophleps_elliptica",10,0.501595749922927,0.00486492679245579,0.326677877670363
"1937","Plocama_pendula","Amegilla_quadrifasciata",14,0.503967323282823,0.00705560436675192,0.0554177148398301
"1938","Plocama_pendula","Anaspis_proteus",21,0.53140084562668,0.0479499773721263,0.00706036309561479
"1939","Plocama_pendula","Andrena_vulcana",15,0.504362199870733,0.00880438521271216,0.0756175479986467
"1940","Plocama_pendula","Anthophora_alluaudi",15,0.531896979430681,0.10517641648142,0.259761373408681
"1941","Plocama_pendula","Anthophora_orotavae",7,0.500354719725279,0.00036399076881328,0.0418615073977467
"1942","Plocama_pendula","Apis_mellifera",6,0.505599146453041,0.00520789147792928,0.0463367025718896
"1943","Plocama_pendula","Aprostocetus_occidentalis",12,0.504949986155721,0.0105297651506287,0.131704944457104
"1944","Plocama_pendula","Araneidae_sp_1",7,0.502075933454013,0.00436354998791978,0.254896003069009
"1945","Plocama_pendula","Araneidae_sp_2",6,0.50003396173984,5.38673416273294e-05,0.183163382024139
"1946","Plocama_pendula","Atherigona_varia",7,0.522632198511461,0.00645656072039594,8.88618840316321e-05
"1947","Plocama_pendula","Attagenus_wollastoni",9,0.500328461145256,0.00118638166497269,0.430299981532568
"1948","Plocama_pendula","Attalus_obscurus",9,0.518483697486942,0.0246929622465057,0.054941249273873
"1949","Plocama_pendula","Attalus_rugifrons",7,0.500536614079498,0.00132279002403501,0.32439560191888
"1950","Plocama_pendula","Bombylius_pintuarius",9,0.504440727091259,0.00801617405780841,0.135105406534655
"1951","Plocama_pendula","Bracon_sp",6,0.503921130684085,0.0094602956851819,0.356558895758256
"1952","Plocama_pendula","Bruchidius_wollastoni",11,0.502381548751341,0.0050525616283151,0.149045587856836
"1953","Plocama_pendula","Campiglossa_reticulata",8,0.500956614283969,0.00194435891715107,0.206671538487492
"1954","Plocama_pendula","Camponotus_feae",8,0.672607734572263,0.164821365942258,0.0210438768405273
"1955","Plocama_pendula","Cephalodromia_sp",12,0.499528433764048,0.00143159232745655,0.278072413919154
"1956","Plocama_pendula","Chetogena_acuminata",7,0.51017768872179,0.0104906042714392,0.0425157831071882
"1957","Plocama_pendula","Chrysomya_albiceps",26,0.537177862236826,0.068320132362501,0.0103015820745191
"1958","Plocama_pendula","Coccinella_miranda",5,0.504896992170016,0.00456884053472204,0.0746253543754051
"1959","Plocama_pendula","Curculionidae_sp",6,0.511075644667269,0.00651665463195574,0.00879736622222385
"1960","Plocama_pendula","Dasytes_subaenescens",5,0.501021095591519,0.00205862921461058,0.329573043686611
"1961","Plocama_pendula","Dinarmoides_spilopterus",5,0.507763635330647,0.00970475106340873,0.148154728385784
"1962","Plocama_pendula","Eristalinus_taeniops",13,0.505449470489027,0.00704955348323581,0.0164303534715177
"1963","Plocama_pendula","Estheria_simonyi",7,0.502498754828931,0.00453950757954015,0.195552140983772
"1964","Plocama_pendula","Eucera_gracilipes",7,0.520584129507776,0.0284527560310513,0.104119098187863
"1965","Plocama_pendula","Eumerus_latitarsis",6,0.551150462221652,0.0925790500025016,0.233907485266519
"1966","Plocama_pendula","Exhyalanthrax_canarionae",7,0.50179127680091,0.00280242472533965,0.141764116924683
"1967","Plocama_pendula","Gasteruption_sp",5,0.50088112628616,0.000768302062764927,0.0623449029886725
"1968","Plocama_pendula","Halictus_fulvipes",7,0.500073348202296,0.000121424074096146,0.161111651939614
"1969","Plocama_pendula","Hylaeus_hohmanni",17,0.524380683978161,0.0343845714887054,0.00994316752180201
"1970","Plocama_pendula","Lasioglossum_loetum",8,0.508306002709362,0.0144278027122691,0.14748359331403
"1971","Plocama_pendula","Lasioglossum_viride",11,0.519238380978633,0.0272855161327713,0.0414471895943009
"1972","Plocama_pendula","Lucilia_sericata",24,0.54738780661093,0.047715831492659,6.51625456051001e-05
"1973","Plocama_pendula","Macroglossum_stellatarum",9,0.501663655616496,0.00187606906372363,0.0287906428769969
"1974","Plocama_pendula","Melecta_curvispina",6,0.505256558429973,0.00956527247786447,0.23607469987183
"1975","Plocama_pendula","Musca_domestica",24,0.537026833692961,0.0413586456424275,0.00021518305059223
"1976","Plocama_pendula","Myopites_nigrescens",8,0.505666361500477,0.00574837757818903,0.0269830485480923
"1977","Plocama_pendula","Nyctia_lugubris",9,0.500041653864141,0.000195455131565428,0.540474618365069
"1978","Plocama_pendula","Oscinella_sp_1",7,0.506710853579018,0.0122214826835436,0.196497247570043
"1979","Plocama_pendula","Osmia_canaria",5,0.5,0,NA
"1980","Plocama_pendula","Osmia_latreillei",6,0.499968671790773,0.000132064417181535,0.586402869984167
"1981","Plocama_pendula","Oxyopes_kraepelinorum",5,0.500454537647019,0.000758948141818767,0.25154189163286
"1982","Plocama_pendula","Physiphora_alceae",7,0.507279081802616,0.00949264724222078,0.0888118198520183
"1983","Plocama_pendula","Pieris_rapae",9,0.504498265461741,0.0153983617284854,0.406369143131741
"1984","Plocama_pendula","Plagiolepis_sp_2",21,0.511507222875304,0.0379473324159642,0.179918359858373
"1985","Plocama_pendula","Platypalpus_sp_1",7,0.503755881181798,0.00489332859562537,0.0885717261512197
"1986","Plocama_pendula","Pteromalus_sp_3",5,0.500021708918382,0.000629424198315817,0.942229866232388
"1987","Plocama_pendula","Sarcophagidae_sp_5",15,0.513128088187298,0.0249162549196347,0.0606129355564946
"1988","Plocama_pendula","Sarcophagidae_sp_8",10,0.504157243292835,0.0186247933575004,0.498142182158017
"1989","Plocama_pendula","Scaeva_albomaculata",13,0.508899529365871,0.0116102103559701,0.0171595343662915
"1990","Plocama_pendula","Sciaridae_sp_1",10,0.5018483744832,0.00313463729639685,0.0951027224422128
"1991","Plocama_pendula","Sepsis_sp",8,0.512742515882706,0.00747592093467756,0.00191928672076671
"1992","Plocama_pendula","Sphaeniscus_filiolus",5,0.500102608921595,9.6527035083999e-05,0.0762413355631003
"1993","Plocama_pendula","Stenoselma_sp",5,0.500506117465043,0.00289754859762165,0.716019529346424
"1994","Plocama_pendula","Stomorhina_lunata",5,0.50005409687206,0.000109860487345983,0.332668714284015
"1995","Plocama_pendula","Thomisus_cf_onustus",8,0.500267215593184,0.000637857042985784,0.274719055988513
"1996","Plocama_pendula","Thyridanthrax_indigenus",8,0.504757787516685,0.00645286829612061,0.0754767332631374
"1997","Plocama_pendula","Thysanoptera_sp_1",23,0.576786779351594,0.190973083149457,0.0668201909756762
"1998","Plocama_pendula","Thysanoptera_sp_2",21,0.577279587883368,0.176892328855421,0.0590328606217519
"1999","Plocama_pendula","Thysanoptera_sp_3",11,0.499753615990291,0.00358969375843508,0.82451175475166
"2000","Plocama_pendula","Urelliosoma_guimari",14,0.500918830636822,0.00135687603738209,0.0249487321220806
"2001","Rubia_fruticosa","Agromyzidae_sp_1",7,0.558072120204516,0.0744075958379,0.0844813540796271
"2002","Rubia_fruticosa","Agromyzidae_sp_2",5,0.507513296794419,0.00655014186740967,0.0623162046910993
"2003","Rubia_fruticosa","Alliophleps_elliptica",6,0.498746177854432,0.00669387226948221,0.665624242157773
"2004","Rubia_fruticosa","Amegilla_canifrons",5,0.500710616288354,0.00051762975266437,0.0373025907150392
"2005","Rubia_fruticosa","Amegilla_quadrifasciata",11,0.502618026851876,0.00351964360899087,0.0332744888380721
"2006","Rubia_fruticosa","Anaspis_proteus",12,0.623468285724336,0.131894993316398,0.00783511634251736
"2007","Rubia_fruticosa","Andrena_vulcana",10,0.512083281368517,0.0193386722320105,0.0795869824390635
"2008","Rubia_fruticosa","Andrena_wollastoni",7,0.507495801299318,0.0133834573619788,0.188896159033935
"2009","Rubia_fruticosa","Anthophora_alluaudi",33,0.495834558785574,0.0638767474734685,0.710424376315009
"2010","Rubia_fruticosa","Anthophora_orotavae",18,0.502296267045178,0.00413745964273075,0.0308209385442322
"2011","Rubia_fruticosa","Apis_mellifera",25,0.520163888872748,0.0366896876393778,0.0112020880150686
"2012","Rubia_fruticosa","Araneidae_sp_1",6,0.503081876757537,0.00358726263877831,0.0892539002673328
"2013","Rubia_fruticosa","Attagenus_wollastoni",6,0.503833483303749,0.0115137115633015,0.451839738433606
"2014","Rubia_fruticosa","Attalus_obscurus",6,0.545500532033079,0.0824271244840143,0.234269810230633
"2015","Rubia_fruticosa","Attalus_rugifrons",6,0.498929071521565,0.00446562359660376,0.582441347620489
"2016","Rubia_fruticosa","Aulacoderus_canariensis",8,0.501277480633033,0.00250304431657157,0.192085865352922
"2017","Rubia_fruticosa","Blaesoxipha_sp_1",8,0.50008382516926,0.000335307380325426,0.502362276698555
"2018","Rubia_fruticosa","Bombylius_pintuarius",13,0.511043753889662,0.0123720134074497,0.0073755339253703
"2019","Rubia_fruticosa","Bracon_sp",6,0.506857917894827,0.0102746378576035,0.162989541801245
"2020","Rubia_fruticosa","Bruchidius_wollastoni",8,0.506160485143553,0.0264296159242674,0.530799442266895
"2021","Rubia_fruticosa","Campiglossa_reticulata",6,0.500049365692086,8.65919939605995e-05,0.221407341926317
"2022","Rubia_fruticosa","Camponotus_feae",5,0.765345555540609,0.220878225861077,0.0548720919013978
"2023","Rubia_fruticosa","Cecydomyiidae_sp",9,0.498501239830512,0.00795220826911406,0.587295558797712
"2024","Rubia_fruticosa","Cephalodromia_sp",6,0.498338508602181,0.00156105476435119,0.0478378330982793
"2025","Rubia_fruticosa","Ceratogoponidae_sp",7,0.517915093820922,0.0144595988679155,0.0168642147582971
"2026","Rubia_fruticosa","Chalicodoma_canescens",10,0.499943461273456,0.000121144209508377,0.174090661923618
"2027","Rubia_fruticosa","Chetogena_acuminata",24,0.520245018807543,0.0228114800843611,0.000236614086052998
"2028","Rubia_fruticosa","Chironomidae_sp",6,0.516334085844664,0.0370409213062494,0.329395533624665
"2029","Rubia_fruticosa","Chironomidae_sp_1",7,0.507990247283953,0.00969861830115093,0.0720898153726958
"2030","Rubia_fruticosa","Chloropidae_sp",9,0.500830901440319,0.00206879955440138,0.262671368447688
"2031","Rubia_fruticosa","Chloropidae_sp_3",10,0.512339981968245,0.0156989410804942,0.0346672019315509
"2032","Rubia_fruticosa","Chloropidae_sp_4",10,0.506486685014984,0.0138356953310921,0.172329059986812
"2033","Rubia_fruticosa","Chrysomya_albiceps",28,0.581322525133351,0.152999595618465,0.00904921903877634
"2034","Rubia_fruticosa","Colias_croceus",12,0.499662421070509,0.00193595120373553,0.558063710438114
"2035","Rubia_fruticosa","Colletes_dimidiatus",26,0.540501941190786,0.0534825866173976,0.000706584663191193
"2036","Rubia_fruticosa","Curculionidae_sp",8,0.517877529054981,0.0294273159418403,0.129434745454244
"2037","Rubia_fruticosa","Dasytes_subaenescens",23,0.506255663757345,0.0093560053843307,0.00406816476434673
"2038","Rubia_fruticosa","Delia_flavibasis",7,0.50820485529039,0.00624119073170422,0.0131716409427224
"2039","Rubia_fruticosa","Dilophus_hiemalis",6,0.54209602714758,0.0343083754447965,0.0299097361129448
"2040","Rubia_fruticosa","Empis_sp_1",8,0.504403522013378,0.00569112362174777,0.0648218682614076
"2041","Rubia_fruticosa","Eristalinus_aeneus",6,0.500156755161304,0.000898876466426641,0.687028045134574
"2042","Rubia_fruticosa","Eristalinus_taeniops",18,0.509447698652452,0.0123446248798625,0.00474226531466513
"2043","Rubia_fruticosa","Eristalis_tenax",5,0.497850246923485,0.00552975998339445,0.433737431323937
"2044","Rubia_fruticosa","Estheria_simonyi",29,0.563732192052282,0.064351070725622,1.1154898197077e-05
"2045","Rubia_fruticosa","Eucera_gracilipes",12,0.52003613261521,0.0345459613137711,0.0697049056939009
"2046","Rubia_fruticosa","Euderus_sp",12,0.500600296692038,0.0010154788102735,0.0652233301638705
"2047","Rubia_fruticosa","Eumerus_latitarsis",39,0.588888415330989,0.103456486022289,4.21660586416439e-06
"2048","Rubia_fruticosa","Eurytoma_sp_2",9,0.501627240033679,0.00295403898610166,0.137022577118772
"2049","Rubia_fruticosa","Exetastes_segmentarius",5,0.505000601317816,0.00527033334000439,0.101156510449627
"2050","Rubia_fruticosa","Exhyalanthrax_canarionae",12,0.505585302826828,0.00864236230553474,0.0468039493910665
"2051","Rubia_fruticosa","Gasteruption_sp",6,0.510605844964735,0.0127679651318429,0.097525863099862
"2052","Rubia_fruticosa","Geometridae_sp",10,0.507416910863051,0.0125493808983767,0.0944546000882831
"2053","Rubia_fruticosa","Halictus_fulvipes",10,0.499991095651431,1.89231423466617e-05,0.170921509970606
"2054","Rubia_fruticosa","Hylaeus_hohmanni",12,0.519594851575638,0.0422872489000243,0.13675691989133
"2055","Rubia_fruticosa","Lasioglossum_arctifrons",8,0.499926149469977,0.000100242883238176,0.0756653452496131
"2056","Rubia_fruticosa","Lasioglossum_loetum",29,0.548981619534158,0.0677739621593871,0.000560969943980417
"2057","Rubia_fruticosa","Lasioglossum_viride",42,0.532465611121667,0.0713726518790261,0.0052602385019108
"2058","Rubia_fruticosa","Leptochilus_cruentatus",8,0.49991890891591,0.0044193516702601,0.960059097319785
"2059","Rubia_fruticosa","Leptochilus_eatoni",5,0.502583748463834,0.00386139889358411,0.208935241429803
"2060","Rubia_fruticosa","Lucilia_sericata",30,0.570609292133842,0.0842474718362089,7.90360823840813e-05
"2061","Rubia_fruticosa","Megaselia_sp_1",6,0.505643025729112,0.0127835936573523,0.328946650955356
"2062","Rubia_fruticosa","Melecta_curvispina",8,0.509528062867278,0.0170280601866946,0.157517041671319
"2063","Rubia_fruticosa","Meligethes_canariensis",10,0.504443289658142,0.0109071062572119,0.229796127024987
"2064","Rubia_fruticosa","Musca_domestica",10,0.518239481174221,0.0444939327645686,0.22711762056802
"2065","Rubia_fruticosa","Myathropa_florea",16,0.52554947698628,0.0391724130237232,0.019744923945161
"2066","Rubia_fruticosa","Myopites_nigrescens",24,0.500545788728462,0.00803039054808979,0.742179650146916
"2067","Rubia_fruticosa","Neodryophilus_cryptophagoides",9,0.505933212338026,0.0153450570317985,0.279510501918416
"2068","Rubia_fruticosa","Nyctia_lugubris",7,0.505497748627699,0.0114542064049014,0.251145960623693
"2069","Rubia_fruticosa","Osmia_canaria",10,0.500012208271016,2.39706230561263e-05,0.141737381832872
"2070","Rubia_fruticosa","Osmia_latreillei",13,0.500249486219534,0.00115215855369518,0.450083535305426
"2071","Rubia_fruticosa","Oxyopes_kraepelinorum",8,0.499790398130261,0.000653066394248854,0.394169230033469
"2072","Rubia_fruticosa","Paratrechina_longicornis",6,0.506737350225876,0.00688903279658495,0.0619602693822664
"2073","Rubia_fruticosa","Perilampus_sp_1",7,0.497049913383263,0.0139582852147614,0.59627734900415
"2074","Rubia_fruticosa","Perilampus_sp_2",10,0.504995018853909,0.00608775592898035,0.0289911915418278
"2075","Rubia_fruticosa","Phthiria_simonyi",13,0.511478763461309,0.016053102805601,0.0241800964998306
"2076","Rubia_fruticosa","Pieris_rapae",11,0.499999314403544,0.00240189547254195,0.999263264977178
"2077","Rubia_fruticosa","Plagiolepis_schmitzii",8,0.544025977855824,0.0791890669372226,0.159832994683182
"2078","Rubia_fruticosa","Plagiolepis_sp_2",22,0.569380470127244,0.126884305325594,0.0180553488551574
"2079","Rubia_fruticosa","Platypalpus_sp",5,0.538397955081753,0.0758142235147242,0.320704901289032
"2080","Rubia_fruticosa","Pteromalus_sp_3",6,0.502859766562372,0.00403076970678689,0.14273557134832
"2081","Rubia_fruticosa","Rondania_insularis",5,0.502099206971038,0.00251129832187196,0.134965221967992
"2082","Rubia_fruticosa","Sarcophagidae_sp_3",6,0.503430740243826,0.00324485793674066,0.0488481378530286
"2083","Rubia_fruticosa","Sarcophagidae_sp_5",19,0.513876929048572,0.132897516815398,0.654444328160904
"2084","Rubia_fruticosa","Sarcophagidae_sp_8",7,0.502310816585043,0.00643888318768362,0.379017425346378
"2085","Rubia_fruticosa","Scaeva_albomaculata",19,0.504129328726902,0.00801097783031672,0.0374325200256844
"2086","Rubia_fruticosa","Scenopinus_sp",5,0.493583376053488,0.00962068031952968,0.210131579039043
"2087","Rubia_fruticosa","Sciaridae_sp",5,0.506597705251596,0.00603129247391655,0.0707446645545007
"2088","Rubia_fruticosa","Sciaridae_sp_1",14,0.507613344973732,0.0127697776701728,0.0439380347819239
"2089","Rubia_fruticosa","Scymnus_canariensis",9,0.50328441696144,0.00500058558300786,0.0842889503322197
"2090","Rubia_fruticosa","Sepsis_sp",8,0.525912187242602,0.0211439601152323,0.010458451891742
"2091","Rubia_fruticosa","Spathulina_sicula",5,0.499906069159675,0.00021003574415037,0.373900966300059
"2092","Rubia_fruticosa","Stenoselma_sp",10,0.499453282195346,0.00776665242772747,0.82881486574084
"2093","Rubia_fruticosa","Syritta_pipiens",15,0.483953716570058,0.0680838828640383,0.376799010597427
"2094","Rubia_fruticosa","Tachina_canariensis",13,0.510943343248964,0.0171924933249072,0.0405629123418718
"2095","Rubia_fruticosa","Tethina_marmorata",6,0.520427822536743,0.0272203290278539,0.125429742084575
"2096","Rubia_fruticosa","Thaumatomyia_notata",13,0.505667544617942,0.00559142918698603,0.00329845423688975
"2097","Rubia_fruticosa","Themnothorax_hesperius",7,0.531655334474182,0.0841878165283117,0.358233195344956
"2098","Rubia_fruticosa","Themnothorax_risii",10,0.501903026474163,0.00185739998266077,0.0101593395254986
"2099","Rubia_fruticosa","Thomisus_cf_globosum",5,0.500050106657475,0.000112460808150116,0.375503179873358
"2100","Rubia_fruticosa","Thomisus_cf_onustus",20,0.505635727399787,0.00615792140170658,0.000619716240805759
"2101","Rubia_fruticosa","Thyridanthrax_indigenus",9,0.536353401201928,0.0654125806296598,0.134019367145593
"2102","Rubia_fruticosa","Thysanoptera_sp_1",43,0.566926412790083,0.248441097140514,0.0845829421229614
"2103","Rubia_fruticosa","Thysanoptera_sp_2",39,0.526402931317696,0.0930824199294295,0.0845142557363652
"2104","Rubia_fruticosa","Thysanoptera_sp_3",14,0.495653871010895,0.00992489646665769,0.125285698722506
"2105","Rubia_fruticosa","Thysanoptera_sp_7",10,0.396831223006029,0.22290371173075,0.177326717082548
"2106","Rubia_fruticosa","Urelliosoma_guimari",13,0.500601876306355,0.000959786595079061,0.0431315165425652
"2107","Rubia_fruticosa","Villa_nigriceps",6,0.50017854756751,0.000257938265109072,0.150736656697206
"2108","Salvia_aegyptiaca","Amegilla_quadrifasciata",5,0.500053780980129,9.11458162102115e-05,0.257488762953654
"2109","Salvia_aegyptiaca","Anaspis_cf_canariensis",7,0.509971793616348,0.0139382721530191,0.10722940601699
"2110","Salvia_aegyptiaca","Anaspis_proteus",8,0.500177872597152,0.000176966227036787,0.0249402838569668
"2111","Salvia_aegyptiaca","Aphthona_wachnitzae",7,0.499970420627231,0.000121838038550423,0.544408184912841
"2112","Salvia_aegyptiaca","Apis_mellifera",8,0.500242639607181,0.000759077531380079,0.395985871977936
"2113","Salvia_aegyptiaca","Aprostocetus_occidentalis",5,0.495758225892153,0.00998064107270871,0.395758789403295
"2114","Salvia_aegyptiaca","Araneae_sp_1",8,0.500015776800639,3.21641497414793e-05,0.207892947759434
"2115","Salvia_aegyptiaca","Attagenus_abbreviatus",5,0.499995893429427,1.03711051690189e-05,0.425958581862145
"2116","Salvia_aegyptiaca","Attalus_olivensis",6,0.500054293567911,6.95179760088924e-05,0.113939285110552
"2117","Salvia_aegyptiaca","Attalus_rugifrons",6,0.500390274369745,8.42962684976748e-05,9.32397308193991e-05
"2118","Salvia_aegyptiaca","Aulacoderus_canariensis",9,0.503573153550836,0.00971377322720723,0.301881151938832
"2119","Salvia_aegyptiaca","Blaesoxipha_sp_1",6,0.500003453480895,5.64908640366879e-06,0.194537885180684
"2120","Salvia_aegyptiaca","Campiglossa_martii",8,0.500041646117462,0.000132825953001101,0.404611333298338
"2121","Salvia_aegyptiaca","Camponotus_cfr_feae",7,0.500088957571062,0.000158835187243453,0.188908038894965
"2122","Salvia_aegyptiaca","Camponotus_feae",14,0.552441910195091,0.129822180915316,0.154595788448122
"2123","Salvia_aegyptiaca","Chetogena_acuminata",7,0.499999542794139,3.1273855225867e-05,0.9704008854847
"2124","Salvia_aegyptiaca","Chloropidae_sp_2",5,0.500036163441987,4.30608993092194e-05,0.133605625405254
"2125","Salvia_aegyptiaca","Chrysomya_albiceps",5,0.500011657022051,3.55361547071921e-05,0.503923955428237
"2126","Salvia_aegyptiaca","Dasytes_lanzarotensis",9,0.500319190669559,0.000951332114200302,0.3436174868842
"2127","Salvia_aegyptiaca","Dischistus_atlanticus",10,0.500044551677449,0.000121114498967241,0.274646187007932
"2128","Salvia_aegyptiaca","Empididae_sp_1",10,0.504066349541669,0.0050168457163709,0.0305289680458106
"2129","Salvia_aegyptiaca","Eumerus_latitarsis",9,0.50506088493893,0.0121897626838116,0.248180647755699
"2130","Salvia_aegyptiaca","Eupelmus_testaceiventris",6,0.499793307603376,0.000250593767727856,0.099324019258253
"2131","Salvia_aegyptiaca","Eurytoma_sp_2",6,0.500028405404363,0.000114122595505291,0.568711528732851
"2132","Salvia_aegyptiaca","Exetastes_segmentarius",8,0.499900672296912,0.000151463574986939,0.106010927092385
"2133","Salvia_aegyptiaca","Lasioglossum_loetum",15,0.52123560015937,0.0736895721017735,0.283168946172184
"2134","Salvia_aegyptiaca","Lucilia_sericata",13,0.499980626454682,0.00122323275024012,0.955401659217146
"2135","Salvia_aegyptiaca","Milichiidae_sp",7,0.500039433924762,8.77543707931019e-05,0.279389319702124
"2136","Salvia_aegyptiaca","Musca_domestica",6,0.501656946845866,0.00216568667894565,0.119783738902401
"2137","Salvia_aegyptiaca","Musca_osiris",7,0.500017207236413,3.34408884396113e-05,0.222294723443931
"2138","Salvia_aegyptiaca","Myopites_nigrescens",6,0.499934642742977,0.000717276222035517,0.83221626255895
"2139","Salvia_aegyptiaca","Nyctia_lugubris",10,0.500073610587828,0.000244191448150148,0.365359099823852
"2140","Salvia_aegyptiaca","Osmia_latreillei",6,0.50003479243279,5.67259890628225e-05,0.193313096569304
"2141","Salvia_aegyptiaca","Paragus_tibialis",6,0.500027399968985,7.93346465596497e-05,0.436165547372615
"2142","Salvia_aegyptiaca","Phyto_nigrobarbata",9,0.500021827374365,3.88074423269871e-05,0.130014878202547
"2143","Salvia_aegyptiaca","Pieris_rapae",5,0.500008288036806,2.18041469656803e-05,0.443230233879805
"2144","Salvia_aegyptiaca","Plagiolepis_schmitzii",19,0.523272544130459,0.0532879070924875,0.0730670667970883
"2145","Salvia_aegyptiaca","Proconura_sp_2",7,0.500005662386839,1.45666648638626e-05,0.343395601930897
"2146","Salvia_aegyptiaca","Pteromalus_sp_2",5,0.499858513246365,0.000182292309920879,0.157659491697064
"2147","Salvia_aegyptiaca","Sarcophagidae_sp_5",13,0.500579400223669,0.00340796706572325,0.551322658033444
"2148","Salvia_aegyptiaca","Sarcophagidae_sp_6",8,0.499996588664573,2.24277674694317e-05,0.679975282467836
"2149","Salvia_aegyptiaca","Sarcophagidae_sp_8",7,0.50004667305725,0.000394038601094311,0.764597321466305
"2150","Salvia_aegyptiaca","Scaeva_albomaculata",5,0.499980177044978,4.45489774456671e-05,0.376060299534113
"2151","Salvia_aegyptiaca","Scaptomyza_sp_2",7,0.50011637601572,0.000267997342130853,0.29432774001929
"2152","Salvia_aegyptiaca","Sciaridae_sp",11,0.500369273412786,0.00153094570629838,0.442305915643282
"2153","Salvia_aegyptiaca","Sciaridae_sp_1",6,0.499317411989764,0.000906010320564459,0.124274382038803
"2154","Salvia_aegyptiaca","Tachyagetes_aemulans",7,0.500603249909566,0.00157940587965871,0.351239608705735
"2155","Salvia_aegyptiaca","Thysanoptera_sp_1",15,0.558394990967348,0.126339876724266,0.0950789723780213
"2156","Salvia_aegyptiaca","Thysanoptera_sp_2",12,0.501094823133884,0.00329583507940152,0.274248533236896
"2157","Salvia_aegyptiaca","Thysanoptera_sp_4",8,0.500000443513631,6.61583471237366e-07,0.0997726699393821
"2158","Salvia_aegyptiaca","Trupanea_augur",7,0.500321808744225,0.00077468102823423,0.313872028410087
"2159","Salvia_aegyptiaca","Urelliosoma_guimari",12,0.500272362552979,0.000605033070495468,0.147189594654947
"2160","Satureja_kuegleri","Agromyzidae_sp_1",9,0.496898274621162,0.013903663118492,0.522170904430624
"2161","Satureja_kuegleri","Ammophila_terminata",7,0.500028145231311,7.37078033944969e-05,0.351354856185127
"2162","Satureja_kuegleri","Anaspis_proteus",7,0.513174578665131,0.0127894934770055,0.0343947030685106
"2163","Satureja_kuegleri","Anthophora_alluaudi",9,0.499861913730538,0.000547201971782466,0.470726806984323
"2164","Satureja_kuegleri","Anthophora_orotavae",5,0.500061354632478,0.000137193128955337,0.373900966299904
"2165","Satureja_kuegleri","Apis_mellifera",11,0.503925619390152,0.011813113965696,0.296215747316922
"2166","Satureja_kuegleri","Aprostocetus_occidentalis",6,0.500267233164959,0.0162353851039193,0.969399672432757
"2167","Satureja_kuegleri","Aprostocetus_sp_2",5,0.500001013214217,1.14728473032974e-05,0.853083832598087
"2168","Satureja_kuegleri","Attagenus_wollastoni",6,0.509425453791033,0.010863100098063,0.0869178924408149
"2169","Satureja_kuegleri","Attalus_ruficollis",8,0.502280411718731,0.00244449317663972,0.0334927372503151
"2170","Satureja_kuegleri","Camponotus_feae",11,0.602889998602845,0.215237927509548,0.143948769489386
"2171","Satureja_kuegleri","Cecydomyiidae_sp",6,0.500166366035164,0.000548494954751916,0.490915016799055
"2172","Satureja_kuegleri","Ceratogoponidae_sp",5,0.501740612408837,0.00216870768378101,0.147147329589203
"2173","Satureja_kuegleri","Chloropidae_sp_4",6,0.500972928954645,0.00107972410011189,0.0783790434626088
"2174","Satureja_kuegleri","Chloropidae_sp_6",6,0.500006743310486,1.6517669867863e-05,0.363217467649123
"2175","Satureja_kuegleri","Chrysomya_albiceps",5,0.517262551405241,0.0351959549126011,0.334354953876022
"2176","Satureja_kuegleri","Colias_croceus",6,0.50002383888274,1.91583264395897e-05,0.0284917857917515
"2177","Satureja_kuegleri","Colletes_dimidiatus",8,0.510415437266746,0.0109424309643992,0.0309865051164576
"2178","Satureja_kuegleri","Dasytes_subaenescens",7,0.501407393897282,0.00176754291109405,0.0797399613707763
"2179","Satureja_kuegleri","Dinarmoides_spilopterus",6,0.502868029240264,0.00381243687393091,0.124712532603618
"2180","Satureja_kuegleri","Empis_sp_1",8,0.501253567230576,0.00112356892901041,0.0160245704959323
"2181","Satureja_kuegleri","Eristalinus_aeneus",5,0.50347363095589,0.0045793771188465,0.165099729097495
"2182","Satureja_kuegleri","Eristalinus_taeniops",8,0.500105308204591,0.000215945132235757,0.21025119071874
"2183","Satureja_kuegleri","Estheria_simonyi",7,0.499932402235726,0.00829545334719629,0.983498340395427
"2184","Satureja_kuegleri","Euderus_sp",10,0.500082755638503,0.000275952317725376,0.367724065696577
"2185","Satureja_kuegleri","Eumerus_latitarsis",8,0.507649985211001,0.00869882148578604,0.0417553649855138
"2186","Satureja_kuegleri","Eupelmus_sp",6,0.506851341958014,0.0088116538843305,0.115187878886065
"2187","Satureja_kuegleri","Eurytoma_sp_1",8,0.500318896206174,0.00113482808623009,0.452824097812149
"2188","Satureja_kuegleri","Lasioglossum_loetum",7,0.508752193099905,0.00513385031634887,0.00405842292896026
"2189","Satureja_kuegleri","Lasioglossum_viride",12,0.506878021643798,0.00935314662334074,0.027120551311407
"2190","Satureja_kuegleri","Leptochilus_eatoni",9,0.500395866020481,0.000210554553959403,0.000486853052059902
"2191","Satureja_kuegleri","Lucilia_sericata",13,0.500994119186347,0.0200310147322091,0.860970539772927
"2192","Satureja_kuegleri","Megachile_canariensis",7,0.499621476208671,0.00118867959715045,0.431795717445398
"2193","Satureja_kuegleri","Monomorium_subopacum",5,0.499514226236939,0.00118159544092166,0.409966078899953
"2194","Satureja_kuegleri","Myathropa_florea",5,0.50888310979727,0.00864519086842347,0.0831578364325692
"2195","Satureja_kuegleri","Myopites_nigrescens",12,0.502592384853451,0.00473661075871809,0.0845304850316885
"2196","Satureja_kuegleri","Neodryophilus_cryptophagoides",7,0.50145980535198,0.00137349418966274,0.0306748450845943
"2197","Satureja_kuegleri","Nomioides_fortunatus",5,0.500000370337897,4.69011788652508e-07,0.152213742729868
"2198","Satureja_kuegleri","Oscinella_sp_1",7,0.511368549261045,0.0176511515364407,0.139259775622233
"2199","Satureja_kuegleri","Oxyopes_cf_kraepelinorum",6,0.505083572869077,0.00762890694784441,0.163558689694759
"2200","Satureja_kuegleri","Paratrechina_longicornis",5,0.50065893981443,0.000975102082419736,0.205300743481979
"2201","Satureja_kuegleri","Phthiria_simonyi",6,0.501016510863908,0.00229427534766701,0.327329449095231
"2202","Satureja_kuegleri","Phyto_discrepans",12,0.499823502779659,0.00118885910925444,0.617231624091504
"2203","Satureja_kuegleri","Plagiolepis_sp_2",8,0.537140442427548,0.0625241142256859,0.136820092552952
"2204","Satureja_kuegleri","Pteromalus_sp_3",8,0.502278265782387,0.0028684735042094,0.059508124283818
"2205","Satureja_kuegleri","Pteromalus_sp_4",6,0.501982472811526,0.00473545833479859,0.352171210691599
"2206","Satureja_kuegleri","Rondania_insularis",7,0.504179278692775,0.0103181899957531,0.325084537426247
"2207","Satureja_kuegleri","Sarcophagidae_sp_3",8,0.500112550723988,0.000829377067876773,0.712495334604781
"2208","Satureja_kuegleri","Sarcophagidae_sp_8",6,0.499112303201559,0.0238870496516744,0.931004189138538
"2209","Satureja_kuegleri","Scenopinus_sp",8,0.500581395710504,0.00117344501435086,0.203847237080713
"2210","Satureja_kuegleri","Sciaridae_sp",7,0.501786405075491,0.00200970700404616,0.0569199954732124
"2211","Satureja_kuegleri","Sibinia_sericea",9,0.500493806810784,0.000500401978509337,0.0181334428343999
"2212","Satureja_kuegleri","Spathulina_sicula",5,0.500248430381604,0.000555778513591695,0.37411058426236
"2213","Satureja_kuegleri","Stomorhina_lunata",7,0.500025943747891,0.000197520989419453,0.740073339819844
"2214","Satureja_kuegleri","Synthesomyia_nudiseta",8,0.499608787409348,0.00103855266268481,0.322040553840352
"2215","Satureja_kuegleri","Syritta_pipiens",9,0.500621689724756,0.000904148324088398,0.0730426148109548
"2216","Satureja_kuegleri","Thaumatomyia_notata",6,0.50094740098031,0.00192101924581794,0.28105062519059
"2217","Satureja_kuegleri","Themnothorax_hesperius",6,0.557052972774421,0.103696220131387,0.235599162772666
"2218","Satureja_kuegleri","Thysanoptera_sp_1",7,0.503348192996672,0.0473649355318433,0.857803956947024
"2219","Satureja_kuegleri","Thysanoptera_sp_2",9,0.572464048832383,0.159384412994515,0.209719620216839
"2220","Satureja_kuegleri","Urelliosoma_guimari",9,0.500745830105382,0.00230724964606508,0.360565367780591
"2221","Satureja_kuegleri","Villa_nigriceps",8,0.500034342928489,3.52006156253948e-05,0.0281158060367644
"2222","Schizogyne_sericea","Agromyzidae_sp_1",8,0.514104851415409,0.0151336496643198,0.0336110075426936
"2223","Schizogyne_sericea","Amegilla_quadrifasciata",16,0.500933848371676,0.00370529589179158,0.329382053378612
"2224","Schizogyne_sericea","Anaspis_proteus",29,0.612200687592689,0.110721538356654,7.96158141655246e-06
"2225","Schizogyne_sericea","Andrena_vulcana",6,0.497450231948823,0.00766601902906862,0.452278259204887
"2226","Schizogyne_sericea","Anthophora_alluaudi",32,0.501981775400398,0.00741013910122243,0.140440532323251
"2227","Schizogyne_sericea","Anthophora_orotavae",9,0.499900073641155,0.000416509977740403,0.492173213072314
"2228","Schizogyne_sericea","Apis_mellifera",27,0.506500264435087,0.0123535468803745,0.0111063916849363
"2229","Schizogyne_sericea","Aprostocetus_occidentalis",6,0.502496630324723,0.0126611546343474,0.649494931241024
"2230","Schizogyne_sericea","Attagenus_wollastoni",10,0.552374122967167,0.105729739098943,0.15168275712928
"2231","Schizogyne_sericea","Attalus_crispus",5,0.500006901947383,2.39814868215719e-05,0.554909051790756
"2232","Schizogyne_sericea","Attalus_ruficollis",5,0.505551793784504,0.00564351658064455,0.0926810118766658
"2233","Schizogyne_sericea","Aulacoderus_canariensis",5,0.500524413601122,0.00616758485160504,0.858468520540969
"2234","Schizogyne_sericea","Bassus_sp",8,0.502795344180415,0.00462482168518537,0.131092952601941
"2235","Schizogyne_sericea","Blaesoxipha_sp_1",8,0.502364687200224,0.0039883273580903,0.137448198263073
"2236","Schizogyne_sericea","Bombylius_pintuarius",8,0.499092615600924,0.00334775788385543,0.468366044751304
"2237","Schizogyne_sericea","Bracon_sp",9,0.509587962386273,0.0125146647572443,0.0505958998312675
"2238","Schizogyne_sericea","Camponotus_feae",13,0.626543172693638,0.284006905855528,0.134141322619235
"2239","Schizogyne_sericea","Cecydomyiidae_sp",7,0.502908287338628,0.00722333832511739,0.327744396949916
"2240","Schizogyne_sericea","Ceratogoponidae_sp",7,0.497388699651595,0.00951851094348212,0.495266747351917
"2241","Schizogyne_sericea","Chetogena_acuminata",13,0.497228292211432,0.00821708957756397,0.247295173687444
"2242","Schizogyne_sericea","Chironomidae_sp_1",5,0.499325347586192,0.00187319374421825,0.465767036718117
"2243","Schizogyne_sericea","Chloropidae_sp",6,0.505472526252798,0.00342039064680344,0.0111919685430828
"2244","Schizogyne_sericea","Chloropidae_sp_4",8,0.500042437824174,7.86941054887581e-05,0.171013038551503
"2245","Schizogyne_sericea","Chloropidae_sp_5",6,0.499935426756352,0.00241843323592352,0.950388008222854
"2246","Schizogyne_sericea","Chrysomya_albiceps",18,0.493295661112218,0.0930450232031699,0.763542860499217
"2247","Schizogyne_sericea","Coccinella_miranda",7,0.502330644059253,0.00364012011213945,0.141207455506701
"2248","Schizogyne_sericea","Colletes_dimidiatus",11,0.489685475044874,0.0282354486845808,0.253526235341448
"2249","Schizogyne_sericea","Crematogaster_alluaudi",6,0.501588214549736,0.00203449654153275,0.114067461918347
"2250","Schizogyne_sericea","Cryptocephalus_gounellei",5,0.511946311214546,0.00780224100650098,0.0266886611702306
"2251","Schizogyne_sericea","Cryptocephalus_nitidicollis",5,0.501907282118394,0.00260180445310552,0.176519842668585
"2252","Schizogyne_sericea","Curculionidae_sp",8,0.491136967730737,0.00409066610605718,0.00047764204514203
"2253","Schizogyne_sericea","Dasytes_subaenescens",16,0.518921347886637,0.0361293176898757,0.0535719502839617
"2254","Schizogyne_sericea","Dinarmoides_spilopterus",10,0.504300550770148,0.00391711713022789,0.00702854472962207
"2255","Schizogyne_sericea","Elasmus_platyedrae",7,0.50379676859035,0.00787339060484315,0.249170843965442
"2256","Schizogyne_sericea","Empis_sp_1",6,0.498137105281961,0.0048871627789721,0.393319343431187
"2257","Schizogyne_sericea","Eristalinus_aeneus",12,0.505847828970595,0.00829582460922741,0.0327130330157289
"2258","Schizogyne_sericea","Eristalinus_taeniops",20,0.50290094585558,0.0225292668257852,0.571476569772906
"2259","Schizogyne_sericea","Eristalis_tenax",8,0.501679727951139,0.00240336314777077,0.0885976656651393
"2260","Schizogyne_sericea","Estheria_simonyi",14,0.508429019901809,0.019156804086499,0.123642829365118
"2261","Schizogyne_sericea","Eucera_gracilipes",13,0.501649701766816,0.00153522323110077,0.00221014821631809
"2262","Schizogyne_sericea","Eumerus_latitarsis",10,0.522157141536261,0.0557334936702077,0.240332217239657
"2263","Schizogyne_sericea","Eumerus_nivariae",5,0.500517379020477,0.000866220024302656,0.25262105473895
"2264","Schizogyne_sericea","Eupelmus_sp",6,0.500409657917525,0.000634596414234266,0.174663769681453
"2265","Schizogyne_sericea","Eurytoma_sp_1",6,0.499663030237061,0.00133528366765251,0.563543996780202
"2266","Schizogyne_sericea","Exhyalanthrax_canarionae",9,0.499764227853214,0.00227662007230242,0.763979075694574
"2267","Schizogyne_sericea","Fannia_sp",7,0.503786748227649,0.0133070672141811,0.480001534637985
"2268","Schizogyne_sericea","Gasteruption_sp",8,0.500353140134102,0.00147353245571538,0.519637305911514
"2269","Schizogyne_sericea","Geometridae_sp",6,0.509044653194671,0.0108517309553109,0.096672755383283
"2270","Schizogyne_sericea","Holepyris_sp",5,0.551203689092457,0.0477293444010246,0.0744501656664727
"2271","Schizogyne_sericea","Hylaeus_ater",8,0.500332276909622,0.000434288647603383,0.0672051528223015
"2272","Schizogyne_sericea","Hylaeus_hohmanni",9,0.489515858522257,0.0188203771426571,0.133228609590078
"2273","Schizogyne_sericea","Lasioglossum_loetum",25,0.527453629282541,0.0475013674602824,0.00805130011624352
"2274","Schizogyne_sericea","Lasioglossum_viride",21,0.541565657281058,0.0822872074577977,0.0313695889063996
"2275","Schizogyne_sericea","Leptochilus_eatoni",6,0.502926313767057,0.00541570508481148,0.242937133156632
"2276","Schizogyne_sericea","Lucilia_sericata",29,0.478711080386114,0.11403748082447,0.323351414472062
"2277","Schizogyne_sericea","Macroglossum_stellatarum",11,0.499086648785085,0.00294457527497886,0.327835626807987
"2278","Schizogyne_sericea","Malthinus_mutabilis",6,0.501245103970012,0.00272866292161048,0.314496380864809
"2279","Schizogyne_sericea","Megachile_canariensis",5,0.499648451891638,0.00280764637816522,0.793374990561221
"2280","Schizogyne_sericea","Melecta_curvispina",10,0.499604964697779,0.00116362208519451,0.310961891889402
"2281","Schizogyne_sericea","Meligethes_canariensis",10,0.518378822230042,0.0366069751009022,0.146828619342561
"2282","Schizogyne_sericea","Minotetrastichus_sp",7,0.501839448272716,0.00163800864937439,0.0249213108525414
"2283","Schizogyne_sericea","Mordellistena_cf_canariensis",6,0.501087749058979,0.0013057883950539,0.0968100189820853
"2284","Schizogyne_sericea","Musca_domestica",23,0.523269364304627,0.0361333544584254,0.00536808769781984
"2285","Schizogyne_sericea","Myathropa_florea",6,0.494829340750534,0.0141433054719037,0.411548212326675
"2286","Schizogyne_sericea","Neodryophilus_cryptophagoides",5,0.500321037742004,0.000434850381737185,0.174118738965074
"2287","Schizogyne_sericea","Nomioides_fortunatus",5,0.499999931004256,1.69227346836781e-06,0.931743029153831
"2288","Schizogyne_sericea","Oscinella_sp_1",16,0.519028346479305,0.0477716980670491,0.131948687869097
"2289","Schizogyne_sericea","Oxyopes_cf_kraepelinorum",6,0.589615037186146,0.0717333935927133,0.0280989204023886
"2290","Schizogyne_sericea","Perilampus_sp_1",6,0.505626340289841,0.00877938697106542,0.177262561015247
"2291","Schizogyne_sericea","Phthiria_simonyi",7,0.506161381829763,0.010224164365016,0.161954798893536
"2292","Schizogyne_sericea","Phyto_discrepans",5,0.504092302146671,0.0040244819941254,0.0853733747132563
"2293","Schizogyne_sericea","Plagiolepis_sp_2",19,0.566669732398159,0.159644930101605,0.0853778111413816
"2294","Schizogyne_sericea","Platypalpus_sp",8,0.506257858021079,0.0139604226546349,0.24538828608124
"2295","Schizogyne_sericea","Pteromalus_sp_4",5,0.577459407699434,0.10530057887675,0.17534433085556
"2296","Schizogyne_sericea","Sarcophagidae_sp_3",5,0.505433108795816,0.0121034697515015,0.372296034704667
"2297","Schizogyne_sericea","Sarcophagidae_sp_5",11,0.529720552241495,0.0795880289801757,0.243805936167745
"2298","Schizogyne_sericea","Sarcophagidae_sp_8",8,0.523635894370691,0.0448517383586463,0.179707247204329
"2299","Schizogyne_sericea","Scenopinus_sp",12,0.503349397937261,0.0107201420244113,0.302264536112539
"2300","Schizogyne_sericea","Sciaridae_sp",9,0.524979790712709,0.059895392466272,0.246220405461115
"2301","Schizogyne_sericea","Sepsis_sp",11,0.512506193950235,0.0266433853587506,0.150574296185086
"2302","Schizogyne_sericea","Sibinia_sericea",5,0.506578330092846,0.00844020792061144,0.156325675198083
"2303","Schizogyne_sericea","Spathulina_sicula",7,0.500008427361849,1.72207941910533e-05,0.242994967095928
"2304","Schizogyne_sericea","Stomorhina_lunata",6,0.500224695317691,0.00032708575463222,0.15325603352041
"2305","Schizogyne_sericea","Synthesomyia_nudiseta",7,0.495021635446026,0.0197729299406699,0.530086273338112
"2306","Schizogyne_sericea","Syritta_pipiens",14,0.511359423142638,0.0245824032848429,0.107466307624339
"2307","Schizogyne_sericea","Thaumatomyia_notata",11,0.500245424267074,0.00799991072310316,0.920967471974211
"2308","Schizogyne_sericea","Themnothorax_hesperius",9,0.506840757508091,0.00786551933609274,0.0311717334953884
"2309","Schizogyne_sericea","Themnothorax_risii",7,0.57034675076891,0.181516952200025,0.344743568539625
"2310","Schizogyne_sericea","Thysanoptera_sp_1",24,0.651823609057621,0.221532560885886,0.00272528181586668
"2311","Schizogyne_sericea","Thysanoptera_sp_2",15,0.551630514671934,0.120256543419538,0.118566442141664
"2312","Schizogyne_sericea","Thysanoptera_sp_3",11,0.556185538652786,0.068730127462934,0.0218856191307166
"2313","Schizogyne_sericea","Thysanoptera_sp_7",11,0.570936848763392,0.119403131456196,0.0770942788861369
"2314","Schizogyne_sericea","Torymoides_lindbergi",6,0.507724050699817,0.0134385473154607,0.218193837369606
"2315","Schizogyne_sericea","Urelliosoma_guimari",16,0.501880542692688,0.00540546551827096,0.184341722983095
"2316","Schizogyne_sericea","Villa_nigriceps",5,0.500000390709104,5.35012328454661e-07,0.177815375348742
"2317","Zilla_spinosa","Anaspis_cf_saharensis",13,0.499919110500142,0.000624744206400264,0.64898122056974
"2318","Zilla_spinosa","Andrena_vachali",5,0.500578769834408,0.000850045981365815,0.202551887831038
"2319","Zilla_spinosa","Anthaxia_sp_1",11,0.499932404921607,0.000393057269182028,0.581016124166758
"2320","Zilla_spinosa","Anthophora_sp_1",5,0.500019317659048,4.31955987974705e-05,0.373900966301046
"2321","Zilla_spinosa","Aprostocetus_sp_1",5,0.500006769974651,1.78766061207249e-05,0.444790532740571
"2322","Zilla_spinosa","Arachnospila_sp",5,0.500078791558677,0.000413210498688952,0.691777976891711
"2323","Zilla_spinosa","Attagenus_sp_1",9,0.500009792228329,0.000250868240070249,0.909667238784538
"2324","Zilla_spinosa","Axinotarsus_sp_1",8,0.500696374133875,0.0014307681032703,0.211041993107797
"2325","Zilla_spinosa","Bombylius_sp_1",7,0.499857804374449,0.000290376321440868,0.242718930941418
"2326","Zilla_spinosa","Chalicodoma_sicula",7,0.500056664554327,0.000158474548099348,0.380660697762204
"2327","Zilla_spinosa","Chloropidae_sp",5,0.499979759649414,1.84999644526574e-05,0.0707169317396518
"2328","Zilla_spinosa","Coleoptera_sp_5",10,0.500725196005276,0.00151022527080982,0.163204724727442
"2329","Zilla_spinosa","Colletes2_Waiting_85",6,0.500466415981664,0.000932380932639975,0.275015065510128
"2330","Zilla_spinosa","Eurytoma_sp_3",5,0.500603796783324,0.0018790556555495,0.51217303746211
"2331","Zilla_spinosa","Hylaeus_sp",8,0.500016371955677,0.00040761678607899,0.912741327056761
"2332","Zilla_spinosa","Lucilia_sp_1",7,0.497269257040863,0.0135238847472342,0.612387322654528
"2333","Zilla_spinosa","Musca_domestica",9,0.499563842387946,0.0014178351637878,0.383066343971015
"2334","Zilla_spinosa","Musca_osiris",7,0.499924592626199,0.000104956958276723,0.106042360806376
"2335","Zilla_spinosa","Musca_sorbens",5,0.499053935448034,0.00144002330112297,0.215749279989902
"2336","Zilla_spinosa","Nomioides_deceptor",7,0.502702807915204,0.00262908429823952,0.034645432179251
"2337","Zilla_spinosa","Ormyrus_sp_1",6,0.500020861006565,4.63095353755991e-05,0.320098406159388
"2338","Zilla_spinosa","Paragus_tibialis",9,0.499947168094821,0.000142975805285453,0.299835805852023
"2339","Zilla_spinosa","Physiphora_alceae",9,0.499674526325236,0.000539198888641524,0.107746538434924
"2340","Zilla_spinosa","Plagiolepis_schmitzii",5,0.506371542219688,0.0143045369089519,0.375625235677572
"2341","Zilla_spinosa","Podalonia_sp",7,0.500076888585887,0.00121950837841759,0.872998085425099
"2342","Zilla_spinosa","Proconura_sp_1",6,0.500054414289201,8.45965294078079e-05,0.175946322410395
"2343","Zilla_spinosa","Sarcophagidae_sp_2",9,0.500331383177387,0.00130554990949074,0.468221541093445
"2344","Zilla_spinosa","Sciaridae_sp",10,0.512822991558189,0.0331452481633491,0.252243144188829
"2345","Zilla_spinosa","Sciaridae_sp_4",13,0.510270200123589,0.0124394149234255,0.0115541141505217
"2346","Zilla_spinosa","Sphecidae_sp",5,0.50000585024576,2.09614411097355e-05,0.566404722925458
"2347","Zilla_spinosa","Tachinidae_sp_1",6,0.499956039541765,0.000195285101901301,0.605092399664633
"2348","Zilla_spinosa","Tephritidae_sp_1",7,0.500119292901405,0.000316417817969724,0.35704528627626
"2349","Zilla_spinosa","Tethinidae_sp_2",5,0.500001488325886,3.20606961347481e-06,0.357882379121745
"2350","Zilla_spinosa","Thysanoptera_sp",11,0.497353978831028,0.00501143666167274,0.110472291911944
"2351","Zilla_spinosa","Urelliosoma_guimari",9,0.500123939029937,0.000580022049174354,0.539422639144139
"2352","Zilla_spinosa","Urellliosoma_sp",6,0.499941038742019,0.000174555805923856,0.445696580170754
"2353","Zilla_spinosa","Vestitohalictus_sp",9,0.500004784129837,1.26489398634783e-05,0.289364683812488
