"emln_id","train_layer","test_layer","prop_ones_removed","amount_of_removed_1","prop_zeros_removed","amount_of_removed_0","k","lambda","observed","reconstructed_value"
25,1,1,0.2,27,0.2,351,10,0.1,1,0
25,1,1,0.2,27,0.2,351,10,0.1,1,2.11809526799972e-28
25,1,1,0.2,27,0.2,351,10,0.1,1,-0.0965095588446047
25,1,1,0.2,27,0.2,351,10,0.1,1,1.62623339413478e-16
25,1,1,0.2,27,0.2,351,10,0.1,1,-1.57662803293476
25,1,1,0.2,27,0.2,351,10,0.1,1,0
25,1,1,0.2,27,0.2,351,10,0.1,1,7.96102337574968
25,1,1,0.2,27,0.2,351,10,0.1,1,1.60560089311283e-25
25,1,1,0.2,27,0.2,351,10,0.1,1,-1.29437782493975e-16
25,1,1,0.2,27,0.2,351,10,0.1,1,0
25,1,1,0.2,27,0.2,351,10,0.1,1,-0.187671884800187
25,1,1,0.2,27,0.2,351,10,0.1,1,-0.804314726759642
25,1,1,0.2,27,0.2,351,10,0.1,1,1.25393474239007
25,1,1,0.2,27,0.2,351,10,0.1,1,-2.60590424793314
25,1,1,0.2,27,0.2,351,10,0.1,1,0.462259822738637
25,1,1,0.2,27,0.2,351,10,0.1,1,4.33916607431543e-26
25,1,1,0.2,27,0.2,351,10,0.1,1,0.954255898850656
25,1,1,0.2,27,0.2,351,10,0.1,1,2.01037458310682
25,1,1,0.2,27,0.2,351,10,0.1,1,0.156501247087684
25,1,1,0.2,27,0.2,351,10,0.1,1,0.210590723731227
25,1,1,0.2,27,0.2,351,10,0.1,1,0
25,1,1,0.2,27,0.2,351,10,0.1,1,0
25,1,1,0.2,27,0.2,351,10,0.1,1,-5.21445661022988e-17
25,1,1,0.2,27,0.2,351,10,0.1,1,-6.14919002246958e-16
25,1,1,0.2,27,0.2,351,10,0.1,1,0
25,1,1,0.2,27,0.2,351,10,0.1,1,7.52214619774098
25,1,1,0.2,27,0.2,351,10,0.1,1,1.86792971893234
25,1,1,0.2,27,0.2,351,10,0.1,0,-0.393240691901273
25,1,1,0.2,27,0.2,351,10,0.1,0,-0.11976491016496
25,1,1,0.2,27,0.2,351,10,0.1,0,-0.837891773808521
25,1,1,0.2,27,0.2,351,10,0.1,0,-0.113775351989497
25,1,1,0.2,27,0.2,351,10,0.1,0,0.209722726533778
25,1,1,0.2,27,0.2,351,10,0.1,0,0.312327605654231
25,1,1,0.2,27,0.2,351,10,0.1,0,-0.359355303722283
25,1,1,0.2,27,0.2,351,10,0.1,0,0.112843923440707
25,1,1,0.2,27,0.2,351,10,0.1,0,-2.1335312875307
25,1,1,0.2,27,0.2,351,10,0.1,0,0.0069941340876424
25,1,1,0.2,27,0.2,351,10,0.1,0,-4.37973992649442
25,1,1,0.2,27,0.2,351,10,0.1,0,-1.06734078278381
25,1,1,0.2,27,0.2,351,10,0.1,0,0.690376204166598
25,1,1,0.2,27,0.2,351,10,0.1,0,-2.8997421217039
25,1,1,0.2,27,0.2,351,10,0.1,0,0.105442896795161
25,1,1,0.2,27,0.2,351,10,0.1,0,-0.102249568454777
25,1,1,0.2,27,0.2,351,10,0.1,0,-0.221427286960383
25,1,1,0.2,27,0.2,351,10,0.1,0,2.31194012314142
25,1,1,0.2,27,0.2,351,10,0.1,0,0
25,1,1,0.2,27,0.2,351,10,0.1,0,-1.05108900376922
25,1,1,0.2,27,0.2,351,10,0.1,0,0.623102093111853
25,1,1,0.2,27,0.2,351,10,0.1,0,-0.066695276103222
25,1,1,0.2,27,0.2,351,10,0.1,0,7.97612908853793e-17
25,1,1,0.2,27,0.2,351,10,0.1,0,0.123159285812213
25,1,1,0.2,27,0.2,351,10,0.1,0,-0.133540256921841
25,1,1,0.2,27,0.2,351,10,0.1,0,-0.607429671774957
25,1,1,0.2,27,0.2,351,10,0.1,0,0.0492712081081565
25,1,1,0.2,27,0.2,351,10,0.1,0,-0.0143365975018146
25,1,1,0.2,27,0.2,351,10,0.1,0,-0.393425226866765
25,1,1,0.2,27,0.2,351,10,0.1,0,0.00245036604395022
25,1,1,0.2,27,0.2,351,10,0.1,0,-0.00610186120868177
25,1,1,0.2,27,0.2,351,10,0.1,0,0.00634010749876554
25,1,1,0.2,27,0.2,351,10,0.1,0,0.0321137998418762
25,1,1,0.2,27,0.2,351,10,0.1,0,-0.192515097408803
25,1,1,0.2,27,0.2,351,10,0.1,0,0.0815242065828408
25,1,1,0.2,27,0.2,351,10,0.1,0,0.0536940617075922
25,1,1,0.2,27,0.2,351,10,0.1,0,-0.183304511778554
25,1,1,0.2,27,0.2,351,10,0.1,0,0.349917638117265
25,1,1,0.2,27,0.2,351,10,0.1,0,0.210028171035112
25,1,1,0.2,27,0.2,351,10,0.1,0,8.92014198645533e-26
25,1,1,0.2,27,0.2,351,10,0.1,0,-0.0583295823424458
25,1,1,0.2,27,0.2,351,10,0.1,0,0.242928064594736
25,1,1,0.2,27,0.2,351,10,0.1,0,4.22536127007448e-16
25,1,1,0.2,27,0.2,351,10,0.1,0,-0.254277740099936
25,1,1,0.2,27,0.2,351,10,0.1,0,-0.108133651043864
25,1,1,0.2,27,0.2,351,10,0.1,0,-0.780059551004327
25,1,1,0.2,27,0.2,351,10,0.1,0,-0.00516929152574101
25,1,1,0.2,27,0.2,351,10,0.1,0,0.40174113261062
25,1,1,0.2,27,0.2,351,10,0.1,0,-0.425537519566692
25,1,1,0.2,27,0.2,351,10,0.1,0,-0.854409382235309
25,1,1,0.2,27,0.2,351,10,0.1,0,4.29981842240702e-17
25,1,1,0.2,27,0.2,351,10,0.1,0,-0.0468113802582105
25,1,1,0.2,27,0.2,351,10,0.1,0,-3.43112235989502e-16
25,1,1,0.2,27,0.2,351,10,0.1,0,-1.01592763926062
25,1,1,0.2,27,0.2,351,10,0.1,0,-0.434918230585087
25,1,1,0.2,27,0.2,351,10,0.1,0,1.21766619431516e-25
25,1,1,0.2,27,0.2,351,10,0.1,0,0
25,1,1,0.2,27,0.2,351,10,0.1,0,1.28052896162416
25,1,1,0.2,27,0.2,351,10,0.1,0,-0.0345937600752928
25,1,1,0.2,27,0.2,351,10,0.1,0,0.117167390297437
25,1,1,0.2,27,0.2,351,10,0.1,0,1.90647686535198
25,1,1,0.2,27,0.2,351,10,0.1,0,0.333555911736116
25,1,1,0.2,27,0.2,351,10,0.1,0,0.940950919809026
25,1,1,0.2,27,0.2,351,10,0.1,0,4.0275972107841
25,1,1,0.2,27,0.2,351,10,0.1,0,1.46968885463139e-25
25,1,1,0.2,27,0.2,351,10,0.1,0,0
25,1,1,0.2,27,0.2,351,10,0.1,0,0.239148568824019
25,1,1,0.2,27,0.2,351,10,0.1,0,1.93225810066631e-17
25,1,1,0.2,27,0.2,351,10,0.1,0,0.0444626693346618
25,1,1,0.2,27,0.2,351,10,0.1,0,-2.94960653365561e-17
25,1,1,0.2,27,0.2,351,10,0.1,0,-1.60362976744407
25,1,1,0.2,27,0.2,351,10,0.1,0,-1.07373494190279
25,1,1,0.2,27,0.2,351,10,0.1,0,0.0788887122422798
25,1,1,0.2,27,0.2,351,10,0.1,0,1.32453317280153
25,1,1,0.2,27,0.2,351,10,0.1,0,0.242993601641983
25,1,1,0.2,27,0.2,351,10,0.1,0,2.09523396969678e-26
25,1,1,0.2,27,0.2,351,10,0.1,0,-1.74056949889261e-25
25,1,1,0.2,27,0.2,351,10,0.1,0,0
25,1,1,0.2,27,0.2,351,10,0.1,0,-0.0815886935793511
25,1,1,0.2,27,0.2,351,10,0.1,0,0.0329066685348663
25,1,1,0.2,27,0.2,351,10,0.1,0,0.10332213790485
25,1,1,0.2,27,0.2,351,10,0.1,0,-8.92276876089783e-17
25,1,1,0.2,27,0.2,351,10,0.1,0,1.64917220400961e-16
25,1,1,0.2,27,0.2,351,10,0.1,0,0.0685917518918134
25,1,1,0.2,27,0.2,351,10,0.1,0,0.618373421879923
25,1,1,0.2,27,0.2,351,10,0.1,0,0.00370376867455312
25,1,1,0.2,27,0.2,351,10,0.1,0,-0.807160852694115
25,1,1,0.2,27,0.2,351,10,0.1,0,0.439159546147663
25,1,1,0.2,27,0.2,351,10,0.1,0,9.66735264837632e-26
25,1,1,0.2,27,0.2,351,10,0.1,0,2.10689849513765e-16
25,1,1,0.2,27,0.2,351,10,0.1,0,0.03610497245268
25,1,1,0.2,27,0.2,351,10,0.1,0,0.193227525359532
25,1,1,0.2,27,0.2,351,10,0.1,0,0
25,1,1,0.2,27,0.2,351,10,0.1,0,0
25,1,1,0.2,27,0.2,351,10,0.1,0,1.89426719236489
25,1,1,0.2,27,0.2,351,10,0.1,0,0.23585171800563
25,1,1,0.2,27,0.2,351,10,0.1,0,-0.584682889213978
25,1,1,0.2,27,0.2,351,10,0.1,0,0.011606111561808
25,1,1,0.2,27,0.2,351,10,0.1,0,0.878758368085473
25,1,1,0.2,27,0.2,351,10,0.1,0,0.0511778243934079
25,1,1,0.2,27,0.2,351,10,0.1,0,0
25,1,1,0.2,27,0.2,351,10,0.1,0,-0.128628142076717
25,1,1,0.2,27,0.2,351,10,0.1,0,-0.0071997993354212
25,1,1,0.2,27,0.2,351,10,0.1,0,0.0322206837047251
25,1,1,0.2,27,0.2,351,10,0.1,0,-1.55980825158257e-25
25,1,1,0.2,27,0.2,351,10,0.1,0,0
25,1,1,0.2,27,0.2,351,10,0.1,0,3.41801625727866e-16
25,1,1,0.2,27,0.2,351,10,0.1,0,0.0394842735391767
25,1,1,0.2,27,0.2,351,10,0.1,0,0.0431322669516245
25,1,1,0.2,27,0.2,351,10,0.1,0,0.76845807068007
25,1,1,0.2,27,0.2,351,10,0.1,0,0
25,1,1,0.2,27,0.2,351,10,0.1,0,1.12206392282531
25,1,1,0.2,27,0.2,351,10,0.1,0,-0.634230752759721
25,1,1,0.2,27,0.2,351,10,0.1,0,0.0278180125633283
25,1,1,0.2,27,0.2,351,10,0.1,0,-0.908504252889908
25,1,1,0.2,27,0.2,351,10,0.1,0,0
25,1,1,0.2,27,0.2,351,10,0.1,0,0
25,1,1,0.2,27,0.2,351,10,0.1,0,-1.71508396261763e-28
25,1,1,0.2,27,0.2,351,10,0.1,0,0.0486907936056184
25,1,1,0.2,27,0.2,351,10,0.1,0,-0.013488240122776
25,1,1,0.2,27,0.2,351,10,0.1,0,-0.240648562897023
25,1,1,0.2,27,0.2,351,10,0.1,0,0.274346510926638
25,1,1,0.2,27,0.2,351,10,0.1,0,-2.7526173848068
25,1,1,0.2,27,0.2,351,10,0.1,0,0.0622687532527042
25,1,1,0.2,27,0.2,351,10,0.1,0,-1.10995402797609
25,1,1,0.2,27,0.2,351,10,0.1,0,-0.286799380164188
25,1,1,0.2,27,0.2,351,10,0.1,0,-2.14425560739721e-29
25,1,1,0.2,27,0.2,351,10,0.1,0,-1.06889944052298e-16
25,1,1,0.2,27,0.2,351,10,0.1,0,0.905610881191159
25,1,1,0.2,27,0.2,351,10,0.1,0,-0.940157303179081
25,1,1,0.2,27,0.2,351,10,0.1,0,-8.15270757490327e-17
25,1,1,0.2,27,0.2,351,10,0.1,0,0.481858539403374
25,1,1,0.2,27,0.2,351,10,0.1,0,0.704900840039518
25,1,1,0.2,27,0.2,351,10,0.1,0,0.048308523403445
25,1,1,0.2,27,0.2,351,10,0.1,0,-3.53341037743661
25,1,1,0.2,27,0.2,351,10,0.1,0,0.241017904870591
25,1,1,0.2,27,0.2,351,10,0.1,0,1.38664726506941e-16
25,1,1,0.2,27,0.2,351,10,0.1,0,0.962490261730922
25,1,1,0.2,27,0.2,351,10,0.1,0,1.22285828034387
25,1,1,0.2,27,0.2,351,10,0.1,0,0.444742355532011
25,1,1,0.2,27,0.2,351,10,0.1,0,1.21358508346502
25,1,1,0.2,27,0.2,351,10,0.1,0,0.036042575846842
25,1,1,0.2,27,0.2,351,10,0.1,0,-0.895493608533217
25,1,1,0.2,27,0.2,351,10,0.1,0,0.0147947212470394
25,1,1,0.2,27,0.2,351,10,0.1,0,0
25,1,1,0.2,27,0.2,351,10,0.1,0,0.112801952042767
25,1,1,0.2,27,0.2,351,10,0.1,0,0.352570790450936
25,1,1,0.2,27,0.2,351,10,0.1,0,0.268566305562681
25,1,1,0.2,27,0.2,351,10,0.1,0,-1.24565962493229
25,1,1,0.2,27,0.2,351,10,0.1,0,-1.96762662058223
25,1,1,0.2,27,0.2,351,10,0.1,0,0.363431843328237
25,1,1,0.2,27,0.2,351,10,0.1,0,0
25,1,1,0.2,27,0.2,351,10,0.1,0,-0.257912794632842
25,1,1,0.2,27,0.2,351,10,0.1,0,-0.358878813973954
25,1,1,0.2,27,0.2,351,10,0.1,0,7.14099084217184e-26
25,1,1,0.2,27,0.2,351,10,0.1,0,0.236060267380228
25,1,1,0.2,27,0.2,351,10,0.1,0,-0.234395503361265
25,1,1,0.2,27,0.2,351,10,0.1,0,5.65426639845877e-26
25,1,1,0.2,27,0.2,351,10,0.1,0,-0.206241919358286
25,1,1,0.2,27,0.2,351,10,0.1,0,9.87191518874691e-26
25,1,1,0.2,27,0.2,351,10,0.1,0,0.109542245158603
25,1,1,0.2,27,0.2,351,10,0.1,0,3.1002587777345
25,1,1,0.2,27,0.2,351,10,0.1,0,0
25,1,1,0.2,27,0.2,351,10,0.1,0,0.089052958253874
25,1,1,0.2,27,0.2,351,10,0.1,0,0
25,1,1,0.2,27,0.2,351,10,0.1,0,0.521690421630078
25,1,1,0.2,27,0.2,351,10,0.1,0,5.33440784793102
25,1,1,0.2,27,0.2,351,10,0.1,0,-4.95694022199787e-26
25,1,1,0.2,27,0.2,351,10,0.1,0,-3.92467138540994e-15
25,1,1,0.2,27,0.2,351,10,0.1,0,-3.81016193262082e-17
25,1,1,0.2,27,0.2,351,10,0.1,0,-0.0785969547425871
25,1,1,0.2,27,0.2,351,10,0.1,0,0
25,1,1,0.2,27,0.2,351,10,0.1,0,-1.38208074142828
25,1,1,0.2,27,0.2,351,10,0.1,0,0
25,1,1,0.2,27,0.2,351,10,0.1,0,0.0557063457898917
25,1,1,0.2,27,0.2,351,10,0.1,0,-0.149559247876006
25,1,1,0.2,27,0.2,351,10,0.1,0,-0.00597628026035631
25,1,1,0.2,27,0.2,351,10,0.1,0,-0.249100264541367
25,1,1,0.2,27,0.2,351,10,0.1,0,0.000123884586005759
25,1,1,0.2,27,0.2,351,10,0.1,0,0.490541101468411
25,1,1,0.2,27,0.2,351,10,0.1,0,-0.0430860519500589
25,1,1,0.2,27,0.2,351,10,0.1,0,0.341533235574415
25,1,1,0.2,27,0.2,351,10,0.1,0,0.523662915442435
25,1,1,0.2,27,0.2,351,10,0.1,0,-1.39798446662745e-17
25,1,1,0.2,27,0.2,351,10,0.1,0,-0.066936491934571
25,1,1,0.2,27,0.2,351,10,0.1,0,-0.19799093210935
25,1,1,0.2,27,0.2,351,10,0.1,0,-0.0127264228118503
25,1,1,0.2,27,0.2,351,10,0.1,0,-1.63351827608261e-29
25,1,1,0.2,27,0.2,351,10,0.1,0,0.631536057850471
25,1,1,0.2,27,0.2,351,10,0.1,0,0.295294940394326
25,1,1,0.2,27,0.2,351,10,0.1,0,3.20109352828987e-16
25,1,1,0.2,27,0.2,351,10,0.1,0,-0.0711500701001527
25,1,1,0.2,27,0.2,351,10,0.1,0,0.447172452293361
25,1,1,0.2,27,0.2,351,10,0.1,0,0.758152485882396
25,1,1,0.2,27,0.2,351,10,0.1,0,6.85560040877451e-26
25,1,1,0.2,27,0.2,351,10,0.1,0,-0.0885154979163994
25,1,1,0.2,27,0.2,351,10,0.1,0,-6.4911375631603e-17
25,1,1,0.2,27,0.2,351,10,0.1,0,-0.00853705914894282
25,1,1,0.2,27,0.2,351,10,0.1,0,0.652229144028956
25,1,1,0.2,27,0.2,351,10,0.1,0,-0.0771117922646491
25,1,1,0.2,27,0.2,351,10,0.1,0,-0.326045148458482
25,1,1,0.2,27,0.2,351,10,0.1,0,1.88418022918421
25,1,1,0.2,27,0.2,351,10,0.1,0,0.946589046132891
25,1,1,0.2,27,0.2,351,10,0.1,0,-0.0524013520118539
25,1,1,0.2,27,0.2,351,10,0.1,0,0.177627788410129
25,1,1,0.2,27,0.2,351,10,0.1,0,0.01080197249245
25,1,1,0.2,27,0.2,351,10,0.1,0,0
25,1,1,0.2,27,0.2,351,10,0.1,0,0.768897395265823
25,1,1,0.2,27,0.2,351,10,0.1,0,2.49866957419193e-16
25,1,1,0.2,27,0.2,351,10,0.1,0,0.0257335299477415
25,1,1,0.2,27,0.2,351,10,0.1,0,-1.32650444740285
25,1,1,0.2,27,0.2,351,10,0.1,0,-0.314950624615122
25,1,1,0.2,27,0.2,351,10,0.1,0,0
25,1,1,0.2,27,0.2,351,10,0.1,0,-0.497023150412881
25,1,1,0.2,27,0.2,351,10,0.1,0,0.338125543594277
25,1,1,0.2,27,0.2,351,10,0.1,0,-0.0475753699967577
25,1,1,0.2,27,0.2,351,10,0.1,0,-0.249390551911197
25,1,1,0.2,27,0.2,351,10,0.1,0,-0.479935732755733
25,1,1,0.2,27,0.2,351,10,0.1,0,0.38550864226493
25,1,1,0.2,27,0.2,351,10,0.1,0,-1.87603662665869e-16
25,1,1,0.2,27,0.2,351,10,0.1,0,0.220695686191691
25,1,1,0.2,27,0.2,351,10,0.1,0,0.725188872351297
25,1,1,0.2,27,0.2,351,10,0.1,0,0.0877152870316146
25,1,1,0.2,27,0.2,351,10,0.1,0,6.77124686537238e-25
25,1,1,0.2,27,0.2,351,10,0.1,0,0.0872835542791178
25,1,1,0.2,27,0.2,351,10,0.1,0,-0.498935770357206
25,1,1,0.2,27,0.2,351,10,0.1,0,0.385841251049309
25,1,1,0.2,27,0.2,351,10,0.1,0,0.466502510223529
25,1,1,0.2,27,0.2,351,10,0.1,0,1.71446360206608
25,1,1,0.2,27,0.2,351,10,0.1,0,0.0229810910197076
25,1,1,0.2,27,0.2,351,10,0.1,0,3.68938394466683e-26
25,1,1,0.2,27,0.2,351,10,0.1,0,0.974595750506234
25,1,1,0.2,27,0.2,351,10,0.1,0,-0.0332962095702286
25,1,1,0.2,27,0.2,351,10,0.1,0,0.0347794205588565
25,1,1,0.2,27,0.2,351,10,0.1,0,-0.00930347052345545
25,1,1,0.2,27,0.2,351,10,0.1,0,0
25,1,1,0.2,27,0.2,351,10,0.1,0,0.254282501033918
25,1,1,0.2,27,0.2,351,10,0.1,0,0.0280833611239583
25,1,1,0.2,27,0.2,351,10,0.1,0,-0.0738028113116702
25,1,1,0.2,27,0.2,351,10,0.1,0,0.0209507505290316
25,1,1,0.2,27,0.2,351,10,0.1,0,-2.23482365147773
25,1,1,0.2,27,0.2,351,10,0.1,0,0.335604835491256
25,1,1,0.2,27,0.2,351,10,0.1,0,-2.55517801593949
25,1,1,0.2,27,0.2,351,10,0.1,0,4.44701714744257e-17
25,1,1,0.2,27,0.2,351,10,0.1,0,-0.235816877679706
25,1,1,0.2,27,0.2,351,10,0.1,0,-4.8507383153387
25,1,1,0.2,27,0.2,351,10,0.1,0,-0.200253456805491
25,1,1,0.2,27,0.2,351,10,0.1,0,0.000546898523864449
25,1,1,0.2,27,0.2,351,10,0.1,0,0.305485006857654
25,1,1,0.2,27,0.2,351,10,0.1,0,-0.0442667021835274
25,1,1,0.2,27,0.2,351,10,0.1,0,-0.0259782173424665
25,1,1,0.2,27,0.2,351,10,0.1,0,3.05904915043636e-26
25,1,1,0.2,27,0.2,351,10,0.1,0,-0.0600211844700527
25,1,1,0.2,27,0.2,351,10,0.1,0,1.06868052038566e-41
25,1,1,0.2,27,0.2,351,10,0.1,0,0
25,1,1,0.2,27,0.2,351,10,0.1,0,0.149386660593038
25,1,1,0.2,27,0.2,351,10,0.1,0,0.0890130191315412
25,1,1,0.2,27,0.2,351,10,0.1,0,0.433221192280347
25,1,1,0.2,27,0.2,351,10,0.1,0,-0.941821562238162
25,1,1,0.2,27,0.2,351,10,0.1,0,-2.29369288957815e-29
25,1,1,0.2,27,0.2,351,10,0.1,0,-0.186889766194761
25,1,1,0.2,27,0.2,351,10,0.1,0,0.0368149058716163
25,1,1,0.2,27,0.2,351,10,0.1,0,0.0375013985550473
25,1,1,0.2,27,0.2,351,10,0.1,0,1.03575246500714e-16
25,1,1,0.2,27,0.2,351,10,0.1,0,0.202217409065291
25,1,1,0.2,27,0.2,351,10,0.1,0,0.0762454651498291
25,1,1,0.2,27,0.2,351,10,0.1,0,0.13453916023767
25,1,1,0.2,27,0.2,351,10,0.1,0,-1.31399648889023e-29
25,1,1,0.2,27,0.2,351,10,0.1,0,0.517763173451552
25,1,1,0.2,27,0.2,351,10,0.1,0,-0.0106797973471164
25,1,1,0.2,27,0.2,351,10,0.1,0,-0.0236787500137216
25,1,1,0.2,27,0.2,351,10,0.1,0,-1.4096546555283
25,1,1,0.2,27,0.2,351,10,0.1,0,-0.704150403623366
25,1,1,0.2,27,0.2,351,10,0.1,0,-0.275750953325035
25,1,1,0.2,27,0.2,351,10,0.1,0,-0.0332196645128184
25,1,1,0.2,27,0.2,351,10,0.1,0,0.584389888713201
25,1,1,0.2,27,0.2,351,10,0.1,0,-1.86000764170566
25,1,1,0.2,27,0.2,351,10,0.1,0,0.136096467658663
25,1,1,0.2,27,0.2,351,10,0.1,0,-0.156663854033796
25,1,1,0.2,27,0.2,351,10,0.1,0,-0.0300311457343706
25,1,1,0.2,27,0.2,351,10,0.1,0,-4.42276933656799
25,1,1,0.2,27,0.2,351,10,0.1,0,0.540452908426977
25,1,1,0.2,27,0.2,351,10,0.1,0,0.0898629068619568
25,1,1,0.2,27,0.2,351,10,0.1,0,2.25324929167491
25,1,1,0.2,27,0.2,351,10,0.1,0,0
25,1,1,0.2,27,0.2,351,10,0.1,0,-1.30621784397532e-26
25,1,1,0.2,27,0.2,351,10,0.1,0,0.0213470797813436
25,1,1,0.2,27,0.2,351,10,0.1,0,0.0367865069622584
25,1,1,0.2,27,0.2,351,10,0.1,0,-1.86321762956606
25,1,1,0.2,27,0.2,351,10,0.1,0,-0.000707253674168941
25,1,1,0.2,27,0.2,351,10,0.1,0,0.147451501573459
25,1,1,0.2,27,0.2,351,10,0.1,0,0.992009028409299
25,1,1,0.2,27,0.2,351,10,0.1,0,1.04298927065727
25,1,1,0.2,27,0.2,351,10,0.1,0,0.193717128433621
25,1,1,0.2,27,0.2,351,10,0.1,0,0
25,1,1,0.2,27,0.2,351,10,0.1,0,0.130370953769349
25,1,1,0.2,27,0.2,351,10,0.1,0,-0.00319761859889896
25,1,1,0.2,27,0.2,351,10,0.1,0,-4.28616663694762e-30
25,1,1,0.2,27,0.2,351,10,0.1,0,1.41851117475021
25,1,1,0.2,27,0.2,351,10,0.1,0,5.27878073064851e-30
25,1,1,0.2,27,0.2,351,10,0.1,0,0
25,1,1,0.2,27,0.2,351,10,0.1,0,0
25,1,1,0.2,27,0.2,351,10,0.1,0,-0.0159551702999516
25,1,1,0.2,27,0.2,351,10,0.1,0,3.1177614977382e-18
25,1,1,0.2,27,0.2,351,10,0.1,0,0
25,1,1,0.2,27,0.2,351,10,0.1,0,-5.08810323804754e-18
25,1,1,0.2,27,0.2,351,10,0.1,0,-0.577022752597273
25,1,1,0.2,27,0.2,351,10,0.1,0,0
25,1,1,0.2,27,0.2,351,10,0.1,0,0.0545021545606381
25,1,1,0.2,27,0.2,351,10,0.1,0,-1.1087510127974
25,1,1,0.2,27,0.2,351,10,0.1,0,0
25,1,1,0.2,27,0.2,351,10,0.1,0,0.0896050979341584
25,1,1,0.2,27,0.2,351,10,0.1,0,-0.110528584561533
25,1,1,0.2,27,0.2,351,10,0.1,0,2.4153973873983
25,1,1,0.2,27,0.2,351,10,0.1,0,0
25,1,1,0.2,27,0.2,351,10,0.1,0,0.122398019563342
25,1,1,0.2,27,0.2,351,10,0.1,0,0.27831632361357
25,1,1,0.2,27,0.2,351,10,0.1,0,0.0488199391414737
25,1,1,0.2,27,0.2,351,10,0.1,0,3.26930750694482e-41
25,1,1,0.2,27,0.2,351,10,0.1,0,-0.515208066655012
25,1,1,0.2,27,0.2,351,10,0.1,0,-1.85174833407531e-25
25,1,1,0.2,27,0.2,351,10,0.1,0,-1.73737164073965e-25
25,1,1,0.2,27,0.2,351,10,0.1,0,-1.9435923145522
25,1,1,0.2,27,0.2,351,10,0.1,0,0.395863406275667
25,1,1,0.2,27,0.2,351,10,0.1,0,-0.00989187515239838
25,1,1,0.2,27,0.2,351,10,0.1,0,-0.172043873133856
25,1,1,0.2,27,0.2,351,10,0.1,0,-0.0688849399804356
25,1,1,0.2,27,0.2,351,10,0.1,0,-1.75541372583705e-16
25,1,1,0.2,27,0.2,351,10,0.1,0,0.0541011120683909
25,1,1,0.2,27,0.2,351,10,0.1,0,-0.0854704845133609
25,1,1,0.2,27,0.2,351,10,0.1,0,-0.00489345053267955
25,1,1,0.2,27,0.2,351,10,0.1,0,0.757810899680361
25,1,1,0.2,27,0.2,351,10,0.1,0,-4.44751788958443
25,1,1,0.2,27,0.2,351,10,0.1,0,-0.167571399598274
25,1,1,0.2,27,0.2,351,10,0.1,0,1.02672501523268
25,1,1,0.2,27,0.2,351,10,0.1,0,0
25,1,1,0.2,27,0.2,351,10,0.1,0,-0.0186428320321868
25,1,1,0.2,27,0.2,351,10,0.1,0,0.291751323628105
25,1,1,0.2,27,0.2,351,10,0.1,0,-1.17664635452516
25,1,1,0.2,27,0.2,351,10,0.1,0,0.0625651944770159
25,1,1,0.2,27,0.2,351,10,0.1,0,-0.94946956099982
25,1,1,0.2,27,0.2,351,10,0.1,0,1.04328865705653
25,1,1,0.2,27,0.2,351,10,0.1,0,-0.0515814722622723
25,1,1,0.2,27,0.2,351,10,0.1,0,0.181593564473997
25,1,1,0.2,27,0.2,351,10,0.1,0,0
25,1,1,0.2,27,0.2,351,10,0.1,0,5.25684045050514e-17
25,1,1,0.2,27,0.2,351,10,0.1,0,2.45934247795432
25,1,1,0.2,27,0.2,351,10,0.1,0,0.0820192759218645
25,1,1,0.2,27,0.2,351,10,0.1,0,1.1543468965207
25,1,1,0.2,27,0.2,351,10,0.1,0,-0.402055235761325
25,1,1,0.2,27,0.2,351,10,0.1,0,5.46621328776165e-17
25,1,2,0.2,31,0.2,476,10,0.1,1,2.57888213559735
25,1,2,0.2,31,0.2,476,10,0.1,1,0.334759482106039
25,1,2,0.2,31,0.2,476,10,0.1,1,0
25,1,2,0.2,31,0.2,476,10,0.1,1,0
25,1,2,0.2,31,0.2,476,10,0.1,1,0
25,1,2,0.2,31,0.2,476,10,0.1,1,-0.184222500858408
25,1,2,0.2,31,0.2,476,10,0.1,1,2.324334937364
25,1,2,0.2,31,0.2,476,10,0.1,1,-1.60783682943804
25,1,2,0.2,31,0.2,476,10,0.1,1,-0.121848207195303
25,1,2,0.2,31,0.2,476,10,0.1,1,0
25,1,2,0.2,31,0.2,476,10,0.1,1,0.0884509691287982
25,1,2,0.2,31,0.2,476,10,0.1,1,0
25,1,2,0.2,31,0.2,476,10,0.1,1,-0.631399756129376
25,1,2,0.2,31,0.2,476,10,0.1,1,0
25,1,2,0.2,31,0.2,476,10,0.1,1,5.15560485057463e-17
25,1,2,0.2,31,0.2,476,10,0.1,1,1.31635038305914
25,1,2,0.2,31,0.2,476,10,0.1,1,-1.51623110849028
25,1,2,0.2,31,0.2,476,10,0.1,1,0
25,1,2,0.2,31,0.2,476,10,0.1,1,-0.0333280747925273
25,1,2,0.2,31,0.2,476,10,0.1,1,1.33114587807501
25,1,2,0.2,31,0.2,476,10,0.1,1,-0.155803533759231
25,1,2,0.2,31,0.2,476,10,0.1,1,0.0754511910152758
25,1,2,0.2,31,0.2,476,10,0.1,1,0.596250887518186
25,1,2,0.2,31,0.2,476,10,0.1,1,-1.12571074074756
25,1,2,0.2,31,0.2,476,10,0.1,1,0
25,1,2,0.2,31,0.2,476,10,0.1,1,3.14488492446879
25,1,2,0.2,31,0.2,476,10,0.1,1,1.25802226280067
25,1,2,0.2,31,0.2,476,10,0.1,1,0
25,1,2,0.2,31,0.2,476,10,0.1,1,-3.78205791328348
25,1,2,0.2,31,0.2,476,10,0.1,1,0.739064573459102
25,1,2,0.2,31,0.2,476,10,0.1,1,0.501277722886889
25,1,2,0.2,31,0.2,476,10,0.1,0,0.0607322799332055
25,1,2,0.2,31,0.2,476,10,0.1,0,0.0822870569683151
25,1,2,0.2,31,0.2,476,10,0.1,0,-5.12010375285578e-16
25,1,2,0.2,31,0.2,476,10,0.1,0,-0.382910866561009
25,1,2,0.2,31,0.2,476,10,0.1,0,0
25,1,2,0.2,31,0.2,476,10,0.1,0,0.643292943127384
25,1,2,0.2,31,0.2,476,10,0.1,0,-1.42084281324176
25,1,2,0.2,31,0.2,476,10,0.1,0,-0.0490938458939854
25,1,2,0.2,31,0.2,476,10,0.1,0,0.0736520434609453
25,1,2,0.2,31,0.2,476,10,0.1,0,0.187329750124623
25,1,2,0.2,31,0.2,476,10,0.1,0,-0.256509104827719
25,1,2,0.2,31,0.2,476,10,0.1,0,0.393046642146269
25,1,2,0.2,31,0.2,476,10,0.1,0,0.0271767067416992
25,1,2,0.2,31,0.2,476,10,0.1,0,0.705654352403355
25,1,2,0.2,31,0.2,476,10,0.1,0,0
25,1,2,0.2,31,0.2,476,10,0.1,0,0.134998906284903
25,1,2,0.2,31,0.2,476,10,0.1,0,0.0854914929726728
25,1,2,0.2,31,0.2,476,10,0.1,0,-0.0165808501136133
25,1,2,0.2,31,0.2,476,10,0.1,0,-0.029900640734921
25,1,2,0.2,31,0.2,476,10,0.1,0,-0.0786546446614717
25,1,2,0.2,31,0.2,476,10,0.1,0,1.46947656149052
25,1,2,0.2,31,0.2,476,10,0.1,0,0.027383438003165
25,1,2,0.2,31,0.2,476,10,0.1,0,-9.19071614753329e-17
25,1,2,0.2,31,0.2,476,10,0.1,0,2.00080902308866
25,1,2,0.2,31,0.2,476,10,0.1,0,-0.0377205785609128
25,1,2,0.2,31,0.2,476,10,0.1,0,-0.162061738992273
25,1,2,0.2,31,0.2,476,10,0.1,0,0.0483107476525365
25,1,2,0.2,31,0.2,476,10,0.1,0,-0.000304811898689948
25,1,2,0.2,31,0.2,476,10,0.1,0,0
25,1,2,0.2,31,0.2,476,10,0.1,0,0.0389274114194377
25,1,2,0.2,31,0.2,476,10,0.1,0,0.00346951809984455
25,1,2,0.2,31,0.2,476,10,0.1,0,0.0222636431079051
25,1,2,0.2,31,0.2,476,10,0.1,0,0.0194423761736357
25,1,2,0.2,31,0.2,476,10,0.1,0,0.0497415144602151
25,1,2,0.2,31,0.2,476,10,0.1,0,-0.0632224337860361
25,1,2,0.2,31,0.2,476,10,0.1,0,0.225784031413228
25,1,2,0.2,31,0.2,476,10,0.1,0,0.652984047242104
25,1,2,0.2,31,0.2,476,10,0.1,0,2.64041673053067
25,1,2,0.2,31,0.2,476,10,0.1,0,0.340913253446673
25,1,2,0.2,31,0.2,476,10,0.1,0,-0.163688274397486
25,1,2,0.2,31,0.2,476,10,0.1,0,0
25,1,2,0.2,31,0.2,476,10,0.1,0,-0.43201373599656
25,1,2,0.2,31,0.2,476,10,0.1,0,0.22793253898418
25,1,2,0.2,31,0.2,476,10,0.1,0,-1.12027528067443e-15
25,1,2,0.2,31,0.2,476,10,0.1,0,-0.00903814462843032
25,1,2,0.2,31,0.2,476,10,0.1,0,-0.082909891426558
25,1,2,0.2,31,0.2,476,10,0.1,0,0
25,1,2,0.2,31,0.2,476,10,0.1,0,0.926036036394526
25,1,2,0.2,31,0.2,476,10,0.1,0,0
25,1,2,0.2,31,0.2,476,10,0.1,0,0.14360815932114
25,1,2,0.2,31,0.2,476,10,0.1,0,-0.291259318472517
25,1,2,0.2,31,0.2,476,10,0.1,0,0.0970821642620515
25,1,2,0.2,31,0.2,476,10,0.1,0,0
25,1,2,0.2,31,0.2,476,10,0.1,0,0.061279070813886
25,1,2,0.2,31,0.2,476,10,0.1,0,0.233115385770259
25,1,2,0.2,31,0.2,476,10,0.1,0,0.192601919981895
25,1,2,0.2,31,0.2,476,10,0.1,0,0.00689270768601953
25,1,2,0.2,31,0.2,476,10,0.1,0,-0.0152482455325034
25,1,2,0.2,31,0.2,476,10,0.1,0,-0.00145462791706394
25,1,2,0.2,31,0.2,476,10,0.1,0,-0.0935706777629775
25,1,2,0.2,31,0.2,476,10,0.1,0,0
25,1,2,0.2,31,0.2,476,10,0.1,0,-0.0783397041972859
25,1,2,0.2,31,0.2,476,10,0.1,0,0.0804503020995115
25,1,2,0.2,31,0.2,476,10,0.1,0,0.175923501343883
25,1,2,0.2,31,0.2,476,10,0.1,0,-0.111786635715136
25,1,2,0.2,31,0.2,476,10,0.1,0,0.313588065324518
25,1,2,0.2,31,0.2,476,10,0.1,0,-4.90999853843725e-16
25,1,2,0.2,31,0.2,476,10,0.1,0,-0.0916564896821429
25,1,2,0.2,31,0.2,476,10,0.1,0,-0.0392469905716318
25,1,2,0.2,31,0.2,476,10,0.1,0,-8.33548067659073e-16
25,1,2,0.2,31,0.2,476,10,0.1,0,0.0702902446556032
25,1,2,0.2,31,0.2,476,10,0.1,0,-0.00759662398883552
25,1,2,0.2,31,0.2,476,10,0.1,0,-0.0848644085136324
25,1,2,0.2,31,0.2,476,10,0.1,0,-0.0115555980568027
25,1,2,0.2,31,0.2,476,10,0.1,0,-0.0513970976725417
25,1,2,0.2,31,0.2,476,10,0.1,0,-0.00817596929910778
25,1,2,0.2,31,0.2,476,10,0.1,0,-0.15351418775818
25,1,2,0.2,31,0.2,476,10,0.1,0,0
25,1,2,0.2,31,0.2,476,10,0.1,0,0.121730486992623
25,1,2,0.2,31,0.2,476,10,0.1,0,0.145922704863188
25,1,2,0.2,31,0.2,476,10,0.1,0,0.0510171890988036
25,1,2,0.2,31,0.2,476,10,0.1,0,-0.0262937908679211
25,1,2,0.2,31,0.2,476,10,0.1,0,-0.185290104810002
25,1,2,0.2,31,0.2,476,10,0.1,0,-2.65385779326703e-17
25,1,2,0.2,31,0.2,476,10,0.1,0,0
25,1,2,0.2,31,0.2,476,10,0.1,0,0.0280752870278884
25,1,2,0.2,31,0.2,476,10,0.1,0,0
25,1,2,0.2,31,0.2,476,10,0.1,0,-0.114888840223932
25,1,2,0.2,31,0.2,476,10,0.1,0,-0.986220556133517
25,1,2,0.2,31,0.2,476,10,0.1,0,0.0999196814412002
25,1,2,0.2,31,0.2,476,10,0.1,0,-3.82673728188606e-17
25,1,2,0.2,31,0.2,476,10,0.1,0,-0.110814177388602
25,1,2,0.2,31,0.2,476,10,0.1,0,-0.0300781354916936
25,1,2,0.2,31,0.2,476,10,0.1,0,0.0925857427788845
25,1,2,0.2,31,0.2,476,10,0.1,0,0.0635473420860516
25,1,2,0.2,31,0.2,476,10,0.1,0,0
25,1,2,0.2,31,0.2,476,10,0.1,0,-0.0445575250281004
25,1,2,0.2,31,0.2,476,10,0.1,0,0.068296902869238
25,1,2,0.2,31,0.2,476,10,0.1,0,0.0502648345733379
25,1,2,0.2,31,0.2,476,10,0.1,0,-0.00178172311389825
25,1,2,0.2,31,0.2,476,10,0.1,0,-0.0686376239700828
25,1,2,0.2,31,0.2,476,10,0.1,0,-0.0795941758755784
25,1,2,0.2,31,0.2,476,10,0.1,0,-0.152182310284841
25,1,2,0.2,31,0.2,476,10,0.1,0,0
25,1,2,0.2,31,0.2,476,10,0.1,0,0.175930714145743
25,1,2,0.2,31,0.2,476,10,0.1,0,0.0726425802840319
25,1,2,0.2,31,0.2,476,10,0.1,0,-1.92745793358629
25,1,2,0.2,31,0.2,476,10,0.1,0,-0.00719682360656481
25,1,2,0.2,31,0.2,476,10,0.1,0,-0.0599253301933539
25,1,2,0.2,31,0.2,476,10,0.1,0,-0.163406615951404
25,1,2,0.2,31,0.2,476,10,0.1,0,0.220678410960665
25,1,2,0.2,31,0.2,476,10,0.1,0,-1.81620277176089
25,1,2,0.2,31,0.2,476,10,0.1,0,0.0356912737675673
25,1,2,0.2,31,0.2,476,10,0.1,0,0.132970527230865
25,1,2,0.2,31,0.2,476,10,0.1,0,0.0815026772532105
25,1,2,0.2,31,0.2,476,10,0.1,0,0.0356807505304828
25,1,2,0.2,31,0.2,476,10,0.1,0,-0.571915609703747
25,1,2,0.2,31,0.2,476,10,0.1,0,0
25,1,2,0.2,31,0.2,476,10,0.1,0,0.0472205787254716
25,1,2,0.2,31,0.2,476,10,0.1,0,0.0309223383604259
25,1,2,0.2,31,0.2,476,10,0.1,0,-1.01305319888636
25,1,2,0.2,31,0.2,476,10,0.1,0,-0.0395373335295843
25,1,2,0.2,31,0.2,476,10,0.1,0,0.0326904472150227
25,1,2,0.2,31,0.2,476,10,0.1,0,-0.0119994331225509
25,1,2,0.2,31,0.2,476,10,0.1,0,0.196868319152711
25,1,2,0.2,31,0.2,476,10,0.1,0,-0.102065051984043
25,1,2,0.2,31,0.2,476,10,0.1,0,0.0108820767469612
25,1,2,0.2,31,0.2,476,10,0.1,0,0.0251911735086241
25,1,2,0.2,31,0.2,476,10,0.1,0,0.0826251392136205
25,1,2,0.2,31,0.2,476,10,0.1,0,0.119227031337002
25,1,2,0.2,31,0.2,476,10,0.1,0,0
25,1,2,0.2,31,0.2,476,10,0.1,0,0.532699708936049
25,1,2,0.2,31,0.2,476,10,0.1,0,-0.0726931027856239
25,1,2,0.2,31,0.2,476,10,0.1,0,-0.404292769532155
25,1,2,0.2,31,0.2,476,10,0.1,0,-0.14226197175919
25,1,2,0.2,31,0.2,476,10,0.1,0,0.274680395881289
25,1,2,0.2,31,0.2,476,10,0.1,0,0.0331516135496725
25,1,2,0.2,31,0.2,476,10,0.1,0,-0.040475903696243
25,1,2,0.2,31,0.2,476,10,0.1,0,-1.93087106794042
25,1,2,0.2,31,0.2,476,10,0.1,0,0.206560634409631
25,1,2,0.2,31,0.2,476,10,0.1,0,-0.497673598033363
25,1,2,0.2,31,0.2,476,10,0.1,0,-0.0331043834931121
25,1,2,0.2,31,0.2,476,10,0.1,0,0.116418381337929
25,1,2,0.2,31,0.2,476,10,0.1,0,0
25,1,2,0.2,31,0.2,476,10,0.1,0,-0.288566489772606
25,1,2,0.2,31,0.2,476,10,0.1,0,-0.328699052793849
25,1,2,0.2,31,0.2,476,10,0.1,0,0.114935298849249
25,1,2,0.2,31,0.2,476,10,0.1,0,0.681852876062889
25,1,2,0.2,31,0.2,476,10,0.1,0,-0.23830725611748
25,1,2,0.2,31,0.2,476,10,0.1,0,0.0706492864020061
25,1,2,0.2,31,0.2,476,10,0.1,0,-0.386823351924773
25,1,2,0.2,31,0.2,476,10,0.1,0,0.0698686907716849
25,1,2,0.2,31,0.2,476,10,0.1,0,-0.855690269452578
25,1,2,0.2,31,0.2,476,10,0.1,0,-0.00761972170939139
25,1,2,0.2,31,0.2,476,10,0.1,0,0
25,1,2,0.2,31,0.2,476,10,0.1,0,-0.0223806493218798
25,1,2,0.2,31,0.2,476,10,0.1,0,-0.00396034568436787
25,1,2,0.2,31,0.2,476,10,0.1,0,0.0100357204894091
25,1,2,0.2,31,0.2,476,10,0.1,0,-0.0847780599356718
25,1,2,0.2,31,0.2,476,10,0.1,0,0.0593352925810821
25,1,2,0.2,31,0.2,476,10,0.1,0,0.0248971427539593
25,1,2,0.2,31,0.2,476,10,0.1,0,0.847580833915792
25,1,2,0.2,31,0.2,476,10,0.1,0,0.0139869352231323
25,1,2,0.2,31,0.2,476,10,0.1,0,0.293871298231811
25,1,2,0.2,31,0.2,476,10,0.1,0,0.468078329577206
25,1,2,0.2,31,0.2,476,10,0.1,0,0
25,1,2,0.2,31,0.2,476,10,0.1,0,0
25,1,2,0.2,31,0.2,476,10,0.1,0,1.10163248336357
25,1,2,0.2,31,0.2,476,10,0.1,0,-1.25286586719012
25,1,2,0.2,31,0.2,476,10,0.1,0,1.07582726243713
25,1,2,0.2,31,0.2,476,10,0.1,0,-0.311745378292305
25,1,2,0.2,31,0.2,476,10,0.1,0,-0.0873308937463109
25,1,2,0.2,31,0.2,476,10,0.1,0,-0.00278931718168873
25,1,2,0.2,31,0.2,476,10,0.1,0,-0.244422583701811
25,1,2,0.2,31,0.2,476,10,0.1,0,-0.0945760443085951
25,1,2,0.2,31,0.2,476,10,0.1,0,-0.0238745680418845
25,1,2,0.2,31,0.2,476,10,0.1,0,-4.76181383765999e-16
25,1,2,0.2,31,0.2,476,10,0.1,0,0.144354015566287
25,1,2,0.2,31,0.2,476,10,0.1,0,0.0990667236963042
25,1,2,0.2,31,0.2,476,10,0.1,0,0.0387186986475225
25,1,2,0.2,31,0.2,476,10,0.1,0,0
25,1,2,0.2,31,0.2,476,10,0.1,0,-0.000193536577991028
25,1,2,0.2,31,0.2,476,10,0.1,0,-0.0334266821510845
25,1,2,0.2,31,0.2,476,10,0.1,0,0.175249035614023
25,1,2,0.2,31,0.2,476,10,0.1,0,-0.907423646931826
25,1,2,0.2,31,0.2,476,10,0.1,0,0
25,1,2,0.2,31,0.2,476,10,0.1,0,0.167553767782882
25,1,2,0.2,31,0.2,476,10,0.1,0,0.0356718790146237
25,1,2,0.2,31,0.2,476,10,0.1,0,-0.102282404510951
25,1,2,0.2,31,0.2,476,10,0.1,0,0.0726992988309871
25,1,2,0.2,31,0.2,476,10,0.1,0,-2.99559008750979e-17
25,1,2,0.2,31,0.2,476,10,0.1,0,-0.0248410090267112
25,1,2,0.2,31,0.2,476,10,0.1,0,0
25,1,2,0.2,31,0.2,476,10,0.1,0,0.337821313046503
25,1,2,0.2,31,0.2,476,10,0.1,0,-0.0508678684705488
25,1,2,0.2,31,0.2,476,10,0.1,0,-3.00587855096553
25,1,2,0.2,31,0.2,476,10,0.1,0,-0.037658369775201
25,1,2,0.2,31,0.2,476,10,0.1,0,-0.00834304387675558
25,1,2,0.2,31,0.2,476,10,0.1,0,-0.187121141447149
25,1,2,0.2,31,0.2,476,10,0.1,0,-0.00798232539728295
25,1,2,0.2,31,0.2,476,10,0.1,0,0.0024388980486043
25,1,2,0.2,31,0.2,476,10,0.1,0,0.220736174547379
25,1,2,0.2,31,0.2,476,10,0.1,0,-2.88478378884437
25,1,2,0.2,31,0.2,476,10,0.1,0,0.331724378957749
25,1,2,0.2,31,0.2,476,10,0.1,0,0.0358634044363303
25,1,2,0.2,31,0.2,476,10,0.1,0,-0.0162918003577344
25,1,2,0.2,31,0.2,476,10,0.1,0,0.0767082882161652
25,1,2,0.2,31,0.2,476,10,0.1,0,0.139838190133643
25,1,2,0.2,31,0.2,476,10,0.1,0,-0.024742524207273
25,1,2,0.2,31,0.2,476,10,0.1,0,-0.0517094830724532
25,1,2,0.2,31,0.2,476,10,0.1,0,0
25,1,2,0.2,31,0.2,476,10,0.1,0,-0.126885066467156
25,1,2,0.2,31,0.2,476,10,0.1,0,-0.0366486748133315
25,1,2,0.2,31,0.2,476,10,0.1,0,-0.0840088364919602
25,1,2,0.2,31,0.2,476,10,0.1,0,0.164847867620322
25,1,2,0.2,31,0.2,476,10,0.1,0,-2.6990959715357
25,1,2,0.2,31,0.2,476,10,0.1,0,-0.0299766298166929
25,1,2,0.2,31,0.2,476,10,0.1,0,0.0130714253248338
25,1,2,0.2,31,0.2,476,10,0.1,0,-0.249262742114679
25,1,2,0.2,31,0.2,476,10,0.1,0,0.0424173440105787
25,1,2,0.2,31,0.2,476,10,0.1,0,-0.00124621488086378
25,1,2,0.2,31,0.2,476,10,0.1,0,0.0824138477828506
25,1,2,0.2,31,0.2,476,10,0.1,0,0.039102098847379
25,1,2,0.2,31,0.2,476,10,0.1,0,-0.295135863643391
25,1,2,0.2,31,0.2,476,10,0.1,0,-0.0137780886026692
25,1,2,0.2,31,0.2,476,10,0.1,0,0.0389814471929229
25,1,2,0.2,31,0.2,476,10,0.1,0,0.438610520551881
25,1,2,0.2,31,0.2,476,10,0.1,0,-0.0707908855519934
25,1,2,0.2,31,0.2,476,10,0.1,0,0.0423594115482104
25,1,2,0.2,31,0.2,476,10,0.1,0,0.00134753810039781
25,1,2,0.2,31,0.2,476,10,0.1,0,-0.650176880267072
25,1,2,0.2,31,0.2,476,10,0.1,0,0.000811708437171784
25,1,2,0.2,31,0.2,476,10,0.1,0,0.249051870220894
25,1,2,0.2,31,0.2,476,10,0.1,0,-2.72248286566403
25,1,2,0.2,31,0.2,476,10,0.1,0,0
25,1,2,0.2,31,0.2,476,10,0.1,0,-0.0102588791872668
25,1,2,0.2,31,0.2,476,10,0.1,0,-0.0458013063398473
25,1,2,0.2,31,0.2,476,10,0.1,0,0
25,1,2,0.2,31,0.2,476,10,0.1,0,-0.081205287272766
25,1,2,0.2,31,0.2,476,10,0.1,0,0.107482627671563
25,1,2,0.2,31,0.2,476,10,0.1,0,0
25,1,2,0.2,31,0.2,476,10,0.1,0,0.273511842334373
25,1,2,0.2,31,0.2,476,10,0.1,0,-0.0986599329526533
25,1,2,0.2,31,0.2,476,10,0.1,0,0.007745005287538
25,1,2,0.2,31,0.2,476,10,0.1,0,-0.651540726496174
25,1,2,0.2,31,0.2,476,10,0.1,0,0.563713074057426
25,1,2,0.2,31,0.2,476,10,0.1,0,-0.036106286473406
25,1,2,0.2,31,0.2,476,10,0.1,0,0.043683363142785
25,1,2,0.2,31,0.2,476,10,0.1,0,0.146374215458859
25,1,2,0.2,31,0.2,476,10,0.1,0,0
25,1,2,0.2,31,0.2,476,10,0.1,0,0.0302069762897854
25,1,2,0.2,31,0.2,476,10,0.1,0,0.199702741173675
25,1,2,0.2,31,0.2,476,10,0.1,0,-0.0857478145835754
25,1,2,0.2,31,0.2,476,10,0.1,0,0
25,1,2,0.2,31,0.2,476,10,0.1,0,-0.00325737371794259
25,1,2,0.2,31,0.2,476,10,0.1,0,0.0187629296358573
25,1,2,0.2,31,0.2,476,10,0.1,0,0
25,1,2,0.2,31,0.2,476,10,0.1,0,-0.0108511046867805
25,1,2,0.2,31,0.2,476,10,0.1,0,0
25,1,2,0.2,31,0.2,476,10,0.1,0,0.307758928587393
25,1,2,0.2,31,0.2,476,10,0.1,0,0.117064196434004
25,1,2,0.2,31,0.2,476,10,0.1,0,0.101647036430442
25,1,2,0.2,31,0.2,476,10,0.1,0,0.740252283896376
25,1,2,0.2,31,0.2,476,10,0.1,0,0
25,1,2,0.2,31,0.2,476,10,0.1,0,0.138391311594074
25,1,2,0.2,31,0.2,476,10,0.1,0,0
25,1,2,0.2,31,0.2,476,10,0.1,0,-0.25428062962228
25,1,2,0.2,31,0.2,476,10,0.1,0,0
25,1,2,0.2,31,0.2,476,10,0.1,0,-0.0695111262501072
25,1,2,0.2,31,0.2,476,10,0.1,0,9.23844458064718e-16
25,1,2,0.2,31,0.2,476,10,0.1,0,0
25,1,2,0.2,31,0.2,476,10,0.1,0,0.33521860310731
25,1,2,0.2,31,0.2,476,10,0.1,0,-0.32361532994519
25,1,2,0.2,31,0.2,476,10,0.1,0,-0.138831352942171
25,1,2,0.2,31,0.2,476,10,0.1,0,-1.45103900043339
25,1,2,0.2,31,0.2,476,10,0.1,0,-0.287671450723549
25,1,2,0.2,31,0.2,476,10,0.1,0,0.108525230076128
25,1,2,0.2,31,0.2,476,10,0.1,0,0.0503353354488975
25,1,2,0.2,31,0.2,476,10,0.1,0,0.336029055515215
25,1,2,0.2,31,0.2,476,10,0.1,0,-0.00181826830695641
25,1,2,0.2,31,0.2,476,10,0.1,0,-0.588696307272671
25,1,2,0.2,31,0.2,476,10,0.1,0,1.27997130690357
25,1,2,0.2,31,0.2,476,10,0.1,0,-0.00509049389090896
25,1,2,0.2,31,0.2,476,10,0.1,0,0.181009336472589
25,1,2,0.2,31,0.2,476,10,0.1,0,0.0790604197235722
25,1,2,0.2,31,0.2,476,10,0.1,0,-2.04082831964558
25,1,2,0.2,31,0.2,476,10,0.1,0,0.0048324845148389
25,1,2,0.2,31,0.2,476,10,0.1,0,-0.0114438425703825
25,1,2,0.2,31,0.2,476,10,0.1,0,-0.174860415001827
25,1,2,0.2,31,0.2,476,10,0.1,0,0
25,1,2,0.2,31,0.2,476,10,0.1,0,0.0282262734950954
25,1,2,0.2,31,0.2,476,10,0.1,0,-0.167003445864316
25,1,2,0.2,31,0.2,476,10,0.1,0,1.70580492454739e-16
25,1,2,0.2,31,0.2,476,10,0.1,0,0.764062282792332
25,1,2,0.2,31,0.2,476,10,0.1,0,-4.33021860019888
25,1,2,0.2,31,0.2,476,10,0.1,0,1.38833586153172
25,1,2,0.2,31,0.2,476,10,0.1,0,0.219611842927221
25,1,2,0.2,31,0.2,476,10,0.1,0,0.128534927982617
25,1,2,0.2,31,0.2,476,10,0.1,0,0.0104533763364211
25,1,2,0.2,31,0.2,476,10,0.1,0,0.200830627511829
25,1,2,0.2,31,0.2,476,10,0.1,0,-0.154824337496304
25,1,2,0.2,31,0.2,476,10,0.1,0,0.0640795298131208
25,1,2,0.2,31,0.2,476,10,0.1,0,0
25,1,2,0.2,31,0.2,476,10,0.1,0,0.247851206020026
25,1,2,0.2,31,0.2,476,10,0.1,0,0
25,1,2,0.2,31,0.2,476,10,0.1,0,0.00599297781526351
25,1,2,0.2,31,0.2,476,10,0.1,0,0
25,1,2,0.2,31,0.2,476,10,0.1,0,0.67992975442287
25,1,2,0.2,31,0.2,476,10,0.1,0,0.0648222038481418
25,1,2,0.2,31,0.2,476,10,0.1,0,-2.6430142350353
25,1,2,0.2,31,0.2,476,10,0.1,0,0.0117667056126228
25,1,2,0.2,31,0.2,476,10,0.1,0,0
25,1,2,0.2,31,0.2,476,10,0.1,0,1.09916182076872
25,1,2,0.2,31,0.2,476,10,0.1,0,0.168743230281715
25,1,2,0.2,31,0.2,476,10,0.1,0,0.0292825540907375
25,1,2,0.2,31,0.2,476,10,0.1,0,-0.136582669189424
25,1,2,0.2,31,0.2,476,10,0.1,0,0.0194961882473586
25,1,2,0.2,31,0.2,476,10,0.1,0,0.25663812172693
25,1,2,0.2,31,0.2,476,10,0.1,0,0.0781696504649167
25,1,2,0.2,31,0.2,476,10,0.1,0,-0.017789095046795
25,1,2,0.2,31,0.2,476,10,0.1,0,0.161892467364385
25,1,2,0.2,31,0.2,476,10,0.1,0,-0.145258961121073
25,1,2,0.2,31,0.2,476,10,0.1,0,0.157085271544849
25,1,2,0.2,31,0.2,476,10,0.1,0,0
25,1,2,0.2,31,0.2,476,10,0.1,0,-0.177179693678049
25,1,2,0.2,31,0.2,476,10,0.1,0,-0.00292334086679863
25,1,2,0.2,31,0.2,476,10,0.1,0,-0.0109002460851754
25,1,2,0.2,31,0.2,476,10,0.1,0,0.0976984762059203
25,1,2,0.2,31,0.2,476,10,0.1,0,0.210211856059975
25,1,2,0.2,31,0.2,476,10,0.1,0,-0.0661698942597082
25,1,2,0.2,31,0.2,476,10,0.1,0,-0.00658606426935139
25,1,2,0.2,31,0.2,476,10,0.1,0,0.0166481432818671
25,1,2,0.2,31,0.2,476,10,0.1,0,-0.00296464696005401
25,1,2,0.2,31,0.2,476,10,0.1,0,-0.136785191012465
25,1,2,0.2,31,0.2,476,10,0.1,0,-4.26232610502813e-16
25,1,2,0.2,31,0.2,476,10,0.1,0,0.0300209857516663
25,1,2,0.2,31,0.2,476,10,0.1,0,0.882216049657242
25,1,2,0.2,31,0.2,476,10,0.1,0,-0.0615009959587094
25,1,2,0.2,31,0.2,476,10,0.1,0,0.0180917895000111
25,1,2,0.2,31,0.2,476,10,0.1,0,0
25,1,2,0.2,31,0.2,476,10,0.1,0,2.63844891623639
25,1,2,0.2,31,0.2,476,10,0.1,0,0.0518452596718221
25,1,2,0.2,31,0.2,476,10,0.1,0,4.89810888038118e-16
25,1,2,0.2,31,0.2,476,10,0.1,0,0.0527178487851569
25,1,2,0.2,31,0.2,476,10,0.1,0,0.158836146307176
25,1,2,0.2,31,0.2,476,10,0.1,0,-0.0781964101593159
25,1,2,0.2,31,0.2,476,10,0.1,0,-0.0513888243662043
25,1,2,0.2,31,0.2,476,10,0.1,0,0
25,1,2,0.2,31,0.2,476,10,0.1,0,-1.34165952081054
25,1,2,0.2,31,0.2,476,10,0.1,0,-0.0902121193458363
25,1,2,0.2,31,0.2,476,10,0.1,0,0.0365133969302521
25,1,2,0.2,31,0.2,476,10,0.1,0,-1.70416222704702
25,1,2,0.2,31,0.2,476,10,0.1,0,-0.00262421355624909
25,1,2,0.2,31,0.2,476,10,0.1,0,0.330764133330609
25,1,2,0.2,31,0.2,476,10,0.1,0,-0.0583263839490489
25,1,2,0.2,31,0.2,476,10,0.1,0,0.0361511233378296
25,1,2,0.2,31,0.2,476,10,0.1,0,0.0713892310022435
25,1,2,0.2,31,0.2,476,10,0.1,0,-0.0955542859716841
25,1,2,0.2,31,0.2,476,10,0.1,0,-0.099416889376503
25,1,2,0.2,31,0.2,476,10,0.1,0,0
25,1,2,0.2,31,0.2,476,10,0.1,0,0.100815463512665
25,1,2,0.2,31,0.2,476,10,0.1,0,-0.75561537936628
25,1,2,0.2,31,0.2,476,10,0.1,0,0.145203789309081
25,1,2,0.2,31,0.2,476,10,0.1,0,-0.048213488409527
25,1,2,0.2,31,0.2,476,10,0.1,0,0
25,1,2,0.2,31,0.2,476,10,0.1,0,-0.0438664840032982
25,1,2,0.2,31,0.2,476,10,0.1,0,-0.0211796745389403
25,1,2,0.2,31,0.2,476,10,0.1,0,0
25,1,2,0.2,31,0.2,476,10,0.1,0,1.8597018479938e-16
25,1,2,0.2,31,0.2,476,10,0.1,0,0.0044607935008767
25,1,2,0.2,31,0.2,476,10,0.1,0,0
25,1,2,0.2,31,0.2,476,10,0.1,0,0.587941380255345
25,1,2,0.2,31,0.2,476,10,0.1,0,-0.22162279563886
25,1,2,0.2,31,0.2,476,10,0.1,0,-0.308001070808113
25,1,2,0.2,31,0.2,476,10,0.1,0,-0.281537604998608
25,1,2,0.2,31,0.2,476,10,0.1,0,0
25,1,2,0.2,31,0.2,476,10,0.1,0,-0.653866652382525
25,1,2,0.2,31,0.2,476,10,0.1,0,0.623431543533739
25,1,2,0.2,31,0.2,476,10,0.1,0,-0.0961110243490542
25,1,2,0.2,31,0.2,476,10,0.1,0,-0.103614325101441
25,1,2,0.2,31,0.2,476,10,0.1,0,0.032909210305511
25,1,2,0.2,31,0.2,476,10,0.1,0,-0.217872374681233
25,1,2,0.2,31,0.2,476,10,0.1,0,-0.144625445397399
25,1,2,0.2,31,0.2,476,10,0.1,0,0.0862950134731292
25,1,2,0.2,31,0.2,476,10,0.1,0,-0.0980076217541546
25,1,2,0.2,31,0.2,476,10,0.1,0,0.402103722702256
25,1,2,0.2,31,0.2,476,10,0.1,0,-0.229770990425516
25,1,2,0.2,31,0.2,476,10,0.1,0,-0.443698821489723
25,1,2,0.2,31,0.2,476,10,0.1,0,1.54776527678811
25,1,2,0.2,31,0.2,476,10,0.1,0,0.40247303315517
25,1,2,0.2,31,0.2,476,10,0.1,0,0.0103039583169618
25,1,2,0.2,31,0.2,476,10,0.1,0,-0.0600888550065537
25,1,2,0.2,31,0.2,476,10,0.1,0,0.0172849574525734
25,1,2,0.2,31,0.2,476,10,0.1,0,0.172733721281829
25,1,2,0.2,31,0.2,476,10,0.1,0,-0.750580062495408
25,1,2,0.2,31,0.2,476,10,0.1,0,1.44516056376994e-17
25,1,2,0.2,31,0.2,476,10,0.1,0,-0.02776510988328
25,1,2,0.2,31,0.2,476,10,0.1,0,0.0176739755129444
25,1,2,0.2,31,0.2,476,10,0.1,0,0.0348552197736227
25,1,2,0.2,31,0.2,476,10,0.1,0,0.0101508190678166
25,1,2,0.2,31,0.2,476,10,0.1,0,-0.342130813048746
25,1,2,0.2,31,0.2,476,10,0.1,0,0.0035047361283812
25,1,2,0.2,31,0.2,476,10,0.1,0,0.0262921207127039
25,1,2,0.2,31,0.2,476,10,0.1,0,-0.0428554915953835
25,1,2,0.2,31,0.2,476,10,0.1,0,0.0151323659455867
25,1,2,0.2,31,0.2,476,10,0.1,0,0.210500941787097
25,1,2,0.2,31,0.2,476,10,0.1,0,0.0108110469621621
25,1,2,0.2,31,0.2,476,10,0.1,0,0
25,1,2,0.2,31,0.2,476,10,0.1,0,0.00884978845401319
25,1,2,0.2,31,0.2,476,10,0.1,0,-0.163051818608348
25,1,2,0.2,31,0.2,476,10,0.1,0,0.439044582914845
25,1,2,0.2,31,0.2,476,10,0.1,0,0.437553488465071
25,1,2,0.2,31,0.2,476,10,0.1,0,-9.57086171564109e-05
25,1,2,0.2,31,0.2,476,10,0.1,0,-0.0621862858902924
25,1,2,0.2,31,0.2,476,10,0.1,0,0.0233677107011848
25,1,2,0.2,31,0.2,476,10,0.1,0,-0.00828675743644449
25,1,2,0.2,31,0.2,476,10,0.1,0,0.00825613989576521
25,1,2,0.2,31,0.2,476,10,0.1,0,-0.0664835104823232
25,1,2,0.2,31,0.2,476,10,0.1,0,0.0103538059797641
25,1,2,0.2,31,0.2,476,10,0.1,0,-0.312035301269695
25,1,2,0.2,31,0.2,476,10,0.1,0,1.87686118989417e-15
25,1,2,0.2,31,0.2,476,10,0.1,0,-2.17536094488432
25,1,2,0.2,31,0.2,476,10,0.1,0,0.342667797740789
25,1,2,0.2,31,0.2,476,10,0.1,0,0.0486947709896165
25,1,2,0.2,31,0.2,476,10,0.1,0,-0.178223951488809
25,1,2,0.2,31,0.2,476,10,0.1,0,0
25,1,2,0.2,31,0.2,476,10,0.1,0,0.00565150897864897
25,1,2,0.2,31,0.2,476,10,0.1,0,0.042579032784105
25,1,2,0.2,31,0.2,476,10,0.1,0,0.407026015163569
25,1,2,0.2,31,0.2,476,10,0.1,0,0.0102462546965497
25,1,2,0.2,31,0.2,476,10,0.1,0,0
25,1,2,0.2,31,0.2,476,10,0.1,0,0.257734667964614
25,1,2,0.2,31,0.2,476,10,0.1,0,0
25,1,2,0.2,31,0.2,476,10,0.1,0,-0.220561468000285
25,1,2,0.2,31,0.2,476,10,0.1,0,0.862739778972372
25,1,2,0.2,31,0.2,476,10,0.1,0,0.111025048994482
25,1,2,0.2,31,0.2,476,10,0.1,0,0.239057511632724
25,1,2,0.2,31,0.2,476,10,0.1,0,0.113441113090959
25,1,2,0.2,31,0.2,476,10,0.1,0,-0.0618809128065682
25,1,2,0.2,31,0.2,476,10,0.1,0,0.623245451360835
25,1,2,0.2,31,0.2,476,10,0.1,0,0.00683276764023254
25,1,2,0.2,31,0.2,476,10,0.1,0,0.109208171545444
25,1,2,0.2,31,0.2,476,10,0.1,0,0
25,1,2,0.2,31,0.2,476,10,0.1,0,1.01122044937278
25,1,2,0.2,31,0.2,476,10,0.1,0,0.0505630812727757
25,1,2,0.2,31,0.2,476,10,0.1,0,-0.140821190335091
25,1,2,0.2,31,0.2,476,10,0.1,0,-1.15604987298794
25,1,2,0.2,31,0.2,476,10,0.1,0,0
25,1,2,0.2,31,0.2,476,10,0.1,0,-0.00218692335896296
25,1,2,0.2,31,0.2,476,10,0.1,0,0.00239522172982862
25,1,2,0.2,31,0.2,476,10,0.1,0,-0.0525768016449676
25,1,2,0.2,31,0.2,476,10,0.1,0,-0.147313972538459
25,1,2,0.2,31,0.2,476,10,0.1,0,-0.0867364297866545
25,1,2,0.2,31,0.2,476,10,0.1,0,-0.0831528234206917
25,1,2,0.2,31,0.2,476,10,0.1,0,0.0141758613883396
25,1,2,0.2,31,0.2,476,10,0.1,0,-0.0730427462126297
25,1,2,0.2,31,0.2,476,10,0.1,0,0.204145632112739
25,1,2,0.2,31,0.2,476,10,0.1,0,0.0388837906779753
25,1,2,0.2,31,0.2,476,10,0.1,0,-1.89577144211388
25,1,2,0.2,31,0.2,476,10,0.1,0,-0.213778877313547
25,1,2,0.2,31,0.2,476,10,0.1,0,-0.0426491980896714
25,1,2,0.2,31,0.2,476,10,0.1,0,-0.0331838809649354
25,1,2,0.2,31,0.2,476,10,0.1,0,-0.0515621284539959
25,1,2,0.2,31,0.2,476,10,0.1,0,0
25,1,2,0.2,31,0.2,476,10,0.1,0,0.113081674092864
25,1,2,0.2,31,0.2,476,10,0.1,0,-1.01335443563256
25,1,2,0.2,31,0.2,476,10,0.1,0,0
25,1,2,0.2,31,0.2,476,10,0.1,0,-1.45424772708416
25,1,2,0.2,31,0.2,476,10,0.1,0,0
25,1,2,0.2,31,0.2,476,10,0.1,0,0.432247123237914
25,1,2,0.2,31,0.2,476,10,0.1,0,0
25,1,2,0.2,31,0.2,476,10,0.1,0,0.461708012923444
25,1,2,0.2,31,0.2,476,10,0.1,0,0
25,1,2,0.2,31,0.2,476,10,0.1,0,0.0478725053120614
25,1,2,0.2,31,0.2,476,10,0.1,0,-0.0678047554225523
25,1,2,0.2,31,0.2,476,10,0.1,0,0
25,1,3,0.2,18,0.2,245,10,0.1,1,0.211827192830991
25,1,3,0.2,18,0.2,245,10,0.1,1,-0.296832998242658
25,1,3,0.2,18,0.2,245,10,0.1,1,0
25,1,3,0.2,18,0.2,245,10,0.1,1,0
25,1,3,0.2,18,0.2,245,10,0.1,1,0
25,1,3,0.2,18,0.2,245,10,0.1,1,0.625451763968977
25,1,3,0.2,18,0.2,245,10,0.1,1,0
25,1,3,0.2,18,0.2,245,10,0.1,1,-1.3376477894282
25,1,3,0.2,18,0.2,245,10,0.1,1,0
25,1,3,0.2,18,0.2,245,10,0.1,1,-1.24670344315192
25,1,3,0.2,18,0.2,245,10,0.1,1,0
25,1,3,0.2,18,0.2,245,10,0.1,1,0
25,1,3,0.2,18,0.2,245,10,0.1,1,0.143414363391142
25,1,3,0.2,18,0.2,245,10,0.1,1,1.19599977860494e-24
25,1,3,0.2,18,0.2,245,10,0.1,1,-0.783889776901025
25,1,3,0.2,18,0.2,245,10,0.1,1,0
25,1,3,0.2,18,0.2,245,10,0.1,1,0
25,1,3,0.2,18,0.2,245,10,0.1,1,0
25,1,3,0.2,18,0.2,245,10,0.1,0,0
25,1,3,0.2,18,0.2,245,10,0.1,0,0
25,1,3,0.2,18,0.2,245,10,0.1,0,0
25,1,3,0.2,18,0.2,245,10,0.1,0,0.039505173673346
25,1,3,0.2,18,0.2,245,10,0.1,0,1.71659466720138e-25
25,1,3,0.2,18,0.2,245,10,0.1,0,0.027670489768549
25,1,3,0.2,18,0.2,245,10,0.1,0,-0.01064672326522
25,1,3,0.2,18,0.2,245,10,0.1,0,0.0439072659915342
25,1,3,0.2,18,0.2,245,10,0.1,0,0.0606230224418155
25,1,3,0.2,18,0.2,245,10,0.1,0,-4.63574935670802e-24
25,1,3,0.2,18,0.2,245,10,0.1,0,0
25,1,3,0.2,18,0.2,245,10,0.1,0,-1.51901089581738e-24
25,1,3,0.2,18,0.2,245,10,0.1,0,-4.85880271006207e-24
25,1,3,0.2,18,0.2,245,10,0.1,0,-0.0526072191617687
25,1,3,0.2,18,0.2,245,10,0.1,0,0
25,1,3,0.2,18,0.2,245,10,0.1,0,-5.94596346614048e-24
25,1,3,0.2,18,0.2,245,10,0.1,0,0
25,1,3,0.2,18,0.2,245,10,0.1,0,-0.179135637975142
25,1,3,0.2,18,0.2,245,10,0.1,0,-0.0204809186591554
25,1,3,0.2,18,0.2,245,10,0.1,0,0
25,1,3,0.2,18,0.2,245,10,0.1,0,0.0429670869236921
25,1,3,0.2,18,0.2,245,10,0.1,0,-7.02630742632917e-26
25,1,3,0.2,18,0.2,245,10,0.1,0,0
25,1,3,0.2,18,0.2,245,10,0.1,0,0.0778384307378591
25,1,3,0.2,18,0.2,245,10,0.1,0,0.0201382258743352
25,1,3,0.2,18,0.2,245,10,0.1,0,-0.0942600205699253
25,1,3,0.2,18,0.2,245,10,0.1,0,0.224930793605068
25,1,3,0.2,18,0.2,245,10,0.1,0,0.027998730901683
25,1,3,0.2,18,0.2,245,10,0.1,0,0
25,1,3,0.2,18,0.2,245,10,0.1,0,0.512927655790768
25,1,3,0.2,18,0.2,245,10,0.1,0,-0.0421522334405602
25,1,3,0.2,18,0.2,245,10,0.1,0,0.0364141751390527
25,1,3,0.2,18,0.2,245,10,0.1,0,-0.0529515066478387
25,1,3,0.2,18,0.2,245,10,0.1,0,0
25,1,3,0.2,18,0.2,245,10,0.1,0,0.182449368764095
25,1,3,0.2,18,0.2,245,10,0.1,0,3.73346267020952e-23
25,1,3,0.2,18,0.2,245,10,0.1,0,0
25,1,3,0.2,18,0.2,245,10,0.1,0,2.75341554291257e-25
25,1,3,0.2,18,0.2,245,10,0.1,0,1.39363965039355
25,1,3,0.2,18,0.2,245,10,0.1,0,0.0278827476494326
25,1,3,0.2,18,0.2,245,10,0.1,0,-0.0534264965226626
25,1,3,0.2,18,0.2,245,10,0.1,0,1.11574846159084e-24
25,1,3,0.2,18,0.2,245,10,0.1,0,-0.00382126355608626
25,1,3,0.2,18,0.2,245,10,0.1,0,-2.23975268862176e-23
25,1,3,0.2,18,0.2,245,10,0.1,0,0.0118993846280752
25,1,3,0.2,18,0.2,245,10,0.1,0,-0.111386883765708
25,1,3,0.2,18,0.2,245,10,0.1,0,-1.00996736638551
25,1,3,0.2,18,0.2,245,10,0.1,0,2.1067570716865e-25
25,1,3,0.2,18,0.2,245,10,0.1,0,0
25,1,3,0.2,18,0.2,245,10,0.1,0,-0.660058294957315
25,1,3,0.2,18,0.2,245,10,0.1,0,0
25,1,3,0.2,18,0.2,245,10,0.1,0,3.12731756410773e-24
25,1,3,0.2,18,0.2,245,10,0.1,0,0.303552391946272
25,1,3,0.2,18,0.2,245,10,0.1,0,0.119315424590029
25,1,3,0.2,18,0.2,245,10,0.1,0,-0.187993041304105
25,1,3,0.2,18,0.2,245,10,0.1,0,-1.22000653492787
25,1,3,0.2,18,0.2,245,10,0.1,0,0.005221847723901
25,1,3,0.2,18,0.2,245,10,0.1,0,-1.59980465268416
25,1,3,0.2,18,0.2,245,10,0.1,0,0.0100909003305105
25,1,3,0.2,18,0.2,245,10,0.1,0,0
25,1,3,0.2,18,0.2,245,10,0.1,0,0.0795452666827282
25,1,3,0.2,18,0.2,245,10,0.1,0,0
25,1,3,0.2,18,0.2,245,10,0.1,0,-4.01280623797248
25,1,3,0.2,18,0.2,245,10,0.1,0,-0.0263365322858293
25,1,3,0.2,18,0.2,245,10,0.1,0,0.0120270261265105
25,1,3,0.2,18,0.2,245,10,0.1,0,0.059635828827106
25,1,3,0.2,18,0.2,245,10,0.1,0,0.0789736566508671
25,1,3,0.2,18,0.2,245,10,0.1,0,0.137290296501569
25,1,3,0.2,18,0.2,245,10,0.1,0,0
25,1,3,0.2,18,0.2,245,10,0.1,0,0.323592110819399
25,1,3,0.2,18,0.2,245,10,0.1,0,0.0456558922431239
25,1,3,0.2,18,0.2,245,10,0.1,0,0.115999013340543
25,1,3,0.2,18,0.2,245,10,0.1,0,-0.292087433161986
25,1,3,0.2,18,0.2,245,10,0.1,0,0.0128096276984894
25,1,3,0.2,18,0.2,245,10,0.1,0,0.21477993908856
25,1,3,0.2,18,0.2,245,10,0.1,0,0
25,1,3,0.2,18,0.2,245,10,0.1,0,-1.62226603467597
25,1,3,0.2,18,0.2,245,10,0.1,0,-0.0515014319986902
25,1,3,0.2,18,0.2,245,10,0.1,0,-0.54723980286451
25,1,3,0.2,18,0.2,245,10,0.1,0,-0.128942509648213
25,1,3,0.2,18,0.2,245,10,0.1,0,1.6785683394413e-25
25,1,3,0.2,18,0.2,245,10,0.1,0,0
25,1,3,0.2,18,0.2,245,10,0.1,0,0.25801494397161
25,1,3,0.2,18,0.2,245,10,0.1,0,0
25,1,3,0.2,18,0.2,245,10,0.1,0,-0.0647624195007197
25,1,3,0.2,18,0.2,245,10,0.1,0,0.430413376776773
25,1,3,0.2,18,0.2,245,10,0.1,0,0.254013766738745
25,1,3,0.2,18,0.2,245,10,0.1,0,-0.0292429682582735
25,1,3,0.2,18,0.2,245,10,0.1,0,0.0275249044692582
25,1,3,0.2,18,0.2,245,10,0.1,0,-0.000993381012348168
25,1,3,0.2,18,0.2,245,10,0.1,0,0.20940698682987
25,1,3,0.2,18,0.2,245,10,0.1,0,-0.0396313973831008
25,1,3,0.2,18,0.2,245,10,0.1,0,0.00998205770188089
25,1,3,0.2,18,0.2,245,10,0.1,0,-0.19309746891949
25,1,3,0.2,18,0.2,245,10,0.1,0,0
25,1,3,0.2,18,0.2,245,10,0.1,0,0
25,1,3,0.2,18,0.2,245,10,0.1,0,0
25,1,3,0.2,18,0.2,245,10,0.1,0,-1.27297512616438e-24
25,1,3,0.2,18,0.2,245,10,0.1,0,-1.07419296819294e-25
25,1,3,0.2,18,0.2,245,10,0.1,0,-0.0677271564270788
25,1,3,0.2,18,0.2,245,10,0.1,0,-1.83897975170919
25,1,3,0.2,18,0.2,245,10,0.1,0,0.10537218677457
25,1,3,0.2,18,0.2,245,10,0.1,0,0.0567972367381041
25,1,3,0.2,18,0.2,245,10,0.1,0,-0.0551866905948712
25,1,3,0.2,18,0.2,245,10,0.1,0,0.0433174807505933
25,1,3,0.2,18,0.2,245,10,0.1,0,1.5784540082683e-25
25,1,3,0.2,18,0.2,245,10,0.1,0,0
25,1,3,0.2,18,0.2,245,10,0.1,0,-2.36985682406116
25,1,3,0.2,18,0.2,245,10,0.1,0,-2.09387283552776e-25
25,1,3,0.2,18,0.2,245,10,0.1,0,-0.00522601679783225
25,1,3,0.2,18,0.2,245,10,0.1,0,0
25,1,3,0.2,18,0.2,245,10,0.1,0,0.0549763790858437
25,1,3,0.2,18,0.2,245,10,0.1,0,-0.00981253459792601
25,1,3,0.2,18,0.2,245,10,0.1,0,0.000226947751191773
25,1,3,0.2,18,0.2,245,10,0.1,0,0
25,1,3,0.2,18,0.2,245,10,0.1,0,-2.31308352206163e-25
25,1,3,0.2,18,0.2,245,10,0.1,0,-0.0163571649784926
25,1,3,0.2,18,0.2,245,10,0.1,0,0
25,1,3,0.2,18,0.2,245,10,0.1,0,-0.482369705189362
25,1,3,0.2,18,0.2,245,10,0.1,0,0
25,1,3,0.2,18,0.2,245,10,0.1,0,0.0444814185058086
25,1,3,0.2,18,0.2,245,10,0.1,0,0
25,1,3,0.2,18,0.2,245,10,0.1,0,0
25,1,3,0.2,18,0.2,245,10,0.1,0,-6.349318677831e-24
25,1,3,0.2,18,0.2,245,10,0.1,0,0.222221022190612
25,1,3,0.2,18,0.2,245,10,0.1,0,0
25,1,3,0.2,18,0.2,245,10,0.1,0,-1.25268113090558
25,1,3,0.2,18,0.2,245,10,0.1,0,-0.271822147620418
25,1,3,0.2,18,0.2,245,10,0.1,0,0.0441273998498059
25,1,3,0.2,18,0.2,245,10,0.1,0,0.195963216501979
25,1,3,0.2,18,0.2,245,10,0.1,0,0.184629581015412
25,1,3,0.2,18,0.2,245,10,0.1,0,-1.7721032523512e-24
25,1,3,0.2,18,0.2,245,10,0.1,0,-0.00860297746602353
25,1,3,0.2,18,0.2,245,10,0.1,0,-0.067109332217154
25,1,3,0.2,18,0.2,245,10,0.1,0,0.0193092518331892
25,1,3,0.2,18,0.2,245,10,0.1,0,0.0634651685757948
25,1,3,0.2,18,0.2,245,10,0.1,0,0.00666676518496044
25,1,3,0.2,18,0.2,245,10,0.1,0,-0.349943706577604
25,1,3,0.2,18,0.2,245,10,0.1,0,6.40876089202713e-25
25,1,3,0.2,18,0.2,245,10,0.1,0,0
25,1,3,0.2,18,0.2,245,10,0.1,0,1.10438889675098e-25
25,1,3,0.2,18,0.2,245,10,0.1,0,0.0287061672068519
25,1,3,0.2,18,0.2,245,10,0.1,0,0.0955592217310081
25,1,3,0.2,18,0.2,245,10,0.1,0,-1.33485748115687
25,1,3,0.2,18,0.2,245,10,0.1,0,0.0618863264664777
25,1,3,0.2,18,0.2,245,10,0.1,0,0
25,1,3,0.2,18,0.2,245,10,0.1,0,-0.0250716996956492
25,1,3,0.2,18,0.2,245,10,0.1,0,4.66901023134278e-24
25,1,3,0.2,18,0.2,245,10,0.1,0,0.041810461603766
25,1,3,0.2,18,0.2,245,10,0.1,0,0.628367244211485
25,1,3,0.2,18,0.2,245,10,0.1,0,0.0492414394253314
25,1,3,0.2,18,0.2,245,10,0.1,0,0
25,1,3,0.2,18,0.2,245,10,0.1,0,0
25,1,3,0.2,18,0.2,245,10,0.1,0,0.150999511711273
25,1,3,0.2,18,0.2,245,10,0.1,0,-0.0226304957489372
25,1,3,0.2,18,0.2,245,10,0.1,0,-0.00891186136926399
25,1,3,0.2,18,0.2,245,10,0.1,0,-2.80111226767957e-24
25,1,3,0.2,18,0.2,245,10,0.1,0,-0.00881903610594287
25,1,3,0.2,18,0.2,245,10,0.1,0,0.0380184512266915
25,1,3,0.2,18,0.2,245,10,0.1,0,0.0382189047520481
25,1,3,0.2,18,0.2,245,10,0.1,0,0.0303189035304576
25,1,3,0.2,18,0.2,245,10,0.1,0,-0.0156519650807317
25,1,3,0.2,18,0.2,245,10,0.1,0,-0.0592565321071113
25,1,3,0.2,18,0.2,245,10,0.1,0,0.0244241857762638
25,1,3,0.2,18,0.2,245,10,0.1,0,0.22083412903852
25,1,3,0.2,18,0.2,245,10,0.1,0,-0.0332958111099217
25,1,3,0.2,18,0.2,245,10,0.1,0,0
25,1,3,0.2,18,0.2,245,10,0.1,0,0.228951135174915
25,1,3,0.2,18,0.2,245,10,0.1,0,8.20154941563303e-24
25,1,3,0.2,18,0.2,245,10,0.1,0,0.0251425242399205
25,1,3,0.2,18,0.2,245,10,0.1,0,0.115386796435989
25,1,3,0.2,18,0.2,245,10,0.1,0,-0.0174380045712421
25,1,3,0.2,18,0.2,245,10,0.1,0,-0.0150794511382567
25,1,3,0.2,18,0.2,245,10,0.1,0,4.19265461503079e-24
25,1,3,0.2,18,0.2,245,10,0.1,0,1.47344240135827e-25
25,1,3,0.2,18,0.2,245,10,0.1,0,0.00137907355969888
25,1,3,0.2,18,0.2,245,10,0.1,0,-6.13328740489254e-24
25,1,3,0.2,18,0.2,245,10,0.1,0,-1.20364133744822e-24
25,1,3,0.2,18,0.2,245,10,0.1,0,-0.0145919865024393
25,1,3,0.2,18,0.2,245,10,0.1,0,0.102898720095675
25,1,3,0.2,18,0.2,245,10,0.1,0,-0.0486564486276375
25,1,3,0.2,18,0.2,245,10,0.1,0,-0.124999547764917
25,1,3,0.2,18,0.2,245,10,0.1,0,-0.214678832349817
25,1,3,0.2,18,0.2,245,10,0.1,0,4.59244416746587e-25
25,1,3,0.2,18,0.2,245,10,0.1,0,0
25,1,3,0.2,18,0.2,245,10,0.1,0,0.0600853319728442
25,1,3,0.2,18,0.2,245,10,0.1,0,-6.10752193375364e-24
25,1,3,0.2,18,0.2,245,10,0.1,0,0.0778183448134248
25,1,3,0.2,18,0.2,245,10,0.1,0,0.027132550915728
25,1,3,0.2,18,0.2,245,10,0.1,0,0.110318889692796
25,1,3,0.2,18,0.2,245,10,0.1,0,0.217315166162408
25,1,3,0.2,18,0.2,245,10,0.1,0,0
25,1,3,0.2,18,0.2,245,10,0.1,0,0
25,1,3,0.2,18,0.2,245,10,0.1,0,0.0403604234619526
25,1,3,0.2,18,0.2,245,10,0.1,0,0.032751064485971
25,1,3,0.2,18,0.2,245,10,0.1,0,-3.17253929877138
25,1,3,0.2,18,0.2,245,10,0.1,0,0.0679899024080959
25,1,3,0.2,18,0.2,245,10,0.1,0,1.07020502549534
25,1,3,0.2,18,0.2,245,10,0.1,0,0.22288936764978
25,1,3,0.2,18,0.2,245,10,0.1,0,4.71283616540423e-25
25,1,3,0.2,18,0.2,245,10,0.1,0,4.63781443619234e-26
25,1,3,0.2,18,0.2,245,10,0.1,0,0
25,1,3,0.2,18,0.2,245,10,0.1,0,-0.784516619037678
25,1,3,0.2,18,0.2,245,10,0.1,0,0.175641720896274
25,1,3,0.2,18,0.2,245,10,0.1,0,-0.0159405275193378
25,1,3,0.2,18,0.2,245,10,0.1,0,-3.53176344015323e-24
25,1,3,0.2,18,0.2,245,10,0.1,0,0
25,1,3,0.2,18,0.2,245,10,0.1,0,-2.17236679105391
25,1,3,0.2,18,0.2,245,10,0.1,0,0.0226815989783181
25,1,3,0.2,18,0.2,245,10,0.1,0,0.275315510611386
25,1,3,0.2,18,0.2,245,10,0.1,0,8.50306603537815e-26
25,1,3,0.2,18,0.2,245,10,0.1,0,-0.688553140717544
25,1,3,0.2,18,0.2,245,10,0.1,0,0.0242515744575063
25,1,3,0.2,18,0.2,245,10,0.1,0,0.0401616193292332
25,1,3,0.2,18,0.2,245,10,0.1,0,-0.420589959898579
25,1,3,0.2,18,0.2,245,10,0.1,0,0.422150236433718
25,1,3,0.2,18,0.2,245,10,0.1,0,0
25,1,3,0.2,18,0.2,245,10,0.1,0,0
25,1,3,0.2,18,0.2,245,10,0.1,0,0.0637800285352321
25,1,3,0.2,18,0.2,245,10,0.1,0,0
25,1,3,0.2,18,0.2,245,10,0.1,0,0
25,1,3,0.2,18,0.2,245,10,0.1,0,0.0534569051156211
25,1,3,0.2,18,0.2,245,10,0.1,0,0
25,1,3,0.2,18,0.2,245,10,0.1,0,0
25,1,3,0.2,18,0.2,245,10,0.1,0,0
25,1,3,0.2,18,0.2,245,10,0.1,0,0
25,1,3,0.2,18,0.2,245,10,0.1,0,0
25,1,3,0.2,18,0.2,245,10,0.1,0,-2.99654198001942e-23
25,1,3,0.2,18,0.2,245,10,0.1,0,0.128532256327889
25,1,3,0.2,18,0.2,245,10,0.1,0,-0.0129578215626732
25,1,3,0.2,18,0.2,245,10,0.1,0,0.0376045684084054
25,1,3,0.2,18,0.2,245,10,0.1,0,3.89163104336546e-24
25,1,3,0.2,18,0.2,245,10,0.1,0,0
25,1,3,0.2,18,0.2,245,10,0.1,0,0.028793205266182
25,1,3,0.2,18,0.2,245,10,0.1,0,0
25,1,3,0.2,18,0.2,245,10,0.1,0,1.82545059887122
25,1,3,0.2,18,0.2,245,10,0.1,0,0
25,1,3,0.2,18,0.2,245,10,0.1,0,0.0662237560098756
25,1,3,0.2,18,0.2,245,10,0.1,0,0
25,1,3,0.2,18,0.2,245,10,0.1,0,0.280280421094075
25,1,3,0.2,18,0.2,245,10,0.1,0,0
25,1,3,0.2,18,0.2,245,10,0.1,0,0
25,1,3,0.2,18,0.2,245,10,0.1,0,0.231418640118136
25,1,3,0.2,18,0.2,245,10,0.1,0,0.0761870496198392
25,1,3,0.2,18,0.2,245,10,0.1,0,0.047103692644573
25,1,4,0.2,23,0.2,294,10,0.1,1,0.0751243059732326
25,1,4,0.2,23,0.2,294,10,0.1,1,0
25,1,4,0.2,23,0.2,294,10,0.1,1,0
25,1,4,0.2,23,0.2,294,10,0.1,1,0.309037624863311
25,1,4,0.2,23,0.2,294,10,0.1,1,-0.711178824171923
25,1,4,0.2,23,0.2,294,10,0.1,1,1.39709285989003
25,1,4,0.2,23,0.2,294,10,0.1,1,-2.1105539451412
25,1,4,0.2,23,0.2,294,10,0.1,1,-0.774547341006867
25,1,4,0.2,23,0.2,294,10,0.1,1,0
25,1,4,0.2,23,0.2,294,10,0.1,1,-0.0386196734865362
25,1,4,0.2,23,0.2,294,10,0.1,1,-0.109915327646464
25,1,4,0.2,23,0.2,294,10,0.1,1,0
25,1,4,0.2,23,0.2,294,10,0.1,1,3.57420929245642
25,1,4,0.2,23,0.2,294,10,0.1,1,-0.443993101342822
25,1,4,0.2,23,0.2,294,10,0.1,1,0.158939060475496
25,1,4,0.2,23,0.2,294,10,0.1,1,4.63145524234432
25,1,4,0.2,23,0.2,294,10,0.1,1,0.170540175052305
25,1,4,0.2,23,0.2,294,10,0.1,1,0
25,1,4,0.2,23,0.2,294,10,0.1,1,0
25,1,4,0.2,23,0.2,294,10,0.1,1,0.11287288339038
25,1,4,0.2,23,0.2,294,10,0.1,1,0.673220684968759
25,1,4,0.2,23,0.2,294,10,0.1,1,1.27705575561248
25,1,4,0.2,23,0.2,294,10,0.1,1,4.18982179755936
25,1,4,0.2,23,0.2,294,10,0.1,0,-0.0385065163669026
25,1,4,0.2,23,0.2,294,10,0.1,0,0.0500564703629486
25,1,4,0.2,23,0.2,294,10,0.1,0,0.432056139944725
25,1,4,0.2,23,0.2,294,10,0.1,0,0.336749619129364
25,1,4,0.2,23,0.2,294,10,0.1,0,0.149649240680639
25,1,4,0.2,23,0.2,294,10,0.1,0,0
25,1,4,0.2,23,0.2,294,10,0.1,0,-0.141278734874329
25,1,4,0.2,23,0.2,294,10,0.1,0,-3.59568704810867
25,1,4,0.2,23,0.2,294,10,0.1,0,0.057451151229077
25,1,4,0.2,23,0.2,294,10,0.1,0,-0.213134912887049
25,1,4,0.2,23,0.2,294,10,0.1,0,-0.0363072409806997
25,1,4,0.2,23,0.2,294,10,0.1,0,0.14130537512515
25,1,4,0.2,23,0.2,294,10,0.1,0,-8.37128449941468e-26
25,1,4,0.2,23,0.2,294,10,0.1,0,-0.0110381609250735
25,1,4,0.2,23,0.2,294,10,0.1,0,-0.134892769707129
25,1,4,0.2,23,0.2,294,10,0.1,0,0.195271587386253
25,1,4,0.2,23,0.2,294,10,0.1,0,0
25,1,4,0.2,23,0.2,294,10,0.1,0,0.795507100143296
25,1,4,0.2,23,0.2,294,10,0.1,0,-0.135032737527498
25,1,4,0.2,23,0.2,294,10,0.1,0,0.0162930301027515
25,1,4,0.2,23,0.2,294,10,0.1,0,-0.0877589823570044
25,1,4,0.2,23,0.2,294,10,0.1,0,0.18199958440918
25,1,4,0.2,23,0.2,294,10,0.1,0,0.0927232941964903
25,1,4,0.2,23,0.2,294,10,0.1,0,0.0436295507324698
25,1,4,0.2,23,0.2,294,10,0.1,0,0.0521156546853682
25,1,4,0.2,23,0.2,294,10,0.1,0,-0.0190266723345808
25,1,4,0.2,23,0.2,294,10,0.1,0,2.54119153002492
25,1,4,0.2,23,0.2,294,10,0.1,0,-0.510566619234184
25,1,4,0.2,23,0.2,294,10,0.1,0,0.0958081583432591
25,1,4,0.2,23,0.2,294,10,0.1,0,-0.0472259100739981
25,1,4,0.2,23,0.2,294,10,0.1,0,-0.492320945479399
25,1,4,0.2,23,0.2,294,10,0.1,0,-0.258119569196382
25,1,4,0.2,23,0.2,294,10,0.1,0,0.0390296219650207
25,1,4,0.2,23,0.2,294,10,0.1,0,0
25,1,4,0.2,23,0.2,294,10,0.1,0,0.926542184655764
25,1,4,0.2,23,0.2,294,10,0.1,0,-0.0562977371255156
25,1,4,0.2,23,0.2,294,10,0.1,0,0.00358306780406858
25,1,4,0.2,23,0.2,294,10,0.1,0,0.237428264547385
25,1,4,0.2,23,0.2,294,10,0.1,0,0.123917374985223
25,1,4,0.2,23,0.2,294,10,0.1,0,-0.236283584588665
25,1,4,0.2,23,0.2,294,10,0.1,0,0.00600478317791609
25,1,4,0.2,23,0.2,294,10,0.1,0,-0.0413092125996122
25,1,4,0.2,23,0.2,294,10,0.1,0,-0.0367584045355424
25,1,4,0.2,23,0.2,294,10,0.1,0,0.088527739452182
25,1,4,0.2,23,0.2,294,10,0.1,0,0.106890912943707
25,1,4,0.2,23,0.2,294,10,0.1,0,0.0526564388247255
25,1,4,0.2,23,0.2,294,10,0.1,0,-0.018128959340984
25,1,4,0.2,23,0.2,294,10,0.1,0,-0.00728428067439772
25,1,4,0.2,23,0.2,294,10,0.1,0,0.150440707022308
25,1,4,0.2,23,0.2,294,10,0.1,0,0.157917990085584
25,1,4,0.2,23,0.2,294,10,0.1,0,0.154488773044468
25,1,4,0.2,23,0.2,294,10,0.1,0,-0.00605190163421278
25,1,4,0.2,23,0.2,294,10,0.1,0,0.17102152879224
25,1,4,0.2,23,0.2,294,10,0.1,0,0.00276465570745555
25,1,4,0.2,23,0.2,294,10,0.1,0,-0.10203550248731
25,1,4,0.2,23,0.2,294,10,0.1,0,0.30698611387112
25,1,4,0.2,23,0.2,294,10,0.1,0,0
25,1,4,0.2,23,0.2,294,10,0.1,0,4.34494420040213e-25
25,1,4,0.2,23,0.2,294,10,0.1,0,0
25,1,4,0.2,23,0.2,294,10,0.1,0,0.206467236812854
25,1,4,0.2,23,0.2,294,10,0.1,0,0.2136151212934
25,1,4,0.2,23,0.2,294,10,0.1,0,0
25,1,4,0.2,23,0.2,294,10,0.1,0,0.043282355644997
25,1,4,0.2,23,0.2,294,10,0.1,0,-0.0197603430720744
25,1,4,0.2,23,0.2,294,10,0.1,0,0.0334367802941955
25,1,4,0.2,23,0.2,294,10,0.1,0,0
25,1,4,0.2,23,0.2,294,10,0.1,0,0.0979981987518108
25,1,4,0.2,23,0.2,294,10,0.1,0,0.0819979828471263
25,1,4,0.2,23,0.2,294,10,0.1,0,-0.277440825273758
25,1,4,0.2,23,0.2,294,10,0.1,0,-0.00547311093029905
25,1,4,0.2,23,0.2,294,10,0.1,0,0.160453591831891
25,1,4,0.2,23,0.2,294,10,0.1,0,-0.0540618265074289
25,1,4,0.2,23,0.2,294,10,0.1,0,0.0132438506785332
25,1,4,0.2,23,0.2,294,10,0.1,0,-0.0583321763959867
25,1,4,0.2,23,0.2,294,10,0.1,0,-0.381776144212772
25,1,4,0.2,23,0.2,294,10,0.1,0,0
25,1,4,0.2,23,0.2,294,10,0.1,0,-0.0555536043871977
25,1,4,0.2,23,0.2,294,10,0.1,0,0
25,1,4,0.2,23,0.2,294,10,0.1,0,0.175547352687676
25,1,4,0.2,23,0.2,294,10,0.1,0,-0.010693240096096
25,1,4,0.2,23,0.2,294,10,0.1,0,1.5312475158707
25,1,4,0.2,23,0.2,294,10,0.1,0,0.0849558863290307
25,1,4,0.2,23,0.2,294,10,0.1,0,0.193968051352403
25,1,4,0.2,23,0.2,294,10,0.1,0,-4.11449355807768
25,1,4,0.2,23,0.2,294,10,0.1,0,0.0825391512453685
25,1,4,0.2,23,0.2,294,10,0.1,0,-0.0154223749534227
25,1,4,0.2,23,0.2,294,10,0.1,0,0.13967954303679
25,1,4,0.2,23,0.2,294,10,0.1,0,0.0175383601229459
25,1,4,0.2,23,0.2,294,10,0.1,0,-0.11046808788693
25,1,4,0.2,23,0.2,294,10,0.1,0,0.642514928049809
25,1,4,0.2,23,0.2,294,10,0.1,0,0.0166037541533338
25,1,4,0.2,23,0.2,294,10,0.1,0,-0.528160343124398
25,1,4,0.2,23,0.2,294,10,0.1,0,-0.00578607050484169
25,1,4,0.2,23,0.2,294,10,0.1,0,-0.814096957654122
25,1,4,0.2,23,0.2,294,10,0.1,0,1.83005394710255
25,1,4,0.2,23,0.2,294,10,0.1,0,0.217523401494144
25,1,4,0.2,23,0.2,294,10,0.1,0,-1.78424248119743e-25
25,1,4,0.2,23,0.2,294,10,0.1,0,0.215528518277995
25,1,4,0.2,23,0.2,294,10,0.1,0,0.510045507739267
25,1,4,0.2,23,0.2,294,10,0.1,0,0.328743128704822
25,1,4,0.2,23,0.2,294,10,0.1,0,0
25,1,4,0.2,23,0.2,294,10,0.1,0,-0.0344408548477223
25,1,4,0.2,23,0.2,294,10,0.1,0,0.179923787000095
25,1,4,0.2,23,0.2,294,10,0.1,0,0.0386952214988373
25,1,4,0.2,23,0.2,294,10,0.1,0,0.171017693583915
25,1,4,0.2,23,0.2,294,10,0.1,0,0
25,1,4,0.2,23,0.2,294,10,0.1,0,0.0554657929829495
25,1,4,0.2,23,0.2,294,10,0.1,0,0.0930166056065521
25,1,4,0.2,23,0.2,294,10,0.1,0,-0.0915099617220295
25,1,4,0.2,23,0.2,294,10,0.1,0,0.813760139677989
25,1,4,0.2,23,0.2,294,10,0.1,0,-0.732436868807051
25,1,4,0.2,23,0.2,294,10,0.1,0,-0.0884986926034029
25,1,4,0.2,23,0.2,294,10,0.1,0,0.00424136726365835
25,1,4,0.2,23,0.2,294,10,0.1,0,-0.168381510875141
25,1,4,0.2,23,0.2,294,10,0.1,0,0.893702343236453
25,1,4,0.2,23,0.2,294,10,0.1,0,-0.128018422467917
25,1,4,0.2,23,0.2,294,10,0.1,0,2.01490394061554
25,1,4,0.2,23,0.2,294,10,0.1,0,0.100377762404899
25,1,4,0.2,23,0.2,294,10,0.1,0,4.87013854574019e-25
25,1,4,0.2,23,0.2,294,10,0.1,0,0
25,1,4,0.2,23,0.2,294,10,0.1,0,-0.139598221371938
25,1,4,0.2,23,0.2,294,10,0.1,0,0.00204162084847786
25,1,4,0.2,23,0.2,294,10,0.1,0,-0.116160911817344
25,1,4,0.2,23,0.2,294,10,0.1,0,0.000193730694473901
25,1,4,0.2,23,0.2,294,10,0.1,0,-0.102137161949279
25,1,4,0.2,23,0.2,294,10,0.1,0,-0.0689525662023414
25,1,4,0.2,23,0.2,294,10,0.1,0,-0.121029167386185
25,1,4,0.2,23,0.2,294,10,0.1,0,-0.0131498202079392
25,1,4,0.2,23,0.2,294,10,0.1,0,0.000111150908471693
25,1,4,0.2,23,0.2,294,10,0.1,0,2.19164981795682
25,1,4,0.2,23,0.2,294,10,0.1,0,0.523956669439642
25,1,4,0.2,23,0.2,294,10,0.1,0,-0.467910609332555
25,1,4,0.2,23,0.2,294,10,0.1,0,0
25,1,4,0.2,23,0.2,294,10,0.1,0,0.190936579794306
25,1,4,0.2,23,0.2,294,10,0.1,0,-0.117376406671799
25,1,4,0.2,23,0.2,294,10,0.1,0,-0.129442435174303
25,1,4,0.2,23,0.2,294,10,0.1,0,0
25,1,4,0.2,23,0.2,294,10,0.1,0,0.166775059314902
25,1,4,0.2,23,0.2,294,10,0.1,0,0.0151306285886946
25,1,4,0.2,23,0.2,294,10,0.1,0,-0.0133260903341283
25,1,4,0.2,23,0.2,294,10,0.1,0,-0.4622061910473
25,1,4,0.2,23,0.2,294,10,0.1,0,0.095280673545475
25,1,4,0.2,23,0.2,294,10,0.1,0,0.0204915423088826
25,1,4,0.2,23,0.2,294,10,0.1,0,0.0287652236955208
25,1,4,0.2,23,0.2,294,10,0.1,0,-1.92353701780733
25,1,4,0.2,23,0.2,294,10,0.1,0,-0.406049833811091
25,1,4,0.2,23,0.2,294,10,0.1,0,-0.0335705228384985
25,1,4,0.2,23,0.2,294,10,0.1,0,0.0222490235910343
25,1,4,0.2,23,0.2,294,10,0.1,0,0
25,1,4,0.2,23,0.2,294,10,0.1,0,-0.314229039654568
25,1,4,0.2,23,0.2,294,10,0.1,0,-0.372232037617815
25,1,4,0.2,23,0.2,294,10,0.1,0,0.110486132269358
25,1,4,0.2,23,0.2,294,10,0.1,0,-0.274464157920558
25,1,4,0.2,23,0.2,294,10,0.1,0,0.0745796359718435
25,1,4,0.2,23,0.2,294,10,0.1,0,-0.0465382191701095
25,1,4,0.2,23,0.2,294,10,0.1,0,0.221780840750617
25,1,4,0.2,23,0.2,294,10,0.1,0,0
25,1,4,0.2,23,0.2,294,10,0.1,0,0.0273536781703995
25,1,4,0.2,23,0.2,294,10,0.1,0,-0.0343725094736423
25,1,4,0.2,23,0.2,294,10,0.1,0,-0.0476766820708208
25,1,4,0.2,23,0.2,294,10,0.1,0,0
25,1,4,0.2,23,0.2,294,10,0.1,0,-0.0808053763804939
25,1,4,0.2,23,0.2,294,10,0.1,0,0.000293795303997355
25,1,4,0.2,23,0.2,294,10,0.1,0,-0.0625759425495474
25,1,4,0.2,23,0.2,294,10,0.1,0,0.0456023063234586
25,1,4,0.2,23,0.2,294,10,0.1,0,0
25,1,4,0.2,23,0.2,294,10,0.1,0,0
25,1,4,0.2,23,0.2,294,10,0.1,0,-0.124715571153601
25,1,4,0.2,23,0.2,294,10,0.1,0,0.185543658635968
25,1,4,0.2,23,0.2,294,10,0.1,0,0.0100286126715299
25,1,4,0.2,23,0.2,294,10,0.1,0,-0.0450132945855913
25,1,4,0.2,23,0.2,294,10,0.1,0,-0.65009439307278
25,1,4,0.2,23,0.2,294,10,0.1,0,0.0015898859406743
25,1,4,0.2,23,0.2,294,10,0.1,0,-0.137531697156656
25,1,4,0.2,23,0.2,294,10,0.1,0,0.631908405855226
25,1,4,0.2,23,0.2,294,10,0.1,0,-0.0575496275270283
25,1,4,0.2,23,0.2,294,10,0.1,0,0.0499340436662565
25,1,4,0.2,23,0.2,294,10,0.1,0,0.601830181686943
25,1,4,0.2,23,0.2,294,10,0.1,0,0.11898426005674
25,1,4,0.2,23,0.2,294,10,0.1,0,-0.12338290520444
25,1,4,0.2,23,0.2,294,10,0.1,0,0.00983133308507393
25,1,4,0.2,23,0.2,294,10,0.1,0,1.99063574371109
25,1,4,0.2,23,0.2,294,10,0.1,0,-0.0120245972650738
25,1,4,0.2,23,0.2,294,10,0.1,0,-1.15674557257568e-25
25,1,4,0.2,23,0.2,294,10,0.1,0,0.0456737983316499
25,1,4,0.2,23,0.2,294,10,0.1,0,0.92719697941045
25,1,4,0.2,23,0.2,294,10,0.1,0,-0.0758667868226429
25,1,4,0.2,23,0.2,294,10,0.1,0,0.0270133412390091
25,1,4,0.2,23,0.2,294,10,0.1,0,-0.121590244192448
25,1,4,0.2,23,0.2,294,10,0.1,0,-0.0409480040494126
25,1,4,0.2,23,0.2,294,10,0.1,0,0.32266939685447
25,1,4,0.2,23,0.2,294,10,0.1,0,0.0651475016595119
25,1,4,0.2,23,0.2,294,10,0.1,0,0.147878197072312
25,1,4,0.2,23,0.2,294,10,0.1,0,0.631707040080179
25,1,4,0.2,23,0.2,294,10,0.1,0,0.349341840730468
25,1,4,0.2,23,0.2,294,10,0.1,0,0.372281579957473
25,1,4,0.2,23,0.2,294,10,0.1,0,-0.0718302463655345
25,1,4,0.2,23,0.2,294,10,0.1,0,-2.11771653241543
25,1,4,0.2,23,0.2,294,10,0.1,0,0.0392488444240758
25,1,4,0.2,23,0.2,294,10,0.1,0,-1.72974042282955
25,1,4,0.2,23,0.2,294,10,0.1,0,-0.183071074587897
25,1,4,0.2,23,0.2,294,10,0.1,0,-1.50337623084474
25,1,4,0.2,23,0.2,294,10,0.1,0,0.00480518823862841
25,1,4,0.2,23,0.2,294,10,0.1,0,-0.0211153256143566
25,1,4,0.2,23,0.2,294,10,0.1,0,-0.0352845969976694
25,1,4,0.2,23,0.2,294,10,0.1,0,0.309225137547951
25,1,4,0.2,23,0.2,294,10,0.1,0,-4.03312057777211
25,1,4,0.2,23,0.2,294,10,0.1,0,-0.090974264263279
25,1,4,0.2,23,0.2,294,10,0.1,0,-1.27677200760932
25,1,4,0.2,23,0.2,294,10,0.1,0,0.0353404247994599
25,1,4,0.2,23,0.2,294,10,0.1,0,0.3911649299302
25,1,4,0.2,23,0.2,294,10,0.1,0,0.0932070871573004
25,1,4,0.2,23,0.2,294,10,0.1,0,-1.48906826530041
25,1,4,0.2,23,0.2,294,10,0.1,0,0.0673089552816319
25,1,4,0.2,23,0.2,294,10,0.1,0,-0.00391165018594604
25,1,4,0.2,23,0.2,294,10,0.1,0,-3.25245386513622e-25
25,1,4,0.2,23,0.2,294,10,0.1,0,0.206178450470617
25,1,4,0.2,23,0.2,294,10,0.1,0,0.0112486582168824
25,1,4,0.2,23,0.2,294,10,0.1,0,-2.3577111599078
25,1,4,0.2,23,0.2,294,10,0.1,0,0.0403459094753108
25,1,4,0.2,23,0.2,294,10,0.1,0,0.383141978319033
25,1,4,0.2,23,0.2,294,10,0.1,0,0.225196893837051
25,1,4,0.2,23,0.2,294,10,0.1,0,0.0240313337283808
25,1,4,0.2,23,0.2,294,10,0.1,0,-1.18084869446855
25,1,4,0.2,23,0.2,294,10,0.1,0,1.37655182423248
25,1,4,0.2,23,0.2,294,10,0.1,0,0.086134978260645
25,1,4,0.2,23,0.2,294,10,0.1,0,0.556619825827413
25,1,4,0.2,23,0.2,294,10,0.1,0,0
25,1,4,0.2,23,0.2,294,10,0.1,0,-0.11338571621944
25,1,4,0.2,23,0.2,294,10,0.1,0,-0.0678176578576084
25,1,4,0.2,23,0.2,294,10,0.1,0,0.0457712211023953
25,1,4,0.2,23,0.2,294,10,0.1,0,-0.0139634584400796
25,1,4,0.2,23,0.2,294,10,0.1,0,0.218723790454673
25,1,4,0.2,23,0.2,294,10,0.1,0,-0.00655695940022915
25,1,4,0.2,23,0.2,294,10,0.1,0,-0.118620094714635
25,1,4,0.2,23,0.2,294,10,0.1,0,0.0196516784109675
25,1,4,0.2,23,0.2,294,10,0.1,0,2.41030373607388
25,1,4,0.2,23,0.2,294,10,0.1,0,0
25,1,4,0.2,23,0.2,294,10,0.1,0,1.48215006856583
25,1,4,0.2,23,0.2,294,10,0.1,0,0.0631609291086587
25,1,4,0.2,23,0.2,294,10,0.1,0,0.0376575136281742
25,1,4,0.2,23,0.2,294,10,0.1,0,-0.136960443705094
25,1,4,0.2,23,0.2,294,10,0.1,0,0
25,1,4,0.2,23,0.2,294,10,0.1,0,0.520995423347389
25,1,4,0.2,23,0.2,294,10,0.1,0,-0.0188473734255561
25,1,4,0.2,23,0.2,294,10,0.1,0,-0.122870219439496
25,1,4,0.2,23,0.2,294,10,0.1,0,-0.0553027984957432
25,1,4,0.2,23,0.2,294,10,0.1,0,0.00438052050849525
25,1,4,0.2,23,0.2,294,10,0.1,0,-0.0954801720849508
25,1,4,0.2,23,0.2,294,10,0.1,0,0
25,1,4,0.2,23,0.2,294,10,0.1,0,-0.0163158104431256
25,1,4,0.2,23,0.2,294,10,0.1,0,0.122571977129138
25,1,4,0.2,23,0.2,294,10,0.1,0,0.142625435256904
25,1,4,0.2,23,0.2,294,10,0.1,0,0.0298509662629124
25,1,4,0.2,23,0.2,294,10,0.1,0,0.0376666665734933
25,1,4,0.2,23,0.2,294,10,0.1,0,0.000970452120911907
25,1,4,0.2,23,0.2,294,10,0.1,0,-0.031460220609645
25,1,4,0.2,23,0.2,294,10,0.1,0,0.0307340384826747
25,1,4,0.2,23,0.2,294,10,0.1,0,0.222595656653235
25,1,4,0.2,23,0.2,294,10,0.1,0,0
25,1,4,0.2,23,0.2,294,10,0.1,0,0.267219732123971
25,1,4,0.2,23,0.2,294,10,0.1,0,9.99611617711013e-26
25,1,4,0.2,23,0.2,294,10,0.1,0,0
25,1,4,0.2,23,0.2,294,10,0.1,0,0.229462755520701
25,1,4,0.2,23,0.2,294,10,0.1,0,-0.137697478338703
25,1,4,0.2,23,0.2,294,10,0.1,0,-0.0158686436624913
25,1,4,0.2,23,0.2,294,10,0.1,0,0.8323429031692
25,1,4,0.2,23,0.2,294,10,0.1,0,0.0168473957448377
25,1,4,0.2,23,0.2,294,10,0.1,0,0.0957644812200246
25,1,4,0.2,23,0.2,294,10,0.1,0,-0.035800703316112
25,1,4,0.2,23,0.2,294,10,0.1,0,0.0060947919265889
25,1,4,0.2,23,0.2,294,10,0.1,0,0.0182811462605045
25,1,4,0.2,23,0.2,294,10,0.1,0,-0.10565585033062
25,1,4,0.2,23,0.2,294,10,0.1,0,1.00425973224608
25,1,4,0.2,23,0.2,294,10,0.1,0,0.00155021271628582
25,1,4,0.2,23,0.2,294,10,0.1,0,0.0358189804247356
25,1,4,0.2,23,0.2,294,10,0.1,0,0.537054523330053
25,1,4,0.2,23,0.2,294,10,0.1,0,0.0207867465128701
25,1,4,0.2,23,0.2,294,10,0.1,0,-0.0593589611869089
25,1,4,0.2,23,0.2,294,10,0.1,0,0.0403934513360659
25,1,4,0.2,23,0.2,294,10,0.1,0,0.330122776515157
25,1,4,0.2,23,0.2,294,10,0.1,0,-0.123943183613384
25,1,4,0.2,23,0.2,294,10,0.1,0,0.0501818890171781
25,1,4,0.2,23,0.2,294,10,0.1,0,0.128172417329539
25,1,4,0.2,23,0.2,294,10,0.1,0,1.3995042200628
25,1,4,0.2,23,0.2,294,10,0.1,0,0.565259507168073
25,1,4,0.2,23,0.2,294,10,0.1,0,0.499846572721089
25,1,4,0.2,23,0.2,294,10,0.1,0,-0.0527572687127817
25,1,4,0.2,23,0.2,294,10,0.1,0,-0.451614466765931
25,1,4,0.2,23,0.2,294,10,0.1,0,0.00499634918575227
25,1,4,0.2,23,0.2,294,10,0.1,0,-0.0160255873703415
25,1,4,0.2,23,0.2,294,10,0.1,0,-0.0418518702470136
25,1,4,0.2,23,0.2,294,10,0.1,0,0.208231159378021
25,1,4,0.2,23,0.2,294,10,0.1,0,0.542384376027834
25,1,5,0.2,35,0.2,414,10,0.1,1,0.251558799443719
25,1,5,0.2,35,0.2,414,10,0.1,1,0.0338923233143625
25,1,5,0.2,35,0.2,414,10,0.1,1,-2.11912623169408
25,1,5,0.2,35,0.2,414,10,0.1,1,0.0184287482776872
25,1,5,0.2,35,0.2,414,10,0.1,1,-1.34216948556894
25,1,5,0.2,35,0.2,414,10,0.1,1,0.111483364102646
25,1,5,0.2,35,0.2,414,10,0.1,1,3.71055750850493e-20
25,1,5,0.2,35,0.2,414,10,0.1,1,0.895120944382955
25,1,5,0.2,35,0.2,414,10,0.1,1,-0.0219152417001508
25,1,5,0.2,35,0.2,414,10,0.1,1,0.0963260037275436
25,1,5,0.2,35,0.2,414,10,0.1,1,-0.397581555189188
25,1,5,0.2,35,0.2,414,10,0.1,1,-1.11625384573552e-21
25,1,5,0.2,35,0.2,414,10,0.1,1,-0.0028030809404385
25,1,5,0.2,35,0.2,414,10,0.1,1,0.385933152974823
25,1,5,0.2,35,0.2,414,10,0.1,1,0.351795045534463
25,1,5,0.2,35,0.2,414,10,0.1,1,-1.12545189652571
25,1,5,0.2,35,0.2,414,10,0.1,1,0.341191546958898
25,1,5,0.2,35,0.2,414,10,0.1,1,0.0937213534327433
25,1,5,0.2,35,0.2,414,10,0.1,1,-1.38376842028734
25,1,5,0.2,35,0.2,414,10,0.1,1,0.112335649997658
25,1,5,0.2,35,0.2,414,10,0.1,1,-3.12599152887159
25,1,5,0.2,35,0.2,414,10,0.1,1,0.178634986692492
25,1,5,0.2,35,0.2,414,10,0.1,1,0.43205108172256
25,1,5,0.2,35,0.2,414,10,0.1,1,0
25,1,5,0.2,35,0.2,414,10,0.1,1,0.125781319409103
25,1,5,0.2,35,0.2,414,10,0.1,1,1.11127016395205
25,1,5,0.2,35,0.2,414,10,0.1,1,-0.532735532483647
25,1,5,0.2,35,0.2,414,10,0.1,1,0
25,1,5,0.2,35,0.2,414,10,0.1,1,-0.938292861621096
25,1,5,0.2,35,0.2,414,10,0.1,1,0.960106077453254
25,1,5,0.2,35,0.2,414,10,0.1,1,0.114279336007784
25,1,5,0.2,35,0.2,414,10,0.1,1,-0.262734965463129
25,1,5,0.2,35,0.2,414,10,0.1,1,-1.71229541244432
25,1,5,0.2,35,0.2,414,10,0.1,1,0.16667383523863
25,1,5,0.2,35,0.2,414,10,0.1,1,0
25,1,5,0.2,35,0.2,414,10,0.1,0,0.0238388909685102
25,1,5,0.2,35,0.2,414,10,0.1,0,-0.101074421229305
25,1,5,0.2,35,0.2,414,10,0.1,0,-0.211082050656424
25,1,5,0.2,35,0.2,414,10,0.1,0,-0.231484552960683
25,1,5,0.2,35,0.2,414,10,0.1,0,0.0508261005056152
25,1,5,0.2,35,0.2,414,10,0.1,0,0.0196175329847865
25,1,5,0.2,35,0.2,414,10,0.1,0,0.274548657215333
25,1,5,0.2,35,0.2,414,10,0.1,0,0.0104672293797377
25,1,5,0.2,35,0.2,414,10,0.1,0,-0.148609275351325
25,1,5,0.2,35,0.2,414,10,0.1,0,-0.00473577527476381
25,1,5,0.2,35,0.2,414,10,0.1,0,-0.0574276220003138
25,1,5,0.2,35,0.2,414,10,0.1,0,0.0205428689021553
25,1,5,0.2,35,0.2,414,10,0.1,0,0
25,1,5,0.2,35,0.2,414,10,0.1,0,0.0666748487520051
25,1,5,0.2,35,0.2,414,10,0.1,0,0
25,1,5,0.2,35,0.2,414,10,0.1,0,-1.17911843065034
25,1,5,0.2,35,0.2,414,10,0.1,0,-0.0880895444311445
25,1,5,0.2,35,0.2,414,10,0.1,0,0.0876996974144703
25,1,5,0.2,35,0.2,414,10,0.1,0,-0.00426358323101135
25,1,5,0.2,35,0.2,414,10,0.1,0,1.02409413629974
25,1,5,0.2,35,0.2,414,10,0.1,0,0.0936596427907801
25,1,5,0.2,35,0.2,414,10,0.1,0,-0.142215787608123
25,1,5,0.2,35,0.2,414,10,0.1,0,-0.01030495161721
25,1,5,0.2,35,0.2,414,10,0.1,0,-0.14670541159058
25,1,5,0.2,35,0.2,414,10,0.1,0,0.0734013727869938
25,1,5,0.2,35,0.2,414,10,0.1,0,-0.0213454467753474
25,1,5,0.2,35,0.2,414,10,0.1,0,0.00200142234081721
25,1,5,0.2,35,0.2,414,10,0.1,0,2.04704726686752
25,1,5,0.2,35,0.2,414,10,0.1,0,-0.0303538867325866
25,1,5,0.2,35,0.2,414,10,0.1,0,0.0772953930069883
25,1,5,0.2,35,0.2,414,10,0.1,0,0.0195812350493025
25,1,5,0.2,35,0.2,414,10,0.1,0,0.277068971367081
25,1,5,0.2,35,0.2,414,10,0.1,0,0.1742537131865
25,1,5,0.2,35,0.2,414,10,0.1,0,-0.0274319325989644
25,1,5,0.2,35,0.2,414,10,0.1,0,0.00322214022942268
25,1,5,0.2,35,0.2,414,10,0.1,0,-0.240619105077826
25,1,5,0.2,35,0.2,414,10,0.1,0,-0.0754217498286179
25,1,5,0.2,35,0.2,414,10,0.1,0,0.0338755890173897
25,1,5,0.2,35,0.2,414,10,0.1,0,-0.0235670411850415
25,1,5,0.2,35,0.2,414,10,0.1,0,-1.10315786701721
25,1,5,0.2,35,0.2,414,10,0.1,0,0.245992962737471
25,1,5,0.2,35,0.2,414,10,0.1,0,-0.330785793751098
25,1,5,0.2,35,0.2,414,10,0.1,0,0
25,1,5,0.2,35,0.2,414,10,0.1,0,-0.1189584957844
25,1,5,0.2,35,0.2,414,10,0.1,0,0.409776365920144
25,1,5,0.2,35,0.2,414,10,0.1,0,-0.0418068101860071
25,1,5,0.2,35,0.2,414,10,0.1,0,0.124359865799714
25,1,5,0.2,35,0.2,414,10,0.1,0,-0.83889959643391
25,1,5,0.2,35,0.2,414,10,0.1,0,0.16422687975297
25,1,5,0.2,35,0.2,414,10,0.1,0,0.637919720571043
25,1,5,0.2,35,0.2,414,10,0.1,0,0.19560551886923
25,1,5,0.2,35,0.2,414,10,0.1,0,0
25,1,5,0.2,35,0.2,414,10,0.1,0,0
25,1,5,0.2,35,0.2,414,10,0.1,0,-0.00988430357030205
25,1,5,0.2,35,0.2,414,10,0.1,0,-0.0519586373330327
25,1,5,0.2,35,0.2,414,10,0.1,0,0.470549002580374
25,1,5,0.2,35,0.2,414,10,0.1,0,3.53151799793725
25,1,5,0.2,35,0.2,414,10,0.1,0,-0.0930783493941129
25,1,5,0.2,35,0.2,414,10,0.1,0,3.40049525067098e-21
25,1,5,0.2,35,0.2,414,10,0.1,0,-0.000716258165828384
25,1,5,0.2,35,0.2,414,10,0.1,0,0
25,1,5,0.2,35,0.2,414,10,0.1,0,-2.27261089194595
25,1,5,0.2,35,0.2,414,10,0.1,0,-0.000888480328869562
25,1,5,0.2,35,0.2,414,10,0.1,0,-0.0133438101679235
25,1,5,0.2,35,0.2,414,10,0.1,0,-0.117529273162249
25,1,5,0.2,35,0.2,414,10,0.1,0,0.417070969554009
25,1,5,0.2,35,0.2,414,10,0.1,0,0.637718340259166
25,1,5,0.2,35,0.2,414,10,0.1,0,-0.0949245152813188
25,1,5,0.2,35,0.2,414,10,0.1,0,0.0308340916621217
25,1,5,0.2,35,0.2,414,10,0.1,0,-0.126456664365177
25,1,5,0.2,35,0.2,414,10,0.1,0,0.0949757980177469
25,1,5,0.2,35,0.2,414,10,0.1,0,0.104655630261006
25,1,5,0.2,35,0.2,414,10,0.1,0,0.00972360339428922
25,1,5,0.2,35,0.2,414,10,0.1,0,0.00304453660171651
25,1,5,0.2,35,0.2,414,10,0.1,0,0.11289295037332
25,1,5,0.2,35,0.2,414,10,0.1,0,0.0313476893322385
25,1,5,0.2,35,0.2,414,10,0.1,0,-0.757864818607082
25,1,5,0.2,35,0.2,414,10,0.1,0,-0.0473917311348244
25,1,5,0.2,35,0.2,414,10,0.1,0,0.0877790094695432
25,1,5,0.2,35,0.2,414,10,0.1,0,-0.0108905507180613
25,1,5,0.2,35,0.2,414,10,0.1,0,0
25,1,5,0.2,35,0.2,414,10,0.1,0,1.75919608432751e-20
25,1,5,0.2,35,0.2,414,10,0.1,0,0.893401536021065
25,1,5,0.2,35,0.2,414,10,0.1,0,0.613103388531082
25,1,5,0.2,35,0.2,414,10,0.1,0,-0.013792483880006
25,1,5,0.2,35,0.2,414,10,0.1,0,0.0958534679104047
25,1,5,0.2,35,0.2,414,10,0.1,0,0
25,1,5,0.2,35,0.2,414,10,0.1,0,0.0461744383559013
25,1,5,0.2,35,0.2,414,10,0.1,0,0
25,1,5,0.2,35,0.2,414,10,0.1,0,0.23126416252894
25,1,5,0.2,35,0.2,414,10,0.1,0,0.0229415809963494
25,1,5,0.2,35,0.2,414,10,0.1,0,0.33493899783151
25,1,5,0.2,35,0.2,414,10,0.1,0,0.328788377900394
25,1,5,0.2,35,0.2,414,10,0.1,0,0.00817998359759054
25,1,5,0.2,35,0.2,414,10,0.1,0,0.113966425142663
25,1,5,0.2,35,0.2,414,10,0.1,0,-0.000519300849345417
25,1,5,0.2,35,0.2,414,10,0.1,0,0.30527956514924
25,1,5,0.2,35,0.2,414,10,0.1,0,0.0173343845475785
25,1,5,0.2,35,0.2,414,10,0.1,0,0.170627208579269
25,1,5,0.2,35,0.2,414,10,0.1,0,0.401416791983886
25,1,5,0.2,35,0.2,414,10,0.1,0,0.368659589319798
25,1,5,0.2,35,0.2,414,10,0.1,0,0.0676731327665397
25,1,5,0.2,35,0.2,414,10,0.1,0,0.260128766304168
25,1,5,0.2,35,0.2,414,10,0.1,0,0.10927406713649
25,1,5,0.2,35,0.2,414,10,0.1,0,5.53549397331329
25,1,5,0.2,35,0.2,414,10,0.1,0,0.251151258411189
25,1,5,0.2,35,0.2,414,10,0.1,0,0.0833991372534739
25,1,5,0.2,35,0.2,414,10,0.1,0,0.0121099699561825
25,1,5,0.2,35,0.2,414,10,0.1,0,-2.5344988717803e-19
25,1,5,0.2,35,0.2,414,10,0.1,0,4.16431948277505
25,1,5,0.2,35,0.2,414,10,0.1,0,0.0586706565929705
25,1,5,0.2,35,0.2,414,10,0.1,0,-0.346182787450537
25,1,5,0.2,35,0.2,414,10,0.1,0,-0.0137608927774126
25,1,5,0.2,35,0.2,414,10,0.1,0,0.473639174606669
25,1,5,0.2,35,0.2,414,10,0.1,0,-0.104222899638617
25,1,5,0.2,35,0.2,414,10,0.1,0,-0.0274193351482426
25,1,5,0.2,35,0.2,414,10,0.1,0,0.162142722077029
25,1,5,0.2,35,0.2,414,10,0.1,0,0.0998956004872415
25,1,5,0.2,35,0.2,414,10,0.1,0,0.0477148727756326
25,1,5,0.2,35,0.2,414,10,0.1,0,0.0708984985143458
25,1,5,0.2,35,0.2,414,10,0.1,0,0.0330954982152002
25,1,5,0.2,35,0.2,414,10,0.1,0,0.0693917554845144
25,1,5,0.2,35,0.2,414,10,0.1,0,-3.90756894890274e-21
25,1,5,0.2,35,0.2,414,10,0.1,0,0.028648856821062
25,1,5,0.2,35,0.2,414,10,0.1,0,9.72145468583427e-21
25,1,5,0.2,35,0.2,414,10,0.1,0,-0.124246698492808
25,1,5,0.2,35,0.2,414,10,0.1,0,0.135975015840902
25,1,5,0.2,35,0.2,414,10,0.1,0,0.00931109356561166
25,1,5,0.2,35,0.2,414,10,0.1,0,0.0917550024552331
25,1,5,0.2,35,0.2,414,10,0.1,0,-0.31068264403548
25,1,5,0.2,35,0.2,414,10,0.1,0,0.499553061831111
25,1,5,0.2,35,0.2,414,10,0.1,0,0.0552398307917394
25,1,5,0.2,35,0.2,414,10,0.1,0,0.0186723782962364
25,1,5,0.2,35,0.2,414,10,0.1,0,-2.71654224938687e-21
25,1,5,0.2,35,0.2,414,10,0.1,0,-0.0248647360666631
25,1,5,0.2,35,0.2,414,10,0.1,0,0.0860335561598541
25,1,5,0.2,35,0.2,414,10,0.1,0,-0.017498697502307
25,1,5,0.2,35,0.2,414,10,0.1,0,-0.133078492495697
25,1,5,0.2,35,0.2,414,10,0.1,0,-0.155096897968166
25,1,5,0.2,35,0.2,414,10,0.1,0,1.49660517048193
25,1,5,0.2,35,0.2,414,10,0.1,0,-0.0256227952268199
25,1,5,0.2,35,0.2,414,10,0.1,0,-0.00794879906207453
25,1,5,0.2,35,0.2,414,10,0.1,0,-0.339892286487405
25,1,5,0.2,35,0.2,414,10,0.1,0,-2.59740267976115
25,1,5,0.2,35,0.2,414,10,0.1,0,0.0255557536253172
25,1,5,0.2,35,0.2,414,10,0.1,0,0.271183366042232
25,1,5,0.2,35,0.2,414,10,0.1,0,0.0435724290190017
25,1,5,0.2,35,0.2,414,10,0.1,0,-0.479537944121393
25,1,5,0.2,35,0.2,414,10,0.1,0,0.195876549288467
25,1,5,0.2,35,0.2,414,10,0.1,0,0.00912261357040109
25,1,5,0.2,35,0.2,414,10,0.1,0,0
25,1,5,0.2,35,0.2,414,10,0.1,0,-0.000342124215875605
25,1,5,0.2,35,0.2,414,10,0.1,0,-0.0250169057922135
25,1,5,0.2,35,0.2,414,10,0.1,0,0.67779486482384
25,1,5,0.2,35,0.2,414,10,0.1,0,0.715475398560669
25,1,5,0.2,35,0.2,414,10,0.1,0,-0.0228227329173241
25,1,5,0.2,35,0.2,414,10,0.1,0,0.540707569441167
25,1,5,0.2,35,0.2,414,10,0.1,0,1.87967874838945
25,1,5,0.2,35,0.2,414,10,0.1,0,0.116194803223649
25,1,5,0.2,35,0.2,414,10,0.1,0,0.106847758023776
25,1,5,0.2,35,0.2,414,10,0.1,0,-0.398922902210627
25,1,5,0.2,35,0.2,414,10,0.1,0,0.0202813952251848
25,1,5,0.2,35,0.2,414,10,0.1,0,1.86723086843
25,1,5,0.2,35,0.2,414,10,0.1,0,0.450378299612788
25,1,5,0.2,35,0.2,414,10,0.1,0,-0.0219289674635304
25,1,5,0.2,35,0.2,414,10,0.1,0,-0.117777862429805
25,1,5,0.2,35,0.2,414,10,0.1,0,0.0681361131460538
25,1,5,0.2,35,0.2,414,10,0.1,0,0.0627098021673664
25,1,5,0.2,35,0.2,414,10,0.1,0,-0.065658364174481
25,1,5,0.2,35,0.2,414,10,0.1,0,-0.0589260088485868
25,1,5,0.2,35,0.2,414,10,0.1,0,0.00935209335221474
25,1,5,0.2,35,0.2,414,10,0.1,0,0.0101172758231141
25,1,5,0.2,35,0.2,414,10,0.1,0,0.00345006954521118
25,1,5,0.2,35,0.2,414,10,0.1,0,0.0140132118838344
25,1,5,0.2,35,0.2,414,10,0.1,0,-3.75925342668834e-21
25,1,5,0.2,35,0.2,414,10,0.1,0,-0.000864416823781866
25,1,5,0.2,35,0.2,414,10,0.1,0,-0.143413673538208
25,1,5,0.2,35,0.2,414,10,0.1,0,0.124887087244322
25,1,5,0.2,35,0.2,414,10,0.1,0,-7.34121026268998e-21
25,1,5,0.2,35,0.2,414,10,0.1,0,-0.0262852053332266
25,1,5,0.2,35,0.2,414,10,0.1,0,0.218750893383443
25,1,5,0.2,35,0.2,414,10,0.1,0,0.0197552906374253
25,1,5,0.2,35,0.2,414,10,0.1,0,-8.64750517850703e-20
25,1,5,0.2,35,0.2,414,10,0.1,0,0.344664862034343
25,1,5,0.2,35,0.2,414,10,0.1,0,0.0280949292570125
25,1,5,0.2,35,0.2,414,10,0.1,0,0.0737998116134675
25,1,5,0.2,35,0.2,414,10,0.1,0,-0.0590146468566251
25,1,5,0.2,35,0.2,414,10,0.1,0,-0.00235858801616253
25,1,5,0.2,35,0.2,414,10,0.1,0,-0.0761738361791759
25,1,5,0.2,35,0.2,414,10,0.1,0,0.0637212193346913
25,1,5,0.2,35,0.2,414,10,0.1,0,-0.0122660232468809
25,1,5,0.2,35,0.2,414,10,0.1,0,1.00004672050488
25,1,5,0.2,35,0.2,414,10,0.1,0,-0.214650053015663
25,1,5,0.2,35,0.2,414,10,0.1,0,1.60593587028439e-20
25,1,5,0.2,35,0.2,414,10,0.1,0,0.00569216337138626
25,1,5,0.2,35,0.2,414,10,0.1,0,-0.054592304030182
25,1,5,0.2,35,0.2,414,10,0.1,0,1.34246734529831
25,1,5,0.2,35,0.2,414,10,0.1,0,0.0179574960671831
25,1,5,0.2,35,0.2,414,10,0.1,0,1.14468169970352e-20
25,1,5,0.2,35,0.2,414,10,0.1,0,0.00491137712526225
25,1,5,0.2,35,0.2,414,10,0.1,0,-0.10031808334769
25,1,5,0.2,35,0.2,414,10,0.1,0,0.047199135858773
25,1,5,0.2,35,0.2,414,10,0.1,0,-0.665742866816931
25,1,5,0.2,35,0.2,414,10,0.1,0,0
25,1,5,0.2,35,0.2,414,10,0.1,0,0.0257726289937894
25,1,5,0.2,35,0.2,414,10,0.1,0,-0.397143692853016
25,1,5,0.2,35,0.2,414,10,0.1,0,-0.138699456772154
25,1,5,0.2,35,0.2,414,10,0.1,0,-0.004338344784372
25,1,5,0.2,35,0.2,414,10,0.1,0,0.0783654028442244
25,1,5,0.2,35,0.2,414,10,0.1,0,0.0299545246858633
25,1,5,0.2,35,0.2,414,10,0.1,0,-0.00276037652997295
25,1,5,0.2,35,0.2,414,10,0.1,0,0.514613064091473
25,1,5,0.2,35,0.2,414,10,0.1,0,-0.0547680394721522
25,1,5,0.2,35,0.2,414,10,0.1,0,0.00278967393253531
25,1,5,0.2,35,0.2,414,10,0.1,0,0
25,1,5,0.2,35,0.2,414,10,0.1,0,0.0492435930235953
25,1,5,0.2,35,0.2,414,10,0.1,0,0.195034818867938
25,1,5,0.2,35,0.2,414,10,0.1,0,-0.0676880557143186
25,1,5,0.2,35,0.2,414,10,0.1,0,-0.14953345766407
25,1,5,0.2,35,0.2,414,10,0.1,0,0.195409658754934
25,1,5,0.2,35,0.2,414,10,0.1,0,0.0625810667528743
25,1,5,0.2,35,0.2,414,10,0.1,0,1.24280748139639
25,1,5,0.2,35,0.2,414,10,0.1,0,0.661080397982966
25,1,5,0.2,35,0.2,414,10,0.1,0,0.020981883347
25,1,5,0.2,35,0.2,414,10,0.1,0,0.260032146121071
25,1,5,0.2,35,0.2,414,10,0.1,0,-0.810708303797459
25,1,5,0.2,35,0.2,414,10,0.1,0,0.0239600073979034
25,1,5,0.2,35,0.2,414,10,0.1,0,0.0129019134721924
25,1,5,0.2,35,0.2,414,10,0.1,0,0.0558019291829492
25,1,5,0.2,35,0.2,414,10,0.1,0,0.0386828111705182
25,1,5,0.2,35,0.2,414,10,0.1,0,0.0567982375998237
25,1,5,0.2,35,0.2,414,10,0.1,0,0.00424809715994533
25,1,5,0.2,35,0.2,414,10,0.1,0,0.135029479227232
25,1,5,0.2,35,0.2,414,10,0.1,0,-0.000687542097472899
25,1,5,0.2,35,0.2,414,10,0.1,0,0.600300074492934
25,1,5,0.2,35,0.2,414,10,0.1,0,-0.00836135318131255
25,1,5,0.2,35,0.2,414,10,0.1,0,0.109250787443553
25,1,5,0.2,35,0.2,414,10,0.1,0,-0.0278740788101674
25,1,5,0.2,35,0.2,414,10,0.1,0,0.00632991702529018
25,1,5,0.2,35,0.2,414,10,0.1,0,0.113224508424522
25,1,5,0.2,35,0.2,414,10,0.1,0,0.0140415911699655
25,1,5,0.2,35,0.2,414,10,0.1,0,0.00958017159744948
25,1,5,0.2,35,0.2,414,10,0.1,0,1.10633656054619
25,1,5,0.2,35,0.2,414,10,0.1,0,0.131535858607725
25,1,5,0.2,35,0.2,414,10,0.1,0,-0.00028595280408498
25,1,5,0.2,35,0.2,414,10,0.1,0,2.685327789888
25,1,5,0.2,35,0.2,414,10,0.1,0,0.0577682991578313
25,1,5,0.2,35,0.2,414,10,0.1,0,0.0179689038053348
25,1,5,0.2,35,0.2,414,10,0.1,0,0.0267047423063907
25,1,5,0.2,35,0.2,414,10,0.1,0,0.0741920802112501
25,1,5,0.2,35,0.2,414,10,0.1,0,-0.0347119129878852
25,1,5,0.2,35,0.2,414,10,0.1,0,0.0315972734249343
25,1,5,0.2,35,0.2,414,10,0.1,0,-0.0205093355057801
25,1,5,0.2,35,0.2,414,10,0.1,0,0.477241604891875
25,1,5,0.2,35,0.2,414,10,0.1,0,0.117216218084967
25,1,5,0.2,35,0.2,414,10,0.1,0,-0.115707734777814
25,1,5,0.2,35,0.2,414,10,0.1,0,0.178249885349259
25,1,5,0.2,35,0.2,414,10,0.1,0,-0.0978242772485382
25,1,5,0.2,35,0.2,414,10,0.1,0,-0.145348736551513
25,1,5,0.2,35,0.2,414,10,0.1,0,0.0358063391299859
25,1,5,0.2,35,0.2,414,10,0.1,0,0.0146851066076006
25,1,5,0.2,35,0.2,414,10,0.1,0,-0.0555356696225232
25,1,5,0.2,35,0.2,414,10,0.1,0,0.0725800492881865
25,1,5,0.2,35,0.2,414,10,0.1,0,-0.137496485486635
25,1,5,0.2,35,0.2,414,10,0.1,0,0.0850322120987741
25,1,5,0.2,35,0.2,414,10,0.1,0,0.0609738559369628
25,1,5,0.2,35,0.2,414,10,0.1,0,0.0542021049840668
25,1,5,0.2,35,0.2,414,10,0.1,0,-0.0679218204533246
25,1,5,0.2,35,0.2,414,10,0.1,0,0.342042586592311
25,1,5,0.2,35,0.2,414,10,0.1,0,0.189373468824571
25,1,5,0.2,35,0.2,414,10,0.1,0,0.0698739684358179
25,1,5,0.2,35,0.2,414,10,0.1,0,0.152555980695214
25,1,5,0.2,35,0.2,414,10,0.1,0,0.096322094601325
25,1,5,0.2,35,0.2,414,10,0.1,0,0.126045148443708
25,1,5,0.2,35,0.2,414,10,0.1,0,0.00303175189587696
25,1,5,0.2,35,0.2,414,10,0.1,0,0.826854341238132
25,1,5,0.2,35,0.2,414,10,0.1,0,0.00368702803938068
25,1,5,0.2,35,0.2,414,10,0.1,0,0.206738987604447
25,1,5,0.2,35,0.2,414,10,0.1,0,0.334559735228002
25,1,5,0.2,35,0.2,414,10,0.1,0,-0.0556598914100028
25,1,5,0.2,35,0.2,414,10,0.1,0,-0.183131644038104
25,1,5,0.2,35,0.2,414,10,0.1,0,-2.05630999526019
25,1,5,0.2,35,0.2,414,10,0.1,0,0
25,1,5,0.2,35,0.2,414,10,0.1,0,-0.41518123699936
25,1,5,0.2,35,0.2,414,10,0.1,0,-0.0608130081349945
25,1,5,0.2,35,0.2,414,10,0.1,0,0.026476135286825
25,1,5,0.2,35,0.2,414,10,0.1,0,0.0158766443400318
25,1,5,0.2,35,0.2,414,10,0.1,0,-0.107960343885175
25,1,5,0.2,35,0.2,414,10,0.1,0,-0.706108781565562
25,1,5,0.2,35,0.2,414,10,0.1,0,0.156858392698603
25,1,5,0.2,35,0.2,414,10,0.1,0,-0.0185878390592191
25,1,5,0.2,35,0.2,414,10,0.1,0,5.20764997869094e-19
25,1,5,0.2,35,0.2,414,10,0.1,0,0.0272922672860176
25,1,5,0.2,35,0.2,414,10,0.1,0,-0.0409661087804165
25,1,5,0.2,35,0.2,414,10,0.1,0,0.0225945007708973
25,1,5,0.2,35,0.2,414,10,0.1,0,0.0101808982600272
25,1,5,0.2,35,0.2,414,10,0.1,0,1.36932327508545e-19
25,1,5,0.2,35,0.2,414,10,0.1,0,-0.0786885873808296
25,1,5,0.2,35,0.2,414,10,0.1,0,-3.15938767683779e-05
25,1,5,0.2,35,0.2,414,10,0.1,0,-0.0664538739763225
25,1,5,0.2,35,0.2,414,10,0.1,0,1.66609267904666
25,1,5,0.2,35,0.2,414,10,0.1,0,-1.00038519347888e-21
25,1,5,0.2,35,0.2,414,10,0.1,0,-0.0112975352040454
25,1,5,0.2,35,0.2,414,10,0.1,0,0.0877741629761965
25,1,5,0.2,35,0.2,414,10,0.1,0,0.193817348294239
25,1,5,0.2,35,0.2,414,10,0.1,0,-0.0630326699334012
25,1,5,0.2,35,0.2,414,10,0.1,0,0.055558317476109
25,1,5,0.2,35,0.2,414,10,0.1,0,-0.0153549816873547
25,1,5,0.2,35,0.2,414,10,0.1,0,0.0282485461844628
25,1,5,0.2,35,0.2,414,10,0.1,0,-1.84678494242057e-19
25,1,5,0.2,35,0.2,414,10,0.1,0,9.70988188436118e-21
25,1,5,0.2,35,0.2,414,10,0.1,0,-0.0741244278282358
25,1,5,0.2,35,0.2,414,10,0.1,0,0.029359642696884
25,1,5,0.2,35,0.2,414,10,0.1,0,0.373725553072655
25,1,5,0.2,35,0.2,414,10,0.1,0,-0.0702764000981067
25,1,5,0.2,35,0.2,414,10,0.1,0,-2.97695287071007
25,1,5,0.2,35,0.2,414,10,0.1,0,-0.424983207541438
25,1,5,0.2,35,0.2,414,10,0.1,0,-3.44832521974961e-19
25,1,5,0.2,35,0.2,414,10,0.1,0,0.0690399802709128
25,1,5,0.2,35,0.2,414,10,0.1,0,-3.38469695388732
25,1,5,0.2,35,0.2,414,10,0.1,0,0.0887471404090437
25,1,5,0.2,35,0.2,414,10,0.1,0,-0.0533583052544819
25,1,5,0.2,35,0.2,414,10,0.1,0,0.289214963884054
25,1,5,0.2,35,0.2,414,10,0.1,0,0.0590119282567761
25,1,5,0.2,35,0.2,414,10,0.1,0,0.039641143438037
25,1,5,0.2,35,0.2,414,10,0.1,0,2.1489602093938e-21
25,1,5,0.2,35,0.2,414,10,0.1,0,1.11574543554137
25,1,5,0.2,35,0.2,414,10,0.1,0,0.0660995243724774
25,1,5,0.2,35,0.2,414,10,0.1,0,0.180298208587797
25,1,5,0.2,35,0.2,414,10,0.1,0,0.0862788967821199
25,1,5,0.2,35,0.2,414,10,0.1,0,0.0752227731265573
25,1,5,0.2,35,0.2,414,10,0.1,0,-0.10956908379307
25,1,5,0.2,35,0.2,414,10,0.1,0,-0.0637540581351275
25,1,5,0.2,35,0.2,414,10,0.1,0,0.0196633146434514
25,1,5,0.2,35,0.2,414,10,0.1,0,0.00325456786605919
25,1,5,0.2,35,0.2,414,10,0.1,0,-0.0144252089206785
25,1,5,0.2,35,0.2,414,10,0.1,0,-0.608398047751756
25,1,5,0.2,35,0.2,414,10,0.1,0,-0.0707820541456444
25,1,5,0.2,35,0.2,414,10,0.1,0,-3.39113718388988
25,1,5,0.2,35,0.2,414,10,0.1,0,0.00156774004362056
25,1,5,0.2,35,0.2,414,10,0.1,0,0.759130907282911
25,1,5,0.2,35,0.2,414,10,0.1,0,-0.0059720183222614
25,1,5,0.2,35,0.2,414,10,0.1,0,-0.0647005819974821
25,1,5,0.2,35,0.2,414,10,0.1,0,0.0010686367964797
25,1,5,0.2,35,0.2,414,10,0.1,0,0.411328532295863
25,1,5,0.2,35,0.2,414,10,0.1,0,0.0851959252689623
25,1,5,0.2,35,0.2,414,10,0.1,0,0.0339199436473125
25,1,5,0.2,35,0.2,414,10,0.1,0,-0.0476791464002946
25,1,5,0.2,35,0.2,414,10,0.1,0,3.52844299624348
25,1,5,0.2,35,0.2,414,10,0.1,0,0.217557821440253
25,1,5,0.2,35,0.2,414,10,0.1,0,-0.0133162387897982
25,1,5,0.2,35,0.2,414,10,0.1,0,0.115302638418459
25,1,5,0.2,35,0.2,414,10,0.1,0,0.00744340211634069
25,1,5,0.2,35,0.2,414,10,0.1,0,0
25,1,5,0.2,35,0.2,414,10,0.1,0,0.241163214083319
25,1,5,0.2,35,0.2,414,10,0.1,0,0.0177056099969692
25,1,5,0.2,35,0.2,414,10,0.1,0,0.880375307226735
25,1,5,0.2,35,0.2,414,10,0.1,0,0.0592971134941771
25,1,5,0.2,35,0.2,414,10,0.1,0,-2.16982449203682
25,1,5,0.2,35,0.2,414,10,0.1,0,-0.0921670849230786
25,1,5,0.2,35,0.2,414,10,0.1,0,0.187820544067831
25,1,5,0.2,35,0.2,414,10,0.1,0,-0.0175146234558538
25,1,5,0.2,35,0.2,414,10,0.1,0,0.203462314180088
25,1,5,0.2,35,0.2,414,10,0.1,0,-0.107512408300255
25,1,5,0.2,35,0.2,414,10,0.1,0,1.25544034496669
25,1,5,0.2,35,0.2,414,10,0.1,0,-0.0602852709422762
25,1,5,0.2,35,0.2,414,10,0.1,0,-0.0454560013555591
25,1,5,0.2,35,0.2,414,10,0.1,0,-0.0175689218912757
25,1,5,0.2,35,0.2,414,10,0.1,0,0.00238816378479148
25,1,5,0.2,35,0.2,414,10,0.1,0,-0.334656245045547
25,1,5,0.2,35,0.2,414,10,0.1,0,0
25,1,5,0.2,35,0.2,414,10,0.1,0,-0.129105691055838
25,1,5,0.2,35,0.2,414,10,0.1,0,0.2018267990698
25,1,5,0.2,35,0.2,414,10,0.1,0,0.0875783603535869
25,1,5,0.2,35,0.2,414,10,0.1,0,-0.260762916458522
25,1,5,0.2,35,0.2,414,10,0.1,0,0.139188445579148
25,1,5,0.2,35,0.2,414,10,0.1,0,-0.0175444195462639
25,1,5,0.2,35,0.2,414,10,0.1,0,0.855226071748149
25,1,5,0.2,35,0.2,414,10,0.1,0,0.321263725650631
25,1,5,0.2,35,0.2,414,10,0.1,0,-0.0593854858826023
25,1,5,0.2,35,0.2,414,10,0.1,0,0.00811122795955642
25,1,5,0.2,35,0.2,414,10,0.1,0,-0.320480233004346
25,1,5,0.2,35,0.2,414,10,0.1,0,0.11973354614189
25,1,5,0.2,35,0.2,414,10,0.1,0,0
25,1,5,0.2,35,0.2,414,10,0.1,0,-6.99691530313574e-21
25,1,5,0.2,35,0.2,414,10,0.1,0,-0.0429315777779751
25,1,5,0.2,35,0.2,414,10,0.1,0,0.0283737901757006
25,1,5,0.2,35,0.2,414,10,0.1,0,0
25,1,5,0.2,35,0.2,414,10,0.1,0,0.0571178458291942
25,1,5,0.2,35,0.2,414,10,0.1,0,0.0346916070786018
25,1,5,0.2,35,0.2,414,10,0.1,0,0.192140059800188
25,1,5,0.2,35,0.2,414,10,0.1,0,-0.0371921421451304
25,1,5,0.2,35,0.2,414,10,0.1,0,0.527823383929119
25,1,5,0.2,35,0.2,414,10,0.1,0,-0.242111047021081
25,1,5,0.2,35,0.2,414,10,0.1,0,0.187649968763457
25,1,5,0.2,35,0.2,414,10,0.1,0,0
25,1,5,0.2,35,0.2,414,10,0.1,0,-1.37330626560457
25,1,5,0.2,35,0.2,414,10,0.1,0,0.176062468120095
25,1,5,0.2,35,0.2,414,10,0.1,0,0.0288312986695227
25,1,5,0.2,35,0.2,414,10,0.1,0,0.0765613723704729
25,1,5,0.2,35,0.2,414,10,0.1,0,-0.0113834873348443
25,1,5,0.2,35,0.2,414,10,0.1,0,0.421046632033635
25,1,5,0.2,35,0.2,414,10,0.1,0,-5.54237212021635e-19
25,1,5,0.2,35,0.2,414,10,0.1,0,0.158166705055426
25,1,5,0.2,35,0.2,414,10,0.1,0,-0.000271981317022063
25,1,5,0.2,35,0.2,414,10,0.1,0,0.19989818794647
25,1,5,0.2,35,0.2,414,10,0.1,0,0.862610148364984
25,1,5,0.2,35,0.2,414,10,0.1,0,-0.953612174856014
25,1,5,0.2,35,0.2,414,10,0.1,0,-0.0281830557477861
25,1,5,0.2,35,0.2,414,10,0.1,0,-0.370807156861952
25,1,5,0.2,35,0.2,414,10,0.1,0,0.00199599608615434
25,1,5,0.2,35,0.2,414,10,0.1,0,-0.297427108121647
25,1,5,0.2,35,0.2,414,10,0.1,0,0.00800795799806789
25,1,5,0.2,35,0.2,414,10,0.1,0,0.0327670408122454
25,1,6,0.2,31,0.2,414,10,0.1,1,0
25,1,6,0.2,31,0.2,414,10,0.1,1,1.3438287895237
25,1,6,0.2,31,0.2,414,10,0.1,1,0
25,1,6,0.2,31,0.2,414,10,0.1,1,0
25,1,6,0.2,31,0.2,414,10,0.1,1,0
25,1,6,0.2,31,0.2,414,10,0.1,1,0.0536656468316806
25,1,6,0.2,31,0.2,414,10,0.1,1,0.306315547570097
25,1,6,0.2,31,0.2,414,10,0.1,1,0
25,1,6,0.2,31,0.2,414,10,0.1,1,0.275086324329388
25,1,6,0.2,31,0.2,414,10,0.1,1,0.0905309038755568
25,1,6,0.2,31,0.2,414,10,0.1,1,-0.428721488348587
25,1,6,0.2,31,0.2,414,10,0.1,1,0.443369567721201
25,1,6,0.2,31,0.2,414,10,0.1,1,0.067221653226539
25,1,6,0.2,31,0.2,414,10,0.1,1,0
25,1,6,0.2,31,0.2,414,10,0.1,1,0
25,1,6,0.2,31,0.2,414,10,0.1,1,0
25,1,6,0.2,31,0.2,414,10,0.1,1,1.0734419183708
25,1,6,0.2,31,0.2,414,10,0.1,1,0.0221233418418698
25,1,6,0.2,31,0.2,414,10,0.1,1,-0.355317401279317
25,1,6,0.2,31,0.2,414,10,0.1,1,-0.0215202546119171
25,1,6,0.2,31,0.2,414,10,0.1,1,0.207455478654347
25,1,6,0.2,31,0.2,414,10,0.1,1,0.975513659877132
25,1,6,0.2,31,0.2,414,10,0.1,1,1.75320472935625
25,1,6,0.2,31,0.2,414,10,0.1,1,-0.0561872200601754
25,1,6,0.2,31,0.2,414,10,0.1,1,0.501763323693189
25,1,6,0.2,31,0.2,414,10,0.1,1,0.00490576298942607
25,1,6,0.2,31,0.2,414,10,0.1,1,-4.8962131384665
25,1,6,0.2,31,0.2,414,10,0.1,1,0
25,1,6,0.2,31,0.2,414,10,0.1,1,0
25,1,6,0.2,31,0.2,414,10,0.1,1,0.196220207005466
25,1,6,0.2,31,0.2,414,10,0.1,1,0
25,1,6,0.2,31,0.2,414,10,0.1,0,0
25,1,6,0.2,31,0.2,414,10,0.1,0,0.0197229950042788
25,1,6,0.2,31,0.2,414,10,0.1,0,0
25,1,6,0.2,31,0.2,414,10,0.1,0,0.113813695741825
25,1,6,0.2,31,0.2,414,10,0.1,0,-0.0356720106173143
25,1,6,0.2,31,0.2,414,10,0.1,0,0.121040023024278
25,1,6,0.2,31,0.2,414,10,0.1,0,0.186771407913635
25,1,6,0.2,31,0.2,414,10,0.1,0,0
25,1,6,0.2,31,0.2,414,10,0.1,0,0
25,1,6,0.2,31,0.2,414,10,0.1,0,0.81785511324997
25,1,6,0.2,31,0.2,414,10,0.1,0,0.00524746135705431
25,1,6,0.2,31,0.2,414,10,0.1,0,0
25,1,6,0.2,31,0.2,414,10,0.1,0,-0.284154725475324
25,1,6,0.2,31,0.2,414,10,0.1,0,0.0922433649211481
25,1,6,0.2,31,0.2,414,10,0.1,0,0
25,1,6,0.2,31,0.2,414,10,0.1,0,-0.00245369958598549
25,1,6,0.2,31,0.2,414,10,0.1,0,-0.104109699691339
25,1,6,0.2,31,0.2,414,10,0.1,0,0
25,1,6,0.2,31,0.2,414,10,0.1,0,0.0173706761199349
25,1,6,0.2,31,0.2,414,10,0.1,0,-0.0673680802347413
25,1,6,0.2,31,0.2,414,10,0.1,0,0
25,1,6,0.2,31,0.2,414,10,0.1,0,0.000254621744370609
25,1,6,0.2,31,0.2,414,10,0.1,0,0.0297685089474955
25,1,6,0.2,31,0.2,414,10,0.1,0,-0.0218694473500315
25,1,6,0.2,31,0.2,414,10,0.1,0,0.00327757230562699
25,1,6,0.2,31,0.2,414,10,0.1,0,0.0393916892416784
25,1,6,0.2,31,0.2,414,10,0.1,0,0.00274175920253309
25,1,6,0.2,31,0.2,414,10,0.1,0,-0.0585872804121651
25,1,6,0.2,31,0.2,414,10,0.1,0,-4.45828041830398
25,1,6,0.2,31,0.2,414,10,0.1,0,0
25,1,6,0.2,31,0.2,414,10,0.1,0,-0.212885379089195
25,1,6,0.2,31,0.2,414,10,0.1,0,-0.0633395269504259
25,1,6,0.2,31,0.2,414,10,0.1,0,0.0410003779799393
25,1,6,0.2,31,0.2,414,10,0.1,0,0.0786571783206232
25,1,6,0.2,31,0.2,414,10,0.1,0,-0.0184680738784372
25,1,6,0.2,31,0.2,414,10,0.1,0,-0.60373808756549
25,1,6,0.2,31,0.2,414,10,0.1,0,0.00753726920325686
25,1,6,0.2,31,0.2,414,10,0.1,0,0.021350178083381
25,1,6,0.2,31,0.2,414,10,0.1,0,-0.0309813418276962
25,1,6,0.2,31,0.2,414,10,0.1,0,-0.0118671848085812
25,1,6,0.2,31,0.2,414,10,0.1,0,0.192593220612297
25,1,6,0.2,31,0.2,414,10,0.1,0,0
25,1,6,0.2,31,0.2,414,10,0.1,0,0
25,1,6,0.2,31,0.2,414,10,0.1,0,0.337003331104779
25,1,6,0.2,31,0.2,414,10,0.1,0,-0.033648350092648
25,1,6,0.2,31,0.2,414,10,0.1,0,0
25,1,6,0.2,31,0.2,414,10,0.1,0,0.351595595559946
25,1,6,0.2,31,0.2,414,10,0.1,0,0.0422559612805301
25,1,6,0.2,31,0.2,414,10,0.1,0,0.0567015029706961
25,1,6,0.2,31,0.2,414,10,0.1,0,2.02619566746905
25,1,6,0.2,31,0.2,414,10,0.1,0,0.00248060525544199
25,1,6,0.2,31,0.2,414,10,0.1,0,-0.0536197554224615
25,1,6,0.2,31,0.2,414,10,0.1,0,0.0113196645001987
25,1,6,0.2,31,0.2,414,10,0.1,0,0.00200071412475188
25,1,6,0.2,31,0.2,414,10,0.1,0,0.122781528905027
25,1,6,0.2,31,0.2,414,10,0.1,0,0
25,1,6,0.2,31,0.2,414,10,0.1,0,-0.0105137917924438
25,1,6,0.2,31,0.2,414,10,0.1,0,0.35839203413404
25,1,6,0.2,31,0.2,414,10,0.1,0,-0.0271778210788799
25,1,6,0.2,31,0.2,414,10,0.1,0,0
25,1,6,0.2,31,0.2,414,10,0.1,0,0.00252608417360414
25,1,6,0.2,31,0.2,414,10,0.1,0,-0.0179356007909658
25,1,6,0.2,31,0.2,414,10,0.1,0,0.354032694156916
25,1,6,0.2,31,0.2,414,10,0.1,0,0
25,1,6,0.2,31,0.2,414,10,0.1,0,0.129225012159756
25,1,6,0.2,31,0.2,414,10,0.1,0,0.830985269903327
25,1,6,0.2,31,0.2,414,10,0.1,0,-0.0500166356055541
25,1,6,0.2,31,0.2,414,10,0.1,0,0
25,1,6,0.2,31,0.2,414,10,0.1,0,0.308979374019806
25,1,6,0.2,31,0.2,414,10,0.1,0,0.275006987681187
25,1,6,0.2,31,0.2,414,10,0.1,0,0
25,1,6,0.2,31,0.2,414,10,0.1,0,0.0424027479731137
25,1,6,0.2,31,0.2,414,10,0.1,0,0
25,1,6,0.2,31,0.2,414,10,0.1,0,0
25,1,6,0.2,31,0.2,414,10,0.1,0,0.100475915162273
25,1,6,0.2,31,0.2,414,10,0.1,0,0.0513372491728554
25,1,6,0.2,31,0.2,414,10,0.1,0,0.0655280527152016
25,1,6,0.2,31,0.2,414,10,0.1,0,0.0243380526396931
25,1,6,0.2,31,0.2,414,10,0.1,0,0
25,1,6,0.2,31,0.2,414,10,0.1,0,0.0244499240965624
25,1,6,0.2,31,0.2,414,10,0.1,0,0
25,1,6,0.2,31,0.2,414,10,0.1,0,-1.53019589662735
25,1,6,0.2,31,0.2,414,10,0.1,0,0.0144062296372794
25,1,6,0.2,31,0.2,414,10,0.1,0,-0.0552374934335979
25,1,6,0.2,31,0.2,414,10,0.1,0,0
25,1,6,0.2,31,0.2,414,10,0.1,0,-0.177404522466691
25,1,6,0.2,31,0.2,414,10,0.1,0,-0.470189269939179
25,1,6,0.2,31,0.2,414,10,0.1,0,0.00788000001477554
25,1,6,0.2,31,0.2,414,10,0.1,0,0.0791238891091449
25,1,6,0.2,31,0.2,414,10,0.1,0,0.0312966238995394
25,1,6,0.2,31,0.2,414,10,0.1,0,-0.279678778791615
25,1,6,0.2,31,0.2,414,10,0.1,0,0.0643206881522732
25,1,6,0.2,31,0.2,414,10,0.1,0,0.443718503491133
25,1,6,0.2,31,0.2,414,10,0.1,0,0.0601991459515171
25,1,6,0.2,31,0.2,414,10,0.1,0,0.229240049659474
25,1,6,0.2,31,0.2,414,10,0.1,0,0
25,1,6,0.2,31,0.2,414,10,0.1,0,0
25,1,6,0.2,31,0.2,414,10,0.1,0,-0.013846771705657
25,1,6,0.2,31,0.2,414,10,0.1,0,-0.0799041332906828
25,1,6,0.2,31,0.2,414,10,0.1,0,0.0778672079991602
25,1,6,0.2,31,0.2,414,10,0.1,0,4.1215548409216
25,1,6,0.2,31,0.2,414,10,0.1,0,-0.662909108836061
25,1,6,0.2,31,0.2,414,10,0.1,0,0.112012099181611
25,1,6,0.2,31,0.2,414,10,0.1,0,0
25,1,6,0.2,31,0.2,414,10,0.1,0,0.0775655372528876
25,1,6,0.2,31,0.2,414,10,0.1,0,0
25,1,6,0.2,31,0.2,414,10,0.1,0,0.0706264699912502
25,1,6,0.2,31,0.2,414,10,0.1,0,0.0151861573663623
25,1,6,0.2,31,0.2,414,10,0.1,0,0.310248568876984
25,1,6,0.2,31,0.2,414,10,0.1,0,-0.0386239367199118
25,1,6,0.2,31,0.2,414,10,0.1,0,0.112858351284538
25,1,6,0.2,31,0.2,414,10,0.1,0,0.00972063987379512
25,1,6,0.2,31,0.2,414,10,0.1,0,0.200777106819268
25,1,6,0.2,31,0.2,414,10,0.1,0,0
25,1,6,0.2,31,0.2,414,10,0.1,0,0.064299958807043
25,1,6,0.2,31,0.2,414,10,0.1,0,0.0137473604278405
25,1,6,0.2,31,0.2,414,10,0.1,0,0.135006325868416
25,1,6,0.2,31,0.2,414,10,0.1,0,-0.0971236061921282
25,1,6,0.2,31,0.2,414,10,0.1,0,0.0910068643587327
25,1,6,0.2,31,0.2,414,10,0.1,0,0.155843981751669
25,1,6,0.2,31,0.2,414,10,0.1,0,0
25,1,6,0.2,31,0.2,414,10,0.1,0,0.100120771213012
25,1,6,0.2,31,0.2,414,10,0.1,0,-0.0258011287719113
25,1,6,0.2,31,0.2,414,10,0.1,0,0.0373794763297731
25,1,6,0.2,31,0.2,414,10,0.1,0,-0.0273624489483586
25,1,6,0.2,31,0.2,414,10,0.1,0,0
25,1,6,0.2,31,0.2,414,10,0.1,0,0
25,1,6,0.2,31,0.2,414,10,0.1,0,-0.0131513592129962
25,1,6,0.2,31,0.2,414,10,0.1,0,-0.0144606377897482
25,1,6,0.2,31,0.2,414,10,0.1,0,0.0290190975203568
25,1,6,0.2,31,0.2,414,10,0.1,0,-0.0135908227753449
25,1,6,0.2,31,0.2,414,10,0.1,0,-0.233670806209186
25,1,6,0.2,31,0.2,414,10,0.1,0,0.869277873457577
25,1,6,0.2,31,0.2,414,10,0.1,0,0.0325128028279445
25,1,6,0.2,31,0.2,414,10,0.1,0,0
25,1,6,0.2,31,0.2,414,10,0.1,0,0.318021757319564
25,1,6,0.2,31,0.2,414,10,0.1,0,0.20454050805733
25,1,6,0.2,31,0.2,414,10,0.1,0,0
25,1,6,0.2,31,0.2,414,10,0.1,0,0.0558291156775558
25,1,6,0.2,31,0.2,414,10,0.1,0,-0.0208890746702185
25,1,6,0.2,31,0.2,414,10,0.1,0,0.0995845414005672
25,1,6,0.2,31,0.2,414,10,0.1,0,0.036326160556304
25,1,6,0.2,31,0.2,414,10,0.1,0,-0.142581370836589
25,1,6,0.2,31,0.2,414,10,0.1,0,0.758853430824981
25,1,6,0.2,31,0.2,414,10,0.1,0,-0.0155525070381757
25,1,6,0.2,31,0.2,414,10,0.1,0,0.057872830242923
25,1,6,0.2,31,0.2,414,10,0.1,0,0.0942314158393587
25,1,6,0.2,31,0.2,414,10,0.1,0,-0.2569130882476
25,1,6,0.2,31,0.2,414,10,0.1,0,0.0358524166381181
25,1,6,0.2,31,0.2,414,10,0.1,0,-0.266337437097058
25,1,6,0.2,31,0.2,414,10,0.1,0,-0.0589123092150806
25,1,6,0.2,31,0.2,414,10,0.1,0,0.0133060731764314
25,1,6,0.2,31,0.2,414,10,0.1,0,0.20430616486417
25,1,6,0.2,31,0.2,414,10,0.1,0,0.127204270037096
25,1,6,0.2,31,0.2,414,10,0.1,0,0.0378081027276864
25,1,6,0.2,31,0.2,414,10,0.1,0,-0.0113465785069531
25,1,6,0.2,31,0.2,414,10,0.1,0,0.887772061424536
25,1,6,0.2,31,0.2,414,10,0.1,0,-0.0202174751987053
25,1,6,0.2,31,0.2,414,10,0.1,0,0
25,1,6,0.2,31,0.2,414,10,0.1,0,0.154710500868946
25,1,6,0.2,31,0.2,414,10,0.1,0,0.111694730305556
25,1,6,0.2,31,0.2,414,10,0.1,0,0
25,1,6,0.2,31,0.2,414,10,0.1,0,0.0528059799014267
25,1,6,0.2,31,0.2,414,10,0.1,0,-0.0031167521774001
25,1,6,0.2,31,0.2,414,10,0.1,0,0
25,1,6,0.2,31,0.2,414,10,0.1,0,0.0799242561575083
25,1,6,0.2,31,0.2,414,10,0.1,0,-0.00880731549933017
25,1,6,0.2,31,0.2,414,10,0.1,0,0.0437201354943671
25,1,6,0.2,31,0.2,414,10,0.1,0,-0.0114449423535925
25,1,6,0.2,31,0.2,414,10,0.1,0,0.0119831330786372
25,1,6,0.2,31,0.2,414,10,0.1,0,0
25,1,6,0.2,31,0.2,414,10,0.1,0,0.0138555592792439
25,1,6,0.2,31,0.2,414,10,0.1,0,0.0810126851606997
25,1,6,0.2,31,0.2,414,10,0.1,0,-0.00535633671884349
25,1,6,0.2,31,0.2,414,10,0.1,0,0
25,1,6,0.2,31,0.2,414,10,0.1,0,2.40014241298341
25,1,6,0.2,31,0.2,414,10,0.1,0,0.0514898475743853
25,1,6,0.2,31,0.2,414,10,0.1,0,0
25,1,6,0.2,31,0.2,414,10,0.1,0,0
25,1,6,0.2,31,0.2,414,10,0.1,0,0.0157436948245087
25,1,6,0.2,31,0.2,414,10,0.1,0,-0.122385674171077
25,1,6,0.2,31,0.2,414,10,0.1,0,0.0221816073825269
25,1,6,0.2,31,0.2,414,10,0.1,0,1.15933092823018
25,1,6,0.2,31,0.2,414,10,0.1,0,0.000448924389560885
25,1,6,0.2,31,0.2,414,10,0.1,0,0.0768863957029522
25,1,6,0.2,31,0.2,414,10,0.1,0,-0.0326452147400497
25,1,6,0.2,31,0.2,414,10,0.1,0,0.194515520217314
25,1,6,0.2,31,0.2,414,10,0.1,0,0.233854434516778
25,1,6,0.2,31,0.2,414,10,0.1,0,0
25,1,6,0.2,31,0.2,414,10,0.1,0,0
25,1,6,0.2,31,0.2,414,10,0.1,0,0.173364348648985
25,1,6,0.2,31,0.2,414,10,0.1,0,0.16168060349369
25,1,6,0.2,31,0.2,414,10,0.1,0,0.0109461379092691
25,1,6,0.2,31,0.2,414,10,0.1,0,-0.0152931640267081
25,1,6,0.2,31,0.2,414,10,0.1,0,-0.0842751065852625
25,1,6,0.2,31,0.2,414,10,0.1,0,0.128746680399158
25,1,6,0.2,31,0.2,414,10,0.1,0,0.0163125740456203
25,1,6,0.2,31,0.2,414,10,0.1,0,0.142197598731531
25,1,6,0.2,31,0.2,414,10,0.1,0,0
25,1,6,0.2,31,0.2,414,10,0.1,0,0
25,1,6,0.2,31,0.2,414,10,0.1,0,-0.0146048915448421
25,1,6,0.2,31,0.2,414,10,0.1,0,-0.0884640227029423
25,1,6,0.2,31,0.2,414,10,0.1,0,0.0301188028732796
25,1,6,0.2,31,0.2,414,10,0.1,0,-0.00420648213240672
25,1,6,0.2,31,0.2,414,10,0.1,0,0
25,1,6,0.2,31,0.2,414,10,0.1,0,0
25,1,6,0.2,31,0.2,414,10,0.1,0,0.567569790634723
25,1,6,0.2,31,0.2,414,10,0.1,0,-4.76699422825696
25,1,6,0.2,31,0.2,414,10,0.1,0,-0.0335195368098763
25,1,6,0.2,31,0.2,414,10,0.1,0,0.0430602629895067
25,1,6,0.2,31,0.2,414,10,0.1,0,-0.0929123223222412
25,1,6,0.2,31,0.2,414,10,0.1,0,0.10127135636467
25,1,6,0.2,31,0.2,414,10,0.1,0,-0.115485660195186
25,1,6,0.2,31,0.2,414,10,0.1,0,0.216846103479074
25,1,6,0.2,31,0.2,414,10,0.1,0,1.01614803649701
25,1,6,0.2,31,0.2,414,10,0.1,0,0
25,1,6,0.2,31,0.2,414,10,0.1,0,0
25,1,6,0.2,31,0.2,414,10,0.1,0,0.0825792522387387
25,1,6,0.2,31,0.2,414,10,0.1,0,0
25,1,6,0.2,31,0.2,414,10,0.1,0,-0.142799610633017
25,1,6,0.2,31,0.2,414,10,0.1,0,-0.0434294382864766
25,1,6,0.2,31,0.2,414,10,0.1,0,-0.0161873421737049
25,1,6,0.2,31,0.2,414,10,0.1,0,-0.047916148617335
25,1,6,0.2,31,0.2,414,10,0.1,0,-0.105044608813521
25,1,6,0.2,31,0.2,414,10,0.1,0,0.0201170046225841
25,1,6,0.2,31,0.2,414,10,0.1,0,0.0866866276048433
25,1,6,0.2,31,0.2,414,10,0.1,0,0.0623635996772246
25,1,6,0.2,31,0.2,414,10,0.1,0,0.010011765786734
25,1,6,0.2,31,0.2,414,10,0.1,0,0.0672213371088885
25,1,6,0.2,31,0.2,414,10,0.1,0,-0.0449085267088322
25,1,6,0.2,31,0.2,414,10,0.1,0,0
25,1,6,0.2,31,0.2,414,10,0.1,0,-0.0192860837318209
25,1,6,0.2,31,0.2,414,10,0.1,0,0.0311536024917024
25,1,6,0.2,31,0.2,414,10,0.1,0,0.203379927357908
25,1,6,0.2,31,0.2,414,10,0.1,0,-0.0565805089715238
25,1,6,0.2,31,0.2,414,10,0.1,0,0.00038098349958717
25,1,6,0.2,31,0.2,414,10,0.1,0,0.0455673448753221
25,1,6,0.2,31,0.2,414,10,0.1,0,0
25,1,6,0.2,31,0.2,414,10,0.1,0,0
25,1,6,0.2,31,0.2,414,10,0.1,0,0.0182992627010498
25,1,6,0.2,31,0.2,414,10,0.1,0,0.0567548698072082
25,1,6,0.2,31,0.2,414,10,0.1,0,-0.309706533881654
25,1,6,0.2,31,0.2,414,10,0.1,0,-0.602487086668155
25,1,6,0.2,31,0.2,414,10,0.1,0,-0.0568883043116468
25,1,6,0.2,31,0.2,414,10,0.1,0,-0.0128126354198008
25,1,6,0.2,31,0.2,414,10,0.1,0,1.29589899031756
25,1,6,0.2,31,0.2,414,10,0.1,0,0
25,1,6,0.2,31,0.2,414,10,0.1,0,-0.235433045215925
25,1,6,0.2,31,0.2,414,10,0.1,0,0
25,1,6,0.2,31,0.2,414,10,0.1,0,-0.0400585122332497
25,1,6,0.2,31,0.2,414,10,0.1,0,0
25,1,6,0.2,31,0.2,414,10,0.1,0,-0.0917204396028456
25,1,6,0.2,31,0.2,414,10,0.1,0,-0.241209242434828
25,1,6,0.2,31,0.2,414,10,0.1,0,0
25,1,6,0.2,31,0.2,414,10,0.1,0,0.537473508193397
25,1,6,0.2,31,0.2,414,10,0.1,0,0.0359033026239913
25,1,6,0.2,31,0.2,414,10,0.1,0,0.0101135542494979
25,1,6,0.2,31,0.2,414,10,0.1,0,-0.0461450286410141
25,1,6,0.2,31,0.2,414,10,0.1,0,0.239157080952532
25,1,6,0.2,31,0.2,414,10,0.1,0,0.000216302337634425
25,1,6,0.2,31,0.2,414,10,0.1,0,-0.24573763350989
25,1,6,0.2,31,0.2,414,10,0.1,0,0.00309899889117185
25,1,6,0.2,31,0.2,414,10,0.1,0,0.0223190633934299
25,1,6,0.2,31,0.2,414,10,0.1,0,0.0397499928458416
25,1,6,0.2,31,0.2,414,10,0.1,0,-0.0440454614871512
25,1,6,0.2,31,0.2,414,10,0.1,0,0
25,1,6,0.2,31,0.2,414,10,0.1,0,-0.198240610758535
25,1,6,0.2,31,0.2,414,10,0.1,0,0.0300362143555423
25,1,6,0.2,31,0.2,414,10,0.1,0,0.184997859696668
25,1,6,0.2,31,0.2,414,10,0.1,0,-0.035797922681215
25,1,6,0.2,31,0.2,414,10,0.1,0,0.0270965892333385
25,1,6,0.2,31,0.2,414,10,0.1,0,0.0199929368635562
25,1,6,0.2,31,0.2,414,10,0.1,0,0.060203953728776
25,1,6,0.2,31,0.2,414,10,0.1,0,-0.309705054911348
25,1,6,0.2,31,0.2,414,10,0.1,0,1.89987588344047
25,1,6,0.2,31,0.2,414,10,0.1,0,0.52695197351522
25,1,6,0.2,31,0.2,414,10,0.1,0,0.0804077992342756
25,1,6,0.2,31,0.2,414,10,0.1,0,0.424173352798978
25,1,6,0.2,31,0.2,414,10,0.1,0,0.116019156884173
25,1,6,0.2,31,0.2,414,10,0.1,0,0.0309053745387113
25,1,6,0.2,31,0.2,414,10,0.1,0,0
25,1,6,0.2,31,0.2,414,10,0.1,0,-0.0209987721675351
25,1,6,0.2,31,0.2,414,10,0.1,0,0
25,1,6,0.2,31,0.2,414,10,0.1,0,-0.0189349535660475
25,1,6,0.2,31,0.2,414,10,0.1,0,0.0252834222202573
25,1,6,0.2,31,0.2,414,10,0.1,0,-0.142604007711844
25,1,6,0.2,31,0.2,414,10,0.1,0,0.282849423700009
25,1,6,0.2,31,0.2,414,10,0.1,0,-0.600483001756693
25,1,6,0.2,31,0.2,414,10,0.1,0,0.708810720280104
25,1,6,0.2,31,0.2,414,10,0.1,0,0.019373230004493
25,1,6,0.2,31,0.2,414,10,0.1,0,0
25,1,6,0.2,31,0.2,414,10,0.1,0,0.0212835617512854
25,1,6,0.2,31,0.2,414,10,0.1,0,-0.219007923548353
25,1,6,0.2,31,0.2,414,10,0.1,0,0.033567111671693
25,1,6,0.2,31,0.2,414,10,0.1,0,0.0179397729731009
25,1,6,0.2,31,0.2,414,10,0.1,0,0.0340740712876069
25,1,6,0.2,31,0.2,414,10,0.1,0,0.458707841425083
25,1,6,0.2,31,0.2,414,10,0.1,0,-0.100124623477256
25,1,6,0.2,31,0.2,414,10,0.1,0,0.0275380340517275
25,1,6,0.2,31,0.2,414,10,0.1,0,0
25,1,6,0.2,31,0.2,414,10,0.1,0,0.229423340043895
25,1,6,0.2,31,0.2,414,10,0.1,0,0.181866600765129
25,1,6,0.2,31,0.2,414,10,0.1,0,0
25,1,6,0.2,31,0.2,414,10,0.1,0,0.234097536333048
25,1,6,0.2,31,0.2,414,10,0.1,0,0.271573005949882
25,1,6,0.2,31,0.2,414,10,0.1,0,-0.0475926775761393
25,1,6,0.2,31,0.2,414,10,0.1,0,0.0483552646001145
25,1,6,0.2,31,0.2,414,10,0.1,0,0.00985549792993212
25,1,6,0.2,31,0.2,414,10,0.1,0,0.175957287803776
25,1,6,0.2,31,0.2,414,10,0.1,0,0.045062228025284
25,1,6,0.2,31,0.2,414,10,0.1,0,-0.0103723200226534
25,1,6,0.2,31,0.2,414,10,0.1,0,0
25,1,6,0.2,31,0.2,414,10,0.1,0,0.237655840209373
25,1,6,0.2,31,0.2,414,10,0.1,0,0.539719978356976
25,1,6,0.2,31,0.2,414,10,0.1,0,0
25,1,6,0.2,31,0.2,414,10,0.1,0,-0.0221757529155972
25,1,6,0.2,31,0.2,414,10,0.1,0,0.496785830577743
25,1,6,0.2,31,0.2,414,10,0.1,0,0.00338623102708902
25,1,6,0.2,31,0.2,414,10,0.1,0,-0.0105073899617022
25,1,6,0.2,31,0.2,414,10,0.1,0,0.30523689648248
25,1,6,0.2,31,0.2,414,10,0.1,0,0.0326373686092905
25,1,6,0.2,31,0.2,414,10,0.1,0,0.294018741228144
25,1,6,0.2,31,0.2,414,10,0.1,0,0
25,1,6,0.2,31,0.2,414,10,0.1,0,1.28283402588463
25,1,6,0.2,31,0.2,414,10,0.1,0,0
25,1,6,0.2,31,0.2,414,10,0.1,0,0.0375755297138079
25,1,6,0.2,31,0.2,414,10,0.1,0,0.103341340199731
25,1,6,0.2,31,0.2,414,10,0.1,0,-0.03508289075509
25,1,6,0.2,31,0.2,414,10,0.1,0,0.0121017518933326
25,1,6,0.2,31,0.2,414,10,0.1,0,0
25,1,6,0.2,31,0.2,414,10,0.1,0,-0.0993025109487206
25,1,6,0.2,31,0.2,414,10,0.1,0,-0.00711100353674905
25,1,6,0.2,31,0.2,414,10,0.1,0,-0.030992674034649
25,1,6,0.2,31,0.2,414,10,0.1,0,-0.0846825582301271
25,1,6,0.2,31,0.2,414,10,0.1,0,-0.203034448460064
25,1,6,0.2,31,0.2,414,10,0.1,0,0.549876714282664
25,1,6,0.2,31,0.2,414,10,0.1,0,1.49302589990461
25,1,6,0.2,31,0.2,414,10,0.1,0,0.587440452226838
25,1,6,0.2,31,0.2,414,10,0.1,0,0.0163930642794745
25,1,6,0.2,31,0.2,414,10,0.1,0,0
25,1,6,0.2,31,0.2,414,10,0.1,0,-0.121219072767044
25,1,6,0.2,31,0.2,414,10,0.1,0,-0.051225302099045
25,1,6,0.2,31,0.2,414,10,0.1,0,-0.0177011130725994
25,1,6,0.2,31,0.2,414,10,0.1,0,-0.00646535286530756
25,1,6,0.2,31,0.2,414,10,0.1,0,-0.12635401598141
25,1,6,0.2,31,0.2,414,10,0.1,0,0
25,1,6,0.2,31,0.2,414,10,0.1,0,-0.0169829727288376
25,1,6,0.2,31,0.2,414,10,0.1,0,3.14820982406246
25,1,6,0.2,31,0.2,414,10,0.1,0,0
25,1,6,0.2,31,0.2,414,10,0.1,0,0
25,1,6,0.2,31,0.2,414,10,0.1,0,-0.0181302594811073
25,1,6,0.2,31,0.2,414,10,0.1,0,0
25,1,6,0.2,31,0.2,414,10,0.1,0,0
25,1,6,0.2,31,0.2,414,10,0.1,0,0
25,1,6,0.2,31,0.2,414,10,0.1,0,0
25,1,6,0.2,31,0.2,414,10,0.1,0,0.429964903729149
25,1,6,0.2,31,0.2,414,10,0.1,0,0.388804889642822
25,1,6,0.2,31,0.2,414,10,0.1,0,0.0850182187318802
25,1,6,0.2,31,0.2,414,10,0.1,0,0
25,1,6,0.2,31,0.2,414,10,0.1,0,0.892242517722629
25,1,6,0.2,31,0.2,414,10,0.1,0,0
25,1,6,0.2,31,0.2,414,10,0.1,0,0.100877461364784
25,1,6,0.2,31,0.2,414,10,0.1,0,0
25,1,6,0.2,31,0.2,414,10,0.1,0,0
25,1,6,0.2,31,0.2,414,10,0.1,0,0
25,1,6,0.2,31,0.2,414,10,0.1,0,-0.00217768210625714
25,1,6,0.2,31,0.2,414,10,0.1,0,0
25,1,6,0.2,31,0.2,414,10,0.1,0,-0.10075448874172
25,1,6,0.2,31,0.2,414,10,0.1,0,0.160998857159247
25,1,6,0.2,31,0.2,414,10,0.1,0,0
25,1,6,0.2,31,0.2,414,10,0.1,0,0
25,1,6,0.2,31,0.2,414,10,0.1,0,0
25,1,6,0.2,31,0.2,414,10,0.1,0,0.0338775635251009
25,1,6,0.2,31,0.2,414,10,0.1,0,0.0013493009375533
25,1,6,0.2,31,0.2,414,10,0.1,0,0.260372593667032
25,1,6,0.2,31,0.2,414,10,0.1,0,0.00458838628157598
25,1,6,0.2,31,0.2,414,10,0.1,0,0.2281400574724
25,1,6,0.2,31,0.2,414,10,0.1,0,0
25,1,6,0.2,31,0.2,414,10,0.1,0,0.0558025038582839
25,1,6,0.2,31,0.2,414,10,0.1,0,-0.0389266739767884
25,1,6,0.2,31,0.2,414,10,0.1,0,-0.243216495060818
25,1,6,0.2,31,0.2,414,10,0.1,0,0
25,1,6,0.2,31,0.2,414,10,0.1,0,-0.0120240033813049
25,1,6,0.2,31,0.2,414,10,0.1,0,-0.0213589167710285
25,1,6,0.2,31,0.2,414,10,0.1,0,-0.0951959409035054
25,1,6,0.2,31,0.2,414,10,0.1,0,0.0452155563278244
25,1,6,0.2,31,0.2,414,10,0.1,0,0.832261964431986
25,1,6,0.2,31,0.2,414,10,0.1,0,0
25,1,6,0.2,31,0.2,414,10,0.1,0,0.0920505910443942
25,1,6,0.2,31,0.2,414,10,0.1,0,0.170779829775522
25,1,6,0.2,31,0.2,414,10,0.1,0,0.0345263451448665
25,1,6,0.2,31,0.2,414,10,0.1,0,0.279668460234983
25,1,6,0.2,31,0.2,414,10,0.1,0,-0.0325639551138268
25,1,6,0.2,31,0.2,414,10,0.1,0,-0.134263742040743
25,1,6,0.2,31,0.2,414,10,0.1,0,0.0402828448386956
25,1,6,0.2,31,0.2,414,10,0.1,0,0
25,1,6,0.2,31,0.2,414,10,0.1,0,-0.0171832181555164
25,1,6,0.2,31,0.2,414,10,0.1,0,0
25,1,6,0.2,31,0.2,414,10,0.1,0,-0.0173262095720737
25,1,6,0.2,31,0.2,414,10,0.1,0,0.00337736799631349
25,1,6,0.2,31,0.2,414,10,0.1,0,0
25,1,6,0.2,31,0.2,414,10,0.1,0,-0.0455587664836009
25,1,6,0.2,31,0.2,414,10,0.1,0,0
25,1,6,0.2,31,0.2,414,10,0.1,0,0.0212286261501658
25,1,6,0.2,31,0.2,414,10,0.1,0,0
25,1,6,0.2,31,0.2,414,10,0.1,0,0.0138789988872603
25,1,6,0.2,31,0.2,414,10,0.1,0,0.00440380060178636
25,1,6,0.2,31,0.2,414,10,0.1,0,0.0250451651644833
25,1,6,0.2,31,0.2,414,10,0.1,0,0.113252991622009
25,1,6,0.2,31,0.2,414,10,0.1,0,-0.0291661043093155
25,1,6,0.2,31,0.2,414,10,0.1,0,0.359736090100742
25,1,6,0.2,31,0.2,414,10,0.1,0,0
25,1,6,0.2,31,0.2,414,10,0.1,0,0.0169768796231484
25,1,6,0.2,31,0.2,414,10,0.1,0,-0.143640402177295
25,1,7,0.2,24,0.2,245,10,0.1,1,-4.21016614717198e-26
25,1,7,0.2,24,0.2,245,10,0.1,1,0
25,1,7,0.2,24,0.2,245,10,0.1,1,0
25,1,7,0.2,24,0.2,245,10,0.1,1,-1.9905959102594
25,1,7,0.2,24,0.2,245,10,0.1,1,-0.0751296393737556
25,1,7,0.2,24,0.2,245,10,0.1,1,2.52082518266508e-24
25,1,7,0.2,24,0.2,245,10,0.1,1,-6.00327061787621
25,1,7,0.2,24,0.2,245,10,0.1,1,0
25,1,7,0.2,24,0.2,245,10,0.1,1,-5.45946197841485
25,1,7,0.2,24,0.2,245,10,0.1,1,4.60843431652977e-25
25,1,7,0.2,24,0.2,245,10,0.1,1,-1.55470863063963
25,1,7,0.2,24,0.2,245,10,0.1,1,-0.875311310376094
25,1,7,0.2,24,0.2,245,10,0.1,1,0.578290245798709
25,1,7,0.2,24,0.2,245,10,0.1,1,0.272188987115131
25,1,7,0.2,24,0.2,245,10,0.1,1,2.74430630955404
25,1,7,0.2,24,0.2,245,10,0.1,1,-0.093909097015808
25,1,7,0.2,24,0.2,245,10,0.1,1,0.1975622375276
25,1,7,0.2,24,0.2,245,10,0.1,1,0.23987957900465
25,1,7,0.2,24,0.2,245,10,0.1,1,0
25,1,7,0.2,24,0.2,245,10,0.1,1,-1.73086830531776
25,1,7,0.2,24,0.2,245,10,0.1,1,0.0178064585958952
25,1,7,0.2,24,0.2,245,10,0.1,1,0
25,1,7,0.2,24,0.2,245,10,0.1,1,1.56956979765076
25,1,7,0.2,24,0.2,245,10,0.1,1,-0.637753686703575
25,1,7,0.2,24,0.2,245,10,0.1,0,0
25,1,7,0.2,24,0.2,245,10,0.1,0,0.0629755228235708
25,1,7,0.2,24,0.2,245,10,0.1,0,1.01369036885918
25,1,7,0.2,24,0.2,245,10,0.1,0,0
25,1,7,0.2,24,0.2,245,10,0.1,0,0.0472452298122448
25,1,7,0.2,24,0.2,245,10,0.1,0,-0.058155346238031
25,1,7,0.2,24,0.2,245,10,0.1,0,-0.250750678855403
25,1,7,0.2,24,0.2,245,10,0.1,0,0.192315821949269
25,1,7,0.2,24,0.2,245,10,0.1,0,1.6541555442104e-25
25,1,7,0.2,24,0.2,245,10,0.1,0,0.666554354217053
25,1,7,0.2,24,0.2,245,10,0.1,0,-0.231247653236273
25,1,7,0.2,24,0.2,245,10,0.1,0,0.103962745261557
25,1,7,0.2,24,0.2,245,10,0.1,0,0.0896132889944197
25,1,7,0.2,24,0.2,245,10,0.1,0,0.0634746155395138
25,1,7,0.2,24,0.2,245,10,0.1,0,-0.00414687025464359
25,1,7,0.2,24,0.2,245,10,0.1,0,0.347488960720418
25,1,7,0.2,24,0.2,245,10,0.1,0,0
25,1,7,0.2,24,0.2,245,10,0.1,0,-2.85609355078716e-25
25,1,7,0.2,24,0.2,245,10,0.1,0,0.104959350079779
25,1,7,0.2,24,0.2,245,10,0.1,0,-4.25273087345726
25,1,7,0.2,24,0.2,245,10,0.1,0,0.55259591511195
25,1,7,0.2,24,0.2,245,10,0.1,0,-0.268823581958299
25,1,7,0.2,24,0.2,245,10,0.1,0,-2.35686183033185e-25
25,1,7,0.2,24,0.2,245,10,0.1,0,2.5696851035314
25,1,7,0.2,24,0.2,245,10,0.1,0,0.00898948135438026
25,1,7,0.2,24,0.2,245,10,0.1,0,0.0728517955392858
25,1,7,0.2,24,0.2,245,10,0.1,0,-0.0145337832118354
25,1,7,0.2,24,0.2,245,10,0.1,0,7.14674757253996e-26
25,1,7,0.2,24,0.2,245,10,0.1,0,0
25,1,7,0.2,24,0.2,245,10,0.1,0,-0.156042795659226
25,1,7,0.2,24,0.2,245,10,0.1,0,-1.08022637373387e-25
25,1,7,0.2,24,0.2,245,10,0.1,0,-1.74221365292124e-23
25,1,7,0.2,24,0.2,245,10,0.1,0,-0.686162678613573
25,1,7,0.2,24,0.2,245,10,0.1,0,-0.0173869258377507
25,1,7,0.2,24,0.2,245,10,0.1,0,0
25,1,7,0.2,24,0.2,245,10,0.1,0,0.0103353254745979
25,1,7,0.2,24,0.2,245,10,0.1,0,0.0249016344145419
25,1,7,0.2,24,0.2,245,10,0.1,0,0.03830631030248
25,1,7,0.2,24,0.2,245,10,0.1,0,0.0142438916895192
25,1,7,0.2,24,0.2,245,10,0.1,0,0.103871002931975
25,1,7,0.2,24,0.2,245,10,0.1,0,-0.0929795656411362
25,1,7,0.2,24,0.2,245,10,0.1,0,-0.054208566763063
25,1,7,0.2,24,0.2,245,10,0.1,0,-0.00455428311493205
25,1,7,0.2,24,0.2,245,10,0.1,0,0.551304391716564
25,1,7,0.2,24,0.2,245,10,0.1,0,-0.0869613461778651
25,1,7,0.2,24,0.2,245,10,0.1,0,-0.0232110489319471
25,1,7,0.2,24,0.2,245,10,0.1,0,0.00198656046087289
25,1,7,0.2,24,0.2,245,10,0.1,0,0.260268880819842
25,1,7,0.2,24,0.2,245,10,0.1,0,-0.0260264059337918
25,1,7,0.2,24,0.2,245,10,0.1,0,0
25,1,7,0.2,24,0.2,245,10,0.1,0,0.0245847503011667
25,1,7,0.2,24,0.2,245,10,0.1,0,1.37771818163501e-25
25,1,7,0.2,24,0.2,245,10,0.1,0,0.162301518123751
25,1,7,0.2,24,0.2,245,10,0.1,0,-0.0525545606740585
25,1,7,0.2,24,0.2,245,10,0.1,0,-0.226277419214323
25,1,7,0.2,24,0.2,245,10,0.1,0,0.0277570043567675
25,1,7,0.2,24,0.2,245,10,0.1,0,-0.130594090141202
25,1,7,0.2,24,0.2,245,10,0.1,0,0.0393641734091255
25,1,7,0.2,24,0.2,245,10,0.1,0,0.165265129792083
25,1,7,0.2,24,0.2,245,10,0.1,0,-2.7428052363876e-25
25,1,7,0.2,24,0.2,245,10,0.1,0,7.13241796565978e-26
25,1,7,0.2,24,0.2,245,10,0.1,0,0.0085308500840828
25,1,7,0.2,24,0.2,245,10,0.1,0,0.243063369312929
25,1,7,0.2,24,0.2,245,10,0.1,0,0.245923652940733
25,1,7,0.2,24,0.2,245,10,0.1,0,-0.0218641984775471
25,1,7,0.2,24,0.2,245,10,0.1,0,1.39955525870532
25,1,7,0.2,24,0.2,245,10,0.1,0,0
25,1,7,0.2,24,0.2,245,10,0.1,0,2.61800005767622e-24
25,1,7,0.2,24,0.2,245,10,0.1,0,0.0964513294671852
25,1,7,0.2,24,0.2,245,10,0.1,0,-0.21435886392471
25,1,7,0.2,24,0.2,245,10,0.1,0,0.0724667011222073
25,1,7,0.2,24,0.2,245,10,0.1,0,-0.0105704130861757
25,1,7,0.2,24,0.2,245,10,0.1,0,0.0874634490615234
25,1,7,0.2,24,0.2,245,10,0.1,0,0.129927277388064
25,1,7,0.2,24,0.2,245,10,0.1,0,-0.0281577653846552
25,1,7,0.2,24,0.2,245,10,0.1,0,-0.00734923546925215
25,1,7,0.2,24,0.2,245,10,0.1,0,-0.00455296799500501
25,1,7,0.2,24,0.2,245,10,0.1,0,5.47112340978672e-24
25,1,7,0.2,24,0.2,245,10,0.1,0,-0.00656858798528286
25,1,7,0.2,24,0.2,245,10,0.1,0,0
25,1,7,0.2,24,0.2,245,10,0.1,0,0.0726387510433167
25,1,7,0.2,24,0.2,245,10,0.1,0,-0.209654921573567
25,1,7,0.2,24,0.2,245,10,0.1,0,0.0568081960293263
25,1,7,0.2,24,0.2,245,10,0.1,0,-0.0262729680432754
25,1,7,0.2,24,0.2,245,10,0.1,0,0.35037345212343
25,1,7,0.2,24,0.2,245,10,0.1,0,0.0838918812814163
25,1,7,0.2,24,0.2,245,10,0.1,0,0.0504464304174327
25,1,7,0.2,24,0.2,245,10,0.1,0,-0.157817546948874
25,1,7,0.2,24,0.2,245,10,0.1,0,-0.835117986514175
25,1,7,0.2,24,0.2,245,10,0.1,0,0.101543873888207
25,1,7,0.2,24,0.2,245,10,0.1,0,-0.0327750118381974
25,1,7,0.2,24,0.2,245,10,0.1,0,0.337691381275418
25,1,7,0.2,24,0.2,245,10,0.1,0,0.164242785101784
25,1,7,0.2,24,0.2,245,10,0.1,0,-2.29677800618094e-25
25,1,7,0.2,24,0.2,245,10,0.1,0,-1.46691753121452e-23
25,1,7,0.2,24,0.2,245,10,0.1,0,-0.0241049043445177
25,1,7,0.2,24,0.2,245,10,0.1,0,-0.088486066436876
25,1,7,0.2,24,0.2,245,10,0.1,0,-0.0268852848149765
25,1,7,0.2,24,0.2,245,10,0.1,0,0.00477186960921444
25,1,7,0.2,24,0.2,245,10,0.1,0,0.0312283616990873
25,1,7,0.2,24,0.2,245,10,0.1,0,1.37661220937625e-24
25,1,7,0.2,24,0.2,245,10,0.1,0,0
25,1,7,0.2,24,0.2,245,10,0.1,0,0.0905066415768682
25,1,7,0.2,24,0.2,245,10,0.1,0,2.35865629704313e-26
25,1,7,0.2,24,0.2,245,10,0.1,0,-0.0106435282555716
25,1,7,0.2,24,0.2,245,10,0.1,0,-0.059231406988576
25,1,7,0.2,24,0.2,245,10,0.1,0,-0.130340437627047
25,1,7,0.2,24,0.2,245,10,0.1,0,-0.328951335884656
25,1,7,0.2,24,0.2,245,10,0.1,0,0.112530404424574
25,1,7,0.2,24,0.2,245,10,0.1,0,-0.0263358895912068
25,1,7,0.2,24,0.2,245,10,0.1,0,-1.19782608832737e-27
25,1,7,0.2,24,0.2,245,10,0.1,0,0.00140833121004644
25,1,7,0.2,24,0.2,245,10,0.1,0,-0.0782403045260341
25,1,7,0.2,24,0.2,245,10,0.1,0,0
25,1,7,0.2,24,0.2,245,10,0.1,0,0.01823671227609
25,1,7,0.2,24,0.2,245,10,0.1,0,0.796040432675609
25,1,7,0.2,24,0.2,245,10,0.1,0,2.67349579697024e-25
25,1,7,0.2,24,0.2,245,10,0.1,0,-0.0611676821668418
25,1,7,0.2,24,0.2,245,10,0.1,0,0.0711995622868751
25,1,7,0.2,24,0.2,245,10,0.1,0,-0.0196554879792403
25,1,7,0.2,24,0.2,245,10,0.1,0,-0.000109565000984956
25,1,7,0.2,24,0.2,245,10,0.1,0,0.733007146571057
25,1,7,0.2,24,0.2,245,10,0.1,0,0.187977281345282
25,1,7,0.2,24,0.2,245,10,0.1,0,-0.366102236143093
25,1,7,0.2,24,0.2,245,10,0.1,0,-0.0640030583121133
25,1,7,0.2,24,0.2,245,10,0.1,0,-0.501848713321692
25,1,7,0.2,24,0.2,245,10,0.1,0,0.0370058592268864
25,1,7,0.2,24,0.2,245,10,0.1,0,7.01206784667743e-25
25,1,7,0.2,24,0.2,245,10,0.1,0,0
25,1,7,0.2,24,0.2,245,10,0.1,0,-1.49530106856117e-25
25,1,7,0.2,24,0.2,245,10,0.1,0,0.519391732520388
25,1,7,0.2,24,0.2,245,10,0.1,0,-7.1907640084438e-24
25,1,7,0.2,24,0.2,245,10,0.1,0,0.16570389927431
25,1,7,0.2,24,0.2,245,10,0.1,0,0.855027129502015
25,1,7,0.2,24,0.2,245,10,0.1,0,3.89942103919834
25,1,7,0.2,24,0.2,245,10,0.1,0,-0.01494661930357
25,1,7,0.2,24,0.2,245,10,0.1,0,-0.0134864043302159
25,1,7,0.2,24,0.2,245,10,0.1,0,4.9198026999569e-24
25,1,7,0.2,24,0.2,245,10,0.1,0,0.0262198440224696
25,1,7,0.2,24,0.2,245,10,0.1,0,0.981240546204434
25,1,7,0.2,24,0.2,245,10,0.1,0,-0.491507460168842
25,1,7,0.2,24,0.2,245,10,0.1,0,-2.20660751249676
25,1,7,0.2,24,0.2,245,10,0.1,0,0.247187652733095
25,1,7,0.2,24,0.2,245,10,0.1,0,-0.0595264580171941
25,1,7,0.2,24,0.2,245,10,0.1,0,0.442335616480528
25,1,7,0.2,24,0.2,245,10,0.1,0,0.0662324117566014
25,1,7,0.2,24,0.2,245,10,0.1,0,-0.347041880904378
25,1,7,0.2,24,0.2,245,10,0.1,0,0.120191603992836
25,1,7,0.2,24,0.2,245,10,0.1,0,-0.274299069851016
25,1,7,0.2,24,0.2,245,10,0.1,0,4.5969312369981e-24
25,1,7,0.2,24,0.2,245,10,0.1,0,0.647509614150114
25,1,7,0.2,24,0.2,245,10,0.1,0,0.113929229066286
25,1,7,0.2,24,0.2,245,10,0.1,0,2.53604267584798e-24
25,1,7,0.2,24,0.2,245,10,0.1,0,0.209606334963381
25,1,7,0.2,24,0.2,245,10,0.1,0,0.518510111082069
25,1,7,0.2,24,0.2,245,10,0.1,0,0.429128590779759
25,1,7,0.2,24,0.2,245,10,0.1,0,-0.395901789109119
25,1,7,0.2,24,0.2,245,10,0.1,0,-0.500597247623033
25,1,7,0.2,24,0.2,245,10,0.1,0,-0.969043473195668
25,1,7,0.2,24,0.2,245,10,0.1,0,0
25,1,7,0.2,24,0.2,245,10,0.1,0,-0.0995353733754531
25,1,7,0.2,24,0.2,245,10,0.1,0,0.402346499585933
25,1,7,0.2,24,0.2,245,10,0.1,0,0.0323355002357279
25,1,7,0.2,24,0.2,245,10,0.1,0,0
25,1,7,0.2,24,0.2,245,10,0.1,0,0.0810832160743352
25,1,7,0.2,24,0.2,245,10,0.1,0,0.0294381142218653
25,1,7,0.2,24,0.2,245,10,0.1,0,0.423506600694289
25,1,7,0.2,24,0.2,245,10,0.1,0,-0.0646337882703361
25,1,7,0.2,24,0.2,245,10,0.1,0,1.67742041008261
25,1,7,0.2,24,0.2,245,10,0.1,0,3.41993345581341e-24
25,1,7,0.2,24,0.2,245,10,0.1,0,-0.00617040517340193
25,1,7,0.2,24,0.2,245,10,0.1,0,5.07000763198972e-25
25,1,7,0.2,24,0.2,245,10,0.1,0,3.18883666485906e-24
25,1,7,0.2,24,0.2,245,10,0.1,0,0.123443225750597
25,1,7,0.2,24,0.2,245,10,0.1,0,-0.063422712294184
25,1,7,0.2,24,0.2,245,10,0.1,0,0.976731190807118
25,1,7,0.2,24,0.2,245,10,0.1,0,0.020355447163607
25,1,7,0.2,24,0.2,245,10,0.1,0,-0.127814391790096
25,1,7,0.2,24,0.2,245,10,0.1,0,0.0858397518854428
25,1,7,0.2,24,0.2,245,10,0.1,0,0
25,1,7,0.2,24,0.2,245,10,0.1,0,0.136271030396359
25,1,7,0.2,24,0.2,245,10,0.1,0,-0.407836598929386
25,1,7,0.2,24,0.2,245,10,0.1,0,0
25,1,7,0.2,24,0.2,245,10,0.1,0,0.0111335586639936
25,1,7,0.2,24,0.2,245,10,0.1,0,0.0998127011081346
25,1,7,0.2,24,0.2,245,10,0.1,0,-3.41431977920462e-25
25,1,7,0.2,24,0.2,245,10,0.1,0,1.86922688253502
25,1,7,0.2,24,0.2,245,10,0.1,0,0
25,1,7,0.2,24,0.2,245,10,0.1,0,0.0732636813296216
25,1,7,0.2,24,0.2,245,10,0.1,0,-2.50982348207661
25,1,7,0.2,24,0.2,245,10,0.1,0,-0.0291098056082734
25,1,7,0.2,24,0.2,245,10,0.1,0,-0.130002793230618
25,1,7,0.2,24,0.2,245,10,0.1,0,0.0158464604856866
25,1,7,0.2,24,0.2,245,10,0.1,0,0.0893339586110061
25,1,7,0.2,24,0.2,245,10,0.1,0,0.0768200557872197
25,1,7,0.2,24,0.2,245,10,0.1,0,-1.62373416712417e-25
25,1,7,0.2,24,0.2,245,10,0.1,0,0.0286843560437058
25,1,7,0.2,24,0.2,245,10,0.1,0,-8.23234346462669e-24
25,1,7,0.2,24,0.2,245,10,0.1,0,2.13845718764999e-24
25,1,7,0.2,24,0.2,245,10,0.1,0,0.136778201385396
25,1,7,0.2,24,0.2,245,10,0.1,0,1.10177854498765e-25
25,1,7,0.2,24,0.2,245,10,0.1,0,-0.199422496028337
25,1,7,0.2,24,0.2,245,10,0.1,0,0.256481282764497
25,1,7,0.2,24,0.2,245,10,0.1,0,0
25,1,7,0.2,24,0.2,245,10,0.1,0,0.344873176460429
25,1,7,0.2,24,0.2,245,10,0.1,0,0.310867686103903
25,1,7,0.2,24,0.2,245,10,0.1,0,0.445270321505841
25,1,7,0.2,24,0.2,245,10,0.1,0,-0.0022890896281256
25,1,7,0.2,24,0.2,245,10,0.1,0,-0.128760498153921
25,1,7,0.2,24,0.2,245,10,0.1,0,-0.0707715644737307
25,1,7,0.2,24,0.2,245,10,0.1,0,-0.160599696968324
25,1,7,0.2,24,0.2,245,10,0.1,0,-1.57189449786654
25,1,7,0.2,24,0.2,245,10,0.1,0,-0.0523101985869643
25,1,7,0.2,24,0.2,245,10,0.1,0,0.266897637340266
25,1,7,0.2,24,0.2,245,10,0.1,0,2.11059197631503
25,1,7,0.2,24,0.2,245,10,0.1,0,0.0422952776405018
25,1,7,0.2,24,0.2,245,10,0.1,0,1.13631764851187
25,1,7,0.2,24,0.2,245,10,0.1,0,0.0561433576251945
25,1,7,0.2,24,0.2,245,10,0.1,0,-0.00370073968269992
25,1,7,0.2,24,0.2,245,10,0.1,0,-5.67464422954228e-24
25,1,7,0.2,24,0.2,245,10,0.1,0,-4.76339770249643e-25
25,1,7,0.2,24,0.2,245,10,0.1,0,-0.0850804452290079
25,1,7,0.2,24,0.2,245,10,0.1,0,0.0178376787092028
25,1,7,0.2,24,0.2,245,10,0.1,0,0.270431256464959
25,1,7,0.2,24,0.2,245,10,0.1,0,0.011012295196991
25,1,7,0.2,24,0.2,245,10,0.1,0,0.22793131044943
25,1,7,0.2,24,0.2,245,10,0.1,0,0
25,1,7,0.2,24,0.2,245,10,0.1,0,0.327816005760894
25,1,7,0.2,24,0.2,245,10,0.1,0,0.683408728907666
25,1,7,0.2,24,0.2,245,10,0.1,0,0
25,1,7,0.2,24,0.2,245,10,0.1,0,0.414199175458326
25,1,7,0.2,24,0.2,245,10,0.1,0,0.014274169204261
25,1,7,0.2,24,0.2,245,10,0.1,0,0.232974492497541
25,1,7,0.2,24,0.2,245,10,0.1,0,-0.0364222671776723
25,1,7,0.2,24,0.2,245,10,0.1,0,0.0858969393406468
25,1,7,0.2,24,0.2,245,10,0.1,0,0.0478173529708527
25,1,7,0.2,24,0.2,245,10,0.1,0,0
25,1,7,0.2,24,0.2,245,10,0.1,0,3.33850163176276e-24
25,1,7,0.2,24,0.2,245,10,0.1,0,0.162438353282151
25,1,7,0.2,24,0.2,245,10,0.1,0,-2.65185754692587e-25
25,1,7,0.2,24,0.2,245,10,0.1,0,-2.60515306754126e-25
25,1,7,0.2,24,0.2,245,10,0.1,0,-0.0647930980946541
25,1,7,0.2,24,0.2,245,10,0.1,0,1.13491397765036e-25
25,1,7,0.2,24,0.2,245,10,0.1,0,4.55841368020565e-25
25,1,7,0.2,24,0.2,245,10,0.1,0,0.323334747791812
25,2,1,0.2,27,0.2,351,10,0.1,1,0
25,2,1,0.2,27,0.2,351,10,0.1,1,-4.11870926720818
25,2,1,0.2,27,0.2,351,10,0.1,1,0.473263190455058
25,2,1,0.2,27,0.2,351,10,0.1,1,0.0309810907354393
25,2,1,0.2,27,0.2,351,10,0.1,1,1.78589417980652
25,2,1,0.2,27,0.2,351,10,0.1,1,-2.09085889783832
25,2,1,0.2,27,0.2,351,10,0.1,1,0.862740342511992
25,2,1,0.2,27,0.2,351,10,0.1,1,0
25,2,1,0.2,27,0.2,351,10,0.1,1,1.09332142292585e-15
25,2,1,0.2,27,0.2,351,10,0.1,1,0
25,2,1,0.2,27,0.2,351,10,0.1,1,0
25,2,1,0.2,27,0.2,351,10,0.1,1,0.569766892916827
25,2,1,0.2,27,0.2,351,10,0.1,1,0.266381325881235
25,2,1,0.2,27,0.2,351,10,0.1,1,-0.180815589366138
25,2,1,0.2,27,0.2,351,10,0.1,1,0
25,2,1,0.2,27,0.2,351,10,0.1,1,-0.165229586633427
25,2,1,0.2,27,0.2,351,10,0.1,1,0.849737643086963
25,2,1,0.2,27,0.2,351,10,0.1,1,-0.056195610732057
25,2,1,0.2,27,0.2,351,10,0.1,1,1.92880421357872
25,2,1,0.2,27,0.2,351,10,0.1,1,3.02426384097775e-25
25,2,1,0.2,27,0.2,351,10,0.1,1,-3.6796634721326
25,2,1,0.2,27,0.2,351,10,0.1,1,0
25,2,1,0.2,27,0.2,351,10,0.1,1,0.510747062742058
25,2,1,0.2,27,0.2,351,10,0.1,1,0.713202758890598
25,2,1,0.2,27,0.2,351,10,0.1,1,-1.4375065756645e-24
25,2,1,0.2,27,0.2,351,10,0.1,1,-0.0342713332982485
25,2,1,0.2,27,0.2,351,10,0.1,1,0
25,2,1,0.2,27,0.2,351,10,0.1,0,-0.615703478228023
25,2,1,0.2,27,0.2,351,10,0.1,0,0.000739690811184565
25,2,1,0.2,27,0.2,351,10,0.1,0,0
25,2,1,0.2,27,0.2,351,10,0.1,0,-1.80507390187744e-25
25,2,1,0.2,27,0.2,351,10,0.1,0,0.0793200125368769
25,2,1,0.2,27,0.2,351,10,0.1,0,-0.0181807761769629
25,2,1,0.2,27,0.2,351,10,0.1,0,0.043806263796493
25,2,1,0.2,27,0.2,351,10,0.1,0,0
25,2,1,0.2,27,0.2,351,10,0.1,0,0.585404385146721
25,2,1,0.2,27,0.2,351,10,0.1,0,0.0279722358768755
25,2,1,0.2,27,0.2,351,10,0.1,0,-0.000130617008145074
25,2,1,0.2,27,0.2,351,10,0.1,0,0.610187422168176
25,2,1,0.2,27,0.2,351,10,0.1,0,-0.298055341294128
25,2,1,0.2,27,0.2,351,10,0.1,0,-0.0109506544429196
25,2,1,0.2,27,0.2,351,10,0.1,0,-0.00385241795521945
25,2,1,0.2,27,0.2,351,10,0.1,0,0.0104726050166209
25,2,1,0.2,27,0.2,351,10,0.1,0,-0.0288698182423532
25,2,1,0.2,27,0.2,351,10,0.1,0,0.0218312435550011
25,2,1,0.2,27,0.2,351,10,0.1,0,0
25,2,1,0.2,27,0.2,351,10,0.1,0,-0.0795232535428247
25,2,1,0.2,27,0.2,351,10,0.1,0,0.172868632288362
25,2,1,0.2,27,0.2,351,10,0.1,0,1.6993846536095e-16
25,2,1,0.2,27,0.2,351,10,0.1,0,0.0640999557916969
25,2,1,0.2,27,0.2,351,10,0.1,0,1.98871802129719
25,2,1,0.2,27,0.2,351,10,0.1,0,-0.0398433478333243
25,2,1,0.2,27,0.2,351,10,0.1,0,0.0918159367927394
25,2,1,0.2,27,0.2,351,10,0.1,0,-0.0252601367275091
25,2,1,0.2,27,0.2,351,10,0.1,0,-0.1321918566407
25,2,1,0.2,27,0.2,351,10,0.1,0,-7.24948168625316e-16
25,2,1,0.2,27,0.2,351,10,0.1,0,-0.810239031562285
25,2,1,0.2,27,0.2,351,10,0.1,0,-0.816337284663843
25,2,1,0.2,27,0.2,351,10,0.1,0,-1.31601486739837e-26
25,2,1,0.2,27,0.2,351,10,0.1,0,0
25,2,1,0.2,27,0.2,351,10,0.1,0,0.0245767844868604
25,2,1,0.2,27,0.2,351,10,0.1,0,-0.0408689900891851
25,2,1,0.2,27,0.2,351,10,0.1,0,0.0148246016662987
25,2,1,0.2,27,0.2,351,10,0.1,0,-0.200872401262747
25,2,1,0.2,27,0.2,351,10,0.1,0,0.0243781376860935
25,2,1,0.2,27,0.2,351,10,0.1,0,0.00671477575809741
25,2,1,0.2,27,0.2,351,10,0.1,0,-0.0261492326768422
25,2,1,0.2,27,0.2,351,10,0.1,0,-0.0287767521322267
25,2,1,0.2,27,0.2,351,10,0.1,0,0
25,2,1,0.2,27,0.2,351,10,0.1,0,-0.0454957489045975
25,2,1,0.2,27,0.2,351,10,0.1,0,-0.20127361299414
25,2,1,0.2,27,0.2,351,10,0.1,0,-0.218453157221372
25,2,1,0.2,27,0.2,351,10,0.1,0,0.0946207435196572
25,2,1,0.2,27,0.2,351,10,0.1,0,-0.485990264001669
25,2,1,0.2,27,0.2,351,10,0.1,0,0.0618460041364188
25,2,1,0.2,27,0.2,351,10,0.1,0,0.0125245688343742
25,2,1,0.2,27,0.2,351,10,0.1,0,0.0362231394737225
25,2,1,0.2,27,0.2,351,10,0.1,0,0.0961137104789316
25,2,1,0.2,27,0.2,351,10,0.1,0,0.026542740841694
25,2,1,0.2,27,0.2,351,10,0.1,0,-0.00927274996623406
25,2,1,0.2,27,0.2,351,10,0.1,0,0.105129326711495
25,2,1,0.2,27,0.2,351,10,0.1,0,2.24221135359585e-16
25,2,1,0.2,27,0.2,351,10,0.1,0,0.417364939292539
25,2,1,0.2,27,0.2,351,10,0.1,0,0.206736274648587
25,2,1,0.2,27,0.2,351,10,0.1,0,0.354269789850922
25,2,1,0.2,27,0.2,351,10,0.1,0,-1.33941174160799e-16
25,2,1,0.2,27,0.2,351,10,0.1,0,0.000236250825366343
25,2,1,0.2,27,0.2,351,10,0.1,0,0.0105198796586253
25,2,1,0.2,27,0.2,351,10,0.1,0,-0.0972896467820616
25,2,1,0.2,27,0.2,351,10,0.1,0,0.200610876036058
25,2,1,0.2,27,0.2,351,10,0.1,0,-0.0297330008837987
25,2,1,0.2,27,0.2,351,10,0.1,0,-0.0704974464221002
25,2,1,0.2,27,0.2,351,10,0.1,0,0
25,2,1,0.2,27,0.2,351,10,0.1,0,-2.53179875592081e-25
25,2,1,0.2,27,0.2,351,10,0.1,0,0.310927145769486
25,2,1,0.2,27,0.2,351,10,0.1,0,0.0249947247485046
25,2,1,0.2,27,0.2,351,10,0.1,0,0.532188897470786
25,2,1,0.2,27,0.2,351,10,0.1,0,0.127714230589609
25,2,1,0.2,27,0.2,351,10,0.1,0,-0.0588358273391485
25,2,1,0.2,27,0.2,351,10,0.1,0,0.00334409068461507
25,2,1,0.2,27,0.2,351,10,0.1,0,0
25,2,1,0.2,27,0.2,351,10,0.1,0,-0.0190931736044101
25,2,1,0.2,27,0.2,351,10,0.1,0,0.162953420332002
25,2,1,0.2,27,0.2,351,10,0.1,0,-0.0735057497247515
25,2,1,0.2,27,0.2,351,10,0.1,0,0.240378932235973
25,2,1,0.2,27,0.2,351,10,0.1,0,1.3825650217309e-26
25,2,1,0.2,27,0.2,351,10,0.1,0,0.00209683751099427
25,2,1,0.2,27,0.2,351,10,0.1,0,0.00902274825145128
25,2,1,0.2,27,0.2,351,10,0.1,0,0
25,2,1,0.2,27,0.2,351,10,0.1,0,0.00783280615190667
25,2,1,0.2,27,0.2,351,10,0.1,0,0.178483708530954
25,2,1,0.2,27,0.2,351,10,0.1,0,1.26792740940966e-16
25,2,1,0.2,27,0.2,351,10,0.1,0,-0.0402828514655744
25,2,1,0.2,27,0.2,351,10,0.1,0,0.0655660727445259
25,2,1,0.2,27,0.2,351,10,0.1,0,-0.18791562880571
25,2,1,0.2,27,0.2,351,10,0.1,0,0.00214022861208148
25,2,1,0.2,27,0.2,351,10,0.1,0,0.114536655439274
25,2,1,0.2,27,0.2,351,10,0.1,0,0.0386774131185943
25,2,1,0.2,27,0.2,351,10,0.1,0,0.000720376911487842
25,2,1,0.2,27,0.2,351,10,0.1,0,0
25,2,1,0.2,27,0.2,351,10,0.1,0,-2.75868262975554e-25
25,2,1,0.2,27,0.2,351,10,0.1,0,-0.00877298087383298
25,2,1,0.2,27,0.2,351,10,0.1,0,0.0481851423784787
25,2,1,0.2,27,0.2,351,10,0.1,0,0
25,2,1,0.2,27,0.2,351,10,0.1,0,-6.5232304050305e-27
25,2,1,0.2,27,0.2,351,10,0.1,0,0.0513430644151616
25,2,1,0.2,27,0.2,351,10,0.1,0,-0.0344681649508835
25,2,1,0.2,27,0.2,351,10,0.1,0,0
25,2,1,0.2,27,0.2,351,10,0.1,0,0.0338447530540048
25,2,1,0.2,27,0.2,351,10,0.1,0,-2.92894394361447
25,2,1,0.2,27,0.2,351,10,0.1,0,0.0105772729096096
25,2,1,0.2,27,0.2,351,10,0.1,0,0.0326476278617854
25,2,1,0.2,27,0.2,351,10,0.1,0,0.0635894098314439
25,2,1,0.2,27,0.2,351,10,0.1,0,-0.0388147704418894
25,2,1,0.2,27,0.2,351,10,0.1,0,-0.0381100324104801
25,2,1,0.2,27,0.2,351,10,0.1,0,-0.00143647112918349
25,2,1,0.2,27,0.2,351,10,0.1,0,-0.12672896035076
25,2,1,0.2,27,0.2,351,10,0.1,0,3.4569114164079
25,2,1,0.2,27,0.2,351,10,0.1,0,0.556833182419423
25,2,1,0.2,27,0.2,351,10,0.1,0,0.343825989092957
25,2,1,0.2,27,0.2,351,10,0.1,0,0.0883006854511086
25,2,1,0.2,27,0.2,351,10,0.1,0,-0.0658316051571781
25,2,1,0.2,27,0.2,351,10,0.1,0,-0.153083045864678
25,2,1,0.2,27,0.2,351,10,0.1,0,-0.186985647968002
25,2,1,0.2,27,0.2,351,10,0.1,0,0
25,2,1,0.2,27,0.2,351,10,0.1,0,0.0446511904443617
25,2,1,0.2,27,0.2,351,10,0.1,0,1.27381857718772e-16
25,2,1,0.2,27,0.2,351,10,0.1,0,1.60711669082776e-05
25,2,1,0.2,27,0.2,351,10,0.1,0,-0.412022634695169
25,2,1,0.2,27,0.2,351,10,0.1,0,0.0987033968381572
25,2,1,0.2,27,0.2,351,10,0.1,0,-0.0872369259034031
25,2,1,0.2,27,0.2,351,10,0.1,0,0.109974099489812
25,2,1,0.2,27,0.2,351,10,0.1,0,0
25,2,1,0.2,27,0.2,351,10,0.1,0,0.058830520046593
25,2,1,0.2,27,0.2,351,10,0.1,0,0.0828458975177429
25,2,1,0.2,27,0.2,351,10,0.1,0,0
25,2,1,0.2,27,0.2,351,10,0.1,0,0
25,2,1,0.2,27,0.2,351,10,0.1,0,-0.0527047489711782
25,2,1,0.2,27,0.2,351,10,0.1,0,0.118933718162608
25,2,1,0.2,27,0.2,351,10,0.1,0,0.0597902816134157
25,2,1,0.2,27,0.2,351,10,0.1,0,0.0321702671610599
25,2,1,0.2,27,0.2,351,10,0.1,0,0.0357961381484525
25,2,1,0.2,27,0.2,351,10,0.1,0,0.0112755641956531
25,2,1,0.2,27,0.2,351,10,0.1,0,-0.14542806497976
25,2,1,0.2,27,0.2,351,10,0.1,0,0.35798804095415
25,2,1,0.2,27,0.2,351,10,0.1,0,4.94311172836245e-27
25,2,1,0.2,27,0.2,351,10,0.1,0,-0.240596424769229
25,2,1,0.2,27,0.2,351,10,0.1,0,-0.300069046632722
25,2,1,0.2,27,0.2,351,10,0.1,0,1.53191666491925e-16
25,2,1,0.2,27,0.2,351,10,0.1,0,1.77493409375368e-16
25,2,1,0.2,27,0.2,351,10,0.1,0,1.75755375017544
25,2,1,0.2,27,0.2,351,10,0.1,0,1.16253296121245e-26
25,2,1,0.2,27,0.2,351,10,0.1,0,0
25,2,1,0.2,27,0.2,351,10,0.1,0,-3.54300238146242
25,2,1,0.2,27,0.2,351,10,0.1,0,-0.304951740867171
25,2,1,0.2,27,0.2,351,10,0.1,0,0
25,2,1,0.2,27,0.2,351,10,0.1,0,0.0196232157566905
25,2,1,0.2,27,0.2,351,10,0.1,0,0
25,2,1,0.2,27,0.2,351,10,0.1,0,0.873268939591677
25,2,1,0.2,27,0.2,351,10,0.1,0,0.1842190694538
25,2,1,0.2,27,0.2,351,10,0.1,0,0.000435911156721535
25,2,1,0.2,27,0.2,351,10,0.1,0,-0.146505553208758
25,2,1,0.2,27,0.2,351,10,0.1,0,-0.00240755856824423
25,2,1,0.2,27,0.2,351,10,0.1,0,2.29355573986203e-25
25,2,1,0.2,27,0.2,351,10,0.1,0,-0.0572715217703525
25,2,1,0.2,27,0.2,351,10,0.1,0,-0.0406031673959433
25,2,1,0.2,27,0.2,351,10,0.1,0,0
25,2,1,0.2,27,0.2,351,10,0.1,0,-0.395284773755204
25,2,1,0.2,27,0.2,351,10,0.1,0,-0.0241000620766148
25,2,1,0.2,27,0.2,351,10,0.1,0,0
25,2,1,0.2,27,0.2,351,10,0.1,0,0.0119399884045004
25,2,1,0.2,27,0.2,351,10,0.1,0,-0.037905699632759
25,2,1,0.2,27,0.2,351,10,0.1,0,0
25,2,1,0.2,27,0.2,351,10,0.1,0,-8.90587280162364e-26
25,2,1,0.2,27,0.2,351,10,0.1,0,-0.227942982289785
25,2,1,0.2,27,0.2,351,10,0.1,0,0.191594862881177
25,2,1,0.2,27,0.2,351,10,0.1,0,0.0742049274192576
25,2,1,0.2,27,0.2,351,10,0.1,0,0
25,2,1,0.2,27,0.2,351,10,0.1,0,-2.56541155760898e-26
25,2,1,0.2,27,0.2,351,10,0.1,0,-0.0328687006841757
25,2,1,0.2,27,0.2,351,10,0.1,0,0.0176894634853373
25,2,1,0.2,27,0.2,351,10,0.1,0,-0.0520827719030917
25,2,1,0.2,27,0.2,351,10,0.1,0,0.992296583619317
25,2,1,0.2,27,0.2,351,10,0.1,0,-0.583869630245736
25,2,1,0.2,27,0.2,351,10,0.1,0,-0.0534932406906544
25,2,1,0.2,27,0.2,351,10,0.1,0,-0.21860230451348
25,2,1,0.2,27,0.2,351,10,0.1,0,0
25,2,1,0.2,27,0.2,351,10,0.1,0,-0.0042095789552525
25,2,1,0.2,27,0.2,351,10,0.1,0,0.237705045002097
25,2,1,0.2,27,0.2,351,10,0.1,0,1.94987488868591e-16
25,2,1,0.2,27,0.2,351,10,0.1,0,0.00250307215862255
25,2,1,0.2,27,0.2,351,10,0.1,0,0.122378123152149
25,2,1,0.2,27,0.2,351,10,0.1,0,-0.0152482290266749
25,2,1,0.2,27,0.2,351,10,0.1,0,0.0748525178995244
25,2,1,0.2,27,0.2,351,10,0.1,0,0.0417179998131957
25,2,1,0.2,27,0.2,351,10,0.1,0,-0.0233206477345209
25,2,1,0.2,27,0.2,351,10,0.1,0,-0.0554495910055052
25,2,1,0.2,27,0.2,351,10,0.1,0,0.235518763647821
25,2,1,0.2,27,0.2,351,10,0.1,0,-0.0826424877720077
25,2,1,0.2,27,0.2,351,10,0.1,0,0.0289381059764985
25,2,1,0.2,27,0.2,351,10,0.1,0,0.0203529819205586
25,2,1,0.2,27,0.2,351,10,0.1,0,0
25,2,1,0.2,27,0.2,351,10,0.1,0,0.087155301465808
25,2,1,0.2,27,0.2,351,10,0.1,0,-0.0503749035116936
25,2,1,0.2,27,0.2,351,10,0.1,0,0.0315786301786449
25,2,1,0.2,27,0.2,351,10,0.1,0,0
25,2,1,0.2,27,0.2,351,10,0.1,0,0
25,2,1,0.2,27,0.2,351,10,0.1,0,0.0347617468794502
25,2,1,0.2,27,0.2,351,10,0.1,0,-0.303485215910087
25,2,1,0.2,27,0.2,351,10,0.1,0,-0.43825512620545
25,2,1,0.2,27,0.2,351,10,0.1,0,-0.00913125790826428
25,2,1,0.2,27,0.2,351,10,0.1,0,-0.263546477727618
25,2,1,0.2,27,0.2,351,10,0.1,0,-0.00949771369679354
25,2,1,0.2,27,0.2,351,10,0.1,0,0.218247049790831
25,2,1,0.2,27,0.2,351,10,0.1,0,0.153603940964117
25,2,1,0.2,27,0.2,351,10,0.1,0,0.475038820455287
25,2,1,0.2,27,0.2,351,10,0.1,0,0.522139459909495
25,2,1,0.2,27,0.2,351,10,0.1,0,1.27777655705499e-24
25,2,1,0.2,27,0.2,351,10,0.1,0,0
25,2,1,0.2,27,0.2,351,10,0.1,0,-0.238711893147122
25,2,1,0.2,27,0.2,351,10,0.1,0,0.138579186287014
25,2,1,0.2,27,0.2,351,10,0.1,0,-8.08527806467345e-27
25,2,1,0.2,27,0.2,351,10,0.1,0,0.151606222610215
25,2,1,0.2,27,0.2,351,10,0.1,0,-0.0502641052833632
25,2,1,0.2,27,0.2,351,10,0.1,0,0.00366829683908118
25,2,1,0.2,27,0.2,351,10,0.1,0,0
25,2,1,0.2,27,0.2,351,10,0.1,0,-0.448263030971003
25,2,1,0.2,27,0.2,351,10,0.1,0,-0.857730407993659
25,2,1,0.2,27,0.2,351,10,0.1,0,-0.01969792381063
25,2,1,0.2,27,0.2,351,10,0.1,0,-0.0339400097719891
25,2,1,0.2,27,0.2,351,10,0.1,0,0.595881033977932
25,2,1,0.2,27,0.2,351,10,0.1,0,-9.09675716532172e-25
25,2,1,0.2,27,0.2,351,10,0.1,0,-0.127448192972089
25,2,1,0.2,27,0.2,351,10,0.1,0,-0.013656628161668
25,2,1,0.2,27,0.2,351,10,0.1,0,-0.0431145923486028
25,2,1,0.2,27,0.2,351,10,0.1,0,0.0289024297804969
25,2,1,0.2,27,0.2,351,10,0.1,0,-0.281414080897228
25,2,1,0.2,27,0.2,351,10,0.1,0,0.110936553748387
25,2,1,0.2,27,0.2,351,10,0.1,0,0.0237598848323238
25,2,1,0.2,27,0.2,351,10,0.1,0,0
25,2,1,0.2,27,0.2,351,10,0.1,0,0.146551056010719
25,2,1,0.2,27,0.2,351,10,0.1,0,0.350576677911335
25,2,1,0.2,27,0.2,351,10,0.1,0,0.484445284966786
25,2,1,0.2,27,0.2,351,10,0.1,0,0.00589325976606897
25,2,1,0.2,27,0.2,351,10,0.1,0,0.0320225254911541
25,2,1,0.2,27,0.2,351,10,0.1,0,-3.77944525529561e-24
25,2,1,0.2,27,0.2,351,10,0.1,0,0.825966033739638
25,2,1,0.2,27,0.2,351,10,0.1,0,0
25,2,1,0.2,27,0.2,351,10,0.1,0,-0.138044642562664
25,2,1,0.2,27,0.2,351,10,0.1,0,0
25,2,1,0.2,27,0.2,351,10,0.1,0,0.0730039590507817
25,2,1,0.2,27,0.2,351,10,0.1,0,-0.0504462036224072
25,2,1,0.2,27,0.2,351,10,0.1,0,-9.04295250389948e-17
25,2,1,0.2,27,0.2,351,10,0.1,0,0.0729490780640216
25,2,1,0.2,27,0.2,351,10,0.1,0,0
25,2,1,0.2,27,0.2,351,10,0.1,0,0.0535148048793144
25,2,1,0.2,27,0.2,351,10,0.1,0,-0.125465204860073
25,2,1,0.2,27,0.2,351,10,0.1,0,-0.0351858029952027
25,2,1,0.2,27,0.2,351,10,0.1,0,-8.77153754367168e-26
25,2,1,0.2,27,0.2,351,10,0.1,0,-0.044359225909853
25,2,1,0.2,27,0.2,351,10,0.1,0,0.0213826019869276
25,2,1,0.2,27,0.2,351,10,0.1,0,0.125891025952702
25,2,1,0.2,27,0.2,351,10,0.1,0,0.108348985218676
25,2,1,0.2,27,0.2,351,10,0.1,0,3.57335080226729e-16
25,2,1,0.2,27,0.2,351,10,0.1,0,-0.0565783724905266
25,2,1,0.2,27,0.2,351,10,0.1,0,1.05924914386345e-26
25,2,1,0.2,27,0.2,351,10,0.1,0,0.401942890935082
25,2,1,0.2,27,0.2,351,10,0.1,0,2.91436987224247e-25
25,2,1,0.2,27,0.2,351,10,0.1,0,-0.0309126937198906
25,2,1,0.2,27,0.2,351,10,0.1,0,-0.0853878531682697
25,2,1,0.2,27,0.2,351,10,0.1,0,-0.327183297321675
25,2,1,0.2,27,0.2,351,10,0.1,0,0.070401793512479
25,2,1,0.2,27,0.2,351,10,0.1,0,0.00979353792230185
25,2,1,0.2,27,0.2,351,10,0.1,0,0.0190045318629548
25,2,1,0.2,27,0.2,351,10,0.1,0,-0.135719373715228
25,2,1,0.2,27,0.2,351,10,0.1,0,-0.00327615009688585
25,2,1,0.2,27,0.2,351,10,0.1,0,0.0699698723212514
25,2,1,0.2,27,0.2,351,10,0.1,0,1.65725681203784
25,2,1,0.2,27,0.2,351,10,0.1,0,0.197198341582614
25,2,1,0.2,27,0.2,351,10,0.1,0,-0.29953644985835
25,2,1,0.2,27,0.2,351,10,0.1,0,0.146730586663542
25,2,1,0.2,27,0.2,351,10,0.1,0,0.162991396722512
25,2,1,0.2,27,0.2,351,10,0.1,0,-0.400914269141817
25,2,1,0.2,27,0.2,351,10,0.1,0,0.0398882140651207
25,2,1,0.2,27,0.2,351,10,0.1,0,0.0860798343473695
25,2,1,0.2,27,0.2,351,10,0.1,0,-0.0426878479509978
25,2,1,0.2,27,0.2,351,10,0.1,0,0.0412674916821541
25,2,1,0.2,27,0.2,351,10,0.1,0,0.0939888053974943
25,2,1,0.2,27,0.2,351,10,0.1,0,-2.62689559798935e-17
25,2,1,0.2,27,0.2,351,10,0.1,0,0.809703965018477
25,2,1,0.2,27,0.2,351,10,0.1,0,-0.0153013530211967
25,2,1,0.2,27,0.2,351,10,0.1,0,0
25,2,1,0.2,27,0.2,351,10,0.1,0,-0.0341332023909934
25,2,1,0.2,27,0.2,351,10,0.1,0,0
25,2,1,0.2,27,0.2,351,10,0.1,0,-0.0917042047888199
25,2,1,0.2,27,0.2,351,10,0.1,0,0
25,2,1,0.2,27,0.2,351,10,0.1,0,0.121805200888636
25,2,1,0.2,27,0.2,351,10,0.1,0,0.676776213779638
25,2,1,0.2,27,0.2,351,10,0.1,0,-6.14831014189506e-25
25,2,1,0.2,27,0.2,351,10,0.1,0,-0.0618394546336556
25,2,1,0.2,27,0.2,351,10,0.1,0,0.0250212716671153
25,2,1,0.2,27,0.2,351,10,0.1,0,-0.358152984187692
25,2,1,0.2,27,0.2,351,10,0.1,0,0.444553988300113
25,2,1,0.2,27,0.2,351,10,0.1,0,-0.00441538818904414
25,2,1,0.2,27,0.2,351,10,0.1,0,0.193196331814509
25,2,1,0.2,27,0.2,351,10,0.1,0,0
25,2,1,0.2,27,0.2,351,10,0.1,0,-0.174679660532512
25,2,1,0.2,27,0.2,351,10,0.1,0,0
25,2,1,0.2,27,0.2,351,10,0.1,0,-0.298000205261503
25,2,1,0.2,27,0.2,351,10,0.1,0,0
25,2,1,0.2,27,0.2,351,10,0.1,0,0
25,2,1,0.2,27,0.2,351,10,0.1,0,0.00192544379948745
25,2,1,0.2,27,0.2,351,10,0.1,0,-0.0284901096497077
25,2,1,0.2,27,0.2,351,10,0.1,0,-0.264690152036358
25,2,1,0.2,27,0.2,351,10,0.1,0,0.320336497693345
25,2,1,0.2,27,0.2,351,10,0.1,0,0
25,2,1,0.2,27,0.2,351,10,0.1,0,-0.0856167613518483
25,2,1,0.2,27,0.2,351,10,0.1,0,0.132389296648752
25,2,1,0.2,27,0.2,351,10,0.1,0,-0.432235565414691
25,2,1,0.2,27,0.2,351,10,0.1,0,0.205163618635146
25,2,1,0.2,27,0.2,351,10,0.1,0,0.194389445199386
25,2,1,0.2,27,0.2,351,10,0.1,0,-4.6218660032767e-26
25,2,1,0.2,27,0.2,351,10,0.1,0,0.276423246521403
25,2,1,0.2,27,0.2,351,10,0.1,0,0.00849999121469869
25,2,1,0.2,27,0.2,351,10,0.1,0,0.190589391686785
25,2,1,0.2,27,0.2,351,10,0.1,0,0
25,2,1,0.2,27,0.2,351,10,0.1,0,0.0649853488096751
25,2,1,0.2,27,0.2,351,10,0.1,0,0.0217678179378017
25,2,1,0.2,27,0.2,351,10,0.1,0,0.18752851410361
25,2,1,0.2,27,0.2,351,10,0.1,0,0
25,2,1,0.2,27,0.2,351,10,0.1,0,0.0671810891571242
25,2,1,0.2,27,0.2,351,10,0.1,0,0.169736377066633
25,2,1,0.2,27,0.2,351,10,0.1,0,0.0164918323683655
25,2,1,0.2,27,0.2,351,10,0.1,0,0.0989923462628773
25,2,1,0.2,27,0.2,351,10,0.1,0,-0.108693026720977
25,2,1,0.2,27,0.2,351,10,0.1,0,-0.0386554027048688
25,2,1,0.2,27,0.2,351,10,0.1,0,0.0328222592077499
25,2,1,0.2,27,0.2,351,10,0.1,0,0.1679768263934
25,2,1,0.2,27,0.2,351,10,0.1,0,0.0112102386353973
25,2,1,0.2,27,0.2,351,10,0.1,0,0.56401408083682
25,2,1,0.2,27,0.2,351,10,0.1,0,0.172134146387967
25,2,1,0.2,27,0.2,351,10,0.1,0,0.945106221135691
25,2,1,0.2,27,0.2,351,10,0.1,0,-3.27545153126441
25,2,1,0.2,27,0.2,351,10,0.1,0,-3.24994604195823e-25
25,2,1,0.2,27,0.2,351,10,0.1,0,0.11125502372989
25,2,1,0.2,27,0.2,351,10,0.1,0,-0.794437227439692
25,2,1,0.2,27,0.2,351,10,0.1,0,-0.0193830983305407
25,2,1,0.2,27,0.2,351,10,0.1,0,0
25,2,1,0.2,27,0.2,351,10,0.1,0,-0.0881526493189086
25,2,1,0.2,27,0.2,351,10,0.1,0,0.0909810805315005
25,2,1,0.2,27,0.2,351,10,0.1,0,-0.202393775647234
25,2,1,0.2,27,0.2,351,10,0.1,0,0.0221313780321942
25,2,1,0.2,27,0.2,351,10,0.1,0,0
25,2,1,0.2,27,0.2,351,10,0.1,0,1.48242345957314e-16
25,2,1,0.2,27,0.2,351,10,0.1,0,1.42477752596448e-16
25,2,1,0.2,27,0.2,351,10,0.1,0,0.0595197612472076
25,2,1,0.2,27,0.2,351,10,0.1,0,0.000476055612194978
25,2,1,0.2,27,0.2,351,10,0.1,0,-0.00425049747116529
25,2,2,0.2,31,0.2,476,10,0.1,1,0.0459650692357518
25,2,2,0.2,31,0.2,476,10,0.1,1,-0.0268672478475975
25,2,2,0.2,31,0.2,476,10,0.1,1,-2.07551832479149e-16
25,2,2,0.2,31,0.2,476,10,0.1,1,-1.10820117663466
25,2,2,0.2,31,0.2,476,10,0.1,1,-0.978086080465581
25,2,2,0.2,31,0.2,476,10,0.1,1,0.0802920460824211
25,2,2,0.2,31,0.2,476,10,0.1,1,0.679208347501483
25,2,2,0.2,31,0.2,476,10,0.1,1,0.432196263096456
25,2,2,0.2,31,0.2,476,10,0.1,1,6.22100840687408e-17
25,2,2,0.2,31,0.2,476,10,0.1,1,-5.30752354461794
25,2,2,0.2,31,0.2,476,10,0.1,1,-0.550406283533898
25,2,2,0.2,31,0.2,476,10,0.1,1,0
25,2,2,0.2,31,0.2,476,10,0.1,1,2.16226221820696
25,2,2,0.2,31,0.2,476,10,0.1,1,-7.47672694111476
25,2,2,0.2,31,0.2,476,10,0.1,1,0.458555046856852
25,2,2,0.2,31,0.2,476,10,0.1,1,1.45199160526412e-17
25,2,2,0.2,31,0.2,476,10,0.1,1,-1.27782624867391e-15
25,2,2,0.2,31,0.2,476,10,0.1,1,0
25,2,2,0.2,31,0.2,476,10,0.1,1,-0.287306675693276
25,2,2,0.2,31,0.2,476,10,0.1,1,-1.8919262605108e-15
25,2,2,0.2,31,0.2,476,10,0.1,1,0
25,2,2,0.2,31,0.2,476,10,0.1,1,4.75779776220123e-18
25,2,2,0.2,31,0.2,476,10,0.1,1,-2.55670706037261
25,2,2,0.2,31,0.2,476,10,0.1,1,0
25,2,2,0.2,31,0.2,476,10,0.1,1,-0.337282650292678
25,2,2,0.2,31,0.2,476,10,0.1,1,9.91551197750944e-18
25,2,2,0.2,31,0.2,476,10,0.1,1,3.13313836497127
25,2,2,0.2,31,0.2,476,10,0.1,1,-2.65763772025142
25,2,2,0.2,31,0.2,476,10,0.1,1,-4.21103100482345e-17
25,2,2,0.2,31,0.2,476,10,0.1,1,-4.7381105790491e-17
25,2,2,0.2,31,0.2,476,10,0.1,1,-0.825114142458522
25,2,2,0.2,31,0.2,476,10,0.1,0,-0.114937883718579
25,2,2,0.2,31,0.2,476,10,0.1,0,-0.0418316294346278
25,2,2,0.2,31,0.2,476,10,0.1,0,0.301431168420703
25,2,2,0.2,31,0.2,476,10,0.1,0,-0.277287645772609
25,2,2,0.2,31,0.2,476,10,0.1,0,-0.232121115191618
25,2,2,0.2,31,0.2,476,10,0.1,0,-0.173011034274029
25,2,2,0.2,31,0.2,476,10,0.1,0,0.152696056859285
25,2,2,0.2,31,0.2,476,10,0.1,0,-0.0156571680910699
25,2,2,0.2,31,0.2,476,10,0.1,0,0.00639115824207433
25,2,2,0.2,31,0.2,476,10,0.1,0,0.668999897915921
25,2,2,0.2,31,0.2,476,10,0.1,0,0.529285216517671
25,2,2,0.2,31,0.2,476,10,0.1,0,-4.01157489297658e-17
25,2,2,0.2,31,0.2,476,10,0.1,0,0.0380198699655735
25,2,2,0.2,31,0.2,476,10,0.1,0,0.212631085275815
25,2,2,0.2,31,0.2,476,10,0.1,0,0.139667702347431
25,2,2,0.2,31,0.2,476,10,0.1,0,-5.85162817837251
25,2,2,0.2,31,0.2,476,10,0.1,0,0.180707291332541
25,2,2,0.2,31,0.2,476,10,0.1,0,-2.85761888964568
25,2,2,0.2,31,0.2,476,10,0.1,0,-0.493252577778136
25,2,2,0.2,31,0.2,476,10,0.1,0,-0.205654687694703
25,2,2,0.2,31,0.2,476,10,0.1,0,0.00979417093302219
25,2,2,0.2,31,0.2,476,10,0.1,0,0.0704429146450943
25,2,2,0.2,31,0.2,476,10,0.1,0,-0.765930228544526
25,2,2,0.2,31,0.2,476,10,0.1,0,-0.0104800256792809
25,2,2,0.2,31,0.2,476,10,0.1,0,-0.0171570800911361
25,2,2,0.2,31,0.2,476,10,0.1,0,0.330946348118795
25,2,2,0.2,31,0.2,476,10,0.1,0,-0.213626956232503
25,2,2,0.2,31,0.2,476,10,0.1,0,0.287066899947673
25,2,2,0.2,31,0.2,476,10,0.1,0,-2.47976780086203
25,2,2,0.2,31,0.2,476,10,0.1,0,2.78620012406187e-16
25,2,2,0.2,31,0.2,476,10,0.1,0,2.12582957314848e-16
25,2,2,0.2,31,0.2,476,10,0.1,0,0
25,2,2,0.2,31,0.2,476,10,0.1,0,0.383607347615241
25,2,2,0.2,31,0.2,476,10,0.1,0,-0.00350771299815204
25,2,2,0.2,31,0.2,476,10,0.1,0,-0.000641377639252316
25,2,2,0.2,31,0.2,476,10,0.1,0,2.47550204674974e-16
25,2,2,0.2,31,0.2,476,10,0.1,0,0.12600793511277
25,2,2,0.2,31,0.2,476,10,0.1,0,-1.7037825494252e-15
25,2,2,0.2,31,0.2,476,10,0.1,0,0.0769996514486328
25,2,2,0.2,31,0.2,476,10,0.1,0,0.576029887258991
25,2,2,0.2,31,0.2,476,10,0.1,0,-2.81776358521154e-18
25,2,2,0.2,31,0.2,476,10,0.1,0,-4.1442757467057
25,2,2,0.2,31,0.2,476,10,0.1,0,1.68381083687314
25,2,2,0.2,31,0.2,476,10,0.1,0,1.27190839380622
25,2,2,0.2,31,0.2,476,10,0.1,0,0.106380811948306
25,2,2,0.2,31,0.2,476,10,0.1,0,0.612153252549826
25,2,2,0.2,31,0.2,476,10,0.1,0,0.028723703989277
25,2,2,0.2,31,0.2,476,10,0.1,0,-0.267940575334657
25,2,2,0.2,31,0.2,476,10,0.1,0,0
25,2,2,0.2,31,0.2,476,10,0.1,0,0.0243763585407839
25,2,2,0.2,31,0.2,476,10,0.1,0,1.02384773005489
25,2,2,0.2,31,0.2,476,10,0.1,0,1.0406677094266
25,2,2,0.2,31,0.2,476,10,0.1,0,-0.168607419192968
25,2,2,0.2,31,0.2,476,10,0.1,0,-0.092757541222835
25,2,2,0.2,31,0.2,476,10,0.1,0,0.757547254970719
25,2,2,0.2,31,0.2,476,10,0.1,0,0
25,2,2,0.2,31,0.2,476,10,0.1,0,0.453512610066987
25,2,2,0.2,31,0.2,476,10,0.1,0,-0.156251508797177
25,2,2,0.2,31,0.2,476,10,0.1,0,-0.0629796416656202
25,2,2,0.2,31,0.2,476,10,0.1,0,-7.17988584196957e-19
25,2,2,0.2,31,0.2,476,10,0.1,0,-0.379442761827565
25,2,2,0.2,31,0.2,476,10,0.1,0,-0.258789721278234
25,2,2,0.2,31,0.2,476,10,0.1,0,0.141137560411755
25,2,2,0.2,31,0.2,476,10,0.1,0,0
25,2,2,0.2,31,0.2,476,10,0.1,0,0.0381982779629888
25,2,2,0.2,31,0.2,476,10,0.1,0,4.78066084796479e-16
25,2,2,0.2,31,0.2,476,10,0.1,0,-0.519741382638667
25,2,2,0.2,31,0.2,476,10,0.1,0,0.348518794763386
25,2,2,0.2,31,0.2,476,10,0.1,0,-0.110146559452093
25,2,2,0.2,31,0.2,476,10,0.1,0,0.0959367078167857
25,2,2,0.2,31,0.2,476,10,0.1,0,4.80117482489066
25,2,2,0.2,31,0.2,476,10,0.1,0,-0.166188498757592
25,2,2,0.2,31,0.2,476,10,0.1,0,-0.0680954094713392
25,2,2,0.2,31,0.2,476,10,0.1,0,0.122504777503902
25,2,2,0.2,31,0.2,476,10,0.1,0,0
25,2,2,0.2,31,0.2,476,10,0.1,0,0.695691100542512
25,2,2,0.2,31,0.2,476,10,0.1,0,-0.42782546493616
25,2,2,0.2,31,0.2,476,10,0.1,0,0.0149623773675466
25,2,2,0.2,31,0.2,476,10,0.1,0,-0.127634120982295
25,2,2,0.2,31,0.2,476,10,0.1,0,-0.09305060992538
25,2,2,0.2,31,0.2,476,10,0.1,0,-6.34567232891351e-35
25,2,2,0.2,31,0.2,476,10,0.1,0,0.539732861092594
25,2,2,0.2,31,0.2,476,10,0.1,0,-0.0343249672193143
25,2,2,0.2,31,0.2,476,10,0.1,0,-0.00716810618225725
25,2,2,0.2,31,0.2,476,10,0.1,0,0.799232756283795
25,2,2,0.2,31,0.2,476,10,0.1,0,-0.0632498600029995
25,2,2,0.2,31,0.2,476,10,0.1,0,0.405642253536912
25,2,2,0.2,31,0.2,476,10,0.1,0,-0.624205141129368
25,2,2,0.2,31,0.2,476,10,0.1,0,0.19902831198549
25,2,2,0.2,31,0.2,476,10,0.1,0,0.0142835902954776
25,2,2,0.2,31,0.2,476,10,0.1,0,-0.0424946469311142
25,2,2,0.2,31,0.2,476,10,0.1,0,9.35985569384666e-17
25,2,2,0.2,31,0.2,476,10,0.1,0,-1.97074426026832e-16
25,2,2,0.2,31,0.2,476,10,0.1,0,0
25,2,2,0.2,31,0.2,476,10,0.1,0,0
25,2,2,0.2,31,0.2,476,10,0.1,0,-0.0469742679081842
25,2,2,0.2,31,0.2,476,10,0.1,0,1.7145853770715
25,2,2,0.2,31,0.2,476,10,0.1,0,-0.166916806897775
25,2,2,0.2,31,0.2,476,10,0.1,0,1.10928339024514
25,2,2,0.2,31,0.2,476,10,0.1,0,0.0636172936126534
25,2,2,0.2,31,0.2,476,10,0.1,0,-1.17319237303963
25,2,2,0.2,31,0.2,476,10,0.1,0,-0.069894557836207
25,2,2,0.2,31,0.2,476,10,0.1,0,0.00934561588302614
25,2,2,0.2,31,0.2,476,10,0.1,0,0.448548627906111
25,2,2,0.2,31,0.2,476,10,0.1,0,-3.08268628470762e-17
25,2,2,0.2,31,0.2,476,10,0.1,0,-3.57431514902073e-17
25,2,2,0.2,31,0.2,476,10,0.1,0,8.35333611787173e-18
25,2,2,0.2,31,0.2,476,10,0.1,0,0.151579636102547
25,2,2,0.2,31,0.2,476,10,0.1,0,0.00943104391882494
25,2,2,0.2,31,0.2,476,10,0.1,0,0.504431818291271
25,2,2,0.2,31,0.2,476,10,0.1,0,-3.36256804907467e-22
25,2,2,0.2,31,0.2,476,10,0.1,0,0.827947676614186
25,2,2,0.2,31,0.2,476,10,0.1,0,-1.76437888060444e-17
25,2,2,0.2,31,0.2,476,10,0.1,0,0.196432821073576
25,2,2,0.2,31,0.2,476,10,0.1,0,0.660942726068221
25,2,2,0.2,31,0.2,476,10,0.1,0,-0.0622707811886083
25,2,2,0.2,31,0.2,476,10,0.1,0,-0.0351630304742406
25,2,2,0.2,31,0.2,476,10,0.1,0,8.53195408794561e-19
25,2,2,0.2,31,0.2,476,10,0.1,0,-2.42587013076847e-19
25,2,2,0.2,31,0.2,476,10,0.1,0,-0.014343830110788
25,2,2,0.2,31,0.2,476,10,0.1,0,-0.00474846486451631
25,2,2,0.2,31,0.2,476,10,0.1,0,-2.83255787279296
25,2,2,0.2,31,0.2,476,10,0.1,0,2.59233449263286
25,2,2,0.2,31,0.2,476,10,0.1,0,0.0613253611258882
25,2,2,0.2,31,0.2,476,10,0.1,0,0.211511105500165
25,2,2,0.2,31,0.2,476,10,0.1,0,-0.0956521483496267
25,2,2,0.2,31,0.2,476,10,0.1,0,-0.222782681009051
25,2,2,0.2,31,0.2,476,10,0.1,0,-0.0869416747142438
25,2,2,0.2,31,0.2,476,10,0.1,0,-3.3164509055923
25,2,2,0.2,31,0.2,476,10,0.1,0,0.154019223968367
25,2,2,0.2,31,0.2,476,10,0.1,0,-0.327838831465959
25,2,2,0.2,31,0.2,476,10,0.1,0,0.0795193694876409
25,2,2,0.2,31,0.2,476,10,0.1,0,1.07915714338447
25,2,2,0.2,31,0.2,476,10,0.1,0,-1.96142402807563e-16
25,2,2,0.2,31,0.2,476,10,0.1,0,0.228760819885239
25,2,2,0.2,31,0.2,476,10,0.1,0,1.08758284240595e-17
25,2,2,0.2,31,0.2,476,10,0.1,0,-0.30856890819867
25,2,2,0.2,31,0.2,476,10,0.1,0,-0.769390811781197
25,2,2,0.2,31,0.2,476,10,0.1,0,0.0609892335899758
25,2,2,0.2,31,0.2,476,10,0.1,0,0.417663489612957
25,2,2,0.2,31,0.2,476,10,0.1,0,-5.74794106534907e-17
25,2,2,0.2,31,0.2,476,10,0.1,0,2.55657363855789
25,2,2,0.2,31,0.2,476,10,0.1,0,-8.09763979150607e-19
25,2,2,0.2,31,0.2,476,10,0.1,0,1.07855546127527e-16
25,2,2,0.2,31,0.2,476,10,0.1,0,1.13953387795555
25,2,2,0.2,31,0.2,476,10,0.1,0,-0.158462472198458
25,2,2,0.2,31,0.2,476,10,0.1,0,0.159588531397323
25,2,2,0.2,31,0.2,476,10,0.1,0,1.00030127181735
25,2,2,0.2,31,0.2,476,10,0.1,0,-0.00454562943958977
25,2,2,0.2,31,0.2,476,10,0.1,0,0.0418588873590169
25,2,2,0.2,31,0.2,476,10,0.1,0,-0.171074760722918
25,2,2,0.2,31,0.2,476,10,0.1,0,1.42142860297951e-16
25,2,2,0.2,31,0.2,476,10,0.1,0,-0.0974481812396434
25,2,2,0.2,31,0.2,476,10,0.1,0,0.0819899767075159
25,2,2,0.2,31,0.2,476,10,0.1,0,-0.0772440161092341
25,2,2,0.2,31,0.2,476,10,0.1,0,0.0317747617576862
25,2,2,0.2,31,0.2,476,10,0.1,0,-0.253466345791913
25,2,2,0.2,31,0.2,476,10,0.1,0,0.151711909144044
25,2,2,0.2,31,0.2,476,10,0.1,0,-0.0064022323252016
25,2,2,0.2,31,0.2,476,10,0.1,0,-0.167374903990359
25,2,2,0.2,31,0.2,476,10,0.1,0,-0.997079501930128
25,2,2,0.2,31,0.2,476,10,0.1,0,-0.16831959046868
25,2,2,0.2,31,0.2,476,10,0.1,0,0.49793618344112
25,2,2,0.2,31,0.2,476,10,0.1,0,1.45198219505894
25,2,2,0.2,31,0.2,476,10,0.1,0,-4.11759985769357
25,2,2,0.2,31,0.2,476,10,0.1,0,0.855877854275988
25,2,2,0.2,31,0.2,476,10,0.1,0,-0.0459353403237719
25,2,2,0.2,31,0.2,476,10,0.1,0,-3.29909759255527
25,2,2,0.2,31,0.2,476,10,0.1,0,1.02056120925719
25,2,2,0.2,31,0.2,476,10,0.1,0,0.476722308442281
25,2,2,0.2,31,0.2,476,10,0.1,0,-0.0509563992164729
25,2,2,0.2,31,0.2,476,10,0.1,0,0.0114247483749374
25,2,2,0.2,31,0.2,476,10,0.1,0,-0.11446968036108
25,2,2,0.2,31,0.2,476,10,0.1,0,-0.187257892619205
25,2,2,0.2,31,0.2,476,10,0.1,0,0.341814124046297
25,2,2,0.2,31,0.2,476,10,0.1,0,9.61888390695527e-17
25,2,2,0.2,31,0.2,476,10,0.1,0,-2.17544644165958e-18
25,2,2,0.2,31,0.2,476,10,0.1,0,-0.303202830956607
25,2,2,0.2,31,0.2,476,10,0.1,0,1.10887043047706e-17
25,2,2,0.2,31,0.2,476,10,0.1,0,-0.309432075435269
25,2,2,0.2,31,0.2,476,10,0.1,0,-0.0124486827821647
25,2,2,0.2,31,0.2,476,10,0.1,0,-0.226564372596886
25,2,2,0.2,31,0.2,476,10,0.1,0,-1.72313139873833
25,2,2,0.2,31,0.2,476,10,0.1,0,0.126367639758355
25,2,2,0.2,31,0.2,476,10,0.1,0,-0.0683763010072387
25,2,2,0.2,31,0.2,476,10,0.1,0,0.0448388759194477
25,2,2,0.2,31,0.2,476,10,0.1,0,0.136768529599534
25,2,2,0.2,31,0.2,476,10,0.1,0,6.05454418237316e-18
25,2,2,0.2,31,0.2,476,10,0.1,0,-2.80874207494523e-16
25,2,2,0.2,31,0.2,476,10,0.1,0,-1.36294871750723
25,2,2,0.2,31,0.2,476,10,0.1,0,4.85502277733641e-17
25,2,2,0.2,31,0.2,476,10,0.1,0,0.141372679198384
25,2,2,0.2,31,0.2,476,10,0.1,0,-7.69426732166983
25,2,2,0.2,31,0.2,476,10,0.1,0,0.0217263953994358
25,2,2,0.2,31,0.2,476,10,0.1,0,0
25,2,2,0.2,31,0.2,476,10,0.1,0,-1.70658712859083
25,2,2,0.2,31,0.2,476,10,0.1,0,-0.084445161124802
25,2,2,0.2,31,0.2,476,10,0.1,0,-0.429665796336674
25,2,2,0.2,31,0.2,476,10,0.1,0,4.5008019834724e-17
25,2,2,0.2,31,0.2,476,10,0.1,0,-0.340520475001516
25,2,2,0.2,31,0.2,476,10,0.1,0,4.19965770137893e-17
25,2,2,0.2,31,0.2,476,10,0.1,0,-0.169052655702986
25,2,2,0.2,31,0.2,476,10,0.1,0,0
25,2,2,0.2,31,0.2,476,10,0.1,0,1.20242672853363
25,2,2,0.2,31,0.2,476,10,0.1,0,0.572301231333043
25,2,2,0.2,31,0.2,476,10,0.1,0,0.137897048333993
25,2,2,0.2,31,0.2,476,10,0.1,0,2.53934619604574e-15
25,2,2,0.2,31,0.2,476,10,0.1,0,0.166899593382457
25,2,2,0.2,31,0.2,476,10,0.1,0,3.84702985537912e-16
25,2,2,0.2,31,0.2,476,10,0.1,0,3.32534647607738e-17
25,2,2,0.2,31,0.2,476,10,0.1,0,-0.321790654349439
25,2,2,0.2,31,0.2,476,10,0.1,0,-5.53826750331961e-33
25,2,2,0.2,31,0.2,476,10,0.1,0,-0.28032545759426
25,2,2,0.2,31,0.2,476,10,0.1,0,0.0155461310439921
25,2,2,0.2,31,0.2,476,10,0.1,0,5.10960961278831e-17
25,2,2,0.2,31,0.2,476,10,0.1,0,0.105434180611263
25,2,2,0.2,31,0.2,476,10,0.1,0,-0.0363571080342083
25,2,2,0.2,31,0.2,476,10,0.1,0,-3.64067924390358e-17
25,2,2,0.2,31,0.2,476,10,0.1,0,1.16184656154659
25,2,2,0.2,31,0.2,476,10,0.1,0,2.30340108600293e-16
25,2,2,0.2,31,0.2,476,10,0.1,0,-3.37960126056574e-16
25,2,2,0.2,31,0.2,476,10,0.1,0,2.15577713878745e-18
25,2,2,0.2,31,0.2,476,10,0.1,0,0.520987196179939
25,2,2,0.2,31,0.2,476,10,0.1,0,-0.121899571853325
25,2,2,0.2,31,0.2,476,10,0.1,0,-6.35192991756754e-19
25,2,2,0.2,31,0.2,476,10,0.1,0,-0.0164264252280169
25,2,2,0.2,31,0.2,476,10,0.1,0,-0.576070393635997
25,2,2,0.2,31,0.2,476,10,0.1,0,1.12403918842418e-16
25,2,2,0.2,31,0.2,476,10,0.1,0,0
25,2,2,0.2,31,0.2,476,10,0.1,0,0.0600125079078413
25,2,2,0.2,31,0.2,476,10,0.1,0,-0.0387346835047409
25,2,2,0.2,31,0.2,476,10,0.1,0,-0.00077629994528266
25,2,2,0.2,31,0.2,476,10,0.1,0,-6.29489804919866e-16
25,2,2,0.2,31,0.2,476,10,0.1,0,-1.98845868940749e-17
25,2,2,0.2,31,0.2,476,10,0.1,0,4.95828951781592
25,2,2,0.2,31,0.2,476,10,0.1,0,-5.08083837156003e-16
25,2,2,0.2,31,0.2,476,10,0.1,0,-0.0103114368159306
25,2,2,0.2,31,0.2,476,10,0.1,0,3.75785300342022e-17
25,2,2,0.2,31,0.2,476,10,0.1,0,0.459946985857522
25,2,2,0.2,31,0.2,476,10,0.1,0,0
25,2,2,0.2,31,0.2,476,10,0.1,0,-0.229807671506537
25,2,2,0.2,31,0.2,476,10,0.1,0,0
25,2,2,0.2,31,0.2,476,10,0.1,0,2.1492881165924e-16
25,2,2,0.2,31,0.2,476,10,0.1,0,2.37983047722942e-17
25,2,2,0.2,31,0.2,476,10,0.1,0,0.133877804031455
25,2,2,0.2,31,0.2,476,10,0.1,0,-0.0394048459366738
25,2,2,0.2,31,0.2,476,10,0.1,0,0.129449926626957
25,2,2,0.2,31,0.2,476,10,0.1,0,-8.43968063253058e-18
25,2,2,0.2,31,0.2,476,10,0.1,0,0.234007606516264
25,2,2,0.2,31,0.2,476,10,0.1,0,-0.579466024429036
25,2,2,0.2,31,0.2,476,10,0.1,0,-0.202910538796772
25,2,2,0.2,31,0.2,476,10,0.1,0,0.0898752576081646
25,2,2,0.2,31,0.2,476,10,0.1,0,0.842157004614157
25,2,2,0.2,31,0.2,476,10,0.1,0,0
25,2,2,0.2,31,0.2,476,10,0.1,0,-0.183681517054266
25,2,2,0.2,31,0.2,476,10,0.1,0,1.21837027873754e-17
25,2,2,0.2,31,0.2,476,10,0.1,0,-0.763106824432089
25,2,2,0.2,31,0.2,476,10,0.1,0,-9.36168329580849
25,2,2,0.2,31,0.2,476,10,0.1,0,1.24854257733514
25,2,2,0.2,31,0.2,476,10,0.1,0,-4.26193855545487
25,2,2,0.2,31,0.2,476,10,0.1,0,0.1468726544403
25,2,2,0.2,31,0.2,476,10,0.1,0,1.11239541262062e-16
25,2,2,0.2,31,0.2,476,10,0.1,0,-0.69821292728104
25,2,2,0.2,31,0.2,476,10,0.1,0,-0.174703716116928
25,2,2,0.2,31,0.2,476,10,0.1,0,-0.0481255825265018
25,2,2,0.2,31,0.2,476,10,0.1,0,0.483394435055751
25,2,2,0.2,31,0.2,476,10,0.1,0,0.265633326662764
25,2,2,0.2,31,0.2,476,10,0.1,0,-1.06883909211063
25,2,2,0.2,31,0.2,476,10,0.1,0,0.240939036049646
25,2,2,0.2,31,0.2,476,10,0.1,0,0.0511642891246662
25,2,2,0.2,31,0.2,476,10,0.1,0,-0.270583420644653
25,2,2,0.2,31,0.2,476,10,0.1,0,1.40394069812292e-15
25,2,2,0.2,31,0.2,476,10,0.1,0,-0.195191240837745
25,2,2,0.2,31,0.2,476,10,0.1,0,0.0155263563713635
25,2,2,0.2,31,0.2,476,10,0.1,0,-2.24761269733204e-16
25,2,2,0.2,31,0.2,476,10,0.1,0,-0.0206359637405894
25,2,2,0.2,31,0.2,476,10,0.1,0,-0.125182598471662
25,2,2,0.2,31,0.2,476,10,0.1,0,-5.25450303490686e-18
25,2,2,0.2,31,0.2,476,10,0.1,0,-0.286081276064481
25,2,2,0.2,31,0.2,476,10,0.1,0,1.04771707072698e-31
25,2,2,0.2,31,0.2,476,10,0.1,0,0.0353343010498963
25,2,2,0.2,31,0.2,476,10,0.1,0,0.037009283366639
25,2,2,0.2,31,0.2,476,10,0.1,0,0
25,2,2,0.2,31,0.2,476,10,0.1,0,-0.648544476321242
25,2,2,0.2,31,0.2,476,10,0.1,0,0.242315887368938
25,2,2,0.2,31,0.2,476,10,0.1,0,5.54019512632501e-17
25,2,2,0.2,31,0.2,476,10,0.1,0,-1.80573482836369
25,2,2,0.2,31,0.2,476,10,0.1,0,0.0176308332491717
25,2,2,0.2,31,0.2,476,10,0.1,0,-0.0154311235818929
25,2,2,0.2,31,0.2,476,10,0.1,0,-4.37652827430508e-16
25,2,2,0.2,31,0.2,476,10,0.1,0,0.0403279648418665
25,2,2,0.2,31,0.2,476,10,0.1,0,-3.42578263013676e-17
25,2,2,0.2,31,0.2,476,10,0.1,0,-4.58573812094406
25,2,2,0.2,31,0.2,476,10,0.1,0,5.53054284872216e-17
25,2,2,0.2,31,0.2,476,10,0.1,0,-0.679498061739602
25,2,2,0.2,31,0.2,476,10,0.1,0,-0.270410529978476
25,2,2,0.2,31,0.2,476,10,0.1,0,1.23850925676513e-16
25,2,2,0.2,31,0.2,476,10,0.1,0,-0.0324574024200583
25,2,2,0.2,31,0.2,476,10,0.1,0,-0.948893711346021
25,2,2,0.2,31,0.2,476,10,0.1,0,1.71056100150304
25,2,2,0.2,31,0.2,476,10,0.1,0,0.00860994100523031
25,2,2,0.2,31,0.2,476,10,0.1,0,-2.74287569613258
25,2,2,0.2,31,0.2,476,10,0.1,0,0
25,2,2,0.2,31,0.2,476,10,0.1,0,-0.177845611945789
25,2,2,0.2,31,0.2,476,10,0.1,0,3.3050662656403e-18
25,2,2,0.2,31,0.2,476,10,0.1,0,0.114660796411614
25,2,2,0.2,31,0.2,476,10,0.1,0,0.427746930125614
25,2,2,0.2,31,0.2,476,10,0.1,0,-0.584416329021347
25,2,2,0.2,31,0.2,476,10,0.1,0,-0.102811435718595
25,2,2,0.2,31,0.2,476,10,0.1,0,-1.49563493876419
25,2,2,0.2,31,0.2,476,10,0.1,0,-0.208726264005907
25,2,2,0.2,31,0.2,476,10,0.1,0,0.24745551001063
25,2,2,0.2,31,0.2,476,10,0.1,0,-0.0216440367618831
25,2,2,0.2,31,0.2,476,10,0.1,0,0.0566960468069718
25,2,2,0.2,31,0.2,476,10,0.1,0,0.0859859734745216
25,2,2,0.2,31,0.2,476,10,0.1,0,0.390287929897473
25,2,2,0.2,31,0.2,476,10,0.1,0,-6.46018725040147e-17
25,2,2,0.2,31,0.2,476,10,0.1,0,0.475432098552564
25,2,2,0.2,31,0.2,476,10,0.1,0,-3.46973738200338e-16
25,2,2,0.2,31,0.2,476,10,0.1,0,-5.87821787266052
25,2,2,0.2,31,0.2,476,10,0.1,0,-0.664211516072011
25,2,2,0.2,31,0.2,476,10,0.1,0,0.833969784526665
25,2,2,0.2,31,0.2,476,10,0.1,0,0.409816248075182
25,2,2,0.2,31,0.2,476,10,0.1,0,-3.79028341747497e-18
25,2,2,0.2,31,0.2,476,10,0.1,0,0.127840085940055
25,2,2,0.2,31,0.2,476,10,0.1,0,0
25,2,2,0.2,31,0.2,476,10,0.1,0,0.0154088448163735
25,2,2,0.2,31,0.2,476,10,0.1,0,0.926335886060323
25,2,2,0.2,31,0.2,476,10,0.1,0,-0.0988270868603626
25,2,2,0.2,31,0.2,476,10,0.1,0,-0.00594496788092269
25,2,2,0.2,31,0.2,476,10,0.1,0,4.84528580491215e-16
25,2,2,0.2,31,0.2,476,10,0.1,0,7.51351728838072e-19
25,2,2,0.2,31,0.2,476,10,0.1,0,-2.24968740788832e-17
25,2,2,0.2,31,0.2,476,10,0.1,0,-0.0771373981957759
25,2,2,0.2,31,0.2,476,10,0.1,0,1.53096558056017e-17
25,2,2,0.2,31,0.2,476,10,0.1,0,0.00266587722323657
25,2,2,0.2,31,0.2,476,10,0.1,0,0.254508243718908
25,2,2,0.2,31,0.2,476,10,0.1,0,-0.0274482279237544
25,2,2,0.2,31,0.2,476,10,0.1,0,-2.89088533262753e-05
25,2,2,0.2,31,0.2,476,10,0.1,0,1.41780295834621e-16
25,2,2,0.2,31,0.2,476,10,0.1,0,6.54039932059592e-17
25,2,2,0.2,31,0.2,476,10,0.1,0,-0.0365713385292145
25,2,2,0.2,31,0.2,476,10,0.1,0,0.701319376798829
25,2,2,0.2,31,0.2,476,10,0.1,0,-0.065111793808656
25,2,2,0.2,31,0.2,476,10,0.1,0,0
25,2,2,0.2,31,0.2,476,10,0.1,0,1.47326029108997e-17
25,2,2,0.2,31,0.2,476,10,0.1,0,-0.447655151884391
25,2,2,0.2,31,0.2,476,10,0.1,0,-0.128145904444807
25,2,2,0.2,31,0.2,476,10,0.1,0,3.73584707587401e-16
25,2,2,0.2,31,0.2,476,10,0.1,0,1.70687094497195
25,2,2,0.2,31,0.2,476,10,0.1,0,0.3771385800732
25,2,2,0.2,31,0.2,476,10,0.1,0,-3.00029120586404e-16
25,2,2,0.2,31,0.2,476,10,0.1,0,0.0683706139035847
25,2,2,0.2,31,0.2,476,10,0.1,0,-0.1630337982882
25,2,2,0.2,31,0.2,476,10,0.1,0,0.49474675632003
25,2,2,0.2,31,0.2,476,10,0.1,0,-2.35264799662244
25,2,2,0.2,31,0.2,476,10,0.1,0,0.833581654386813
25,2,2,0.2,31,0.2,476,10,0.1,0,-4.37120816319501e-19
25,2,2,0.2,31,0.2,476,10,0.1,0,-2.94453861164077e-20
25,2,2,0.2,31,0.2,476,10,0.1,0,0.269068825800692
25,2,2,0.2,31,0.2,476,10,0.1,0,0
25,2,2,0.2,31,0.2,476,10,0.1,0,-0.00743668003728684
25,2,2,0.2,31,0.2,476,10,0.1,0,0.239613360679133
25,2,2,0.2,31,0.2,476,10,0.1,0,0.437193163281266
25,2,2,0.2,31,0.2,476,10,0.1,0,0.808634736598571
25,2,2,0.2,31,0.2,476,10,0.1,0,-3.89565496169124e-32
25,2,2,0.2,31,0.2,476,10,0.1,0,-0.234172867312699
25,2,2,0.2,31,0.2,476,10,0.1,0,0.0663961689945561
25,2,2,0.2,31,0.2,476,10,0.1,0,-0.0795991905901777
25,2,2,0.2,31,0.2,476,10,0.1,0,0.75661215405941
25,2,2,0.2,31,0.2,476,10,0.1,0,-0.41487654278728
25,2,2,0.2,31,0.2,476,10,0.1,0,0.0861453780685873
25,2,2,0.2,31,0.2,476,10,0.1,0,-0.144220288269491
25,2,2,0.2,31,0.2,476,10,0.1,0,-0.569166351740921
25,2,2,0.2,31,0.2,476,10,0.1,0,-0.0688866515759046
25,2,2,0.2,31,0.2,476,10,0.1,0,0.0703523818844313
25,2,2,0.2,31,0.2,476,10,0.1,0,-0.304682219112694
25,2,2,0.2,31,0.2,476,10,0.1,0,3.96090157768881e-17
25,2,2,0.2,31,0.2,476,10,0.1,0,0.062803872127863
25,2,2,0.2,31,0.2,476,10,0.1,0,3.16628544432545
25,2,2,0.2,31,0.2,476,10,0.1,0,-0.0503134394474343
25,2,2,0.2,31,0.2,476,10,0.1,0,-0.625136450920822
25,2,2,0.2,31,0.2,476,10,0.1,0,0.636175000446981
25,2,2,0.2,31,0.2,476,10,0.1,0,0.0185439281655835
25,2,2,0.2,31,0.2,476,10,0.1,0,-7.80610497142884
25,2,2,0.2,31,0.2,476,10,0.1,0,-0.00570814064359391
25,2,2,0.2,31,0.2,476,10,0.1,0,0.818154407938672
25,2,2,0.2,31,0.2,476,10,0.1,0,0.0798715781123357
25,2,2,0.2,31,0.2,476,10,0.1,0,-0.0823561383576573
25,2,2,0.2,31,0.2,476,10,0.1,0,3.65941018214491
25,2,2,0.2,31,0.2,476,10,0.1,0,-1.04041185915949
25,2,2,0.2,31,0.2,476,10,0.1,0,-0.548550141660339
25,2,2,0.2,31,0.2,476,10,0.1,0,0.0728394544975634
25,2,2,0.2,31,0.2,476,10,0.1,0,0.122556220823816
25,2,2,0.2,31,0.2,476,10,0.1,0,-2.45845560952169e-17
25,2,2,0.2,31,0.2,476,10,0.1,0,-4.77467479390682e-17
25,2,2,0.2,31,0.2,476,10,0.1,0,0.0823447914983871
25,2,2,0.2,31,0.2,476,10,0.1,0,0.276805083487065
25,2,2,0.2,31,0.2,476,10,0.1,0,0.16000294838709
25,2,2,0.2,31,0.2,476,10,0.1,0,1.88375074972973
25,2,2,0.2,31,0.2,476,10,0.1,0,9.77174838952691e-18
25,2,2,0.2,31,0.2,476,10,0.1,0,1.19070030063504
25,2,2,0.2,31,0.2,476,10,0.1,0,0
25,2,2,0.2,31,0.2,476,10,0.1,0,-6.44706316421832e-17
25,2,2,0.2,31,0.2,476,10,0.1,0,1.22864344680637e-16
25,2,2,0.2,31,0.2,476,10,0.1,0,0.0317090167724655
25,2,2,0.2,31,0.2,476,10,0.1,0,-0.62978062925625
25,2,2,0.2,31,0.2,476,10,0.1,0,-1.05373863234176
25,2,2,0.2,31,0.2,476,10,0.1,0,0.0290096495180406
25,2,2,0.2,31,0.2,476,10,0.1,0,-7.82754064922809
25,2,2,0.2,31,0.2,476,10,0.1,0,0.588032671714955
25,2,2,0.2,31,0.2,476,10,0.1,0,-0.0433058231471389
25,2,2,0.2,31,0.2,476,10,0.1,0,-1.56486084314016e-17
25,2,2,0.2,31,0.2,476,10,0.1,0,-0.138364862120269
25,2,2,0.2,31,0.2,476,10,0.1,0,-0.263427617718488
25,2,2,0.2,31,0.2,476,10,0.1,0,-0.116216380076977
25,2,2,0.2,31,0.2,476,10,0.1,0,0.00701796926681484
25,2,2,0.2,31,0.2,476,10,0.1,0,0.275402874579362
25,2,2,0.2,31,0.2,476,10,0.1,0,3.26478482175714e-17
25,2,2,0.2,31,0.2,476,10,0.1,0,0.127517176313068
25,2,2,0.2,31,0.2,476,10,0.1,0,0.0682852022509592
25,2,2,0.2,31,0.2,476,10,0.1,0,0.297893984628119
25,2,2,0.2,31,0.2,476,10,0.1,0,-0.639481075982692
25,2,2,0.2,31,0.2,476,10,0.1,0,0.269419188831718
25,2,2,0.2,31,0.2,476,10,0.1,0,0.358231263856266
25,2,2,0.2,31,0.2,476,10,0.1,0,0
25,2,2,0.2,31,0.2,476,10,0.1,0,0.57554331326277
25,2,2,0.2,31,0.2,476,10,0.1,0,-0.0355974312481206
25,2,2,0.2,31,0.2,476,10,0.1,0,1.83414095658551e-18
25,2,2,0.2,31,0.2,476,10,0.1,0,0
25,2,2,0.2,31,0.2,476,10,0.1,0,0.402219793770878
25,2,2,0.2,31,0.2,476,10,0.1,0,0.119090865072093
25,2,2,0.2,31,0.2,476,10,0.1,0,-0.0139592666585488
25,2,2,0.2,31,0.2,476,10,0.1,0,8.75061636852398e-17
25,2,2,0.2,31,0.2,476,10,0.1,0,-0.138256272022524
25,2,2,0.2,31,0.2,476,10,0.1,0,2.10649866882014
25,2,2,0.2,31,0.2,476,10,0.1,0,0
25,2,2,0.2,31,0.2,476,10,0.1,0,0
25,2,2,0.2,31,0.2,476,10,0.1,0,-0.295703390955112
25,2,2,0.2,31,0.2,476,10,0.1,0,-1.34820027892502e-17
25,2,2,0.2,31,0.2,476,10,0.1,0,0.108944017897757
25,2,2,0.2,31,0.2,476,10,0.1,0,-1.24343212191203
25,2,2,0.2,31,0.2,476,10,0.1,0,-0.172907658822994
25,2,2,0.2,31,0.2,476,10,0.1,0,-0.141984919495127
25,2,2,0.2,31,0.2,476,10,0.1,0,0.496059075468831
25,2,2,0.2,31,0.2,476,10,0.1,0,-2.76588278299681e-17
25,2,2,0.2,31,0.2,476,10,0.1,0,2.67506283898012
25,2,2,0.2,31,0.2,476,10,0.1,0,0
25,2,2,0.2,31,0.2,476,10,0.1,0,-0.00409456432386279
25,2,2,0.2,31,0.2,476,10,0.1,0,8.26318259650109e-18
25,2,2,0.2,31,0.2,476,10,0.1,0,-0.00461379011308602
25,2,2,0.2,31,0.2,476,10,0.1,0,0.130006646722394
25,2,2,0.2,31,0.2,476,10,0.1,0,-0.519336570533384
25,2,2,0.2,31,0.2,476,10,0.1,0,0.53518923780122
25,2,2,0.2,31,0.2,476,10,0.1,0,-0.217809684843021
25,2,2,0.2,31,0.2,476,10,0.1,0,-7.45420980791496
25,2,2,0.2,31,0.2,476,10,0.1,0,3.81971448011108e-18
25,2,2,0.2,31,0.2,476,10,0.1,0,0.0873162298902675
25,2,2,0.2,31,0.2,476,10,0.1,0,0.590118526461134
25,2,2,0.2,31,0.2,476,10,0.1,0,0
25,2,2,0.2,31,0.2,476,10,0.1,0,-0.255474833026892
25,2,2,0.2,31,0.2,476,10,0.1,0,0.0899266857116349
25,2,2,0.2,31,0.2,476,10,0.1,0,-5.46707479227053e-17
25,2,2,0.2,31,0.2,476,10,0.1,0,1.09596859556566e-16
25,2,2,0.2,31,0.2,476,10,0.1,0,0.0488228401428414
25,2,2,0.2,31,0.2,476,10,0.1,0,-1.00379392549905
25,2,2,0.2,31,0.2,476,10,0.1,0,-0.055500948864482
25,2,2,0.2,31,0.2,476,10,0.1,0,0.0528719608794045
25,2,2,0.2,31,0.2,476,10,0.1,0,0.343920451424931
25,2,2,0.2,31,0.2,476,10,0.1,0,4.79632370717954e-17
25,2,2,0.2,31,0.2,476,10,0.1,0,0.0106942311090958
25,2,2,0.2,31,0.2,476,10,0.1,0,-0.0240500183384529
25,2,2,0.2,31,0.2,476,10,0.1,0,0.693576972495967
25,2,2,0.2,31,0.2,476,10,0.1,0,0.0238514950138218
25,2,2,0.2,31,0.2,476,10,0.1,0,-3.27376202795516e-17
25,2,2,0.2,31,0.2,476,10,0.1,0,-0.0357759308493396
25,2,3,0.2,18,0.2,245,10,0.1,1,0
25,2,3,0.2,18,0.2,245,10,0.1,1,-0.157254600470117
25,2,3,0.2,18,0.2,245,10,0.1,1,0
25,2,3,0.2,18,0.2,245,10,0.1,1,0.0752359204714605
25,2,3,0.2,18,0.2,245,10,0.1,1,-0.7295155836729
25,2,3,0.2,18,0.2,245,10,0.1,1,-6.71625231979365
25,2,3,0.2,18,0.2,245,10,0.1,1,-4.37495685616618
25,2,3,0.2,18,0.2,245,10,0.1,1,0
25,2,3,0.2,18,0.2,245,10,0.1,1,-0.774824914854818
25,2,3,0.2,18,0.2,245,10,0.1,1,-0.183642586884502
25,2,3,0.2,18,0.2,245,10,0.1,1,2.12348175816181
25,2,3,0.2,18,0.2,245,10,0.1,1,1.25307071958173e-19
25,2,3,0.2,18,0.2,245,10,0.1,1,1.3480343357849
25,2,3,0.2,18,0.2,245,10,0.1,1,0
25,2,3,0.2,18,0.2,245,10,0.1,1,-5.79857763739308e-21
25,2,3,0.2,18,0.2,245,10,0.1,1,1.81878477661444
25,2,3,0.2,18,0.2,245,10,0.1,1,0
25,2,3,0.2,18,0.2,245,10,0.1,1,2.29186684973856
25,2,3,0.2,18,0.2,245,10,0.1,0,0.0187316222731958
25,2,3,0.2,18,0.2,245,10,0.1,0,-0.164580819702341
25,2,3,0.2,18,0.2,245,10,0.1,0,0.0133603775854168
25,2,3,0.2,18,0.2,245,10,0.1,0,-0.0343336448882841
25,2,3,0.2,18,0.2,245,10,0.1,0,0
25,2,3,0.2,18,0.2,245,10,0.1,0,-0.0266186169543467
25,2,3,0.2,18,0.2,245,10,0.1,0,-0.10955029385624
25,2,3,0.2,18,0.2,245,10,0.1,0,-0.130385125072802
25,2,3,0.2,18,0.2,245,10,0.1,0,-0.0742614966840175
25,2,3,0.2,18,0.2,245,10,0.1,0,-4.27841547241089e-21
25,2,3,0.2,18,0.2,245,10,0.1,0,0.000196830559615383
25,2,3,0.2,18,0.2,245,10,0.1,0,-0.180746320537441
25,2,3,0.2,18,0.2,245,10,0.1,0,-0.0977338177501652
25,2,3,0.2,18,0.2,245,10,0.1,0,0.0106056302229242
25,2,3,0.2,18,0.2,245,10,0.1,0,-4.30670917524686e-20
25,2,3,0.2,18,0.2,245,10,0.1,0,0.0298179671944426
25,2,3,0.2,18,0.2,245,10,0.1,0,-0.135109636574366
25,2,3,0.2,18,0.2,245,10,0.1,0,0.034976353712418
25,2,3,0.2,18,0.2,245,10,0.1,0,0.00778911537144845
25,2,3,0.2,18,0.2,245,10,0.1,0,2.71516475847875e-21
25,2,3,0.2,18,0.2,245,10,0.1,0,-0.0108005483723472
25,2,3,0.2,18,0.2,245,10,0.1,0,-0.0810826011700086
25,2,3,0.2,18,0.2,245,10,0.1,0,0
25,2,3,0.2,18,0.2,245,10,0.1,0,0.145965070037617
25,2,3,0.2,18,0.2,245,10,0.1,0,0.0697915305053187
25,2,3,0.2,18,0.2,245,10,0.1,0,0.0041526908446559
25,2,3,0.2,18,0.2,245,10,0.1,0,-0.0263471332675624
25,2,3,0.2,18,0.2,245,10,0.1,0,-0.050165292352384
25,2,3,0.2,18,0.2,245,10,0.1,0,-7.30087919124081e-22
25,2,3,0.2,18,0.2,245,10,0.1,0,-0.076509224733157
25,2,3,0.2,18,0.2,245,10,0.1,0,-0.167323115884729
25,2,3,0.2,18,0.2,245,10,0.1,0,-0.0567910007411261
25,2,3,0.2,18,0.2,245,10,0.1,0,0
25,2,3,0.2,18,0.2,245,10,0.1,0,0.153167666540152
25,2,3,0.2,18,0.2,245,10,0.1,0,0.00154180593092594
25,2,3,0.2,18,0.2,245,10,0.1,0,1.38094638096386
25,2,3,0.2,18,0.2,245,10,0.1,0,-1.17748184158442e-20
25,2,3,0.2,18,0.2,245,10,0.1,0,0.00835334704390182
25,2,3,0.2,18,0.2,245,10,0.1,0,0.0108020824895076
25,2,3,0.2,18,0.2,245,10,0.1,0,-9.67774622591655e-19
25,2,3,0.2,18,0.2,245,10,0.1,0,-0.0752636164412139
25,2,3,0.2,18,0.2,245,10,0.1,0,0.172459296174411
25,2,3,0.2,18,0.2,245,10,0.1,0,0.00394679091176564
25,2,3,0.2,18,0.2,245,10,0.1,0,-2.14595964728679e-18
25,2,3,0.2,18,0.2,245,10,0.1,0,-9.01851622130708e-21
25,2,3,0.2,18,0.2,245,10,0.1,0,-0.021888559321284
25,2,3,0.2,18,0.2,245,10,0.1,0,0.0245667223865841
25,2,3,0.2,18,0.2,245,10,0.1,0,0.00997623345812254
25,2,3,0.2,18,0.2,245,10,0.1,0,0.268568200459306
25,2,3,0.2,18,0.2,245,10,0.1,0,-0.0331613465980031
25,2,3,0.2,18,0.2,245,10,0.1,0,0.00830428774426088
25,2,3,0.2,18,0.2,245,10,0.1,0,0.694934110531101
25,2,3,0.2,18,0.2,245,10,0.1,0,0
25,2,3,0.2,18,0.2,245,10,0.1,0,2.18326350478631e-21
25,2,3,0.2,18,0.2,245,10,0.1,0,-1.03493536909878e-20
25,2,3,0.2,18,0.2,245,10,0.1,0,0.105319850289798
25,2,3,0.2,18,0.2,245,10,0.1,0,0.0427178192984018
25,2,3,0.2,18,0.2,245,10,0.1,0,0.0673124269052212
25,2,3,0.2,18,0.2,245,10,0.1,0,-0.0765169842234781
25,2,3,0.2,18,0.2,245,10,0.1,0,0.036744998928941
25,2,3,0.2,18,0.2,245,10,0.1,0,-0.00183082201208444
25,2,3,0.2,18,0.2,245,10,0.1,0,0.0856113693422209
25,2,3,0.2,18,0.2,245,10,0.1,0,-6.54306657927486e-20
25,2,3,0.2,18,0.2,245,10,0.1,0,1.71695813076222
25,2,3,0.2,18,0.2,245,10,0.1,0,-0.106800979920971
25,2,3,0.2,18,0.2,245,10,0.1,0,-0.0140735741342076
25,2,3,0.2,18,0.2,245,10,0.1,0,0
25,2,3,0.2,18,0.2,245,10,0.1,0,0.0463906860368625
25,2,3,0.2,18,0.2,245,10,0.1,0,-0.86900734587889
25,2,3,0.2,18,0.2,245,10,0.1,0,0.0038820969017066
25,2,3,0.2,18,0.2,245,10,0.1,0,0.61737554728478
25,2,3,0.2,18,0.2,245,10,0.1,0,-0.368408106761398
25,2,3,0.2,18,0.2,245,10,0.1,0,0
25,2,3,0.2,18,0.2,245,10,0.1,0,-0.00956701240366824
25,2,3,0.2,18,0.2,245,10,0.1,0,-0.0359446292620752
25,2,3,0.2,18,0.2,245,10,0.1,0,0.00113427529950643
25,2,3,0.2,18,0.2,245,10,0.1,0,0.562627925789835
25,2,3,0.2,18,0.2,245,10,0.1,0,-0.152337698369917
25,2,3,0.2,18,0.2,245,10,0.1,0,1.58896184772494
25,2,3,0.2,18,0.2,245,10,0.1,0,-0.0225599837431494
25,2,3,0.2,18,0.2,245,10,0.1,0,-2.00954221577238e-20
25,2,3,0.2,18,0.2,245,10,0.1,0,0.0769166155059942
25,2,3,0.2,18,0.2,245,10,0.1,0,0.0840897477344865
25,2,3,0.2,18,0.2,245,10,0.1,0,0.0215821167951336
25,2,3,0.2,18,0.2,245,10,0.1,0,0.0105167294715742
25,2,3,0.2,18,0.2,245,10,0.1,0,0.0446485289871453
25,2,3,0.2,18,0.2,245,10,0.1,0,-0.0377326630187879
25,2,3,0.2,18,0.2,245,10,0.1,0,0.0305355403720937
25,2,3,0.2,18,0.2,245,10,0.1,0,0
25,2,3,0.2,18,0.2,245,10,0.1,0,0.0461634679320409
25,2,3,0.2,18,0.2,245,10,0.1,0,-0.751342200009697
25,2,3,0.2,18,0.2,245,10,0.1,0,0.032685122562876
25,2,3,0.2,18,0.2,245,10,0.1,0,-0.0214746518529076
25,2,3,0.2,18,0.2,245,10,0.1,0,-1.38628188057354e-18
25,2,3,0.2,18,0.2,245,10,0.1,0,-0.000592771186914741
25,2,3,0.2,18,0.2,245,10,0.1,0,0
25,2,3,0.2,18,0.2,245,10,0.1,0,0.0457692296779015
25,2,3,0.2,18,0.2,245,10,0.1,0,-0.0143956207093296
25,2,3,0.2,18,0.2,245,10,0.1,0,0.334140206778718
25,2,3,0.2,18,0.2,245,10,0.1,0,-0.130583103511326
25,2,3,0.2,18,0.2,245,10,0.1,0,0.0231988960679421
25,2,3,0.2,18,0.2,245,10,0.1,0,-0.0540931341228576
25,2,3,0.2,18,0.2,245,10,0.1,0,1.06550354888696
25,2,3,0.2,18,0.2,245,10,0.1,0,0.0800933107515642
25,2,3,0.2,18,0.2,245,10,0.1,0,-1.45705396541603e-19
25,2,3,0.2,18,0.2,245,10,0.1,0,-1.15789003730015e-19
25,2,3,0.2,18,0.2,245,10,0.1,0,0.0096850423597539
25,2,3,0.2,18,0.2,245,10,0.1,0,3.83041998500077e-21
25,2,3,0.2,18,0.2,245,10,0.1,0,0.0232741379720066
25,2,3,0.2,18,0.2,245,10,0.1,0,-1.11004821546843e-20
25,2,3,0.2,18,0.2,245,10,0.1,0,-0.00535031638715538
25,2,3,0.2,18,0.2,245,10,0.1,0,0
25,2,3,0.2,18,0.2,245,10,0.1,0,0.263303729873675
25,2,3,0.2,18,0.2,245,10,0.1,0,5.33054123257694e-20
25,2,3,0.2,18,0.2,245,10,0.1,0,0.00803463260111627
25,2,3,0.2,18,0.2,245,10,0.1,0,3.37967960583673
25,2,3,0.2,18,0.2,245,10,0.1,0,0.0466863901821051
25,2,3,0.2,18,0.2,245,10,0.1,0,0.670426120160484
25,2,3,0.2,18,0.2,245,10,0.1,0,-0.00125819452002518
25,2,3,0.2,18,0.2,245,10,0.1,0,0.587422042509984
25,2,3,0.2,18,0.2,245,10,0.1,0,0.0654170004245944
25,2,3,0.2,18,0.2,245,10,0.1,0,-0.0800876999498448
25,2,3,0.2,18,0.2,245,10,0.1,0,-1.12142822944467e-19
25,2,3,0.2,18,0.2,245,10,0.1,0,-0.10957186427224
25,2,3,0.2,18,0.2,245,10,0.1,0,0.259685626620855
25,2,3,0.2,18,0.2,245,10,0.1,0,0.11796834295521
25,2,3,0.2,18,0.2,245,10,0.1,0,-0.107950114490243
25,2,3,0.2,18,0.2,245,10,0.1,0,-0.00648433952684406
25,2,3,0.2,18,0.2,245,10,0.1,0,0.0354312411187155
25,2,3,0.2,18,0.2,245,10,0.1,0,0.0853904068336598
25,2,3,0.2,18,0.2,245,10,0.1,0,0.109475511877505
25,2,3,0.2,18,0.2,245,10,0.1,0,-1.06966475123441e-19
25,2,3,0.2,18,0.2,245,10,0.1,0,0.438742143298059
25,2,3,0.2,18,0.2,245,10,0.1,0,-1.08544034080971e-19
25,2,3,0.2,18,0.2,245,10,0.1,0,-5.29340532265667e-20
25,2,3,0.2,18,0.2,245,10,0.1,0,-0.0734004639676075
25,2,3,0.2,18,0.2,245,10,0.1,0,8.67190447670301e-21
25,2,3,0.2,18,0.2,245,10,0.1,0,0.613137455040631
25,2,3,0.2,18,0.2,245,10,0.1,0,0.0137906894387416
25,2,3,0.2,18,0.2,245,10,0.1,0,0.104424510137093
25,2,3,0.2,18,0.2,245,10,0.1,0,0.00236830782700804
25,2,3,0.2,18,0.2,245,10,0.1,0,-0.0135070652667373
25,2,3,0.2,18,0.2,245,10,0.1,0,0.457113523020671
25,2,3,0.2,18,0.2,245,10,0.1,0,0.00397177201940971
25,2,3,0.2,18,0.2,245,10,0.1,0,0.0109689372077959
25,2,3,0.2,18,0.2,245,10,0.1,0,0.915952166543411
25,2,3,0.2,18,0.2,245,10,0.1,0,-0.0155588273811599
25,2,3,0.2,18,0.2,245,10,0.1,0,-0.0112933967457122
25,2,3,0.2,18,0.2,245,10,0.1,0,-1.23072318447356e-19
25,2,3,0.2,18,0.2,245,10,0.1,0,0.07991059376266
25,2,3,0.2,18,0.2,245,10,0.1,0,0.405651117998203
25,2,3,0.2,18,0.2,245,10,0.1,0,0.0108333327011579
25,2,3,0.2,18,0.2,245,10,0.1,0,-0.0302318889328513
25,2,3,0.2,18,0.2,245,10,0.1,0,0
25,2,3,0.2,18,0.2,245,10,0.1,0,-0.118410906238337
25,2,3,0.2,18,0.2,245,10,0.1,0,-0.00445688773095588
25,2,3,0.2,18,0.2,245,10,0.1,0,-0.902119475172419
25,2,3,0.2,18,0.2,245,10,0.1,0,-1.13413276473851e-20
25,2,3,0.2,18,0.2,245,10,0.1,0,-0.079940988467538
25,2,3,0.2,18,0.2,245,10,0.1,0,0.0286607826908018
25,2,3,0.2,18,0.2,245,10,0.1,0,0
25,2,3,0.2,18,0.2,245,10,0.1,0,0
25,2,3,0.2,18,0.2,245,10,0.1,0,1.04164430786715
25,2,3,0.2,18,0.2,245,10,0.1,0,0.00148801286317415
25,2,3,0.2,18,0.2,245,10,0.1,0,0.00844426295878278
25,2,3,0.2,18,0.2,245,10,0.1,0,0.00429414065229043
25,2,3,0.2,18,0.2,245,10,0.1,0,-0.0203250889493448
25,2,3,0.2,18,0.2,245,10,0.1,0,0.000109244502317281
25,2,3,0.2,18,0.2,245,10,0.1,0,-0.0166470355794652
25,2,3,0.2,18,0.2,245,10,0.1,0,-0.0511071357009673
25,2,3,0.2,18,0.2,245,10,0.1,0,0.110297502932233
25,2,3,0.2,18,0.2,245,10,0.1,0,0.128548273067854
25,2,3,0.2,18,0.2,245,10,0.1,0,-0.00133909532245177
25,2,3,0.2,18,0.2,245,10,0.1,0,-0.209995453426283
25,2,3,0.2,18,0.2,245,10,0.1,0,0.0122108254843804
25,2,3,0.2,18,0.2,245,10,0.1,0,0.00868473798777276
25,2,3,0.2,18,0.2,245,10,0.1,0,0.0286791912268648
25,2,3,0.2,18,0.2,245,10,0.1,0,0.0242261413184268
25,2,3,0.2,18,0.2,245,10,0.1,0,0.0619715025718249
25,2,3,0.2,18,0.2,245,10,0.1,0,0
25,2,3,0.2,18,0.2,245,10,0.1,0,0.0178468618393974
25,2,3,0.2,18,0.2,245,10,0.1,0,-1.69616392077975e-18
25,2,3,0.2,18,0.2,245,10,0.1,0,-0.0470561491508583
25,2,3,0.2,18,0.2,245,10,0.1,0,-0.0741943143025999
25,2,3,0.2,18,0.2,245,10,0.1,0,0.091550031780944
25,2,3,0.2,18,0.2,245,10,0.1,0,0.0259243707032546
25,2,3,0.2,18,0.2,245,10,0.1,0,-0.0677513074258747
25,2,3,0.2,18,0.2,245,10,0.1,0,-0.218837500621184
25,2,3,0.2,18,0.2,245,10,0.1,0,0.0208029475710674
25,2,3,0.2,18,0.2,245,10,0.1,0,3.66216136715345e-20
25,2,3,0.2,18,0.2,245,10,0.1,0,-2.14739593038265e-19
25,2,3,0.2,18,0.2,245,10,0.1,0,0.222952520887337
25,2,3,0.2,18,0.2,245,10,0.1,0,0.00855645308203506
25,2,3,0.2,18,0.2,245,10,0.1,0,-4.91502127734588e-20
25,2,3,0.2,18,0.2,245,10,0.1,0,0.0104312715084639
25,2,3,0.2,18,0.2,245,10,0.1,0,-1.16180886018397e-19
25,2,3,0.2,18,0.2,245,10,0.1,0,-0.0810625577652988
25,2,3,0.2,18,0.2,245,10,0.1,0,0.0204540493050816
25,2,3,0.2,18,0.2,245,10,0.1,0,-0.00346566400358589
25,2,3,0.2,18,0.2,245,10,0.1,0,0.0148393821557918
25,2,3,0.2,18,0.2,245,10,0.1,0,-0.0153146321443069
25,2,3,0.2,18,0.2,245,10,0.1,0,0.00853659126721541
25,2,3,0.2,18,0.2,245,10,0.1,0,-0.0532439496242037
25,2,3,0.2,18,0.2,245,10,0.1,0,0.00366791248489978
25,2,3,0.2,18,0.2,245,10,0.1,0,0.00398737441999289
25,2,3,0.2,18,0.2,245,10,0.1,0,-0.070450932918411
25,2,3,0.2,18,0.2,245,10,0.1,0,1.09421806575012
25,2,3,0.2,18,0.2,245,10,0.1,0,-3.1552273274781e-20
25,2,3,0.2,18,0.2,245,10,0.1,0,0.188602349719459
25,2,3,0.2,18,0.2,245,10,0.1,0,0.0857640536723785
25,2,3,0.2,18,0.2,245,10,0.1,0,1.20799955059047e-21
25,2,3,0.2,18,0.2,245,10,0.1,0,0.0182614206156842
25,2,3,0.2,18,0.2,245,10,0.1,0,-0.119461468141473
25,2,3,0.2,18,0.2,245,10,0.1,0,0.197600026707309
25,2,3,0.2,18,0.2,245,10,0.1,0,-0.0167545053466235
25,2,3,0.2,18,0.2,245,10,0.1,0,0.0166212113491621
25,2,3,0.2,18,0.2,245,10,0.1,0,0
25,2,3,0.2,18,0.2,245,10,0.1,0,0.0368248334288229
25,2,3,0.2,18,0.2,245,10,0.1,0,0.0332877940181802
25,2,3,0.2,18,0.2,245,10,0.1,0,-0.16571691972334
25,2,3,0.2,18,0.2,245,10,0.1,0,-0.0119848536990273
25,2,3,0.2,18,0.2,245,10,0.1,0,-0.217284850418683
25,2,3,0.2,18,0.2,245,10,0.1,0,0.937555223093541
25,2,3,0.2,18,0.2,245,10,0.1,0,0.0110259994072427
25,2,3,0.2,18,0.2,245,10,0.1,0,-0.0772899387684948
25,2,3,0.2,18,0.2,245,10,0.1,0,-0.26094442123716
25,2,3,0.2,18,0.2,245,10,0.1,0,0
25,2,3,0.2,18,0.2,245,10,0.1,0,1.14318539183635e-21
25,2,3,0.2,18,0.2,245,10,0.1,0,0.0153646004835843
25,2,3,0.2,18,0.2,245,10,0.1,0,-0.0483587156864922
25,2,3,0.2,18,0.2,245,10,0.1,0,-1.21176693078021e-20
25,2,3,0.2,18,0.2,245,10,0.1,0,0.127569268295635
25,2,3,0.2,18,0.2,245,10,0.1,0,-0.165478971533184
25,2,3,0.2,18,0.2,245,10,0.1,0,0.0101047370729032
25,2,3,0.2,18,0.2,245,10,0.1,0,-0.0186007713616992
25,2,3,0.2,18,0.2,245,10,0.1,0,-0.066084043738116
25,2,3,0.2,18,0.2,245,10,0.1,0,0
25,2,3,0.2,18,0.2,245,10,0.1,0,0.235449761764246
25,2,3,0.2,18,0.2,245,10,0.1,0,0
25,2,3,0.2,18,0.2,245,10,0.1,0,-0.0485001634793663
25,2,3,0.2,18,0.2,245,10,0.1,0,0.0114250318993204
25,2,3,0.2,18,0.2,245,10,0.1,0,0.0904434260303071
25,2,3,0.2,18,0.2,245,10,0.1,0,0.0392926686120265
25,2,3,0.2,18,0.2,245,10,0.1,0,0.243956067375408
25,2,3,0.2,18,0.2,245,10,0.1,0,0.0198254014554704
25,2,4,0.2,23,0.2,294,10,0.1,1,0.290873860145537
25,2,4,0.2,23,0.2,294,10,0.1,1,0
25,2,4,0.2,23,0.2,294,10,0.1,1,-0.180172039245357
25,2,4,0.2,23,0.2,294,10,0.1,1,0
25,2,4,0.2,23,0.2,294,10,0.1,1,2.01284968919974
25,2,4,0.2,23,0.2,294,10,0.1,1,0
25,2,4,0.2,23,0.2,294,10,0.1,1,-0.065935293154615
25,2,4,0.2,23,0.2,294,10,0.1,1,0.811957192446263
25,2,4,0.2,23,0.2,294,10,0.1,1,-0.0830670763689299
25,2,4,0.2,23,0.2,294,10,0.1,1,4.05249782957299
25,2,4,0.2,23,0.2,294,10,0.1,1,0
25,2,4,0.2,23,0.2,294,10,0.1,1,-0.927829179646724
25,2,4,0.2,23,0.2,294,10,0.1,1,-3.30504004002556e-24
25,2,4,0.2,23,0.2,294,10,0.1,1,0
25,2,4,0.2,23,0.2,294,10,0.1,1,-0.0065080702812728
25,2,4,0.2,23,0.2,294,10,0.1,1,0
25,2,4,0.2,23,0.2,294,10,0.1,1,0
25,2,4,0.2,23,0.2,294,10,0.1,1,0.18846005055453
25,2,4,0.2,23,0.2,294,10,0.1,1,0.0689747309358548
25,2,4,0.2,23,0.2,294,10,0.1,1,-0.0802983527040119
25,2,4,0.2,23,0.2,294,10,0.1,1,0
25,2,4,0.2,23,0.2,294,10,0.1,1,0.106220017633009
25,2,4,0.2,23,0.2,294,10,0.1,1,-3.52196262235868
25,2,4,0.2,23,0.2,294,10,0.1,0,-0.00310320625789294
25,2,4,0.2,23,0.2,294,10,0.1,0,0.00123377574147354
25,2,4,0.2,23,0.2,294,10,0.1,0,-0.235046195364398
25,2,4,0.2,23,0.2,294,10,0.1,0,-0.0180634694055666
25,2,4,0.2,23,0.2,294,10,0.1,0,-0.00187745280712089
25,2,4,0.2,23,0.2,294,10,0.1,0,0
25,2,4,0.2,23,0.2,294,10,0.1,0,-0.0405088419708049
25,2,4,0.2,23,0.2,294,10,0.1,0,1.70984755379342
25,2,4,0.2,23,0.2,294,10,0.1,0,0
25,2,4,0.2,23,0.2,294,10,0.1,0,-0.08129654001466
25,2,4,0.2,23,0.2,294,10,0.1,0,-0.0130004790067004
25,2,4,0.2,23,0.2,294,10,0.1,0,-0.00304855625175092
25,2,4,0.2,23,0.2,294,10,0.1,0,0
25,2,4,0.2,23,0.2,294,10,0.1,0,0.254130650698951
25,2,4,0.2,23,0.2,294,10,0.1,0,0.670519973833628
25,2,4,0.2,23,0.2,294,10,0.1,0,0
25,2,4,0.2,23,0.2,294,10,0.1,0,0
25,2,4,0.2,23,0.2,294,10,0.1,0,0.176476514987034
25,2,4,0.2,23,0.2,294,10,0.1,0,-2.62036182489506
25,2,4,0.2,23,0.2,294,10,0.1,0,0.220532739815048
25,2,4,0.2,23,0.2,294,10,0.1,0,-5.1441667230866e-24
25,2,4,0.2,23,0.2,294,10,0.1,0,1.02553002534349
25,2,4,0.2,23,0.2,294,10,0.1,0,0.00167560098724513
25,2,4,0.2,23,0.2,294,10,0.1,0,0
25,2,4,0.2,23,0.2,294,10,0.1,0,2.50364129113297
25,2,4,0.2,23,0.2,294,10,0.1,0,0.150951761890441
25,2,4,0.2,23,0.2,294,10,0.1,0,0.0598417289869568
25,2,4,0.2,23,0.2,294,10,0.1,0,0
25,2,4,0.2,23,0.2,294,10,0.1,0,0
25,2,4,0.2,23,0.2,294,10,0.1,0,-0.624261877493467
25,2,4,0.2,23,0.2,294,10,0.1,0,0.758765097711106
25,2,4,0.2,23,0.2,294,10,0.1,0,-0.00826775578507832
25,2,4,0.2,23,0.2,294,10,0.1,0,-0.596742817460999
25,2,4,0.2,23,0.2,294,10,0.1,0,0.0456643884790496
25,2,4,0.2,23,0.2,294,10,0.1,0,0.0722550142880959
25,2,4,0.2,23,0.2,294,10,0.1,0,-0.0231560865528278
25,2,4,0.2,23,0.2,294,10,0.1,0,0.0427310764524362
25,2,4,0.2,23,0.2,294,10,0.1,0,-0.0261718228087744
25,2,4,0.2,23,0.2,294,10,0.1,0,0.637189866409177
25,2,4,0.2,23,0.2,294,10,0.1,0,-0.219283648120182
25,2,4,0.2,23,0.2,294,10,0.1,0,0.0675098193130977
25,2,4,0.2,23,0.2,294,10,0.1,0,0.00392509361637321
25,2,4,0.2,23,0.2,294,10,0.1,0,-0.011084266661043
25,2,4,0.2,23,0.2,294,10,0.1,0,-3.97108041360858
25,2,4,0.2,23,0.2,294,10,0.1,0,0.0170252557108243
25,2,4,0.2,23,0.2,294,10,0.1,0,-0.599332409284209
25,2,4,0.2,23,0.2,294,10,0.1,0,0.141322506685638
25,2,4,0.2,23,0.2,294,10,0.1,0,0
25,2,4,0.2,23,0.2,294,10,0.1,0,-0.349660375664301
25,2,4,0.2,23,0.2,294,10,0.1,0,0.0911480723131582
25,2,4,0.2,23,0.2,294,10,0.1,0,0.0586147860033334
25,2,4,0.2,23,0.2,294,10,0.1,0,-0.0283176206067623
25,2,4,0.2,23,0.2,294,10,0.1,0,0.0234367904737171
25,2,4,0.2,23,0.2,294,10,0.1,0,-0.0137129082788989
25,2,4,0.2,23,0.2,294,10,0.1,0,0.224479356549947
25,2,4,0.2,23,0.2,294,10,0.1,0,1.12461621238185
25,2,4,0.2,23,0.2,294,10,0.1,0,0
25,2,4,0.2,23,0.2,294,10,0.1,0,0.073476363991549
25,2,4,0.2,23,0.2,294,10,0.1,0,0.0790826931423818
25,2,4,0.2,23,0.2,294,10,0.1,0,-4.02448904739959e-25
25,2,4,0.2,23,0.2,294,10,0.1,0,0.0204292130066803
25,2,4,0.2,23,0.2,294,10,0.1,0,-0.188762033934331
25,2,4,0.2,23,0.2,294,10,0.1,0,-5.1322306415355
25,2,4,0.2,23,0.2,294,10,0.1,0,-0.106420779842556
25,2,4,0.2,23,0.2,294,10,0.1,0,0.0121809908703856
25,2,4,0.2,23,0.2,294,10,0.1,0,0.0263670480459313
25,2,4,0.2,23,0.2,294,10,0.1,0,-0.354982803668167
25,2,4,0.2,23,0.2,294,10,0.1,0,0
25,2,4,0.2,23,0.2,294,10,0.1,0,0.198353247237274
25,2,4,0.2,23,0.2,294,10,0.1,0,1.28863673951596
25,2,4,0.2,23,0.2,294,10,0.1,0,0.0386482399939981
25,2,4,0.2,23,0.2,294,10,0.1,0,0.184746236850957
25,2,4,0.2,23,0.2,294,10,0.1,0,-0.011571194227224
25,2,4,0.2,23,0.2,294,10,0.1,0,1.29395372350938
25,2,4,0.2,23,0.2,294,10,0.1,0,5.32989663030584e-24
25,2,4,0.2,23,0.2,294,10,0.1,0,-0.164343235402702
25,2,4,0.2,23,0.2,294,10,0.1,0,0.00329187329215979
25,2,4,0.2,23,0.2,294,10,0.1,0,-0.0356363174176081
25,2,4,0.2,23,0.2,294,10,0.1,0,0.197687434378123
25,2,4,0.2,23,0.2,294,10,0.1,0,0.154979541237762
25,2,4,0.2,23,0.2,294,10,0.1,0,-0.179347874632257
25,2,4,0.2,23,0.2,294,10,0.1,0,-4.51726165678227e-24
25,2,4,0.2,23,0.2,294,10,0.1,0,0.118985264848289
25,2,4,0.2,23,0.2,294,10,0.1,0,0.0439817487214942
25,2,4,0.2,23,0.2,294,10,0.1,0,-4.57518746118398e-24
25,2,4,0.2,23,0.2,294,10,0.1,0,0.001088107050965
25,2,4,0.2,23,0.2,294,10,0.1,0,0
25,2,4,0.2,23,0.2,294,10,0.1,0,2.40252250995058
25,2,4,0.2,23,0.2,294,10,0.1,0,-0.00287072393280558
25,2,4,0.2,23,0.2,294,10,0.1,0,-0.00935956504537517
25,2,4,0.2,23,0.2,294,10,0.1,0,-0.0147567491009757
25,2,4,0.2,23,0.2,294,10,0.1,0,0.0387390303788912
25,2,4,0.2,23,0.2,294,10,0.1,0,-0.0638764318493793
25,2,4,0.2,23,0.2,294,10,0.1,0,0.0596003608256316
25,2,4,0.2,23,0.2,294,10,0.1,0,0
25,2,4,0.2,23,0.2,294,10,0.1,0,0
25,2,4,0.2,23,0.2,294,10,0.1,0,-0.0972913968255878
25,2,4,0.2,23,0.2,294,10,0.1,0,0.00646208447003031
25,2,4,0.2,23,0.2,294,10,0.1,0,-0.0382353396136302
25,2,4,0.2,23,0.2,294,10,0.1,0,0.0247461865482473
25,2,4,0.2,23,0.2,294,10,0.1,0,3.66102394642973
25,2,4,0.2,23,0.2,294,10,0.1,0,0.00369539821745499
25,2,4,0.2,23,0.2,294,10,0.1,0,0.0798689900195638
25,2,4,0.2,23,0.2,294,10,0.1,0,-0.00640107990866862
25,2,4,0.2,23,0.2,294,10,0.1,0,-0.0169460945732971
25,2,4,0.2,23,0.2,294,10,0.1,0,0.776335091551075
25,2,4,0.2,23,0.2,294,10,0.1,0,0
25,2,4,0.2,23,0.2,294,10,0.1,0,0.0113895104099728
25,2,4,0.2,23,0.2,294,10,0.1,0,0.0130640897029932
25,2,4,0.2,23,0.2,294,10,0.1,0,-0.292766166833357
25,2,4,0.2,23,0.2,294,10,0.1,0,-0.966582588922832
25,2,4,0.2,23,0.2,294,10,0.1,0,2.86090106015338
25,2,4,0.2,23,0.2,294,10,0.1,0,-0.0260774982573407
25,2,4,0.2,23,0.2,294,10,0.1,0,0.0575160863783262
25,2,4,0.2,23,0.2,294,10,0.1,0,-0.00430754942512842
25,2,4,0.2,23,0.2,294,10,0.1,0,0.670794739192413
25,2,4,0.2,23,0.2,294,10,0.1,0,0.797411747684554
25,2,4,0.2,23,0.2,294,10,0.1,0,-0.00990887433305169
25,2,4,0.2,23,0.2,294,10,0.1,0,0.415578527697733
25,2,4,0.2,23,0.2,294,10,0.1,0,0.276480918927333
25,2,4,0.2,23,0.2,294,10,0.1,0,0
25,2,4,0.2,23,0.2,294,10,0.1,0,1.00680962461525
25,2,4,0.2,23,0.2,294,10,0.1,0,0.102948415018458
25,2,4,0.2,23,0.2,294,10,0.1,0,0.0432786411514573
25,2,4,0.2,23,0.2,294,10,0.1,0,0.0104931650339074
25,2,4,0.2,23,0.2,294,10,0.1,0,-0.126085619664431
25,2,4,0.2,23,0.2,294,10,0.1,0,-0.144563652055421
25,2,4,0.2,23,0.2,294,10,0.1,0,-0.068950136134623
25,2,4,0.2,23,0.2,294,10,0.1,0,0
25,2,4,0.2,23,0.2,294,10,0.1,0,0
25,2,4,0.2,23,0.2,294,10,0.1,0,0.198334376937255
25,2,4,0.2,23,0.2,294,10,0.1,0,-0.149304426792459
25,2,4,0.2,23,0.2,294,10,0.1,0,0.134846146474847
25,2,4,0.2,23,0.2,294,10,0.1,0,0.257695018645104
25,2,4,0.2,23,0.2,294,10,0.1,0,-0.0443519443602571
25,2,4,0.2,23,0.2,294,10,0.1,0,-1.37168083301393e-25
25,2,4,0.2,23,0.2,294,10,0.1,0,0
25,2,4,0.2,23,0.2,294,10,0.1,0,-0.0719288048508241
25,2,4,0.2,23,0.2,294,10,0.1,0,0.210314616430907
25,2,4,0.2,23,0.2,294,10,0.1,0,0.00127995256177878
25,2,4,0.2,23,0.2,294,10,0.1,0,0.0117754878898442
25,2,4,0.2,23,0.2,294,10,0.1,0,1.51419903919219
25,2,4,0.2,23,0.2,294,10,0.1,0,0.152404600670284
25,2,4,0.2,23,0.2,294,10,0.1,0,0.000827009739214072
25,2,4,0.2,23,0.2,294,10,0.1,0,-4.62521256827583e-24
25,2,4,0.2,23,0.2,294,10,0.1,0,-0.0783175992871904
25,2,4,0.2,23,0.2,294,10,0.1,0,0.260819149223548
25,2,4,0.2,23,0.2,294,10,0.1,0,-0.0210072038360762
25,2,4,0.2,23,0.2,294,10,0.1,0,-0.0336067751022906
25,2,4,0.2,23,0.2,294,10,0.1,0,-0.038397057320146
25,2,4,0.2,23,0.2,294,10,0.1,0,1.39575705351127
25,2,4,0.2,23,0.2,294,10,0.1,0,0.18204802637147
25,2,4,0.2,23,0.2,294,10,0.1,0,0.0647409107064087
25,2,4,0.2,23,0.2,294,10,0.1,0,-0.231914235201914
25,2,4,0.2,23,0.2,294,10,0.1,0,0
25,2,4,0.2,23,0.2,294,10,0.1,0,-0.0236473628813538
25,2,4,0.2,23,0.2,294,10,0.1,0,-0.571061890837845
25,2,4,0.2,23,0.2,294,10,0.1,0,-0.0107385666611838
25,2,4,0.2,23,0.2,294,10,0.1,0,-0.113396568621889
25,2,4,0.2,23,0.2,294,10,0.1,0,-3.85264313093234e-24
25,2,4,0.2,23,0.2,294,10,0.1,0,1.98416542706492
25,2,4,0.2,23,0.2,294,10,0.1,0,-0.0531712321904812
25,2,4,0.2,23,0.2,294,10,0.1,0,-0.191013929287085
25,2,4,0.2,23,0.2,294,10,0.1,0,-1.08849397932954
25,2,4,0.2,23,0.2,294,10,0.1,0,0.11130319206121
25,2,4,0.2,23,0.2,294,10,0.1,0,-0.409072127754642
25,2,4,0.2,23,0.2,294,10,0.1,0,0
25,2,4,0.2,23,0.2,294,10,0.1,0,-0.167293041841745
25,2,4,0.2,23,0.2,294,10,0.1,0,6.7457236271299e-24
25,2,4,0.2,23,0.2,294,10,0.1,0,0
25,2,4,0.2,23,0.2,294,10,0.1,0,0.426707574745593
25,2,4,0.2,23,0.2,294,10,0.1,0,-0.00968042350710029
25,2,4,0.2,23,0.2,294,10,0.1,0,0.0130871257236927
25,2,4,0.2,23,0.2,294,10,0.1,0,-0.00502707719313093
25,2,4,0.2,23,0.2,294,10,0.1,0,0.0654020212203134
25,2,4,0.2,23,0.2,294,10,0.1,0,-0.124110566509411
25,2,4,0.2,23,0.2,294,10,0.1,0,9.81097157902606e-25
25,2,4,0.2,23,0.2,294,10,0.1,0,0.356023783565103
25,2,4,0.2,23,0.2,294,10,0.1,0,-0.545842426634084
25,2,4,0.2,23,0.2,294,10,0.1,0,0.925035649888447
25,2,4,0.2,23,0.2,294,10,0.1,0,0.298292459396534
25,2,4,0.2,23,0.2,294,10,0.1,0,6.53351710650353e-06
25,2,4,0.2,23,0.2,294,10,0.1,0,-0.126234899899123
25,2,4,0.2,23,0.2,294,10,0.1,0,-0.163577460422062
25,2,4,0.2,23,0.2,294,10,0.1,0,-0.0802586042219883
25,2,4,0.2,23,0.2,294,10,0.1,0,2.62267820843825e-25
25,2,4,0.2,23,0.2,294,10,0.1,0,0.252666644824661
25,2,4,0.2,23,0.2,294,10,0.1,0,0.0683814294119288
25,2,4,0.2,23,0.2,294,10,0.1,0,-0.152509776032175
25,2,4,0.2,23,0.2,294,10,0.1,0,0.0898918536702775
25,2,4,0.2,23,0.2,294,10,0.1,0,0
25,2,4,0.2,23,0.2,294,10,0.1,0,-0.910287187657973
25,2,4,0.2,23,0.2,294,10,0.1,0,0.0414045538463712
25,2,4,0.2,23,0.2,294,10,0.1,0,-1.10082241099432
25,2,4,0.2,23,0.2,294,10,0.1,0,0
25,2,4,0.2,23,0.2,294,10,0.1,0,0
25,2,4,0.2,23,0.2,294,10,0.1,0,0
25,2,4,0.2,23,0.2,294,10,0.1,0,-0.00437211571816608
25,2,4,0.2,23,0.2,294,10,0.1,0,-0.193314348112079
25,2,4,0.2,23,0.2,294,10,0.1,0,-0.209190745669067
25,2,4,0.2,23,0.2,294,10,0.1,0,-0.395195352161911
25,2,4,0.2,23,0.2,294,10,0.1,0,0.0638815256206732
25,2,4,0.2,23,0.2,294,10,0.1,0,0
25,2,4,0.2,23,0.2,294,10,0.1,0,1.61052578451584
25,2,4,0.2,23,0.2,294,10,0.1,0,0.599584130100698
25,2,4,0.2,23,0.2,294,10,0.1,0,-0.147695786004085
25,2,4,0.2,23,0.2,294,10,0.1,0,5.9645534642988e-25
25,2,4,0.2,23,0.2,294,10,0.1,0,-0.157544333118726
25,2,4,0.2,23,0.2,294,10,0.1,0,0.0776195283158865
25,2,4,0.2,23,0.2,294,10,0.1,0,-0.265959258028163
25,2,4,0.2,23,0.2,294,10,0.1,0,0.0883058387845877
25,2,4,0.2,23,0.2,294,10,0.1,0,0
25,2,4,0.2,23,0.2,294,10,0.1,0,0.550051420420451
25,2,4,0.2,23,0.2,294,10,0.1,0,-0.535885628462026
25,2,4,0.2,23,0.2,294,10,0.1,0,1.35873658892142e-24
25,2,4,0.2,23,0.2,294,10,0.1,0,0.54851181419123
25,2,4,0.2,23,0.2,294,10,0.1,0,1.43910903081027
25,2,4,0.2,23,0.2,294,10,0.1,0,0.0244383580591475
25,2,4,0.2,23,0.2,294,10,0.1,0,0.0384111936271645
25,2,4,0.2,23,0.2,294,10,0.1,0,0
25,2,4,0.2,23,0.2,294,10,0.1,0,-0.0119681264715058
25,2,4,0.2,23,0.2,294,10,0.1,0,-0.00424550952166669
25,2,4,0.2,23,0.2,294,10,0.1,0,0.0868621783082284
25,2,4,0.2,23,0.2,294,10,0.1,0,-0.0374001614487147
25,2,4,0.2,23,0.2,294,10,0.1,0,0.0319735057903975
25,2,4,0.2,23,0.2,294,10,0.1,0,0.173608188280297
25,2,4,0.2,23,0.2,294,10,0.1,0,0.0175632896820003
25,2,4,0.2,23,0.2,294,10,0.1,0,0.774460953958858
25,2,4,0.2,23,0.2,294,10,0.1,0,0.0568095394746669
25,2,4,0.2,23,0.2,294,10,0.1,0,-0.214079261223401
25,2,4,0.2,23,0.2,294,10,0.1,0,-0.09668529038587
25,2,4,0.2,23,0.2,294,10,0.1,0,0.0868030555544596
25,2,4,0.2,23,0.2,294,10,0.1,0,-0.0145127499219986
25,2,4,0.2,23,0.2,294,10,0.1,0,0.0357265750750595
25,2,4,0.2,23,0.2,294,10,0.1,0,0
25,2,4,0.2,23,0.2,294,10,0.1,0,-0.031901475152859
25,2,4,0.2,23,0.2,294,10,0.1,0,0.0677969161218094
25,2,4,0.2,23,0.2,294,10,0.1,0,0.00238798593662748
25,2,4,0.2,23,0.2,294,10,0.1,0,0.940453137811749
25,2,4,0.2,23,0.2,294,10,0.1,0,0.12072425967559
25,2,4,0.2,23,0.2,294,10,0.1,0,-0.0171084542657127
25,2,4,0.2,23,0.2,294,10,0.1,0,-0.0530934766981285
25,2,4,0.2,23,0.2,294,10,0.1,0,-0.0232677429999364
25,2,4,0.2,23,0.2,294,10,0.1,0,0.44918144953235
25,2,4,0.2,23,0.2,294,10,0.1,0,-0.198060528533564
25,2,4,0.2,23,0.2,294,10,0.1,0,0.0317463472481209
25,2,4,0.2,23,0.2,294,10,0.1,0,0.129574767037484
25,2,4,0.2,23,0.2,294,10,0.1,0,0.0535897547652563
25,2,4,0.2,23,0.2,294,10,0.1,0,0.717717841838217
25,2,4,0.2,23,0.2,294,10,0.1,0,-0.061145806026799
25,2,4,0.2,23,0.2,294,10,0.1,0,0.0336125191252343
25,2,4,0.2,23,0.2,294,10,0.1,0,-2.14370253972227
25,2,4,0.2,23,0.2,294,10,0.1,0,-0.0786888910567003
25,2,4,0.2,23,0.2,294,10,0.1,0,-0.0236905069084732
25,2,4,0.2,23,0.2,294,10,0.1,0,0
25,2,4,0.2,23,0.2,294,10,0.1,0,-0.634251246966457
25,2,4,0.2,23,0.2,294,10,0.1,0,0
25,2,4,0.2,23,0.2,294,10,0.1,0,-0.0114758896280341
25,2,4,0.2,23,0.2,294,10,0.1,0,0.033569751787559
25,2,4,0.2,23,0.2,294,10,0.1,0,0.0494988182867477
25,2,4,0.2,23,0.2,294,10,0.1,0,0.00468544699159436
25,2,4,0.2,23,0.2,294,10,0.1,0,0.0856731819621146
25,2,4,0.2,23,0.2,294,10,0.1,0,0
25,2,4,0.2,23,0.2,294,10,0.1,0,0.0192386646595941
25,2,4,0.2,23,0.2,294,10,0.1,0,0.580019338618246
25,2,4,0.2,23,0.2,294,10,0.1,0,1.70635100112504e-23
25,2,4,0.2,23,0.2,294,10,0.1,0,0.244256597760893
25,2,4,0.2,23,0.2,294,10,0.1,0,0.00216083702546417
25,2,4,0.2,23,0.2,294,10,0.1,0,-0.158006737723771
25,2,4,0.2,23,0.2,294,10,0.1,0,-0.0239096722074607
25,2,4,0.2,23,0.2,294,10,0.1,0,3.12102684733021
25,2,4,0.2,23,0.2,294,10,0.1,0,0
25,2,4,0.2,23,0.2,294,10,0.1,0,0.568257374747169
25,2,4,0.2,23,0.2,294,10,0.1,0,0.0325464194957544
25,2,4,0.2,23,0.2,294,10,0.1,0,0.0690699937790393
25,2,4,0.2,23,0.2,294,10,0.1,0,1.21217685296085e-23
25,2,4,0.2,23,0.2,294,10,0.1,0,-0.105595429643368
25,2,4,0.2,23,0.2,294,10,0.1,0,0.22004525697995
25,2,4,0.2,23,0.2,294,10,0.1,0,-0.378787330052008
25,2,4,0.2,23,0.2,294,10,0.1,0,0.743859424697212
25,2,4,0.2,23,0.2,294,10,0.1,0,0.472951238967124
25,2,4,0.2,23,0.2,294,10,0.1,0,-0.0747651799706269
25,2,4,0.2,23,0.2,294,10,0.1,0,0.753874743302481
25,2,4,0.2,23,0.2,294,10,0.1,0,-0.00586064169230533
25,2,4,0.2,23,0.2,294,10,0.1,0,0.00162225425359911
25,2,4,0.2,23,0.2,294,10,0.1,0,-0.0535721975768684
25,2,4,0.2,23,0.2,294,10,0.1,0,0
25,2,4,0.2,23,0.2,294,10,0.1,0,0
25,2,4,0.2,23,0.2,294,10,0.1,0,0.0322348845896822
25,2,4,0.2,23,0.2,294,10,0.1,0,0
25,2,4,0.2,23,0.2,294,10,0.1,0,-2.11639294952847e-25
25,2,4,0.2,23,0.2,294,10,0.1,0,-0.0147840746705365
25,2,4,0.2,23,0.2,294,10,0.1,0,0
25,2,4,0.2,23,0.2,294,10,0.1,0,0.0518220826647103
25,2,5,0.2,35,0.2,414,10,0.1,1,0
25,2,5,0.2,35,0.2,414,10,0.1,1,-0.667643337728773
25,2,5,0.2,35,0.2,414,10,0.1,1,-0.01189497927335
25,2,5,0.2,35,0.2,414,10,0.1,1,0.0641016404412889
25,2,5,0.2,35,0.2,414,10,0.1,1,0.537114760010005
25,2,5,0.2,35,0.2,414,10,0.1,1,0.0504717276155602
25,2,5,0.2,35,0.2,414,10,0.1,1,3.48017580189003
25,2,5,0.2,35,0.2,414,10,0.1,1,-0.178508250176445
25,2,5,0.2,35,0.2,414,10,0.1,1,-4.03821744870521
25,2,5,0.2,35,0.2,414,10,0.1,1,0.0453211033434124
25,2,5,0.2,35,0.2,414,10,0.1,1,1.44393343725422
25,2,5,0.2,35,0.2,414,10,0.1,1,-0.433712992214225
25,2,5,0.2,35,0.2,414,10,0.1,1,-0.0971470822901615
25,2,5,0.2,35,0.2,414,10,0.1,1,5.63669906519367e-21
25,2,5,0.2,35,0.2,414,10,0.1,1,0.0705645121087754
25,2,5,0.2,35,0.2,414,10,0.1,1,0
25,2,5,0.2,35,0.2,414,10,0.1,1,-0.100155622899001
25,2,5,0.2,35,0.2,414,10,0.1,1,0.0156066737594798
25,2,5,0.2,35,0.2,414,10,0.1,1,-0.00303412841790904
25,2,5,0.2,35,0.2,414,10,0.1,1,0.665188809037632
25,2,5,0.2,35,0.2,414,10,0.1,1,-0.167280769420132
25,2,5,0.2,35,0.2,414,10,0.1,1,0
25,2,5,0.2,35,0.2,414,10,0.1,1,-0.0156584894058407
25,2,5,0.2,35,0.2,414,10,0.1,1,-0.00644483222025981
25,2,5,0.2,35,0.2,414,10,0.1,1,0.687312941663069
25,2,5,0.2,35,0.2,414,10,0.1,1,0.0425381059993074
25,2,5,0.2,35,0.2,414,10,0.1,1,-0.851299753007582
25,2,5,0.2,35,0.2,414,10,0.1,1,0
25,2,5,0.2,35,0.2,414,10,0.1,1,-0.454373189984874
25,2,5,0.2,35,0.2,414,10,0.1,1,-4.41004488749459
25,2,5,0.2,35,0.2,414,10,0.1,1,-1.62713857245012
25,2,5,0.2,35,0.2,414,10,0.1,1,-0.647711403509099
25,2,5,0.2,35,0.2,414,10,0.1,1,-0.351254737502752
25,2,5,0.2,35,0.2,414,10,0.1,1,0
25,2,5,0.2,35,0.2,414,10,0.1,1,0.00965806963823773
25,2,5,0.2,35,0.2,414,10,0.1,0,0.00226048643578616
25,2,5,0.2,35,0.2,414,10,0.1,0,0.0974231738475561
25,2,5,0.2,35,0.2,414,10,0.1,0,0.000635566874289272
25,2,5,0.2,35,0.2,414,10,0.1,0,0.000940709698156238
25,2,5,0.2,35,0.2,414,10,0.1,0,-0.00120436278354541
25,2,5,0.2,35,0.2,414,10,0.1,0,-0.16066609847896
25,2,5,0.2,35,0.2,414,10,0.1,0,1.58056450492676
25,2,5,0.2,35,0.2,414,10,0.1,0,-0.00367822335618982
25,2,5,0.2,35,0.2,414,10,0.1,0,0.0719713174733378
25,2,5,0.2,35,0.2,414,10,0.1,0,-0.181644152798918
25,2,5,0.2,35,0.2,414,10,0.1,0,0.107105204382664
25,2,5,0.2,35,0.2,414,10,0.1,0,3.07462435686874
25,2,5,0.2,35,0.2,414,10,0.1,0,0.00475558383272914
25,2,5,0.2,35,0.2,414,10,0.1,0,0.00612601918357431
25,2,5,0.2,35,0.2,414,10,0.1,0,-0.649737590691446
25,2,5,0.2,35,0.2,414,10,0.1,0,-0.384020809505025
25,2,5,0.2,35,0.2,414,10,0.1,0,0
25,2,5,0.2,35,0.2,414,10,0.1,0,0.0423796954589489
25,2,5,0.2,35,0.2,414,10,0.1,0,-0.0346118947426818
25,2,5,0.2,35,0.2,414,10,0.1,0,-0.177893654690999
25,2,5,0.2,35,0.2,414,10,0.1,0,-0.0071166857733548
25,2,5,0.2,35,0.2,414,10,0.1,0,0.00398603602781043
25,2,5,0.2,35,0.2,414,10,0.1,0,0
25,2,5,0.2,35,0.2,414,10,0.1,0,-0.00113955746399948
25,2,5,0.2,35,0.2,414,10,0.1,0,0.0211240045575049
25,2,5,0.2,35,0.2,414,10,0.1,0,0.553535374403759
25,2,5,0.2,35,0.2,414,10,0.1,0,-0.177100967050457
25,2,5,0.2,35,0.2,414,10,0.1,0,0.0551531691582626
25,2,5,0.2,35,0.2,414,10,0.1,0,-0.597245547894353
25,2,5,0.2,35,0.2,414,10,0.1,0,-0.606680612268178
25,2,5,0.2,35,0.2,414,10,0.1,0,-0.0137048326240035
25,2,5,0.2,35,0.2,414,10,0.1,0,-1.3190920461506
25,2,5,0.2,35,0.2,414,10,0.1,0,-0.00477375474534273
25,2,5,0.2,35,0.2,414,10,0.1,0,0.0584490906499447
25,2,5,0.2,35,0.2,414,10,0.1,0,0.415659302966163
25,2,5,0.2,35,0.2,414,10,0.1,0,-1.81412867956112
25,2,5,0.2,35,0.2,414,10,0.1,0,-0.000225966513892183
25,2,5,0.2,35,0.2,414,10,0.1,0,0.350038458643431
25,2,5,0.2,35,0.2,414,10,0.1,0,-3.46311693757748
25,2,5,0.2,35,0.2,414,10,0.1,0,2.06667900035192
25,2,5,0.2,35,0.2,414,10,0.1,0,0.0592053288273784
25,2,5,0.2,35,0.2,414,10,0.1,0,-0.145456107746611
25,2,5,0.2,35,0.2,414,10,0.1,0,0.219424397816417
25,2,5,0.2,35,0.2,414,10,0.1,0,0.0582217895660214
25,2,5,0.2,35,0.2,414,10,0.1,0,0.0392340302375877
25,2,5,0.2,35,0.2,414,10,0.1,0,0.0877130569935051
25,2,5,0.2,35,0.2,414,10,0.1,0,0.0496612541121669
25,2,5,0.2,35,0.2,414,10,0.1,0,-0.608056140053009
25,2,5,0.2,35,0.2,414,10,0.1,0,-0.00868710842195328
25,2,5,0.2,35,0.2,414,10,0.1,0,0.639116482961018
25,2,5,0.2,35,0.2,414,10,0.1,0,0.00687801014540654
25,2,5,0.2,35,0.2,414,10,0.1,0,-0.422367973050015
25,2,5,0.2,35,0.2,414,10,0.1,0,-0.0197075095942966
25,2,5,0.2,35,0.2,414,10,0.1,0,-0.189807782388557
25,2,5,0.2,35,0.2,414,10,0.1,0,0.0702398324103582
25,2,5,0.2,35,0.2,414,10,0.1,0,-0.000277993844172174
25,2,5,0.2,35,0.2,414,10,0.1,0,0.0332872555903571
25,2,5,0.2,35,0.2,414,10,0.1,0,0.0341035726824515
25,2,5,0.2,35,0.2,414,10,0.1,0,-0.00935100938344027
25,2,5,0.2,35,0.2,414,10,0.1,0,-0.0109913063868686
25,2,5,0.2,35,0.2,414,10,0.1,0,0.386872558708716
25,2,5,0.2,35,0.2,414,10,0.1,0,-0.331828418884362
25,2,5,0.2,35,0.2,414,10,0.1,0,0.0120476368237403
25,2,5,0.2,35,0.2,414,10,0.1,0,0.00412408094180951
25,2,5,0.2,35,0.2,414,10,0.1,0,0
25,2,5,0.2,35,0.2,414,10,0.1,0,-0.0115392454146973
25,2,5,0.2,35,0.2,414,10,0.1,0,-0.00816232932557332
25,2,5,0.2,35,0.2,414,10,0.1,0,0.0498332605750176
25,2,5,0.2,35,0.2,414,10,0.1,0,-1.14674417230712
25,2,5,0.2,35,0.2,414,10,0.1,0,2.95237767373281
25,2,5,0.2,35,0.2,414,10,0.1,0,0.258786828122299
25,2,5,0.2,35,0.2,414,10,0.1,0,0.116040169601562
25,2,5,0.2,35,0.2,414,10,0.1,0,0.0965480902692512
25,2,5,0.2,35,0.2,414,10,0.1,0,0.0794522840559347
25,2,5,0.2,35,0.2,414,10,0.1,0,-0.0127281820195242
25,2,5,0.2,35,0.2,414,10,0.1,0,-0.0140380127507115
25,2,5,0.2,35,0.2,414,10,0.1,0,2.13805094218652
25,2,5,0.2,35,0.2,414,10,0.1,0,-0.0549149333971904
25,2,5,0.2,35,0.2,414,10,0.1,0,0.171934962421834
25,2,5,0.2,35,0.2,414,10,0.1,0,-0.00426860798400928
25,2,5,0.2,35,0.2,414,10,0.1,0,-0.120275109234999
25,2,5,0.2,35,0.2,414,10,0.1,0,-4.85279311092733e-22
25,2,5,0.2,35,0.2,414,10,0.1,0,0.00166763201416947
25,2,5,0.2,35,0.2,414,10,0.1,0,0
25,2,5,0.2,35,0.2,414,10,0.1,0,0.13475528877027
25,2,5,0.2,35,0.2,414,10,0.1,0,-6.12490781576115e-21
25,2,5,0.2,35,0.2,414,10,0.1,0,0.916823994358324
25,2,5,0.2,35,0.2,414,10,0.1,0,-0.0857964208190573
25,2,5,0.2,35,0.2,414,10,0.1,0,-0.16180486506278
25,2,5,0.2,35,0.2,414,10,0.1,0,1.09615757830544
25,2,5,0.2,35,0.2,414,10,0.1,0,0.0143946801539999
25,2,5,0.2,35,0.2,414,10,0.1,0,0.0015396042933397
25,2,5,0.2,35,0.2,414,10,0.1,0,0.0275003514096458
25,2,5,0.2,35,0.2,414,10,0.1,0,-0.493854765996459
25,2,5,0.2,35,0.2,414,10,0.1,0,0.846132681919251
25,2,5,0.2,35,0.2,414,10,0.1,0,-0.000349850764261517
25,2,5,0.2,35,0.2,414,10,0.1,0,-0.00762731107824308
25,2,5,0.2,35,0.2,414,10,0.1,0,0.0642203096129505
25,2,5,0.2,35,0.2,414,10,0.1,0,-0.00974555996059527
25,2,5,0.2,35,0.2,414,10,0.1,0,0.174401197751755
25,2,5,0.2,35,0.2,414,10,0.1,0,-0.0142794627305471
25,2,5,0.2,35,0.2,414,10,0.1,0,0.630849213568812
25,2,5,0.2,35,0.2,414,10,0.1,0,-0.36757907900749
25,2,5,0.2,35,0.2,414,10,0.1,0,0.118107808558391
25,2,5,0.2,35,0.2,414,10,0.1,0,0.0915260714933784
25,2,5,0.2,35,0.2,414,10,0.1,0,-0.0126922808720342
25,2,5,0.2,35,0.2,414,10,0.1,0,-0.0903986561106937
25,2,5,0.2,35,0.2,414,10,0.1,0,-0.731451417140061
25,2,5,0.2,35,0.2,414,10,0.1,0,1.14876899505106
25,2,5,0.2,35,0.2,414,10,0.1,0,0.117253753139556
25,2,5,0.2,35,0.2,414,10,0.1,0,0.0138470188630148
25,2,5,0.2,35,0.2,414,10,0.1,0,-0.172782845556778
25,2,5,0.2,35,0.2,414,10,0.1,0,0.178574202105017
25,2,5,0.2,35,0.2,414,10,0.1,0,0.05898356418224
25,2,5,0.2,35,0.2,414,10,0.1,0,0.54115676278584
25,2,5,0.2,35,0.2,414,10,0.1,0,-0.163675342540577
25,2,5,0.2,35,0.2,414,10,0.1,0,-0.00939933887352279
25,2,5,0.2,35,0.2,414,10,0.1,0,-0.00462900237439516
25,2,5,0.2,35,0.2,414,10,0.1,0,0
25,2,5,0.2,35,0.2,414,10,0.1,0,0.0321875101499497
25,2,5,0.2,35,0.2,414,10,0.1,0,0.619621321940492
25,2,5,0.2,35,0.2,414,10,0.1,0,-0.490245027726217
25,2,5,0.2,35,0.2,414,10,0.1,0,0.0088043615795435
25,2,5,0.2,35,0.2,414,10,0.1,0,-0.276633487477459
25,2,5,0.2,35,0.2,414,10,0.1,0,-0.175482356924913
25,2,5,0.2,35,0.2,414,10,0.1,0,0.0386876408525715
25,2,5,0.2,35,0.2,414,10,0.1,0,-0.1176703470935
25,2,5,0.2,35,0.2,414,10,0.1,0,0
25,2,5,0.2,35,0.2,414,10,0.1,0,-0.00680251801398608
25,2,5,0.2,35,0.2,414,10,0.1,0,0.24457401701546
25,2,5,0.2,35,0.2,414,10,0.1,0,-0.144762444215944
25,2,5,0.2,35,0.2,414,10,0.1,0,0
25,2,5,0.2,35,0.2,414,10,0.1,0,0.00920229157043482
25,2,5,0.2,35,0.2,414,10,0.1,0,-0.211502307182994
25,2,5,0.2,35,0.2,414,10,0.1,0,0.0274751852703643
25,2,5,0.2,35,0.2,414,10,0.1,0,1.25239319603886
25,2,5,0.2,35,0.2,414,10,0.1,0,-0.24796935260796
25,2,5,0.2,35,0.2,414,10,0.1,0,-0.109261141168947
25,2,5,0.2,35,0.2,414,10,0.1,0,-0.00106189152055011
25,2,5,0.2,35,0.2,414,10,0.1,0,-0.0306248180276073
25,2,5,0.2,35,0.2,414,10,0.1,0,-0.00287728730555045
25,2,5,0.2,35,0.2,414,10,0.1,0,0.129575714447319
25,2,5,0.2,35,0.2,414,10,0.1,0,-0.114854796391047
25,2,5,0.2,35,0.2,414,10,0.1,0,1.31365233435612
25,2,5,0.2,35,0.2,414,10,0.1,0,-0.0350382474482969
25,2,5,0.2,35,0.2,414,10,0.1,0,1.60092029517325
25,2,5,0.2,35,0.2,414,10,0.1,0,0.445221125729945
25,2,5,0.2,35,0.2,414,10,0.1,0,-0.0260395492100908
25,2,5,0.2,35,0.2,414,10,0.1,0,0.0257373164928328
25,2,5,0.2,35,0.2,414,10,0.1,0,0.128473632329966
25,2,5,0.2,35,0.2,414,10,0.1,0,0.344764451912057
25,2,5,0.2,35,0.2,414,10,0.1,0,-0.0359610844335741
25,2,5,0.2,35,0.2,414,10,0.1,0,-0.111503744371573
25,2,5,0.2,35,0.2,414,10,0.1,0,0.00621103651607139
25,2,5,0.2,35,0.2,414,10,0.1,0,-0.202685149831864
25,2,5,0.2,35,0.2,414,10,0.1,0,0
25,2,5,0.2,35,0.2,414,10,0.1,0,0.221437060432207
25,2,5,0.2,35,0.2,414,10,0.1,0,1.06066035245161
25,2,5,0.2,35,0.2,414,10,0.1,0,0.300911164243084
25,2,5,0.2,35,0.2,414,10,0.1,0,0.0747458004435006
25,2,5,0.2,35,0.2,414,10,0.1,0,0.123991152816866
25,2,5,0.2,35,0.2,414,10,0.1,0,0.244029014811026
25,2,5,0.2,35,0.2,414,10,0.1,0,-0.103174153665797
25,2,5,0.2,35,0.2,414,10,0.1,0,-0.0133690327160811
25,2,5,0.2,35,0.2,414,10,0.1,0,-2.16907216525214
25,2,5,0.2,35,0.2,414,10,0.1,0,-0.00116624581415076
25,2,5,0.2,35,0.2,414,10,0.1,0,0.0120815327510649
25,2,5,0.2,35,0.2,414,10,0.1,0,0.10407782922864
25,2,5,0.2,35,0.2,414,10,0.1,0,-0.0504801503551419
25,2,5,0.2,35,0.2,414,10,0.1,0,0.00227639284990799
25,2,5,0.2,35,0.2,414,10,0.1,0,-0.0953859467313788
25,2,5,0.2,35,0.2,414,10,0.1,0,-0.0237465295766183
25,2,5,0.2,35,0.2,414,10,0.1,0,0.0153238758777398
25,2,5,0.2,35,0.2,414,10,0.1,0,0.230691887275105
25,2,5,0.2,35,0.2,414,10,0.1,0,0.0142988571609516
25,2,5,0.2,35,0.2,414,10,0.1,0,0.315648881109881
25,2,5,0.2,35,0.2,414,10,0.1,0,0
25,2,5,0.2,35,0.2,414,10,0.1,0,0.0511570326691808
25,2,5,0.2,35,0.2,414,10,0.1,0,0.15618507874617
25,2,5,0.2,35,0.2,414,10,0.1,0,0.257699638565973
25,2,5,0.2,35,0.2,414,10,0.1,0,-0.894353492481949
25,2,5,0.2,35,0.2,414,10,0.1,0,0.00657729625332029
25,2,5,0.2,35,0.2,414,10,0.1,0,1.3147677857984
25,2,5,0.2,35,0.2,414,10,0.1,0,2.98771396246492e-20
25,2,5,0.2,35,0.2,414,10,0.1,0,0.0158409209793079
25,2,5,0.2,35,0.2,414,10,0.1,0,0.152811453235935
25,2,5,0.2,35,0.2,414,10,0.1,0,0
25,2,5,0.2,35,0.2,414,10,0.1,0,-0.154079047754827
25,2,5,0.2,35,0.2,414,10,0.1,0,0
25,2,5,0.2,35,0.2,414,10,0.1,0,0.185557151959145
25,2,5,0.2,35,0.2,414,10,0.1,0,-0.0727086584488678
25,2,5,0.2,35,0.2,414,10,0.1,0,0.158100268251202
25,2,5,0.2,35,0.2,414,10,0.1,0,0
25,2,5,0.2,35,0.2,414,10,0.1,0,0.0238537903506613
25,2,5,0.2,35,0.2,414,10,0.1,0,0.0390814789423877
25,2,5,0.2,35,0.2,414,10,0.1,0,0.0555172718906747
25,2,5,0.2,35,0.2,414,10,0.1,0,-0.0705634614126079
25,2,5,0.2,35,0.2,414,10,0.1,0,-0.0221739330105569
25,2,5,0.2,35,0.2,414,10,0.1,0,0
25,2,5,0.2,35,0.2,414,10,0.1,0,0.0549093439901768
25,2,5,0.2,35,0.2,414,10,0.1,0,0.0065301815259189
25,2,5,0.2,35,0.2,414,10,0.1,0,-0.473859184801532
25,2,5,0.2,35,0.2,414,10,0.1,0,0.00717578864742967
25,2,5,0.2,35,0.2,414,10,0.1,0,-0.00249764452301531
25,2,5,0.2,35,0.2,414,10,0.1,0,0.22649234819069
25,2,5,0.2,35,0.2,414,10,0.1,0,0.00589861518388731
25,2,5,0.2,35,0.2,414,10,0.1,0,0.00206184406723745
25,2,5,0.2,35,0.2,414,10,0.1,0,-0.0949093863607367
25,2,5,0.2,35,0.2,414,10,0.1,0,0.555798735700004
25,2,5,0.2,35,0.2,414,10,0.1,0,0.064613481822086
25,2,5,0.2,35,0.2,414,10,0.1,0,-0.193999017416631
25,2,5,0.2,35,0.2,414,10,0.1,0,-0.599479155975166
25,2,5,0.2,35,0.2,414,10,0.1,0,0.0693597854596184
25,2,5,0.2,35,0.2,414,10,0.1,0,-0.000652067096592004
25,2,5,0.2,35,0.2,414,10,0.1,0,-0.323217054957999
25,2,5,0.2,35,0.2,414,10,0.1,0,0.148213659129827
25,2,5,0.2,35,0.2,414,10,0.1,0,-0.00095851410549726
25,2,5,0.2,35,0.2,414,10,0.1,0,0.13010010274368
25,2,5,0.2,35,0.2,414,10,0.1,0,-0.0860682884059222
25,2,5,0.2,35,0.2,414,10,0.1,0,-0.0584963659243622
25,2,5,0.2,35,0.2,414,10,0.1,0,0
25,2,5,0.2,35,0.2,414,10,0.1,0,-0.0945682380392872
25,2,5,0.2,35,0.2,414,10,0.1,0,-0.0084758545433339
25,2,5,0.2,35,0.2,414,10,0.1,0,0.0883340737416211
25,2,5,0.2,35,0.2,414,10,0.1,0,0
25,2,5,0.2,35,0.2,414,10,0.1,0,-0.0813502592647096
25,2,5,0.2,35,0.2,414,10,0.1,0,-0.507375528043125
25,2,5,0.2,35,0.2,414,10,0.1,0,0.108778863227505
25,2,5,0.2,35,0.2,414,10,0.1,0,0.193112034838173
25,2,5,0.2,35,0.2,414,10,0.1,0,-0.0128396560966751
25,2,5,0.2,35,0.2,414,10,0.1,0,0
25,2,5,0.2,35,0.2,414,10,0.1,0,-0.00675888360344986
25,2,5,0.2,35,0.2,414,10,0.1,0,0.084546606927389
25,2,5,0.2,35,0.2,414,10,0.1,0,0.0517276870007934
25,2,5,0.2,35,0.2,414,10,0.1,0,0.0123927098439371
25,2,5,0.2,35,0.2,414,10,0.1,0,0.000238456206967324
25,2,5,0.2,35,0.2,414,10,0.1,0,0
25,2,5,0.2,35,0.2,414,10,0.1,0,0.284835509740241
25,2,5,0.2,35,0.2,414,10,0.1,0,0.0346268475041795
25,2,5,0.2,35,0.2,414,10,0.1,0,-0.0126983184593467
25,2,5,0.2,35,0.2,414,10,0.1,0,0.123760386600738
25,2,5,0.2,35,0.2,414,10,0.1,0,-0.214134249641585
25,2,5,0.2,35,0.2,414,10,0.1,0,0.0172983262031432
25,2,5,0.2,35,0.2,414,10,0.1,0,0.186470008501715
25,2,5,0.2,35,0.2,414,10,0.1,0,-2.24166356875574
25,2,5,0.2,35,0.2,414,10,0.1,0,0.0790590161629942
25,2,5,0.2,35,0.2,414,10,0.1,0,0.0753298835112873
25,2,5,0.2,35,0.2,414,10,0.1,0,0.253781270336385
25,2,5,0.2,35,0.2,414,10,0.1,0,0.219175492336671
25,2,5,0.2,35,0.2,414,10,0.1,0,0.168971998283954
25,2,5,0.2,35,0.2,414,10,0.1,0,0.100285900572784
25,2,5,0.2,35,0.2,414,10,0.1,0,0.130316957915875
25,2,5,0.2,35,0.2,414,10,0.1,0,-0.0307231059282605
25,2,5,0.2,35,0.2,414,10,0.1,0,-0.0166069432461577
25,2,5,0.2,35,0.2,414,10,0.1,0,-0.918106998454727
25,2,5,0.2,35,0.2,414,10,0.1,0,0.0416355113905571
25,2,5,0.2,35,0.2,414,10,0.1,0,-0.0912976040651296
25,2,5,0.2,35,0.2,414,10,0.1,0,-0.0901157598819626
25,2,5,0.2,35,0.2,414,10,0.1,0,0.0979411852788276
25,2,5,0.2,35,0.2,414,10,0.1,0,0.629835034112576
25,2,5,0.2,35,0.2,414,10,0.1,0,0.183944209172293
25,2,5,0.2,35,0.2,414,10,0.1,0,0.00916501359208703
25,2,5,0.2,35,0.2,414,10,0.1,0,0.0305133541723314
25,2,5,0.2,35,0.2,414,10,0.1,0,0.0539736218569152
25,2,5,0.2,35,0.2,414,10,0.1,0,0.210075908278649
25,2,5,0.2,35,0.2,414,10,0.1,0,0.465717361136613
25,2,5,0.2,35,0.2,414,10,0.1,0,0.00193722093925068
25,2,5,0.2,35,0.2,414,10,0.1,0,-0.125814285084977
25,2,5,0.2,35,0.2,414,10,0.1,0,0.105427819569948
25,2,5,0.2,35,0.2,414,10,0.1,0,0.100858076758025
25,2,5,0.2,35,0.2,414,10,0.1,0,-0.0472727517612025
25,2,5,0.2,35,0.2,414,10,0.1,0,-0.0427960993511018
25,2,5,0.2,35,0.2,414,10,0.1,0,0.0273931915433506
25,2,5,0.2,35,0.2,414,10,0.1,0,-3.42388323850193
25,2,5,0.2,35,0.2,414,10,0.1,0,-0.468842890478153
25,2,5,0.2,35,0.2,414,10,0.1,0,0.129737395917685
25,2,5,0.2,35,0.2,414,10,0.1,0,-0.0679398669393216
25,2,5,0.2,35,0.2,414,10,0.1,0,-0.166630033546811
25,2,5,0.2,35,0.2,414,10,0.1,0,0.00288579366765383
25,2,5,0.2,35,0.2,414,10,0.1,0,-1.59401513222913
25,2,5,0.2,35,0.2,414,10,0.1,0,0
25,2,5,0.2,35,0.2,414,10,0.1,0,-0.0561693523244584
25,2,5,0.2,35,0.2,414,10,0.1,0,-0.00110899009979564
25,2,5,0.2,35,0.2,414,10,0.1,0,0.00542403420458936
25,2,5,0.2,35,0.2,414,10,0.1,0,0
25,2,5,0.2,35,0.2,414,10,0.1,0,0
25,2,5,0.2,35,0.2,414,10,0.1,0,0.065712704071634
25,2,5,0.2,35,0.2,414,10,0.1,0,0.00989588056299205
25,2,5,0.2,35,0.2,414,10,0.1,0,-0.0186916829587333
25,2,5,0.2,35,0.2,414,10,0.1,0,0.470111935606953
25,2,5,0.2,35,0.2,414,10,0.1,0,-0.0579475182936472
25,2,5,0.2,35,0.2,414,10,0.1,0,0.0144003379363251
25,2,5,0.2,35,0.2,414,10,0.1,0,0.0960792259797108
25,2,5,0.2,35,0.2,414,10,0.1,0,-0.0992464056377771
25,2,5,0.2,35,0.2,414,10,0.1,0,0.0342287117388285
25,2,5,0.2,35,0.2,414,10,0.1,0,-0.157479856650541
25,2,5,0.2,35,0.2,414,10,0.1,0,-0.0875071499356627
25,2,5,0.2,35,0.2,414,10,0.1,0,0.0331643772396965
25,2,5,0.2,35,0.2,414,10,0.1,0,0.000274855866788173
25,2,5,0.2,35,0.2,414,10,0.1,0,0.0299370144740203
25,2,5,0.2,35,0.2,414,10,0.1,0,0.0763057393055063
25,2,5,0.2,35,0.2,414,10,0.1,0,0.0372945558177738
25,2,5,0.2,35,0.2,414,10,0.1,0,0.0669070033284162
25,2,5,0.2,35,0.2,414,10,0.1,0,0.551074949914631
25,2,5,0.2,35,0.2,414,10,0.1,0,-0.193393602736845
25,2,5,0.2,35,0.2,414,10,0.1,0,0.0186026125129444
25,2,5,0.2,35,0.2,414,10,0.1,0,-0.0354931607341816
25,2,5,0.2,35,0.2,414,10,0.1,0,-0.000825401126555754
25,2,5,0.2,35,0.2,414,10,0.1,0,0.765642592961245
25,2,5,0.2,35,0.2,414,10,0.1,0,0
25,2,5,0.2,35,0.2,414,10,0.1,0,0.00421721205448546
25,2,5,0.2,35,0.2,414,10,0.1,0,-0.0532958150577445
25,2,5,0.2,35,0.2,414,10,0.1,0,0.477488205691983
25,2,5,0.2,35,0.2,414,10,0.1,0,0.008781825541854
25,2,5,0.2,35,0.2,414,10,0.1,0,0.264570925022868
25,2,5,0.2,35,0.2,414,10,0.1,0,0.0314522616352417
25,2,5,0.2,35,0.2,414,10,0.1,0,0.445554110065301
25,2,5,0.2,35,0.2,414,10,0.1,0,0.000410686446196916
25,2,5,0.2,35,0.2,414,10,0.1,0,-0.0619676862942514
25,2,5,0.2,35,0.2,414,10,0.1,0,0.361004078130924
25,2,5,0.2,35,0.2,414,10,0.1,0,-0.0125845958194366
25,2,5,0.2,35,0.2,414,10,0.1,0,0.575272246253556
25,2,5,0.2,35,0.2,414,10,0.1,0,-0.0262850943796025
25,2,5,0.2,35,0.2,414,10,0.1,0,0.0267439328678348
25,2,5,0.2,35,0.2,414,10,0.1,0,0.219021678375471
25,2,5,0.2,35,0.2,414,10,0.1,0,0.826414175524633
25,2,5,0.2,35,0.2,414,10,0.1,0,-0.000156412630645538
25,2,5,0.2,35,0.2,414,10,0.1,0,-0.000119094407526541
25,2,5,0.2,35,0.2,414,10,0.1,0,-0.124770886381502
25,2,5,0.2,35,0.2,414,10,0.1,0,0.137068541063374
25,2,5,0.2,35,0.2,414,10,0.1,0,0.027775890806334
25,2,5,0.2,35,0.2,414,10,0.1,0,0.0972304354201661
25,2,5,0.2,35,0.2,414,10,0.1,0,-0.0187057600249268
25,2,5,0.2,35,0.2,414,10,0.1,0,-7.56614218955108
25,2,5,0.2,35,0.2,414,10,0.1,0,-0.330840644295834
25,2,5,0.2,35,0.2,414,10,0.1,0,0.018900848325343
25,2,5,0.2,35,0.2,414,10,0.1,0,1.41516178708132
25,2,5,0.2,35,0.2,414,10,0.1,0,0.0136642109032313
25,2,5,0.2,35,0.2,414,10,0.1,0,-0.111567982837586
25,2,5,0.2,35,0.2,414,10,0.1,0,0.00296283821161739
25,2,5,0.2,35,0.2,414,10,0.1,0,0.539551854055584
25,2,5,0.2,35,0.2,414,10,0.1,0,-0.024139174484416
25,2,5,0.2,35,0.2,414,10,0.1,0,0.646403633175197
25,2,5,0.2,35,0.2,414,10,0.1,0,-0.0249740794738396
25,2,5,0.2,35,0.2,414,10,0.1,0,-0.107027642924803
25,2,5,0.2,35,0.2,414,10,0.1,0,0
25,2,5,0.2,35,0.2,414,10,0.1,0,-0.412889954363653
25,2,5,0.2,35,0.2,414,10,0.1,0,0.343460739899155
25,2,5,0.2,35,0.2,414,10,0.1,0,0.16182033320599
25,2,5,0.2,35,0.2,414,10,0.1,0,0.255910888750867
25,2,5,0.2,35,0.2,414,10,0.1,0,0.0312623599007722
25,2,5,0.2,35,0.2,414,10,0.1,0,0.112554795170934
25,2,5,0.2,35,0.2,414,10,0.1,0,0
25,2,5,0.2,35,0.2,414,10,0.1,0,-0.00103076276481181
25,2,5,0.2,35,0.2,414,10,0.1,0,-0.958379440059954
25,2,5,0.2,35,0.2,414,10,0.1,0,-0.109069302773862
25,2,5,0.2,35,0.2,414,10,0.1,0,-0.0758376434446436
25,2,5,0.2,35,0.2,414,10,0.1,0,0.270387159884965
25,2,5,0.2,35,0.2,414,10,0.1,0,-0.00281305679258447
25,2,5,0.2,35,0.2,414,10,0.1,0,-0.00332566088249363
25,2,5,0.2,35,0.2,414,10,0.1,0,-2.91935111826047e-21
25,2,5,0.2,35,0.2,414,10,0.1,0,0.0366509294724352
25,2,5,0.2,35,0.2,414,10,0.1,0,0.412294045548647
25,2,5,0.2,35,0.2,414,10,0.1,0,0.0254744527988696
25,2,5,0.2,35,0.2,414,10,0.1,0,0.00188424449129085
25,2,5,0.2,35,0.2,414,10,0.1,0,0.742002572525502
25,2,5,0.2,35,0.2,414,10,0.1,0,0.152833567959726
25,2,5,0.2,35,0.2,414,10,0.1,0,0.0922634907644961
25,2,5,0.2,35,0.2,414,10,0.1,0,0
25,2,5,0.2,35,0.2,414,10,0.1,0,-0.000600786726845741
25,2,5,0.2,35,0.2,414,10,0.1,0,-0.0186890760697587
25,2,5,0.2,35,0.2,414,10,0.1,0,-0.0529494552035607
25,2,5,0.2,35,0.2,414,10,0.1,0,0.169066658317856
25,2,5,0.2,35,0.2,414,10,0.1,0,0.0143541429595963
25,2,5,0.2,35,0.2,414,10,0.1,0,-0.0850737722710547
25,2,5,0.2,35,0.2,414,10,0.1,0,-0.00982614910434465
25,2,5,0.2,35,0.2,414,10,0.1,0,0.50071454858644
25,2,5,0.2,35,0.2,414,10,0.1,0,0.433054439006962
25,2,5,0.2,35,0.2,414,10,0.1,0,0.0963250042854968
25,2,5,0.2,35,0.2,414,10,0.1,0,-0.294947848495487
25,2,5,0.2,35,0.2,414,10,0.1,0,0
25,2,5,0.2,35,0.2,414,10,0.1,0,0.30520362009032
25,2,5,0.2,35,0.2,414,10,0.1,0,0.181627408794681
25,2,5,0.2,35,0.2,414,10,0.1,0,-0.343858328660828
25,2,5,0.2,35,0.2,414,10,0.1,0,-0.000270278990363494
25,2,5,0.2,35,0.2,414,10,0.1,0,-0.0509227826353436
25,2,5,0.2,35,0.2,414,10,0.1,0,-0.207436310878233
25,2,5,0.2,35,0.2,414,10,0.1,0,-0.0212560880447268
25,2,5,0.2,35,0.2,414,10,0.1,0,-0.00231397248383029
25,2,5,0.2,35,0.2,414,10,0.1,0,-0.026743726523684
25,2,5,0.2,35,0.2,414,10,0.1,0,-0.135094460241123
25,2,5,0.2,35,0.2,414,10,0.1,0,0.200204345082467
25,2,5,0.2,35,0.2,414,10,0.1,0,-0.072402711370379
25,2,5,0.2,35,0.2,414,10,0.1,0,0.0509312604286552
25,2,5,0.2,35,0.2,414,10,0.1,0,0.0119987305505088
25,2,5,0.2,35,0.2,414,10,0.1,0,0.0219236943519724
25,2,5,0.2,35,0.2,414,10,0.1,0,0.21665283772431
25,2,5,0.2,35,0.2,414,10,0.1,0,-1.32330575850587
25,2,5,0.2,35,0.2,414,10,0.1,0,-0.149592861626182
25,2,5,0.2,35,0.2,414,10,0.1,0,-0.0187885475736811
25,2,5,0.2,35,0.2,414,10,0.1,0,-0.0580533691617765
25,2,5,0.2,35,0.2,414,10,0.1,0,0.00363802575560479
25,2,5,0.2,35,0.2,414,10,0.1,0,0.000741068166703399
25,2,5,0.2,35,0.2,414,10,0.1,0,-3.25483802322437
25,2,5,0.2,35,0.2,414,10,0.1,0,0.00927735253328877
25,2,5,0.2,35,0.2,414,10,0.1,0,-5.23719858759173
25,2,5,0.2,35,0.2,414,10,0.1,0,-0.131298940967242
25,2,5,0.2,35,0.2,414,10,0.1,0,0.000131889771678241
25,2,5,0.2,35,0.2,414,10,0.1,0,0.176006690738416
25,2,5,0.2,35,0.2,414,10,0.1,0,0.00751262442653911
25,2,5,0.2,35,0.2,414,10,0.1,0,0.0111547839325886
25,2,5,0.2,35,0.2,414,10,0.1,0,-0.123538484441999
25,2,5,0.2,35,0.2,414,10,0.1,0,0.258609604235958
25,2,5,0.2,35,0.2,414,10,0.1,0,0.199305269910757
25,2,6,0.2,31,0.2,414,10,0.1,1,0
25,2,6,0.2,31,0.2,414,10,0.1,1,1.14560709762618e-26
25,2,6,0.2,31,0.2,414,10,0.1,1,0
25,2,6,0.2,31,0.2,414,10,0.1,1,-0.0295268524003406
25,2,6,0.2,31,0.2,414,10,0.1,1,0
25,2,6,0.2,31,0.2,414,10,0.1,1,0.10393590740651
25,2,6,0.2,31,0.2,414,10,0.1,1,-2.25695396079688
25,2,6,0.2,31,0.2,414,10,0.1,1,-3.4657118219014e-27
25,2,6,0.2,31,0.2,414,10,0.1,1,0.164095798806667
25,2,6,0.2,31,0.2,414,10,0.1,1,0.522629867231873
25,2,6,0.2,31,0.2,414,10,0.1,1,-0.0546078752652484
25,2,6,0.2,31,0.2,414,10,0.1,1,-0.039387797044093
25,2,6,0.2,31,0.2,414,10,0.1,1,-0.527406629037597
25,2,6,0.2,31,0.2,414,10,0.1,1,-0.0509047297335525
25,2,6,0.2,31,0.2,414,10,0.1,1,0.0981209652772782
25,2,6,0.2,31,0.2,414,10,0.1,1,0.0369992522603793
25,2,6,0.2,31,0.2,414,10,0.1,1,3.0599935154102
25,2,6,0.2,31,0.2,414,10,0.1,1,-0.0152483972582779
25,2,6,0.2,31,0.2,414,10,0.1,1,0
25,2,6,0.2,31,0.2,414,10,0.1,1,0.232493649494958
25,2,6,0.2,31,0.2,414,10,0.1,1,-0.282980266934155
25,2,6,0.2,31,0.2,414,10,0.1,1,0
25,2,6,0.2,31,0.2,414,10,0.1,1,0.00272328134666822
25,2,6,0.2,31,0.2,414,10,0.1,1,0.5314196441391
25,2,6,0.2,31,0.2,414,10,0.1,1,-0.156379062223692
25,2,6,0.2,31,0.2,414,10,0.1,1,0
25,2,6,0.2,31,0.2,414,10,0.1,1,3.95641388127659e-28
25,2,6,0.2,31,0.2,414,10,0.1,1,-0.435404927985891
25,2,6,0.2,31,0.2,414,10,0.1,1,0
25,2,6,0.2,31,0.2,414,10,0.1,1,-0.552900726631841
25,2,6,0.2,31,0.2,414,10,0.1,1,-0.174619486022146
25,2,6,0.2,31,0.2,414,10,0.1,0,-0.00608402428591253
25,2,6,0.2,31,0.2,414,10,0.1,0,9.09407898684825e-28
25,2,6,0.2,31,0.2,414,10,0.1,0,-0.191934736632132
25,2,6,0.2,31,0.2,414,10,0.1,0,0.275410670123893
25,2,6,0.2,31,0.2,414,10,0.1,0,0.00105353872504922
25,2,6,0.2,31,0.2,414,10,0.1,0,0.00266679331175324
25,2,6,0.2,31,0.2,414,10,0.1,0,0.0639636607993597
25,2,6,0.2,31,0.2,414,10,0.1,0,0.0143704723574187
25,2,6,0.2,31,0.2,414,10,0.1,0,0.0282158654343413
25,2,6,0.2,31,0.2,414,10,0.1,0,-0.40581840350801
25,2,6,0.2,31,0.2,414,10,0.1,0,0.1050321384927
25,2,6,0.2,31,0.2,414,10,0.1,0,1.56208869594625e-25
25,2,6,0.2,31,0.2,414,10,0.1,0,0
25,2,6,0.2,31,0.2,414,10,0.1,0,0.0253445519524434
25,2,6,0.2,31,0.2,414,10,0.1,0,-0.0739430733441533
25,2,6,0.2,31,0.2,414,10,0.1,0,0
25,2,6,0.2,31,0.2,414,10,0.1,0,0.122667067351305
25,2,6,0.2,31,0.2,414,10,0.1,0,6.88835636023791e-28
25,2,6,0.2,31,0.2,414,10,0.1,0,0.0210451018895844
25,2,6,0.2,31,0.2,414,10,0.1,0,0.00220701172710426
25,2,6,0.2,31,0.2,414,10,0.1,0,0.135138142219069
25,2,6,0.2,31,0.2,414,10,0.1,0,0.105471838337621
25,2,6,0.2,31,0.2,414,10,0.1,0,-0.0421673947766769
25,2,6,0.2,31,0.2,414,10,0.1,0,-0.0694771191691261
25,2,6,0.2,31,0.2,414,10,0.1,0,0.0522355077571327
25,2,6,0.2,31,0.2,414,10,0.1,0,0.00221555220282283
25,2,6,0.2,31,0.2,414,10,0.1,0,0
25,2,6,0.2,31,0.2,414,10,0.1,0,0.185174075465252
25,2,6,0.2,31,0.2,414,10,0.1,0,0
25,2,6,0.2,31,0.2,414,10,0.1,0,0.0784177497144606
25,2,6,0.2,31,0.2,414,10,0.1,0,2.38609126587972e-27
25,2,6,0.2,31,0.2,414,10,0.1,0,-0.00294285998183972
25,2,6,0.2,31,0.2,414,10,0.1,0,0
25,2,6,0.2,31,0.2,414,10,0.1,0,0.0107046443528633
25,2,6,0.2,31,0.2,414,10,0.1,0,0.351560988425807
25,2,6,0.2,31,0.2,414,10,0.1,0,-0.0648824010665722
25,2,6,0.2,31,0.2,414,10,0.1,0,0.230687620572976
25,2,6,0.2,31,0.2,414,10,0.1,0,7.25626346250761e-28
25,2,6,0.2,31,0.2,414,10,0.1,0,0.041866183197984
25,2,6,0.2,31,0.2,414,10,0.1,0,0.00525929552254482
25,2,6,0.2,31,0.2,414,10,0.1,0,4.80473051972638e-25
25,2,6,0.2,31,0.2,414,10,0.1,0,0
25,2,6,0.2,31,0.2,414,10,0.1,0,-0.00932435954310593
25,2,6,0.2,31,0.2,414,10,0.1,0,0.240329655663008
25,2,6,0.2,31,0.2,414,10,0.1,0,0.104865269266989
25,2,6,0.2,31,0.2,414,10,0.1,0,-0.00139273433183645
25,2,6,0.2,31,0.2,414,10,0.1,0,0
25,2,6,0.2,31,0.2,414,10,0.1,0,-0.160728788220442
25,2,6,0.2,31,0.2,414,10,0.1,0,0.419412699753058
25,2,6,0.2,31,0.2,414,10,0.1,0,-0.036523293884397
25,2,6,0.2,31,0.2,414,10,0.1,0,-0.0310681589057805
25,2,6,0.2,31,0.2,414,10,0.1,0,-0.0333771550396411
25,2,6,0.2,31,0.2,414,10,0.1,0,0
25,2,6,0.2,31,0.2,414,10,0.1,0,2.24208297212932
25,2,6,0.2,31,0.2,414,10,0.1,0,0.0637830774789527
25,2,6,0.2,31,0.2,414,10,0.1,0,-0.212232614440927
25,2,6,0.2,31,0.2,414,10,0.1,0,0
25,2,6,0.2,31,0.2,414,10,0.1,0,0
25,2,6,0.2,31,0.2,414,10,0.1,0,0.0327671133243391
25,2,6,0.2,31,0.2,414,10,0.1,0,0
25,2,6,0.2,31,0.2,414,10,0.1,0,3.33150889537536e-27
25,2,6,0.2,31,0.2,414,10,0.1,0,0
25,2,6,0.2,31,0.2,414,10,0.1,0,0.00104056131142003
25,2,6,0.2,31,0.2,414,10,0.1,0,0.0445657146960606
25,2,6,0.2,31,0.2,414,10,0.1,0,-0.235196816393669
25,2,6,0.2,31,0.2,414,10,0.1,0,1.19922751392381e-26
25,2,6,0.2,31,0.2,414,10,0.1,0,-0.0577398664920195
25,2,6,0.2,31,0.2,414,10,0.1,0,0.662352521316919
25,2,6,0.2,31,0.2,414,10,0.1,0,0.310863113880919
25,2,6,0.2,31,0.2,414,10,0.1,0,0.00326154653275977
25,2,6,0.2,31,0.2,414,10,0.1,0,0.0550642673746048
25,2,6,0.2,31,0.2,414,10,0.1,0,0.00492233748004927
25,2,6,0.2,31,0.2,414,10,0.1,0,-0.0395344135934824
25,2,6,0.2,31,0.2,414,10,0.1,0,0
25,2,6,0.2,31,0.2,414,10,0.1,0,0.142515161661634
25,2,6,0.2,31,0.2,414,10,0.1,0,0.0884351008328205
25,2,6,0.2,31,0.2,414,10,0.1,0,-0.243194523424246
25,2,6,0.2,31,0.2,414,10,0.1,0,0.0461563531003554
25,2,6,0.2,31,0.2,414,10,0.1,0,0.0121421407920993
25,2,6,0.2,31,0.2,414,10,0.1,0,0
25,2,6,0.2,31,0.2,414,10,0.1,0,-0.0398700898009847
25,2,6,0.2,31,0.2,414,10,0.1,0,-0.0132594186036883
25,2,6,0.2,31,0.2,414,10,0.1,0,0.0162497285384297
25,2,6,0.2,31,0.2,414,10,0.1,0,0.0535160527564369
25,2,6,0.2,31,0.2,414,10,0.1,0,-0.0314243598459735
25,2,6,0.2,31,0.2,414,10,0.1,0,0
25,2,6,0.2,31,0.2,414,10,0.1,0,-0.00350842939621879
25,2,6,0.2,31,0.2,414,10,0.1,0,-1.33129185366196
25,2,6,0.2,31,0.2,414,10,0.1,0,0
25,2,6,0.2,31,0.2,414,10,0.1,0,0.0406073309456474
25,2,6,0.2,31,0.2,414,10,0.1,0,0
25,2,6,0.2,31,0.2,414,10,0.1,0,-0.222263260093892
25,2,6,0.2,31,0.2,414,10,0.1,0,0.132637642192324
25,2,6,0.2,31,0.2,414,10,0.1,0,0.102950787754651
25,2,6,0.2,31,0.2,414,10,0.1,0,0.0154908345807698
25,2,6,0.2,31,0.2,414,10,0.1,0,-0.0139395789521561
25,2,6,0.2,31,0.2,414,10,0.1,0,0.0248032097471373
25,2,6,0.2,31,0.2,414,10,0.1,0,-0.0816037628406766
25,2,6,0.2,31,0.2,414,10,0.1,0,0.110448168806823
25,2,6,0.2,31,0.2,414,10,0.1,0,-0.263298281219333
25,2,6,0.2,31,0.2,414,10,0.1,0,0.00503123314111065
25,2,6,0.2,31,0.2,414,10,0.1,0,-0.664291194536012
25,2,6,0.2,31,0.2,414,10,0.1,0,0.157127644170427
25,2,6,0.2,31,0.2,414,10,0.1,0,0.00524779800246987
25,2,6,0.2,31,0.2,414,10,0.1,0,-0.00727277884171046
25,2,6,0.2,31,0.2,414,10,0.1,0,0.255065276457322
25,2,6,0.2,31,0.2,414,10,0.1,0,0.0430864296726709
25,2,6,0.2,31,0.2,414,10,0.1,0,-0.0574024958778446
25,2,6,0.2,31,0.2,414,10,0.1,0,-0.109660266462208
25,2,6,0.2,31,0.2,414,10,0.1,0,6.57332345237296e-28
25,2,6,0.2,31,0.2,414,10,0.1,0,1.09773942265557e-27
25,2,6,0.2,31,0.2,414,10,0.1,0,-0.0649191796272622
25,2,6,0.2,31,0.2,414,10,0.1,0,-0.0450493574711317
25,2,6,0.2,31,0.2,414,10,0.1,0,-0.00428570451963233
25,2,6,0.2,31,0.2,414,10,0.1,0,0.0186198231176816
25,2,6,0.2,31,0.2,414,10,0.1,0,0.147169776334446
25,2,6,0.2,31,0.2,414,10,0.1,0,-0.00162111143369709
25,2,6,0.2,31,0.2,414,10,0.1,0,0.231116040700987
25,2,6,0.2,31,0.2,414,10,0.1,0,0.00180350649443611
25,2,6,0.2,31,0.2,414,10,0.1,0,-0.0837502149702188
25,2,6,0.2,31,0.2,414,10,0.1,0,0.0203570160294859
25,2,6,0.2,31,0.2,414,10,0.1,0,-0.0695942559924459
25,2,6,0.2,31,0.2,414,10,0.1,0,0.214497232998817
25,2,6,0.2,31,0.2,414,10,0.1,0,0
25,2,6,0.2,31,0.2,414,10,0.1,0,-4.40006178992636e-28
25,2,6,0.2,31,0.2,414,10,0.1,0,7.27397504959321e-28
25,2,6,0.2,31,0.2,414,10,0.1,0,-0.00191271016362088
25,2,6,0.2,31,0.2,414,10,0.1,0,-0.0206638372703934
25,2,6,0.2,31,0.2,414,10,0.1,0,6.82079969904774e-26
25,2,6,0.2,31,0.2,414,10,0.1,0,-0.0021354523326153
25,2,6,0.2,31,0.2,414,10,0.1,0,1.42795571623269
25,2,6,0.2,31,0.2,414,10,0.1,0,0.0984116577417995
25,2,6,0.2,31,0.2,414,10,0.1,0,0.108864003434025
25,2,6,0.2,31,0.2,414,10,0.1,0,0.142111696709245
25,2,6,0.2,31,0.2,414,10,0.1,0,8.05987325573271e-26
25,2,6,0.2,31,0.2,414,10,0.1,0,0.0296139010827655
25,2,6,0.2,31,0.2,414,10,0.1,0,0.0236659905655233
25,2,6,0.2,31,0.2,414,10,0.1,0,-0.00385559878697467
25,2,6,0.2,31,0.2,414,10,0.1,0,-0.0262724445592261
25,2,6,0.2,31,0.2,414,10,0.1,0,0
25,2,6,0.2,31,0.2,414,10,0.1,0,-0.053721341080594
25,2,6,0.2,31,0.2,414,10,0.1,0,-0.0180128190316298
25,2,6,0.2,31,0.2,414,10,0.1,0,-0.0171306523453193
25,2,6,0.2,31,0.2,414,10,0.1,0,-0.0212656805670196
25,2,6,0.2,31,0.2,414,10,0.1,0,-0.0077690542164046
25,2,6,0.2,31,0.2,414,10,0.1,0,0.174770115400245
25,2,6,0.2,31,0.2,414,10,0.1,0,0
25,2,6,0.2,31,0.2,414,10,0.1,0,-0.117479343310361
25,2,6,0.2,31,0.2,414,10,0.1,0,0.00385508099747764
25,2,6,0.2,31,0.2,414,10,0.1,0,0
25,2,6,0.2,31,0.2,414,10,0.1,0,0
25,2,6,0.2,31,0.2,414,10,0.1,0,0.0417862511144708
25,2,6,0.2,31,0.2,414,10,0.1,0,0.0296975157489208
25,2,6,0.2,31,0.2,414,10,0.1,0,0.000663259341203152
25,2,6,0.2,31,0.2,414,10,0.1,0,0.0333742802068297
25,2,6,0.2,31,0.2,414,10,0.1,0,0.0248747418276499
25,2,6,0.2,31,0.2,414,10,0.1,0,-0.0200268366363958
25,2,6,0.2,31,0.2,414,10,0.1,0,-0.0121206558710484
25,2,6,0.2,31,0.2,414,10,0.1,0,-0.00136060324459793
25,2,6,0.2,31,0.2,414,10,0.1,0,6.87867138937324e-26
25,2,6,0.2,31,0.2,414,10,0.1,0,0.00322342547102316
25,2,6,0.2,31,0.2,414,10,0.1,0,-0.0184995096394575
25,2,6,0.2,31,0.2,414,10,0.1,0,0.101051390861818
25,2,6,0.2,31,0.2,414,10,0.1,0,0
25,2,6,0.2,31,0.2,414,10,0.1,0,-0.00410073184052101
25,2,6,0.2,31,0.2,414,10,0.1,0,0.00166375721554039
25,2,6,0.2,31,0.2,414,10,0.1,0,-0.143194650923408
25,2,6,0.2,31,0.2,414,10,0.1,0,0.0403649443607961
25,2,6,0.2,31,0.2,414,10,0.1,0,-0.000314801785977648
25,2,6,0.2,31,0.2,414,10,0.1,0,-0.054853767965142
25,2,6,0.2,31,0.2,414,10,0.1,0,9.98528802996656e-28
25,2,6,0.2,31,0.2,414,10,0.1,0,-0.00761470205521333
25,2,6,0.2,31,0.2,414,10,0.1,0,4.65158153462375e-26
25,2,6,0.2,31,0.2,414,10,0.1,0,-0.00564966478875951
25,2,6,0.2,31,0.2,414,10,0.1,0,-0.0347108498592728
25,2,6,0.2,31,0.2,414,10,0.1,0,0.56627915374748
25,2,6,0.2,31,0.2,414,10,0.1,0,-0.219434342449452
25,2,6,0.2,31,0.2,414,10,0.1,0,0.00581266082806186
25,2,6,0.2,31,0.2,414,10,0.1,0,0.0963196240921722
25,2,6,0.2,31,0.2,414,10,0.1,0,1.81513590862686e-27
25,2,6,0.2,31,0.2,414,10,0.1,0,1.10886743612777
25,2,6,0.2,31,0.2,414,10,0.1,0,0
25,2,6,0.2,31,0.2,414,10,0.1,0,-0.0130747932009369
25,2,6,0.2,31,0.2,414,10,0.1,0,0.022783234458768
25,2,6,0.2,31,0.2,414,10,0.1,0,4.22512781119914
25,2,6,0.2,31,0.2,414,10,0.1,0,0.0356118258097111
25,2,6,0.2,31,0.2,414,10,0.1,0,0.00484875036685329
25,2,6,0.2,31,0.2,414,10,0.1,0,3.2034364991887e-26
25,2,6,0.2,31,0.2,414,10,0.1,0,0
25,2,6,0.2,31,0.2,414,10,0.1,0,0.000110045897794698
25,2,6,0.2,31,0.2,414,10,0.1,0,0
25,2,6,0.2,31,0.2,414,10,0.1,0,0.0514931485628675
25,2,6,0.2,31,0.2,414,10,0.1,0,0.0294537183811805
25,2,6,0.2,31,0.2,414,10,0.1,0,0.0124118315040549
25,2,6,0.2,31,0.2,414,10,0.1,0,0.0610891372228603
25,2,6,0.2,31,0.2,414,10,0.1,0,-0.281731811852497
25,2,6,0.2,31,0.2,414,10,0.1,0,-0.00417256447726915
25,2,6,0.2,31,0.2,414,10,0.1,0,-0.00108920401892845
25,2,6,0.2,31,0.2,414,10,0.1,0,-1.17521111933112e-28
25,2,6,0.2,31,0.2,414,10,0.1,0,0.00125064817066543
25,2,6,0.2,31,0.2,414,10,0.1,0,0.0897997099247974
25,2,6,0.2,31,0.2,414,10,0.1,0,0.60941041877263
25,2,6,0.2,31,0.2,414,10,0.1,0,0.119522850649581
25,2,6,0.2,31,0.2,414,10,0.1,0,-0.00156751272743355
25,2,6,0.2,31,0.2,414,10,0.1,0,0
25,2,6,0.2,31,0.2,414,10,0.1,0,-0.0179324740643871
25,2,6,0.2,31,0.2,414,10,0.1,0,0.278029072631473
25,2,6,0.2,31,0.2,414,10,0.1,0,1.19010523553495e-27
25,2,6,0.2,31,0.2,414,10,0.1,0,-0.00894328822212214
25,2,6,0.2,31,0.2,414,10,0.1,0,-0.00211216674307813
25,2,6,0.2,31,0.2,414,10,0.1,0,-0.00681417209862151
25,2,6,0.2,31,0.2,414,10,0.1,0,0.0629633312836348
25,2,6,0.2,31,0.2,414,10,0.1,0,0.063044187445269
25,2,6,0.2,31,0.2,414,10,0.1,0,0
25,2,6,0.2,31,0.2,414,10,0.1,0,0.141174908979569
25,2,6,0.2,31,0.2,414,10,0.1,0,-0.0402879770508178
25,2,6,0.2,31,0.2,414,10,0.1,0,0.0248084994148516
25,2,6,0.2,31,0.2,414,10,0.1,0,0
25,2,6,0.2,31,0.2,414,10,0.1,0,-0.0300296106753703
25,2,6,0.2,31,0.2,414,10,0.1,0,0.184807542006787
25,2,6,0.2,31,0.2,414,10,0.1,0,0
25,2,6,0.2,31,0.2,414,10,0.1,0,0.00135906791568546
25,2,6,0.2,31,0.2,414,10,0.1,0,0.217115132056456
25,2,6,0.2,31,0.2,414,10,0.1,0,-0.265198068138215
25,2,6,0.2,31,0.2,414,10,0.1,0,0
25,2,6,0.2,31,0.2,414,10,0.1,0,-4.12503923569483
25,2,6,0.2,31,0.2,414,10,0.1,0,1.08440753448597
25,2,6,0.2,31,0.2,414,10,0.1,0,7.53527640561561e-26
25,2,6,0.2,31,0.2,414,10,0.1,0,4.5580278850053e-25
25,2,6,0.2,31,0.2,414,10,0.1,0,0.0478899999737293
25,2,6,0.2,31,0.2,414,10,0.1,0,-0.0295141691201811
25,2,6,0.2,31,0.2,414,10,0.1,0,-0.127626315295532
25,2,6,0.2,31,0.2,414,10,0.1,0,-0.0447660703271366
25,2,6,0.2,31,0.2,414,10,0.1,0,-3.75110361344387
25,2,6,0.2,31,0.2,414,10,0.1,0,0.000522309659760278
25,2,6,0.2,31,0.2,414,10,0.1,0,0.0847876559810307
25,2,6,0.2,31,0.2,414,10,0.1,0,-0.0635885188089223
25,2,6,0.2,31,0.2,414,10,0.1,0,0.113366102193363
25,2,6,0.2,31,0.2,414,10,0.1,0,-0.0122952367466147
25,2,6,0.2,31,0.2,414,10,0.1,0,0.313915954225452
25,2,6,0.2,31,0.2,414,10,0.1,0,0.193562428648021
25,2,6,0.2,31,0.2,414,10,0.1,0,-0.0175946097758888
25,2,6,0.2,31,0.2,414,10,0.1,0,-0.0406039881387576
25,2,6,0.2,31,0.2,414,10,0.1,0,2.75692599940039e-26
25,2,6,0.2,31,0.2,414,10,0.1,0,-0.0125289801128613
25,2,6,0.2,31,0.2,414,10,0.1,0,-0.306280884200138
25,2,6,0.2,31,0.2,414,10,0.1,0,-0.0463756599116699
25,2,6,0.2,31,0.2,414,10,0.1,0,0.23626793009912
25,2,6,0.2,31,0.2,414,10,0.1,0,0.0169798619213988
25,2,6,0.2,31,0.2,414,10,0.1,0,0.0492932313346882
25,2,6,0.2,31,0.2,414,10,0.1,0,-0.0580135984330503
25,2,6,0.2,31,0.2,414,10,0.1,0,5.38544794405625e-27
25,2,6,0.2,31,0.2,414,10,0.1,0,0.0276299201336328
25,2,6,0.2,31,0.2,414,10,0.1,0,0
25,2,6,0.2,31,0.2,414,10,0.1,0,-0.0183528705750422
25,2,6,0.2,31,0.2,414,10,0.1,0,-0.000195221455561841
25,2,6,0.2,31,0.2,414,10,0.1,0,0.0469346781131737
25,2,6,0.2,31,0.2,414,10,0.1,0,9.90651563833568e-28
25,2,6,0.2,31,0.2,414,10,0.1,0,0.027094304977683
25,2,6,0.2,31,0.2,414,10,0.1,0,0.00140906315675765
25,2,6,0.2,31,0.2,414,10,0.1,0,-0.000101257439844719
25,2,6,0.2,31,0.2,414,10,0.1,0,-0.13257577584756
25,2,6,0.2,31,0.2,414,10,0.1,0,0
25,2,6,0.2,31,0.2,414,10,0.1,0,0.200400620970999
25,2,6,0.2,31,0.2,414,10,0.1,0,-0.188256394018327
25,2,6,0.2,31,0.2,414,10,0.1,0,4.0135658863389
25,2,6,0.2,31,0.2,414,10,0.1,0,0.0315410984583887
25,2,6,0.2,31,0.2,414,10,0.1,0,0
25,2,6,0.2,31,0.2,414,10,0.1,0,0.0938408594033476
25,2,6,0.2,31,0.2,414,10,0.1,0,0.0902843634158448
25,2,6,0.2,31,0.2,414,10,0.1,0,0.144049093259678
25,2,6,0.2,31,0.2,414,10,0.1,0,0.070310919491864
25,2,6,0.2,31,0.2,414,10,0.1,0,0
25,2,6,0.2,31,0.2,414,10,0.1,0,0.115048586799905
25,2,6,0.2,31,0.2,414,10,0.1,0,0
25,2,6,0.2,31,0.2,414,10,0.1,0,0.660722094526744
25,2,6,0.2,31,0.2,414,10,0.1,0,0.00256937030675148
25,2,6,0.2,31,0.2,414,10,0.1,0,0.00218112367677462
25,2,6,0.2,31,0.2,414,10,0.1,0,9.96546228100526e-27
25,2,6,0.2,31,0.2,414,10,0.1,0,0.0158496604060479
25,2,6,0.2,31,0.2,414,10,0.1,0,0.00175321761796887
25,2,6,0.2,31,0.2,414,10,0.1,0,-0.00273655115254602
25,2,6,0.2,31,0.2,414,10,0.1,0,-0.0903234280373025
25,2,6,0.2,31,0.2,414,10,0.1,0,-0.0321588758919877
25,2,6,0.2,31,0.2,414,10,0.1,0,0.00235160073852086
25,2,6,0.2,31,0.2,414,10,0.1,0,-0.0140158175214647
25,2,6,0.2,31,0.2,414,10,0.1,0,0.00216916699691101
25,2,6,0.2,31,0.2,414,10,0.1,0,-0.0160944316353149
25,2,6,0.2,31,0.2,414,10,0.1,0,-0.005932304433265
25,2,6,0.2,31,0.2,414,10,0.1,0,0.0250506580560533
25,2,6,0.2,31,0.2,414,10,0.1,0,2.10327435548858
25,2,6,0.2,31,0.2,414,10,0.1,0,-0.01106255934556
25,2,6,0.2,31,0.2,414,10,0.1,0,0.032088022030012
25,2,6,0.2,31,0.2,414,10,0.1,0,0.000959448099610285
25,2,6,0.2,31,0.2,414,10,0.1,0,0.0528743021753107
25,2,6,0.2,31,0.2,414,10,0.1,0,0.316298579712395
25,2,6,0.2,31,0.2,414,10,0.1,0,-1.35333593483038
25,2,6,0.2,31,0.2,414,10,0.1,0,-0.00715396379412169
25,2,6,0.2,31,0.2,414,10,0.1,0,-0.00793287934116093
25,2,6,0.2,31,0.2,414,10,0.1,0,0.133547600409288
25,2,6,0.2,31,0.2,414,10,0.1,0,0.275431364667849
25,2,6,0.2,31,0.2,414,10,0.1,0,-0.120178453221712
25,2,6,0.2,31,0.2,414,10,0.1,0,0.101857878629177
25,2,6,0.2,31,0.2,414,10,0.1,0,0.0311886672867228
25,2,6,0.2,31,0.2,414,10,0.1,0,-0.117192604199481
25,2,6,0.2,31,0.2,414,10,0.1,0,0.0343972328025453
25,2,6,0.2,31,0.2,414,10,0.1,0,-1.35247898096267e-26
25,2,6,0.2,31,0.2,414,10,0.1,0,-0.0163520408116416
25,2,6,0.2,31,0.2,414,10,0.1,0,-0.0490064763639268
25,2,6,0.2,31,0.2,414,10,0.1,0,0.0267129107571675
25,2,6,0.2,31,0.2,414,10,0.1,0,0
25,2,6,0.2,31,0.2,414,10,0.1,0,0.0128466823973461
25,2,6,0.2,31,0.2,414,10,0.1,0,0.0064932061571059
25,2,6,0.2,31,0.2,414,10,0.1,0,0.0826056014876481
25,2,6,0.2,31,0.2,414,10,0.1,0,-0.0161280348681745
25,2,6,0.2,31,0.2,414,10,0.1,0,0.0588725160143868
25,2,6,0.2,31,0.2,414,10,0.1,0,0.0177785535515477
25,2,6,0.2,31,0.2,414,10,0.1,0,-0.0181769470707372
25,2,6,0.2,31,0.2,414,10,0.1,0,-0.190725546137749
25,2,6,0.2,31,0.2,414,10,0.1,0,0.101848256875867
25,2,6,0.2,31,0.2,414,10,0.1,0,0.027536362193629
25,2,6,0.2,31,0.2,414,10,0.1,0,0.154588031278692
25,2,6,0.2,31,0.2,414,10,0.1,0,-0.0141223731457441
25,2,6,0.2,31,0.2,414,10,0.1,0,-0.290566886469903
25,2,6,0.2,31,0.2,414,10,0.1,0,0.0199718862104028
25,2,6,0.2,31,0.2,414,10,0.1,0,-0.00763409207786441
25,2,6,0.2,31,0.2,414,10,0.1,0,3.61188799608443
25,2,6,0.2,31,0.2,414,10,0.1,0,0.179679995021257
25,2,6,0.2,31,0.2,414,10,0.1,0,-0.083903179429129
25,2,6,0.2,31,0.2,414,10,0.1,0,0.100658851499821
25,2,6,0.2,31,0.2,414,10,0.1,0,0
25,2,6,0.2,31,0.2,414,10,0.1,0,0.0119899869985698
25,2,6,0.2,31,0.2,414,10,0.1,0,-0.0228103727519385
25,2,6,0.2,31,0.2,414,10,0.1,0,0.00266421729142905
25,2,6,0.2,31,0.2,414,10,0.1,0,0.299922974394598
25,2,6,0.2,31,0.2,414,10,0.1,0,1.97359221611867e-27
25,2,6,0.2,31,0.2,414,10,0.1,0,-0.0397559680155898
25,2,6,0.2,31,0.2,414,10,0.1,0,-0.0703202881721436
25,2,6,0.2,31,0.2,414,10,0.1,0,0.0386490208973412
25,2,6,0.2,31,0.2,414,10,0.1,0,0.00378883627689417
25,2,6,0.2,31,0.2,414,10,0.1,0,0
25,2,6,0.2,31,0.2,414,10,0.1,0,0
25,2,6,0.2,31,0.2,414,10,0.1,0,0.00821842780176136
25,2,6,0.2,31,0.2,414,10,0.1,0,0.0221079056213255
25,2,6,0.2,31,0.2,414,10,0.1,0,0.0293346681705816
25,2,6,0.2,31,0.2,414,10,0.1,0,0
25,2,6,0.2,31,0.2,414,10,0.1,0,-0.35652636963367
25,2,6,0.2,31,0.2,414,10,0.1,0,-0.00793043512823981
25,2,6,0.2,31,0.2,414,10,0.1,0,-1.34630535279643
25,2,6,0.2,31,0.2,414,10,0.1,0,-0.00399399208822544
25,2,6,0.2,31,0.2,414,10,0.1,0,0.0570027748128446
25,2,6,0.2,31,0.2,414,10,0.1,0,-0.108162818523376
25,2,6,0.2,31,0.2,414,10,0.1,0,-0.0236257796697861
25,2,6,0.2,31,0.2,414,10,0.1,0,0.746010850150577
25,2,6,0.2,31,0.2,414,10,0.1,0,-0.0849984048228678
25,2,6,0.2,31,0.2,414,10,0.1,0,-0.0393677840518337
25,2,6,0.2,31,0.2,414,10,0.1,0,-0.00356613378324814
25,2,6,0.2,31,0.2,414,10,0.1,0,0.0010598539795419
25,2,6,0.2,31,0.2,414,10,0.1,0,0.00126800234362463
25,2,6,0.2,31,0.2,414,10,0.1,0,-0.0475395099991479
25,2,6,0.2,31,0.2,414,10,0.1,0,-0.0270582043546847
25,2,6,0.2,31,0.2,414,10,0.1,0,0.0355274894054882
25,2,6,0.2,31,0.2,414,10,0.1,0,-0.123979343474427
25,2,6,0.2,31,0.2,414,10,0.1,0,-0.270305902852832
25,2,6,0.2,31,0.2,414,10,0.1,0,0.0421759273613869
25,2,6,0.2,31,0.2,414,10,0.1,0,-0.0205461150897874
25,2,6,0.2,31,0.2,414,10,0.1,0,0.0499129968752395
25,2,6,0.2,31,0.2,414,10,0.1,0,0.0385575338806653
25,2,6,0.2,31,0.2,414,10,0.1,0,0
25,2,6,0.2,31,0.2,414,10,0.1,0,0
25,2,6,0.2,31,0.2,414,10,0.1,0,0.159610974963955
25,2,6,0.2,31,0.2,414,10,0.1,0,-0.0171888771345294
25,2,6,0.2,31,0.2,414,10,0.1,0,-0.00642299584687539
25,2,6,0.2,31,0.2,414,10,0.1,0,-2.56107310089542
25,2,6,0.2,31,0.2,414,10,0.1,0,0.0486640668688194
25,2,6,0.2,31,0.2,414,10,0.1,0,0.047338554482026
25,2,6,0.2,31,0.2,414,10,0.1,0,-0.0125097177166965
25,2,6,0.2,31,0.2,414,10,0.1,0,0.0469105874370944
25,2,6,0.2,31,0.2,414,10,0.1,0,-0.00757878044846106
25,2,6,0.2,31,0.2,414,10,0.1,0,-0.121476788590576
25,2,6,0.2,31,0.2,414,10,0.1,0,-0.0357728319466974
25,2,6,0.2,31,0.2,414,10,0.1,0,1.72998228277569
25,2,6,0.2,31,0.2,414,10,0.1,0,-0.0653284443918058
25,2,6,0.2,31,0.2,414,10,0.1,0,-0.484876456357579
25,2,6,0.2,31,0.2,414,10,0.1,0,0.156326310325084
25,2,6,0.2,31,0.2,414,10,0.1,0,0.00498731388986472
25,2,6,0.2,31,0.2,414,10,0.1,0,0.00499648836196707
25,2,6,0.2,31,0.2,414,10,0.1,0,0.0176535395308137
25,2,6,0.2,31,0.2,414,10,0.1,0,0.103765439144873
25,2,6,0.2,31,0.2,414,10,0.1,0,-1.21388612237
25,2,6,0.2,31,0.2,414,10,0.1,0,0.0144530153181352
25,2,6,0.2,31,0.2,414,10,0.1,0,-0.00586017407844553
25,2,6,0.2,31,0.2,414,10,0.1,0,0.00801897176076263
25,2,6,0.2,31,0.2,414,10,0.1,0,0.0243227829485293
25,2,6,0.2,31,0.2,414,10,0.1,0,0.575118408616097
25,2,6,0.2,31,0.2,414,10,0.1,0,-0.0629082270663345
25,2,6,0.2,31,0.2,414,10,0.1,0,-0.210119944174199
25,2,6,0.2,31,0.2,414,10,0.1,0,0.165568080738405
25,2,6,0.2,31,0.2,414,10,0.1,0,0.00705292920656981
25,2,6,0.2,31,0.2,414,10,0.1,0,0.296876888557245
25,2,6,0.2,31,0.2,414,10,0.1,0,-0.262313029146548
25,2,6,0.2,31,0.2,414,10,0.1,0,-0.0298114661425984
25,2,6,0.2,31,0.2,414,10,0.1,0,0.00637567352921848
25,2,6,0.2,31,0.2,414,10,0.1,0,0.128489479813559
25,2,6,0.2,31,0.2,414,10,0.1,0,-2.73006269078401e-26
25,2,6,0.2,31,0.2,414,10,0.1,0,0.232995948082767
25,2,6,0.2,31,0.2,414,10,0.1,0,7.93979747035852e-28
25,2,6,0.2,31,0.2,414,10,0.1,0,0.163969297933735
25,2,6,0.2,31,0.2,414,10,0.1,0,0
25,2,6,0.2,31,0.2,414,10,0.1,0,0.0254109289342509
25,2,6,0.2,31,0.2,414,10,0.1,0,0.00979020101652578
25,2,6,0.2,31,0.2,414,10,0.1,0,-0.00315204188327747
25,2,6,0.2,31,0.2,414,10,0.1,0,-0.0437695460061692
25,2,6,0.2,31,0.2,414,10,0.1,0,0
25,2,7,0.2,24,0.2,245,10,0.1,1,5.17054095936723
25,2,7,0.2,24,0.2,245,10,0.1,1,0
25,2,7,0.2,24,0.2,245,10,0.1,1,0
25,2,7,0.2,24,0.2,245,10,0.1,1,0.0671606140410519
25,2,7,0.2,24,0.2,245,10,0.1,1,0
25,2,7,0.2,24,0.2,245,10,0.1,1,-0.462398919811362
25,2,7,0.2,24,0.2,245,10,0.1,1,8.40091108097818e-22
25,2,7,0.2,24,0.2,245,10,0.1,1,8.18510481658762e-17
25,2,7,0.2,24,0.2,245,10,0.1,1,0.127366370251983
25,2,7,0.2,24,0.2,245,10,0.1,1,3.44628361413761
25,2,7,0.2,24,0.2,245,10,0.1,1,1.59465911250596
25,2,7,0.2,24,0.2,245,10,0.1,1,0.21351539102938
25,2,7,0.2,24,0.2,245,10,0.1,1,0.152185144947138
25,2,7,0.2,24,0.2,245,10,0.1,1,0
25,2,7,0.2,24,0.2,245,10,0.1,1,0.616179332620588
25,2,7,0.2,24,0.2,245,10,0.1,1,0.138830329410873
25,2,7,0.2,24,0.2,245,10,0.1,1,0
25,2,7,0.2,24,0.2,245,10,0.1,1,0
25,2,7,0.2,24,0.2,245,10,0.1,1,0.0612430064346246
25,2,7,0.2,24,0.2,245,10,0.1,1,1.23098561636145
25,2,7,0.2,24,0.2,245,10,0.1,1,0
25,2,7,0.2,24,0.2,245,10,0.1,1,0.782864782096338
25,2,7,0.2,24,0.2,245,10,0.1,1,1.564136355556
25,2,7,0.2,24,0.2,245,10,0.1,1,-0.300115458703722
25,2,7,0.2,24,0.2,245,10,0.1,0,0
25,2,7,0.2,24,0.2,245,10,0.1,0,2.85905788437477
25,2,7,0.2,24,0.2,245,10,0.1,0,6.06152964316248e-18
25,2,7,0.2,24,0.2,245,10,0.1,0,0.414542398215948
25,2,7,0.2,24,0.2,245,10,0.1,0,0.061524348590694
25,2,7,0.2,24,0.2,245,10,0.1,0,0
25,2,7,0.2,24,0.2,245,10,0.1,0,-0.000907530973902926
25,2,7,0.2,24,0.2,245,10,0.1,0,-0.0468581261323332
25,2,7,0.2,24,0.2,245,10,0.1,0,0.467370086545471
25,2,7,0.2,24,0.2,245,10,0.1,0,0.0422008143478857
25,2,7,0.2,24,0.2,245,10,0.1,0,0.0889147737873165
25,2,7,0.2,24,0.2,245,10,0.1,0,0.111735079073471
25,2,7,0.2,24,0.2,245,10,0.1,0,7.8515802443613e-23
25,2,7,0.2,24,0.2,245,10,0.1,0,0.186370916035676
25,2,7,0.2,24,0.2,245,10,0.1,0,-0.376470091296949
25,2,7,0.2,24,0.2,245,10,0.1,0,-0.175073553780046
25,2,7,0.2,24,0.2,245,10,0.1,0,0
25,2,7,0.2,24,0.2,245,10,0.1,0,0.322204994578697
25,2,7,0.2,24,0.2,245,10,0.1,0,0.00251565238711264
25,2,7,0.2,24,0.2,245,10,0.1,0,-0.606678908330627
25,2,7,0.2,24,0.2,245,10,0.1,0,0.0558790684463323
25,2,7,0.2,24,0.2,245,10,0.1,0,0.0987154482495847
25,2,7,0.2,24,0.2,245,10,0.1,0,0.0987342747155258
25,2,7,0.2,24,0.2,245,10,0.1,0,1.03140404477747e-16
25,2,7,0.2,24,0.2,245,10,0.1,0,0
25,2,7,0.2,24,0.2,245,10,0.1,0,0
25,2,7,0.2,24,0.2,245,10,0.1,0,0.0463017402786719
25,2,7,0.2,24,0.2,245,10,0.1,0,-0.231973821444472
25,2,7,0.2,24,0.2,245,10,0.1,0,0.0123430366366069
25,2,7,0.2,24,0.2,245,10,0.1,0,-0.0220162210384945
25,2,7,0.2,24,0.2,245,10,0.1,0,0.0533713439704134
25,2,7,0.2,24,0.2,245,10,0.1,0,-0.0367501045055463
25,2,7,0.2,24,0.2,245,10,0.1,0,0.0855508966189783
25,2,7,0.2,24,0.2,245,10,0.1,0,-0.0871921657306016
25,2,7,0.2,24,0.2,245,10,0.1,0,0
25,2,7,0.2,24,0.2,245,10,0.1,0,7.94633447349694e-22
25,2,7,0.2,24,0.2,245,10,0.1,0,-2.23471950905865
25,2,7,0.2,24,0.2,245,10,0.1,0,0.474888892203747
25,2,7,0.2,24,0.2,245,10,0.1,0,-0.0264154317277584
25,2,7,0.2,24,0.2,245,10,0.1,0,-0.0130003809249492
25,2,7,0.2,24,0.2,245,10,0.1,0,-1.02368845847197e-21
25,2,7,0.2,24,0.2,245,10,0.1,0,-5.46825186365882e-17
25,2,7,0.2,24,0.2,245,10,0.1,0,0.0170365999128151
25,2,7,0.2,24,0.2,245,10,0.1,0,0
25,2,7,0.2,24,0.2,245,10,0.1,0,0.00895999585434374
25,2,7,0.2,24,0.2,245,10,0.1,0,0.200948780901543
25,2,7,0.2,24,0.2,245,10,0.1,0,-0.0256455663138979
25,2,7,0.2,24,0.2,245,10,0.1,0,0
25,2,7,0.2,24,0.2,245,10,0.1,0,-0.0645363811571931
25,2,7,0.2,24,0.2,245,10,0.1,0,0.00212292620102244
25,2,7,0.2,24,0.2,245,10,0.1,0,0
25,2,7,0.2,24,0.2,245,10,0.1,0,-1.13738872598087e-22
25,2,7,0.2,24,0.2,245,10,0.1,0,-0.328295438444453
25,2,7,0.2,24,0.2,245,10,0.1,0,0.00832688350910821
25,2,7,0.2,24,0.2,245,10,0.1,0,0.00109046646830676
25,2,7,0.2,24,0.2,245,10,0.1,0,-0.0384975185033174
25,2,7,0.2,24,0.2,245,10,0.1,0,-0.0292534764755886
25,2,7,0.2,24,0.2,245,10,0.1,0,0.034150201237866
25,2,7,0.2,24,0.2,245,10,0.1,0,0.561665307143448
25,2,7,0.2,24,0.2,245,10,0.1,0,0.0914607841782172
25,2,7,0.2,24,0.2,245,10,0.1,0,0
25,2,7,0.2,24,0.2,245,10,0.1,0,0.152528906194914
25,2,7,0.2,24,0.2,245,10,0.1,0,-0.1548168998156
25,2,7,0.2,24,0.2,245,10,0.1,0,0.0119279299024206
25,2,7,0.2,24,0.2,245,10,0.1,0,-0.168799076609446
25,2,7,0.2,24,0.2,245,10,0.1,0,0.0413067705395168
25,2,7,0.2,24,0.2,245,10,0.1,0,0
25,2,7,0.2,24,0.2,245,10,0.1,0,0.0463423198284397
25,2,7,0.2,24,0.2,245,10,0.1,0,-0.320241985513094
25,2,7,0.2,24,0.2,245,10,0.1,0,0.240542487394423
25,2,7,0.2,24,0.2,245,10,0.1,0,0.0289858091029223
25,2,7,0.2,24,0.2,245,10,0.1,0,0.0836041520169413
25,2,7,0.2,24,0.2,245,10,0.1,0,0
25,2,7,0.2,24,0.2,245,10,0.1,0,0.214095536899522
25,2,7,0.2,24,0.2,245,10,0.1,0,-0.025446757574376
25,2,7,0.2,24,0.2,245,10,0.1,0,0.0354369646638206
25,2,7,0.2,24,0.2,245,10,0.1,0,0.0167436546006959
25,2,7,0.2,24,0.2,245,10,0.1,0,0.0171835770530152
25,2,7,0.2,24,0.2,245,10,0.1,0,0
25,2,7,0.2,24,0.2,245,10,0.1,0,0
25,2,7,0.2,24,0.2,245,10,0.1,0,0.444903872892365
25,2,7,0.2,24,0.2,245,10,0.1,0,0.0708202876568229
25,2,7,0.2,24,0.2,245,10,0.1,0,0.0467602861061156
25,2,7,0.2,24,0.2,245,10,0.1,0,0.0877197805408659
25,2,7,0.2,24,0.2,245,10,0.1,0,0.00586624110726605
25,2,7,0.2,24,0.2,245,10,0.1,0,0.0312193959271053
25,2,7,0.2,24,0.2,245,10,0.1,0,-0.0123581281127012
25,2,7,0.2,24,0.2,245,10,0.1,0,0.0559011358636944
25,2,7,0.2,24,0.2,245,10,0.1,0,-0.241622617263617
25,2,7,0.2,24,0.2,245,10,0.1,0,0.0675586682540276
25,2,7,0.2,24,0.2,245,10,0.1,0,0.0101367644892855
25,2,7,0.2,24,0.2,245,10,0.1,0,0.00226124976183164
25,2,7,0.2,24,0.2,245,10,0.1,0,-0.0148291273604355
25,2,7,0.2,24,0.2,245,10,0.1,0,4.56686563832449e-18
25,2,7,0.2,24,0.2,245,10,0.1,0,0.0140795427009027
25,2,7,0.2,24,0.2,245,10,0.1,0,0.186496684939538
25,2,7,0.2,24,0.2,245,10,0.1,0,-3.35345406777041e-17
25,2,7,0.2,24,0.2,245,10,0.1,0,0.0681513765954745
25,2,7,0.2,24,0.2,245,10,0.1,0,-2.18202210124106
25,2,7,0.2,24,0.2,245,10,0.1,0,-2.19499593929819e-22
25,2,7,0.2,24,0.2,245,10,0.1,0,0.129803175931331
25,2,7,0.2,24,0.2,245,10,0.1,0,0.20569173126095
25,2,7,0.2,24,0.2,245,10,0.1,0,-0.00200896550016865
25,2,7,0.2,24,0.2,245,10,0.1,0,0.41671432155395
25,2,7,0.2,24,0.2,245,10,0.1,0,0.0368632361968279
25,2,7,0.2,24,0.2,245,10,0.1,0,0.0014055847262215
25,2,7,0.2,24,0.2,245,10,0.1,0,0.644718325418073
25,2,7,0.2,24,0.2,245,10,0.1,0,-0.0743447202796195
25,2,7,0.2,24,0.2,245,10,0.1,0,0.40739469084266
25,2,7,0.2,24,0.2,245,10,0.1,0,-0.00402060570121333
25,2,7,0.2,24,0.2,245,10,0.1,0,0
25,2,7,0.2,24,0.2,245,10,0.1,0,-0.00162956257906576
25,2,7,0.2,24,0.2,245,10,0.1,0,0.0803443173005163
25,2,7,0.2,24,0.2,245,10,0.1,0,0.0608850907829259
25,2,7,0.2,24,0.2,245,10,0.1,0,-0.241924273485192
25,2,7,0.2,24,0.2,245,10,0.1,0,0.2520138554991
25,2,7,0.2,24,0.2,245,10,0.1,0,-0.00265778942617233
25,2,7,0.2,24,0.2,245,10,0.1,0,0.103593759536756
25,2,7,0.2,24,0.2,245,10,0.1,0,-0.121150104259061
25,2,7,0.2,24,0.2,245,10,0.1,0,0.0409977905335767
25,2,7,0.2,24,0.2,245,10,0.1,0,0.0457047928088899
25,2,7,0.2,24,0.2,245,10,0.1,0,0.325488801961843
25,2,7,0.2,24,0.2,245,10,0.1,0,-0.0134197122050614
25,2,7,0.2,24,0.2,245,10,0.1,0,-0.00892250032577171
25,2,7,0.2,24,0.2,245,10,0.1,0,0.0700382669630095
25,2,7,0.2,24,0.2,245,10,0.1,0,0.0364515461690548
25,2,7,0.2,24,0.2,245,10,0.1,0,-0.0429492763657134
25,2,7,0.2,24,0.2,245,10,0.1,0,0.127241741313668
25,2,7,0.2,24,0.2,245,10,0.1,0,0
25,2,7,0.2,24,0.2,245,10,0.1,0,0.278667274376352
25,2,7,0.2,24,0.2,245,10,0.1,0,-0.0205138400137711
25,2,7,0.2,24,0.2,245,10,0.1,0,1.47588497742588e-22
25,2,7,0.2,24,0.2,245,10,0.1,0,0
25,2,7,0.2,24,0.2,245,10,0.1,0,0.175377490865611
25,2,7,0.2,24,0.2,245,10,0.1,0,-0.0330674433476361
25,2,7,0.2,24,0.2,245,10,0.1,0,-3.80041630157754e-17
25,2,7,0.2,24,0.2,245,10,0.1,0,-0.207762628726239
25,2,7,0.2,24,0.2,245,10,0.1,0,-0.206982528829164
25,2,7,0.2,24,0.2,245,10,0.1,0,0.0140415539805043
25,2,7,0.2,24,0.2,245,10,0.1,0,0.0213825169010391
25,2,7,0.2,24,0.2,245,10,0.1,0,0.0596900038575785
25,2,7,0.2,24,0.2,245,10,0.1,0,0
25,2,7,0.2,24,0.2,245,10,0.1,0,0.000840870133939126
25,2,7,0.2,24,0.2,245,10,0.1,0,0.0731550979424904
25,2,7,0.2,24,0.2,245,10,0.1,0,-0.039667577550306
25,2,7,0.2,24,0.2,245,10,0.1,0,-0.0231409852463022
25,2,7,0.2,24,0.2,245,10,0.1,0,0.00209374703911552
25,2,7,0.2,24,0.2,245,10,0.1,0,0.0221680018771495
25,2,7,0.2,24,0.2,245,10,0.1,0,0
25,2,7,0.2,24,0.2,245,10,0.1,0,0.0181115753607002
25,2,7,0.2,24,0.2,245,10,0.1,0,-0.0155374006228967
25,2,7,0.2,24,0.2,245,10,0.1,0,-0.524635768841241
25,2,7,0.2,24,0.2,245,10,0.1,0,0.00921566565294615
25,2,7,0.2,24,0.2,245,10,0.1,0,0.240489939678871
25,2,7,0.2,24,0.2,245,10,0.1,0,-0.10647163303923
25,2,7,0.2,24,0.2,245,10,0.1,0,0.0206119179950674
25,2,7,0.2,24,0.2,245,10,0.1,0,0.333364021705487
25,2,7,0.2,24,0.2,245,10,0.1,0,0.229706594866409
25,2,7,0.2,24,0.2,245,10,0.1,0,0.473661935192105
25,2,7,0.2,24,0.2,245,10,0.1,0,0.0675802307999256
25,2,7,0.2,24,0.2,245,10,0.1,0,0
25,2,7,0.2,24,0.2,245,10,0.1,0,-0.0469578355986496
25,2,7,0.2,24,0.2,245,10,0.1,0,1.81691337338809
25,2,7,0.2,24,0.2,245,10,0.1,0,-0.307797361165683
25,2,7,0.2,24,0.2,245,10,0.1,0,-2.25842952960532
25,2,7,0.2,24,0.2,245,10,0.1,0,0.115566636912211
25,2,7,0.2,24,0.2,245,10,0.1,0,-1.11625958588982
25,2,7,0.2,24,0.2,245,10,0.1,0,0.358995540285619
25,2,7,0.2,24,0.2,245,10,0.1,0,0.506856031964068
25,2,7,0.2,24,0.2,245,10,0.1,0,0.895840541056383
25,2,7,0.2,24,0.2,245,10,0.1,0,0.285822707466115
25,2,7,0.2,24,0.2,245,10,0.1,0,-0.254259304526
25,2,7,0.2,24,0.2,245,10,0.1,0,-0.11640330128317
25,2,7,0.2,24,0.2,245,10,0.1,0,-0.014849358333886
25,2,7,0.2,24,0.2,245,10,0.1,0,-0.0071540604687301
25,2,7,0.2,24,0.2,245,10,0.1,0,0.0525892083435189
25,2,7,0.2,24,0.2,245,10,0.1,0,-0.0216051581936946
25,2,7,0.2,24,0.2,245,10,0.1,0,0.0316281453114521
25,2,7,0.2,24,0.2,245,10,0.1,0,-0.0927000901655068
25,2,7,0.2,24,0.2,245,10,0.1,0,-0.138817742251083
25,2,7,0.2,24,0.2,245,10,0.1,0,-1.74830994906394
25,2,7,0.2,24,0.2,245,10,0.1,0,0.196132937066968
25,2,7,0.2,24,0.2,245,10,0.1,0,-0.0796157030067796
25,2,7,0.2,24,0.2,245,10,0.1,0,0.392272483354011
25,2,7,0.2,24,0.2,245,10,0.1,0,0.183051665447761
25,2,7,0.2,24,0.2,245,10,0.1,0,0.234098483545382
25,2,7,0.2,24,0.2,245,10,0.1,0,0.0238889950932786
25,2,7,0.2,24,0.2,245,10,0.1,0,-0.0271484768725343
25,2,7,0.2,24,0.2,245,10,0.1,0,-0.719318876651262
25,2,7,0.2,24,0.2,245,10,0.1,0,0.0459604465352358
25,2,7,0.2,24,0.2,245,10,0.1,0,-0.0144950218481111
25,2,7,0.2,24,0.2,245,10,0.1,0,1.77085155876975
25,2,7,0.2,24,0.2,245,10,0.1,0,0.747824144021456
25,2,7,0.2,24,0.2,245,10,0.1,0,-0.255243320232295
25,2,7,0.2,24,0.2,245,10,0.1,0,0
25,2,7,0.2,24,0.2,245,10,0.1,0,0.138388380237932
25,2,7,0.2,24,0.2,245,10,0.1,0,2.57842227739039
25,2,7,0.2,24,0.2,245,10,0.1,0,0.24876224013545
25,2,7,0.2,24,0.2,245,10,0.1,0,0.0665126209808929
25,2,7,0.2,24,0.2,245,10,0.1,0,0.0641094252622981
25,2,7,0.2,24,0.2,245,10,0.1,0,0.105325322441596
25,2,7,0.2,24,0.2,245,10,0.1,0,-0.208666710614015
25,2,7,0.2,24,0.2,245,10,0.1,0,0
25,2,7,0.2,24,0.2,245,10,0.1,0,0.302521738094204
25,2,7,0.2,24,0.2,245,10,0.1,0,-1.66678149655844e-22
25,2,7,0.2,24,0.2,245,10,0.1,0,3.07670454788231e-17
25,2,7,0.2,24,0.2,245,10,0.1,0,0.160558534517366
25,2,7,0.2,24,0.2,245,10,0.1,0,0.078710422272283
25,2,7,0.2,24,0.2,245,10,0.1,0,-0.205718029166322
25,2,7,0.2,24,0.2,245,10,0.1,0,-0.0305439734690902
25,2,7,0.2,24,0.2,245,10,0.1,0,-0.11273619412238
25,2,7,0.2,24,0.2,245,10,0.1,0,0
25,2,7,0.2,24,0.2,245,10,0.1,0,0.0181286899188106
25,2,7,0.2,24,0.2,245,10,0.1,0,1.39021408609198
25,2,7,0.2,24,0.2,245,10,0.1,0,0
25,2,7,0.2,24,0.2,245,10,0.1,0,0.00929602510984366
25,2,7,0.2,24,0.2,245,10,0.1,0,-0.0357856868955319
25,2,7,0.2,24,0.2,245,10,0.1,0,-3.11215328585622
25,2,7,0.2,24,0.2,245,10,0.1,0,-0.156683175771503
25,2,7,0.2,24,0.2,245,10,0.1,0,-1.76487431723046
25,2,7,0.2,24,0.2,245,10,0.1,0,-0.00771807427390701
25,2,7,0.2,24,0.2,245,10,0.1,0,0.108550960382568
25,2,7,0.2,24,0.2,245,10,0.1,0,-0.226935730153458
25,2,7,0.2,24,0.2,245,10,0.1,0,0.0469507835553017
25,2,7,0.2,24,0.2,245,10,0.1,0,0.377050738484329
25,2,7,0.2,24,0.2,245,10,0.1,0,0
25,2,7,0.2,24,0.2,245,10,0.1,0,0.170498830272294
25,2,7,0.2,24,0.2,245,10,0.1,0,0.0741884552610789
25,2,7,0.2,24,0.2,245,10,0.1,0,0
25,2,7,0.2,24,0.2,245,10,0.1,0,-0.0100677922325226
25,2,7,0.2,24,0.2,245,10,0.1,0,0
25,2,7,0.2,24,0.2,245,10,0.1,0,0
25,2,7,0.2,24,0.2,245,10,0.1,0,-0.759106587750166
25,2,7,0.2,24,0.2,245,10,0.1,0,0.0138323501011066
25,2,7,0.2,24,0.2,245,10,0.1,0,-0.166093395581812
25,2,7,0.2,24,0.2,245,10,0.1,0,-0.240672168164248
25,2,7,0.2,24,0.2,245,10,0.1,0,-0.218283849918412
25,2,7,0.2,24,0.2,245,10,0.1,0,1.34779602672945
25,2,7,0.2,24,0.2,245,10,0.1,0,0
25,2,7,0.2,24,0.2,245,10,0.1,0,-0.0184118013564532
25,2,7,0.2,24,0.2,245,10,0.1,0,-0.454011939160874
25,2,7,0.2,24,0.2,245,10,0.1,0,4.97361349669694
25,2,7,0.2,24,0.2,245,10,0.1,0,-0.219372626599557
25,2,7,0.2,24,0.2,245,10,0.1,0,-0.274390821363712
25,2,7,0.2,24,0.2,245,10,0.1,0,0.0834801859750309
25,3,1,0.2,27,0.2,351,10,0.1,1,5.52741849724662e-24
25,3,1,0.2,27,0.2,351,10,0.1,1,0
25,3,1,0.2,27,0.2,351,10,0.1,1,-1.01353974132284
25,3,1,0.2,27,0.2,351,10,0.1,1,0.0079738777212167
25,3,1,0.2,27,0.2,351,10,0.1,1,0.334535736397524
25,3,1,0.2,27,0.2,351,10,0.1,1,-0.486937855707131
25,3,1,0.2,27,0.2,351,10,0.1,1,0.0112899100847366
25,3,1,0.2,27,0.2,351,10,0.1,1,0
25,3,1,0.2,27,0.2,351,10,0.1,1,0.483827859436562
25,3,1,0.2,27,0.2,351,10,0.1,1,-1.05164314219016
25,3,1,0.2,27,0.2,351,10,0.1,1,0
25,3,1,0.2,27,0.2,351,10,0.1,1,-0.104524803140721
25,3,1,0.2,27,0.2,351,10,0.1,1,0
25,3,1,0.2,27,0.2,351,10,0.1,1,-0.34509130337577
25,3,1,0.2,27,0.2,351,10,0.1,1,0.293384217540941
25,3,1,0.2,27,0.2,351,10,0.1,1,1.00057177983954e-16
25,3,1,0.2,27,0.2,351,10,0.1,1,0
25,3,1,0.2,27,0.2,351,10,0.1,1,1.69011275193995e-35
25,3,1,0.2,27,0.2,351,10,0.1,1,-0.119652207576073
25,3,1,0.2,27,0.2,351,10,0.1,1,0.204560816790306
25,3,1,0.2,27,0.2,351,10,0.1,1,0.00846689068995938
25,3,1,0.2,27,0.2,351,10,0.1,1,1.9849162616397e-24
25,3,1,0.2,27,0.2,351,10,0.1,1,1.43626563116026
25,3,1,0.2,27,0.2,351,10,0.1,1,-1.12063444838121
25,3,1,0.2,27,0.2,351,10,0.1,1,-0.0144963458639149
25,3,1,0.2,27,0.2,351,10,0.1,1,0
25,3,1,0.2,27,0.2,351,10,0.1,1,2.53224470095697
25,3,1,0.2,27,0.2,351,10,0.1,0,-0.721595711884606
25,3,1,0.2,27,0.2,351,10,0.1,0,0.121671050344062
25,3,1,0.2,27,0.2,351,10,0.1,0,0.033327780712984
25,3,1,0.2,27,0.2,351,10,0.1,0,0.0576010609777468
25,3,1,0.2,27,0.2,351,10,0.1,0,0.0773023546162694
25,3,1,0.2,27,0.2,351,10,0.1,0,-0.432572587007519
25,3,1,0.2,27,0.2,351,10,0.1,0,-0.0660780093174433
25,3,1,0.2,27,0.2,351,10,0.1,0,0.925601882398223
25,3,1,0.2,27,0.2,351,10,0.1,0,-0.00465345460966412
25,3,1,0.2,27,0.2,351,10,0.1,0,-0.0960333849611435
25,3,1,0.2,27,0.2,351,10,0.1,0,3.50398846271388
25,3,1,0.2,27,0.2,351,10,0.1,0,-0.0956799771597692
25,3,1,0.2,27,0.2,351,10,0.1,0,-0.0257596392795366
25,3,1,0.2,27,0.2,351,10,0.1,0,-0.147452024296296
25,3,1,0.2,27,0.2,351,10,0.1,0,-0.583789596252627
25,3,1,0.2,27,0.2,351,10,0.1,0,-1.0797705848631e-24
25,3,1,0.2,27,0.2,351,10,0.1,0,-2.46572706223803e-24
25,3,1,0.2,27,0.2,351,10,0.1,0,0.0571188312075071
25,3,1,0.2,27,0.2,351,10,0.1,0,0.365089080542125
25,3,1,0.2,27,0.2,351,10,0.1,0,-0.0238325838024388
25,3,1,0.2,27,0.2,351,10,0.1,0,-0.0277870028540257
25,3,1,0.2,27,0.2,351,10,0.1,0,0.334298026516357
25,3,1,0.2,27,0.2,351,10,0.1,0,-0.0967222541543011
25,3,1,0.2,27,0.2,351,10,0.1,0,0.702664445592734
25,3,1,0.2,27,0.2,351,10,0.1,0,0.752994037068096
25,3,1,0.2,27,0.2,351,10,0.1,0,0
25,3,1,0.2,27,0.2,351,10,0.1,0,-0.0109581574984348
25,3,1,0.2,27,0.2,351,10,0.1,0,-0.000169110057807498
25,3,1,0.2,27,0.2,351,10,0.1,0,0.0117420291949552
25,3,1,0.2,27,0.2,351,10,0.1,0,0.00585033841639542
25,3,1,0.2,27,0.2,351,10,0.1,0,0
25,3,1,0.2,27,0.2,351,10,0.1,0,3.93549549732686e-37
25,3,1,0.2,27,0.2,351,10,0.1,0,-0.165046999432217
25,3,1,0.2,27,0.2,351,10,0.1,0,0.702379557759884
25,3,1,0.2,27,0.2,351,10,0.1,0,0.000824679262582869
25,3,1,0.2,27,0.2,351,10,0.1,0,-0.00413565851674647
25,3,1,0.2,27,0.2,351,10,0.1,0,0.628168140865202
25,3,1,0.2,27,0.2,351,10,0.1,0,0.0462704013550176
25,3,1,0.2,27,0.2,351,10,0.1,0,-2.99655585923005
25,3,1,0.2,27,0.2,351,10,0.1,0,-0.00838127462520196
25,3,1,0.2,27,0.2,351,10,0.1,0,0.7053249013882
25,3,1,0.2,27,0.2,351,10,0.1,0,0.195885015052705
25,3,1,0.2,27,0.2,351,10,0.1,0,-0.0334288176417508
25,3,1,0.2,27,0.2,351,10,0.1,0,0
25,3,1,0.2,27,0.2,351,10,0.1,0,0.0510229748750208
25,3,1,0.2,27,0.2,351,10,0.1,0,0.182146849252516
25,3,1,0.2,27,0.2,351,10,0.1,0,0.249746464258599
25,3,1,0.2,27,0.2,351,10,0.1,0,0.0527932926636427
25,3,1,0.2,27,0.2,351,10,0.1,0,-0.0365653208386761
25,3,1,0.2,27,0.2,351,10,0.1,0,-0.6669562305898
25,3,1,0.2,27,0.2,351,10,0.1,0,-0.0485234189350583
25,3,1,0.2,27,0.2,351,10,0.1,0,0.966949900177724
25,3,1,0.2,27,0.2,351,10,0.1,0,0.294165937135457
25,3,1,0.2,27,0.2,351,10,0.1,0,0.1022435921187
25,3,1,0.2,27,0.2,351,10,0.1,0,-7.86727393825728e-24
25,3,1,0.2,27,0.2,351,10,0.1,0,-8.26055154014472e-24
25,3,1,0.2,27,0.2,351,10,0.1,0,-0.87166112410548
25,3,1,0.2,27,0.2,351,10,0.1,0,0.040895661172065
25,3,1,0.2,27,0.2,351,10,0.1,0,0
25,3,1,0.2,27,0.2,351,10,0.1,0,-0.0113829925581342
25,3,1,0.2,27,0.2,351,10,0.1,0,0.186269619720311
25,3,1,0.2,27,0.2,351,10,0.1,0,0.000931928217552253
25,3,1,0.2,27,0.2,351,10,0.1,0,0.0329870115660983
25,3,1,0.2,27,0.2,351,10,0.1,0,0
25,3,1,0.2,27,0.2,351,10,0.1,0,0
25,3,1,0.2,27,0.2,351,10,0.1,0,-0.0332345175168524
25,3,1,0.2,27,0.2,351,10,0.1,0,0.0384517825292811
25,3,1,0.2,27,0.2,351,10,0.1,0,0.00431657810856908
25,3,1,0.2,27,0.2,351,10,0.1,0,0.0379591473647327
25,3,1,0.2,27,0.2,351,10,0.1,0,0.059838525838239
25,3,1,0.2,27,0.2,351,10,0.1,0,0.0530179518706112
25,3,1,0.2,27,0.2,351,10,0.1,0,0.808670861883701
25,3,1,0.2,27,0.2,351,10,0.1,0,-0.224795130268699
25,3,1,0.2,27,0.2,351,10,0.1,0,0
25,3,1,0.2,27,0.2,351,10,0.1,0,-0.118335917905189
25,3,1,0.2,27,0.2,351,10,0.1,0,-0.00948886208454339
25,3,1,0.2,27,0.2,351,10,0.1,0,0.0788733955595133
25,3,1,0.2,27,0.2,351,10,0.1,0,0.13484438609356
25,3,1,0.2,27,0.2,351,10,0.1,0,-0.0674491649636947
25,3,1,0.2,27,0.2,351,10,0.1,0,-0.00886721490637291
25,3,1,0.2,27,0.2,351,10,0.1,0,0.19880774850209
25,3,1,0.2,27,0.2,351,10,0.1,0,0.0161709983846813
25,3,1,0.2,27,0.2,351,10,0.1,0,-0.0670715817954445
25,3,1,0.2,27,0.2,351,10,0.1,0,-0.0675073601791863
25,3,1,0.2,27,0.2,351,10,0.1,0,-1.03765382260352e-36
25,3,1,0.2,27,0.2,351,10,0.1,0,0
25,3,1,0.2,27,0.2,351,10,0.1,0,0.309120026530943
25,3,1,0.2,27,0.2,351,10,0.1,0,0.0419838012079214
25,3,1,0.2,27,0.2,351,10,0.1,0,-0.0613400136499965
25,3,1,0.2,27,0.2,351,10,0.1,0,-0.00901333948928371
25,3,1,0.2,27,0.2,351,10,0.1,0,-0.0107490336304118
25,3,1,0.2,27,0.2,351,10,0.1,0,-0.0116205064399965
25,3,1,0.2,27,0.2,351,10,0.1,0,-0.000578075985161817
25,3,1,0.2,27,0.2,351,10,0.1,0,0.0282563409962957
25,3,1,0.2,27,0.2,351,10,0.1,0,-0.137020132129146
25,3,1,0.2,27,0.2,351,10,0.1,0,0.127674668033894
25,3,1,0.2,27,0.2,351,10,0.1,0,2.32557361081988
25,3,1,0.2,27,0.2,351,10,0.1,0,-0.328791786141085
25,3,1,0.2,27,0.2,351,10,0.1,0,-0.558096268474956
25,3,1,0.2,27,0.2,351,10,0.1,0,-0.0581052715649512
25,3,1,0.2,27,0.2,351,10,0.1,0,-0.423361602641424
25,3,1,0.2,27,0.2,351,10,0.1,0,0
25,3,1,0.2,27,0.2,351,10,0.1,0,-0.0186243870143865
25,3,1,0.2,27,0.2,351,10,0.1,0,-0.0129611085546647
25,3,1,0.2,27,0.2,351,10,0.1,0,0.0918569646398253
25,3,1,0.2,27,0.2,351,10,0.1,0,0.0406481981387525
25,3,1,0.2,27,0.2,351,10,0.1,0,0.0189609243907019
25,3,1,0.2,27,0.2,351,10,0.1,0,-0.0909149310696332
25,3,1,0.2,27,0.2,351,10,0.1,0,0.0891319092696022
25,3,1,0.2,27,0.2,351,10,0.1,0,0.177763448156629
25,3,1,0.2,27,0.2,351,10,0.1,0,-0.0285467049211558
25,3,1,0.2,27,0.2,351,10,0.1,0,0.00438838161079524
25,3,1,0.2,27,0.2,351,10,0.1,0,0.00363123308078988
25,3,1,0.2,27,0.2,351,10,0.1,0,-0.00585036416339279
25,3,1,0.2,27,0.2,351,10,0.1,0,0.134974974338891
25,3,1,0.2,27,0.2,351,10,0.1,0,-0.133717035541973
25,3,1,0.2,27,0.2,351,10,0.1,0,-0.332850802581711
25,3,1,0.2,27,0.2,351,10,0.1,0,-0.0758955260412553
25,3,1,0.2,27,0.2,351,10,0.1,0,-1.48142075010504
25,3,1,0.2,27,0.2,351,10,0.1,0,-1.19725238752884e-36
25,3,1,0.2,27,0.2,351,10,0.1,0,0.0853806817590135
25,3,1,0.2,27,0.2,351,10,0.1,0,-0.0622047723253414
25,3,1,0.2,27,0.2,351,10,0.1,0,0.000153136085150199
25,3,1,0.2,27,0.2,351,10,0.1,0,-0.0157682058706202
25,3,1,0.2,27,0.2,351,10,0.1,0,0.0859609176495581
25,3,1,0.2,27,0.2,351,10,0.1,0,0
25,3,1,0.2,27,0.2,351,10,0.1,0,-2.37998534621147e-36
25,3,1,0.2,27,0.2,351,10,0.1,0,0.033795286568551
25,3,1,0.2,27,0.2,351,10,0.1,0,0.287693646759735
25,3,1,0.2,27,0.2,351,10,0.1,0,-0.0991896011025526
25,3,1,0.2,27,0.2,351,10,0.1,0,-1.06385834242873
25,3,1,0.2,27,0.2,351,10,0.1,0,0
25,3,1,0.2,27,0.2,351,10,0.1,0,0
25,3,1,0.2,27,0.2,351,10,0.1,0,-0.154228320350376
25,3,1,0.2,27,0.2,351,10,0.1,0,-0.0396053515683983
25,3,1,0.2,27,0.2,351,10,0.1,0,2.63246812980276e-24
25,3,1,0.2,27,0.2,351,10,0.1,0,-0.00320954378945984
25,3,1,0.2,27,0.2,351,10,0.1,0,0.0456670258260928
25,3,1,0.2,27,0.2,351,10,0.1,0,1.69710265101479e-37
25,3,1,0.2,27,0.2,351,10,0.1,0,-0.0100024715459911
25,3,1,0.2,27,0.2,351,10,0.1,0,-0.205577314184614
25,3,1,0.2,27,0.2,351,10,0.1,0,0.0636581645768047
25,3,1,0.2,27,0.2,351,10,0.1,0,0
25,3,1,0.2,27,0.2,351,10,0.1,0,0
25,3,1,0.2,27,0.2,351,10,0.1,0,0.236681148415583
25,3,1,0.2,27,0.2,351,10,0.1,0,0
25,3,1,0.2,27,0.2,351,10,0.1,0,-0.0128851021165227
25,3,1,0.2,27,0.2,351,10,0.1,0,-0.00570756486213033
25,3,1,0.2,27,0.2,351,10,0.1,0,-0.031218371503773
25,3,1,0.2,27,0.2,351,10,0.1,0,-3.01962886394105e-24
25,3,1,0.2,27,0.2,351,10,0.1,0,-0.0644600136859645
25,3,1,0.2,27,0.2,351,10,0.1,0,0.403913898907202
25,3,1,0.2,27,0.2,351,10,0.1,0,0.0216677717900512
25,3,1,0.2,27,0.2,351,10,0.1,0,-0.34999909413519
25,3,1,0.2,27,0.2,351,10,0.1,0,0.0252460415255861
25,3,1,0.2,27,0.2,351,10,0.1,0,-0.277739151299922
25,3,1,0.2,27,0.2,351,10,0.1,0,0.0145405824753025
25,3,1,0.2,27,0.2,351,10,0.1,0,-0.0727367729317675
25,3,1,0.2,27,0.2,351,10,0.1,0,0.00779162442353049
25,3,1,0.2,27,0.2,351,10,0.1,0,-0.970563851060503
25,3,1,0.2,27,0.2,351,10,0.1,0,0
25,3,1,0.2,27,0.2,351,10,0.1,0,0.138389521471934
25,3,1,0.2,27,0.2,351,10,0.1,0,0.234222666291742
25,3,1,0.2,27,0.2,351,10,0.1,0,2.78805109405e-37
25,3,1,0.2,27,0.2,351,10,0.1,0,0.00669292112358889
25,3,1,0.2,27,0.2,351,10,0.1,0,-0.00952780179037785
25,3,1,0.2,27,0.2,351,10,0.1,0,-0.274418207387509
25,3,1,0.2,27,0.2,351,10,0.1,0,0.00506477508236934
25,3,1,0.2,27,0.2,351,10,0.1,0,-0.425051350804326
25,3,1,0.2,27,0.2,351,10,0.1,0,-0.000217788116435249
25,3,1,0.2,27,0.2,351,10,0.1,0,-0.215052937866047
25,3,1,0.2,27,0.2,351,10,0.1,0,0.195175591794065
25,3,1,0.2,27,0.2,351,10,0.1,0,0.0353327038314237
25,3,1,0.2,27,0.2,351,10,0.1,0,0.0441045452677227
25,3,1,0.2,27,0.2,351,10,0.1,0,-0.0903302809332748
25,3,1,0.2,27,0.2,351,10,0.1,0,0.00214731598068413
25,3,1,0.2,27,0.2,351,10,0.1,0,-0.0265433366878983
25,3,1,0.2,27,0.2,351,10,0.1,0,-6.9957199243633e-24
25,3,1,0.2,27,0.2,351,10,0.1,0,-0.0758776779273642
25,3,1,0.2,27,0.2,351,10,0.1,0,-0.0235137712123435
25,3,1,0.2,27,0.2,351,10,0.1,0,-0.462710261697444
25,3,1,0.2,27,0.2,351,10,0.1,0,-0.0744437778785952
25,3,1,0.2,27,0.2,351,10,0.1,0,-0.270727276492371
25,3,1,0.2,27,0.2,351,10,0.1,0,7.23318044123526e-18
25,3,1,0.2,27,0.2,351,10,0.1,0,-0.0338833391845929
25,3,1,0.2,27,0.2,351,10,0.1,0,0.0695036772804722
25,3,1,0.2,27,0.2,351,10,0.1,0,-0.149688335814762
25,3,1,0.2,27,0.2,351,10,0.1,0,-6.77422657747167e-24
25,3,1,0.2,27,0.2,351,10,0.1,0,0.107895613316091
25,3,1,0.2,27,0.2,351,10,0.1,0,-0.00627131210453738
25,3,1,0.2,27,0.2,351,10,0.1,0,-0.0874317391876269
25,3,1,0.2,27,0.2,351,10,0.1,0,0.334001514479084
25,3,1,0.2,27,0.2,351,10,0.1,0,-0.204486763483013
25,3,1,0.2,27,0.2,351,10,0.1,0,0.0260665939406084
25,3,1,0.2,27,0.2,351,10,0.1,0,-2.30903775519121
25,3,1,0.2,27,0.2,351,10,0.1,0,0.0587960331138679
25,3,1,0.2,27,0.2,351,10,0.1,0,0.332894850887127
25,3,1,0.2,27,0.2,351,10,0.1,0,-0.0409890620183384
25,3,1,0.2,27,0.2,351,10,0.1,0,0.669747939296668
25,3,1,0.2,27,0.2,351,10,0.1,0,0
25,3,1,0.2,27,0.2,351,10,0.1,0,9.84581242124847e-25
25,3,1,0.2,27,0.2,351,10,0.1,0,0
25,3,1,0.2,27,0.2,351,10,0.1,0,4.82876640236767e-25
25,3,1,0.2,27,0.2,351,10,0.1,0,-0.0101401660830092
25,3,1,0.2,27,0.2,351,10,0.1,0,0.0666098486060851
25,3,1,0.2,27,0.2,351,10,0.1,0,-3.26822148113967e-36
25,3,1,0.2,27,0.2,351,10,0.1,0,-0.0354493244195936
25,3,1,0.2,27,0.2,351,10,0.1,0,-0.272930635148417
25,3,1,0.2,27,0.2,351,10,0.1,0,0.115027230876389
25,3,1,0.2,27,0.2,351,10,0.1,0,0.0241003118032746
25,3,1,0.2,27,0.2,351,10,0.1,0,-0.082957623966136
25,3,1,0.2,27,0.2,351,10,0.1,0,7.88483990154306e-37
25,3,1,0.2,27,0.2,351,10,0.1,0,0.0426679497499257
25,3,1,0.2,27,0.2,351,10,0.1,0,-0.204042099491065
25,3,1,0.2,27,0.2,351,10,0.1,0,-0.00627889607473705
25,3,1,0.2,27,0.2,351,10,0.1,0,2.07640138556429e-25
25,3,1,0.2,27,0.2,351,10,0.1,0,-0.033520401531845
25,3,1,0.2,27,0.2,351,10,0.1,0,-0.030029833877079
25,3,1,0.2,27,0.2,351,10,0.1,0,0
25,3,1,0.2,27,0.2,351,10,0.1,0,-0.429036837992237
25,3,1,0.2,27,0.2,351,10,0.1,0,-0.0680689041040566
25,3,1,0.2,27,0.2,351,10,0.1,0,-0.0359408937239753
25,3,1,0.2,27,0.2,351,10,0.1,0,0.572104257910858
25,3,1,0.2,27,0.2,351,10,0.1,0,0.0414455455308562
25,3,1,0.2,27,0.2,351,10,0.1,0,-0.225814474011445
25,3,1,0.2,27,0.2,351,10,0.1,0,-0.0115857418122444
25,3,1,0.2,27,0.2,351,10,0.1,0,0.105778754150252
25,3,1,0.2,27,0.2,351,10,0.1,0,0.0847376070437664
25,3,1,0.2,27,0.2,351,10,0.1,0,-0.0352565789649811
25,3,1,0.2,27,0.2,351,10,0.1,0,0
25,3,1,0.2,27,0.2,351,10,0.1,0,2.11869207300746e-37
25,3,1,0.2,27,0.2,351,10,0.1,0,0
25,3,1,0.2,27,0.2,351,10,0.1,0,0.0588631741605928
25,3,1,0.2,27,0.2,351,10,0.1,0,-9.30197717524791e-18
25,3,1,0.2,27,0.2,351,10,0.1,0,0.00812897014353458
25,3,1,0.2,27,0.2,351,10,0.1,0,0.868848061475397
25,3,1,0.2,27,0.2,351,10,0.1,0,0.0581389090156971
25,3,1,0.2,27,0.2,351,10,0.1,0,-0.089529161913179
25,3,1,0.2,27,0.2,351,10,0.1,0,-0.226144319072058
25,3,1,0.2,27,0.2,351,10,0.1,0,0.103472399361071
25,3,1,0.2,27,0.2,351,10,0.1,0,0.102811945324345
25,3,1,0.2,27,0.2,351,10,0.1,0,0.140038389561095
25,3,1,0.2,27,0.2,351,10,0.1,0,-0.0102160822199065
25,3,1,0.2,27,0.2,351,10,0.1,0,-0.00194197720920014
25,3,1,0.2,27,0.2,351,10,0.1,0,8.20341423742942e-18
25,3,1,0.2,27,0.2,351,10,0.1,0,0.0432312353716581
25,3,1,0.2,27,0.2,351,10,0.1,0,-0.158107938295147
25,3,1,0.2,27,0.2,351,10,0.1,0,-0.0128957808503117
25,3,1,0.2,27,0.2,351,10,0.1,0,0.341569810122802
25,3,1,0.2,27,0.2,351,10,0.1,0,0.214173936398049
25,3,1,0.2,27,0.2,351,10,0.1,0,0.00828961729509001
25,3,1,0.2,27,0.2,351,10,0.1,0,0.114569674479426
25,3,1,0.2,27,0.2,351,10,0.1,0,0
25,3,1,0.2,27,0.2,351,10,0.1,0,9.225886637483e-37
25,3,1,0.2,27,0.2,351,10,0.1,0,0.173979428054357
25,3,1,0.2,27,0.2,351,10,0.1,0,-0.252059435383065
25,3,1,0.2,27,0.2,351,10,0.1,0,0.579467814760692
25,3,1,0.2,27,0.2,351,10,0.1,0,-0.0105849482488363
25,3,1,0.2,27,0.2,351,10,0.1,0,0.0936976887370881
25,3,1,0.2,27,0.2,351,10,0.1,0,-0.000831984643536769
25,3,1,0.2,27,0.2,351,10,0.1,0,0
25,3,1,0.2,27,0.2,351,10,0.1,0,-0.0605248873847253
25,3,1,0.2,27,0.2,351,10,0.1,0,0
25,3,1,0.2,27,0.2,351,10,0.1,0,0.110084401225432
25,3,1,0.2,27,0.2,351,10,0.1,0,0.0292110535174908
25,3,1,0.2,27,0.2,351,10,0.1,0,0.111922067836314
25,3,1,0.2,27,0.2,351,10,0.1,0,0.0241895000261883
25,3,1,0.2,27,0.2,351,10,0.1,0,-0.120470769349388
25,3,1,0.2,27,0.2,351,10,0.1,0,0.211715483487049
25,3,1,0.2,27,0.2,351,10,0.1,0,0
25,3,1,0.2,27,0.2,351,10,0.1,0,0.358604850514212
25,3,1,0.2,27,0.2,351,10,0.1,0,0.0353550019880111
25,3,1,0.2,27,0.2,351,10,0.1,0,-0.0272717270142157
25,3,1,0.2,27,0.2,351,10,0.1,0,-0.00643217617037558
25,3,1,0.2,27,0.2,351,10,0.1,0,0.190021812152682
25,3,1,0.2,27,0.2,351,10,0.1,0,-1.27962590435569e-16
25,3,1,0.2,27,0.2,351,10,0.1,0,0.277775096519921
25,3,1,0.2,27,0.2,351,10,0.1,0,0.126548545483835
25,3,1,0.2,27,0.2,351,10,0.1,0,-1.46866386432025e-23
25,3,1,0.2,27,0.2,351,10,0.1,0,-0.329124716276022
25,3,1,0.2,27,0.2,351,10,0.1,0,-0.00891201383610118
25,3,1,0.2,27,0.2,351,10,0.1,0,-0.00838808250214797
25,3,1,0.2,27,0.2,351,10,0.1,0,0.311019817245049
25,3,1,0.2,27,0.2,351,10,0.1,0,-0.0359403558017436
25,3,1,0.2,27,0.2,351,10,0.1,0,-0.0139474759640152
25,3,1,0.2,27,0.2,351,10,0.1,0,-1.04528570304437
25,3,1,0.2,27,0.2,351,10,0.1,0,0.0833014823977024
25,3,1,0.2,27,0.2,351,10,0.1,0,0.391242029003082
25,3,1,0.2,27,0.2,351,10,0.1,0,0
25,3,1,0.2,27,0.2,351,10,0.1,0,0.150253809881476
25,3,1,0.2,27,0.2,351,10,0.1,0,0.13069702069092
25,3,1,0.2,27,0.2,351,10,0.1,0,0
25,3,1,0.2,27,0.2,351,10,0.1,0,6.30719977697606e-24
25,3,1,0.2,27,0.2,351,10,0.1,0,2.42483434354127e-24
25,3,1,0.2,27,0.2,351,10,0.1,0,0.0316531746483637
25,3,1,0.2,27,0.2,351,10,0.1,0,0.0472868466492107
25,3,1,0.2,27,0.2,351,10,0.1,0,3.51324028079379e-17
25,3,1,0.2,27,0.2,351,10,0.1,0,-0.0802498359209391
25,3,1,0.2,27,0.2,351,10,0.1,0,1.35903507879384
25,3,1,0.2,27,0.2,351,10,0.1,0,0.00105355540543751
25,3,1,0.2,27,0.2,351,10,0.1,0,0.0308280282692323
25,3,1,0.2,27,0.2,351,10,0.1,0,0.0580485139319093
25,3,1,0.2,27,0.2,351,10,0.1,0,-0.126308442614129
25,3,1,0.2,27,0.2,351,10,0.1,0,-0.133512444757661
25,3,1,0.2,27,0.2,351,10,0.1,0,0.0314349506134886
25,3,1,0.2,27,0.2,351,10,0.1,0,0.0178940316332479
25,3,1,0.2,27,0.2,351,10,0.1,0,0.319324227425417
25,3,1,0.2,27,0.2,351,10,0.1,0,-0.0435351558834327
25,3,1,0.2,27,0.2,351,10,0.1,0,-2.60194714500153
25,3,1,0.2,27,0.2,351,10,0.1,0,-0.0058851473284197
25,3,1,0.2,27,0.2,351,10,0.1,0,0.291623309422326
25,3,1,0.2,27,0.2,351,10,0.1,0,0.0529200437725419
25,3,1,0.2,27,0.2,351,10,0.1,0,0
25,3,1,0.2,27,0.2,351,10,0.1,0,0.0161343601874173
25,3,1,0.2,27,0.2,351,10,0.1,0,-1.54073456571873e-36
25,3,1,0.2,27,0.2,351,10,0.1,0,4.15858176763464e-36
25,3,1,0.2,27,0.2,351,10,0.1,0,-0.0361729689136498
25,3,1,0.2,27,0.2,351,10,0.1,0,0.0420773684903349
25,3,1,0.2,27,0.2,351,10,0.1,0,-0.233552195257082
25,3,1,0.2,27,0.2,351,10,0.1,0,-0.0703613742557941
25,3,1,0.2,27,0.2,351,10,0.1,0,0.120459823897755
25,3,1,0.2,27,0.2,351,10,0.1,0,0.143433677314684
25,3,1,0.2,27,0.2,351,10,0.1,0,0
25,3,1,0.2,27,0.2,351,10,0.1,0,0.00697935315276582
25,3,1,0.2,27,0.2,351,10,0.1,0,-0.0464169484955112
25,3,1,0.2,27,0.2,351,10,0.1,0,-1.75928755352207e-36
25,3,1,0.2,27,0.2,351,10,0.1,0,1.13175431816486e-24
25,3,1,0.2,27,0.2,351,10,0.1,0,0.409501014072261
25,3,1,0.2,27,0.2,351,10,0.1,0,-0.00266899917032064
25,3,1,0.2,27,0.2,351,10,0.1,0,0.102312922345624
25,3,1,0.2,27,0.2,351,10,0.1,0,-4.25679073972012
25,3,1,0.2,27,0.2,351,10,0.1,0,0.079017767245282
25,3,1,0.2,27,0.2,351,10,0.1,0,0
25,3,1,0.2,27,0.2,351,10,0.1,0,0
25,3,1,0.2,27,0.2,351,10,0.1,0,0
25,3,1,0.2,27,0.2,351,10,0.1,0,0.0545013690931136
25,3,1,0.2,27,0.2,351,10,0.1,0,0.00890230095254569
25,3,1,0.2,27,0.2,351,10,0.1,0,9.86156230908609e-25
25,3,1,0.2,27,0.2,351,10,0.1,0,0.837749685740484
25,3,1,0.2,27,0.2,351,10,0.1,0,0.0539380801812507
25,3,1,0.2,27,0.2,351,10,0.1,0,-0.0502572584332061
25,3,1,0.2,27,0.2,351,10,0.1,0,0
25,3,1,0.2,27,0.2,351,10,0.1,0,0
25,3,1,0.2,27,0.2,351,10,0.1,0,0.0939146645240195
25,3,1,0.2,27,0.2,351,10,0.1,0,0
25,3,1,0.2,27,0.2,351,10,0.1,0,0
25,3,1,0.2,27,0.2,351,10,0.1,0,0.0392626714573416
25,3,1,0.2,27,0.2,351,10,0.1,0,-0.0802565809426385
25,3,1,0.2,27,0.2,351,10,0.1,0,0.0310243584538783
25,3,1,0.2,27,0.2,351,10,0.1,0,0.00386820694985877
25,3,1,0.2,27,0.2,351,10,0.1,0,0
25,3,2,0.2,31,0.2,476,10,0.1,1,-4.64187449462588
25,3,2,0.2,31,0.2,476,10,0.1,1,0.138845354496066
25,3,2,0.2,31,0.2,476,10,0.1,1,0.107189721803111
25,3,2,0.2,31,0.2,476,10,0.1,1,0.878118445530061
25,3,2,0.2,31,0.2,476,10,0.1,1,0
25,3,2,0.2,31,0.2,476,10,0.1,1,0.145728712458019
25,3,2,0.2,31,0.2,476,10,0.1,1,-0.225889610471974
25,3,2,0.2,31,0.2,476,10,0.1,1,0.257483693376356
25,3,2,0.2,31,0.2,476,10,0.1,1,0.467588577096227
25,3,2,0.2,31,0.2,476,10,0.1,1,3.25791463090101
25,3,2,0.2,31,0.2,476,10,0.1,1,0.609493809329076
25,3,2,0.2,31,0.2,476,10,0.1,1,-0.419123011860732
25,3,2,0.2,31,0.2,476,10,0.1,1,-0.436034241746051
25,3,2,0.2,31,0.2,476,10,0.1,1,0.0628464784548077
25,3,2,0.2,31,0.2,476,10,0.1,1,0.383238864965949
25,3,2,0.2,31,0.2,476,10,0.1,1,0.16065726945812
25,3,2,0.2,31,0.2,476,10,0.1,1,0.0702458179228024
25,3,2,0.2,31,0.2,476,10,0.1,1,0.0409346112373623
25,3,2,0.2,31,0.2,476,10,0.1,1,0
25,3,2,0.2,31,0.2,476,10,0.1,1,0
25,3,2,0.2,31,0.2,476,10,0.1,1,-0.195414841963715
25,3,2,0.2,31,0.2,476,10,0.1,1,4.09716235563546
25,3,2,0.2,31,0.2,476,10,0.1,1,1.44587812158362
25,3,2,0.2,31,0.2,476,10,0.1,1,-0.469813222499243
25,3,2,0.2,31,0.2,476,10,0.1,1,0
25,3,2,0.2,31,0.2,476,10,0.1,1,0
25,3,2,0.2,31,0.2,476,10,0.1,1,-0.198022156772427
25,3,2,0.2,31,0.2,476,10,0.1,1,0.832209781553641
25,3,2,0.2,31,0.2,476,10,0.1,1,0.0256049445481223
25,3,2,0.2,31,0.2,476,10,0.1,1,0.506626048331102
25,3,2,0.2,31,0.2,476,10,0.1,1,1.76504005541008
25,3,2,0.2,31,0.2,476,10,0.1,0,-0.317285299006079
25,3,2,0.2,31,0.2,476,10,0.1,0,0.0691052492044631
25,3,2,0.2,31,0.2,476,10,0.1,0,0.00673095747976989
25,3,2,0.2,31,0.2,476,10,0.1,0,0.0455310517553253
25,3,2,0.2,31,0.2,476,10,0.1,0,0.227472746834414
25,3,2,0.2,31,0.2,476,10,0.1,0,0.101720201000157
25,3,2,0.2,31,0.2,476,10,0.1,0,0
25,3,2,0.2,31,0.2,476,10,0.1,0,0.0593667843330997
25,3,2,0.2,31,0.2,476,10,0.1,0,-0.0675099233862207
25,3,2,0.2,31,0.2,476,10,0.1,0,0
25,3,2,0.2,31,0.2,476,10,0.1,0,-0.00870067554582035
25,3,2,0.2,31,0.2,476,10,0.1,0,0.0653347319354769
25,3,2,0.2,31,0.2,476,10,0.1,0,-0.0660516341839452
25,3,2,0.2,31,0.2,476,10,0.1,0,-0.00443429444566828
25,3,2,0.2,31,0.2,476,10,0.1,0,-0.174926060469523
25,3,2,0.2,31,0.2,476,10,0.1,0,0.0292205764709502
25,3,2,0.2,31,0.2,476,10,0.1,0,-0.0134605596378508
25,3,2,0.2,31,0.2,476,10,0.1,0,0
25,3,2,0.2,31,0.2,476,10,0.1,0,0.0229161713566516
25,3,2,0.2,31,0.2,476,10,0.1,0,0
25,3,2,0.2,31,0.2,476,10,0.1,0,0.402137814288057
25,3,2,0.2,31,0.2,476,10,0.1,0,0
25,3,2,0.2,31,0.2,476,10,0.1,0,0
25,3,2,0.2,31,0.2,476,10,0.1,0,0.0857877924608881
25,3,2,0.2,31,0.2,476,10,0.1,0,-0.00725520672935814
25,3,2,0.2,31,0.2,476,10,0.1,0,0.236366565363259
25,3,2,0.2,31,0.2,476,10,0.1,0,0.0165273538355852
25,3,2,0.2,31,0.2,476,10,0.1,0,0.131069641119194
25,3,2,0.2,31,0.2,476,10,0.1,0,-0.00237024224899921
25,3,2,0.2,31,0.2,476,10,0.1,0,0.166426601399748
25,3,2,0.2,31,0.2,476,10,0.1,0,-0.616656566822997
25,3,2,0.2,31,0.2,476,10,0.1,0,-0.0114643027518979
25,3,2,0.2,31,0.2,476,10,0.1,0,0.318230807170732
25,3,2,0.2,31,0.2,476,10,0.1,0,0.183388431870005
25,3,2,0.2,31,0.2,476,10,0.1,0,0.142602369606642
25,3,2,0.2,31,0.2,476,10,0.1,0,0.0434517114255442
25,3,2,0.2,31,0.2,476,10,0.1,0,0.040329580380314
25,3,2,0.2,31,0.2,476,10,0.1,0,-0.014238207156915
25,3,2,0.2,31,0.2,476,10,0.1,0,0
25,3,2,0.2,31,0.2,476,10,0.1,0,-0.0380468105829101
25,3,2,0.2,31,0.2,476,10,0.1,0,-3.40168866378258
25,3,2,0.2,31,0.2,476,10,0.1,0,0.0188273357469713
25,3,2,0.2,31,0.2,476,10,0.1,0,-0.00579341727419938
25,3,2,0.2,31,0.2,476,10,0.1,0,-0.00131463549107799
25,3,2,0.2,31,0.2,476,10,0.1,0,0.00852877465660462
25,3,2,0.2,31,0.2,476,10,0.1,0,0.0127242140613464
25,3,2,0.2,31,0.2,476,10,0.1,0,0.00669977001346676
25,3,2,0.2,31,0.2,476,10,0.1,0,-0.0183658816743628
25,3,2,0.2,31,0.2,476,10,0.1,0,0
25,3,2,0.2,31,0.2,476,10,0.1,0,-0.0413270320194296
25,3,2,0.2,31,0.2,476,10,0.1,0,-0.0157153152892671
25,3,2,0.2,31,0.2,476,10,0.1,0,0.00344706047078282
25,3,2,0.2,31,0.2,476,10,0.1,0,-0.00104065098551217
25,3,2,0.2,31,0.2,476,10,0.1,0,-0.0328138521287744
25,3,2,0.2,31,0.2,476,10,0.1,0,-0.153836161191414
25,3,2,0.2,31,0.2,476,10,0.1,0,-0.0516891849781569
25,3,2,0.2,31,0.2,476,10,0.1,0,0.248986247409904
25,3,2,0.2,31,0.2,476,10,0.1,0,0
25,3,2,0.2,31,0.2,476,10,0.1,0,0.013109833497916
25,3,2,0.2,31,0.2,476,10,0.1,0,0.0723318867806387
25,3,2,0.2,31,0.2,476,10,0.1,0,-0.0251520958024029
25,3,2,0.2,31,0.2,476,10,0.1,0,0.0144748845024012
25,3,2,0.2,31,0.2,476,10,0.1,0,0.0474302197541019
25,3,2,0.2,31,0.2,476,10,0.1,0,0
25,3,2,0.2,31,0.2,476,10,0.1,0,-0.195274249702374
25,3,2,0.2,31,0.2,476,10,0.1,0,-0.10498190690046
25,3,2,0.2,31,0.2,476,10,0.1,0,0.0281486975609794
25,3,2,0.2,31,0.2,476,10,0.1,0,0.0508849586592235
25,3,2,0.2,31,0.2,476,10,0.1,0,0.0318395029196104
25,3,2,0.2,31,0.2,476,10,0.1,0,-0.337011339226355
25,3,2,0.2,31,0.2,476,10,0.1,0,0.142109705797293
25,3,2,0.2,31,0.2,476,10,0.1,0,0.0989986315758061
25,3,2,0.2,31,0.2,476,10,0.1,0,0.0864039271030304
25,3,2,0.2,31,0.2,476,10,0.1,0,-0.33564622550077
25,3,2,0.2,31,0.2,476,10,0.1,0,0.0366973627094276
25,3,2,0.2,31,0.2,476,10,0.1,0,0.00664478282950633
25,3,2,0.2,31,0.2,476,10,0.1,0,0.159362885111703
25,3,2,0.2,31,0.2,476,10,0.1,0,-0.0164976545234586
25,3,2,0.2,31,0.2,476,10,0.1,0,-0.00434615079627571
25,3,2,0.2,31,0.2,476,10,0.1,0,-0.0340237741411542
25,3,2,0.2,31,0.2,476,10,0.1,0,0.111612762139504
25,3,2,0.2,31,0.2,476,10,0.1,0,0.0126866026747376
25,3,2,0.2,31,0.2,476,10,0.1,0,-0.158164136982086
25,3,2,0.2,31,0.2,476,10,0.1,0,0.110152731385926
25,3,2,0.2,31,0.2,476,10,0.1,0,0
25,3,2,0.2,31,0.2,476,10,0.1,0,0.291732099502658
25,3,2,0.2,31,0.2,476,10,0.1,0,-0.372418578396487
25,3,2,0.2,31,0.2,476,10,0.1,0,-0.0678091608585381
25,3,2,0.2,31,0.2,476,10,0.1,0,0.137683912034689
25,3,2,0.2,31,0.2,476,10,0.1,0,-0.0896747604974807
25,3,2,0.2,31,0.2,476,10,0.1,0,-0.0131030882569468
25,3,2,0.2,31,0.2,476,10,0.1,0,0.960322133095987
25,3,2,0.2,31,0.2,476,10,0.1,0,-0.0654177444017339
25,3,2,0.2,31,0.2,476,10,0.1,0,0.00955737741036492
25,3,2,0.2,31,0.2,476,10,0.1,0,-0.150096472409528
25,3,2,0.2,31,0.2,476,10,0.1,0,-0.0487491209696929
25,3,2,0.2,31,0.2,476,10,0.1,0,-0.274387330784849
25,3,2,0.2,31,0.2,476,10,0.1,0,0.0603501142136188
25,3,2,0.2,31,0.2,476,10,0.1,0,-0.150631027172954
25,3,2,0.2,31,0.2,476,10,0.1,0,-0.0487554385046679
25,3,2,0.2,31,0.2,476,10,0.1,0,0.237669199542138
25,3,2,0.2,31,0.2,476,10,0.1,0,-0.214194166156118
25,3,2,0.2,31,0.2,476,10,0.1,0,-0.00973634291125083
25,3,2,0.2,31,0.2,476,10,0.1,0,0
25,3,2,0.2,31,0.2,476,10,0.1,0,0.237327526959962
25,3,2,0.2,31,0.2,476,10,0.1,0,0.210080040525549
25,3,2,0.2,31,0.2,476,10,0.1,0,0.0590233805968911
25,3,2,0.2,31,0.2,476,10,0.1,0,0.149401339679637
25,3,2,0.2,31,0.2,476,10,0.1,0,2.86334021321678
25,3,2,0.2,31,0.2,476,10,0.1,0,0.0361855417117285
25,3,2,0.2,31,0.2,476,10,0.1,0,0.220284180010647
25,3,2,0.2,31,0.2,476,10,0.1,0,0.0891826929069985
25,3,2,0.2,31,0.2,476,10,0.1,0,0.174594564927682
25,3,2,0.2,31,0.2,476,10,0.1,0,-0.00031317702406808
25,3,2,0.2,31,0.2,476,10,0.1,0,-0.00825648969808278
25,3,2,0.2,31,0.2,476,10,0.1,0,0.0412494462354204
25,3,2,0.2,31,0.2,476,10,0.1,0,0.0325822781940086
25,3,2,0.2,31,0.2,476,10,0.1,0,0.0968423093572075
25,3,2,0.2,31,0.2,476,10,0.1,0,-3.55367247394012
25,3,2,0.2,31,0.2,476,10,0.1,0,-0.0728910639310253
25,3,2,0.2,31,0.2,476,10,0.1,0,0.0466972417762118
25,3,2,0.2,31,0.2,476,10,0.1,0,-0.387258109181254
25,3,2,0.2,31,0.2,476,10,0.1,0,0.00991855819444754
25,3,2,0.2,31,0.2,476,10,0.1,0,-0.215867131158446
25,3,2,0.2,31,0.2,476,10,0.1,0,0.136825272320475
25,3,2,0.2,31,0.2,476,10,0.1,0,0.351345164836442
25,3,2,0.2,31,0.2,476,10,0.1,0,-0.000665673070485543
25,3,2,0.2,31,0.2,476,10,0.1,0,0.0572350563905666
25,3,2,0.2,31,0.2,476,10,0.1,0,-0.00791162315680651
25,3,2,0.2,31,0.2,476,10,0.1,0,-0.255513165864019
25,3,2,0.2,31,0.2,476,10,0.1,0,-0.632539604230272
25,3,2,0.2,31,0.2,476,10,0.1,0,0
25,3,2,0.2,31,0.2,476,10,0.1,0,0
25,3,2,0.2,31,0.2,476,10,0.1,0,0.05455939501205
25,3,2,0.2,31,0.2,476,10,0.1,0,-1.83464388545173
25,3,2,0.2,31,0.2,476,10,0.1,0,0.0424555031461742
25,3,2,0.2,31,0.2,476,10,0.1,0,0
25,3,2,0.2,31,0.2,476,10,0.1,0,0
25,3,2,0.2,31,0.2,476,10,0.1,0,2.89446558317297
25,3,2,0.2,31,0.2,476,10,0.1,0,0.01105541538001
25,3,2,0.2,31,0.2,476,10,0.1,0,0.00829262539390886
25,3,2,0.2,31,0.2,476,10,0.1,0,0.0962614572920647
25,3,2,0.2,31,0.2,476,10,0.1,0,0.280334797628881
25,3,2,0.2,31,0.2,476,10,0.1,0,0.138807508841082
25,3,2,0.2,31,0.2,476,10,0.1,0,-0.00799525760032382
25,3,2,0.2,31,0.2,476,10,0.1,0,0.0103675882698569
25,3,2,0.2,31,0.2,476,10,0.1,0,1.17388788529455
25,3,2,0.2,31,0.2,476,10,0.1,0,-0.00162632797269311
25,3,2,0.2,31,0.2,476,10,0.1,0,0.13697850576586
25,3,2,0.2,31,0.2,476,10,0.1,0,0.00819990077855343
25,3,2,0.2,31,0.2,476,10,0.1,0,0
25,3,2,0.2,31,0.2,476,10,0.1,0,0.136309938100886
25,3,2,0.2,31,0.2,476,10,0.1,0,-0.0210940772043709
25,3,2,0.2,31,0.2,476,10,0.1,0,0
25,3,2,0.2,31,0.2,476,10,0.1,0,0.00614945195888507
25,3,2,0.2,31,0.2,476,10,0.1,0,0.00752066221131535
25,3,2,0.2,31,0.2,476,10,0.1,0,-0.0476416299549858
25,3,2,0.2,31,0.2,476,10,0.1,0,-0.0114206196905561
25,3,2,0.2,31,0.2,476,10,0.1,0,-0.0174666609312839
25,3,2,0.2,31,0.2,476,10,0.1,0,-0.0390015235693726
25,3,2,0.2,31,0.2,476,10,0.1,0,0
25,3,2,0.2,31,0.2,476,10,0.1,0,0
25,3,2,0.2,31,0.2,476,10,0.1,0,0
25,3,2,0.2,31,0.2,476,10,0.1,0,0.013773801364228
25,3,2,0.2,31,0.2,476,10,0.1,0,-0.00128098169445407
25,3,2,0.2,31,0.2,476,10,0.1,0,0.0924740139547813
25,3,2,0.2,31,0.2,476,10,0.1,0,0.043559562828309
25,3,2,0.2,31,0.2,476,10,0.1,0,0.0237822945441605
25,3,2,0.2,31,0.2,476,10,0.1,0,0.104840414253234
25,3,2,0.2,31,0.2,476,10,0.1,0,0
25,3,2,0.2,31,0.2,476,10,0.1,0,0.184385707789584
25,3,2,0.2,31,0.2,476,10,0.1,0,-0.0135434566509531
25,3,2,0.2,31,0.2,476,10,0.1,0,0.0174831455817358
25,3,2,0.2,31,0.2,476,10,0.1,0,-0.00840621383229489
25,3,2,0.2,31,0.2,476,10,0.1,0,0.340909522829683
25,3,2,0.2,31,0.2,476,10,0.1,0,-0.00274008802614654
25,3,2,0.2,31,0.2,476,10,0.1,0,0.0908187371693761
25,3,2,0.2,31,0.2,476,10,0.1,0,0.32541424031416
25,3,2,0.2,31,0.2,476,10,0.1,0,0.396943099043704
25,3,2,0.2,31,0.2,476,10,0.1,0,-0.00127643154533795
25,3,2,0.2,31,0.2,476,10,0.1,0,0.268934324545847
25,3,2,0.2,31,0.2,476,10,0.1,0,0.00483155123543806
25,3,2,0.2,31,0.2,476,10,0.1,0,0
25,3,2,0.2,31,0.2,476,10,0.1,0,0.308564342901245
25,3,2,0.2,31,0.2,476,10,0.1,0,0.0275305684069963
25,3,2,0.2,31,0.2,476,10,0.1,0,0.10144773941774
25,3,2,0.2,31,0.2,476,10,0.1,0,0.172688749342579
25,3,2,0.2,31,0.2,476,10,0.1,0,-0.0506731400259966
25,3,2,0.2,31,0.2,476,10,0.1,0,0.010961249107614
25,3,2,0.2,31,0.2,476,10,0.1,0,-0.252572134533991
25,3,2,0.2,31,0.2,476,10,0.1,0,0.00112128721753808
25,3,2,0.2,31,0.2,476,10,0.1,0,-0.0883071930999568
25,3,2,0.2,31,0.2,476,10,0.1,0,0.142537550161484
25,3,2,0.2,31,0.2,476,10,0.1,0,1.18634819540418
25,3,2,0.2,31,0.2,476,10,0.1,0,-0.0839865367333538
25,3,2,0.2,31,0.2,476,10,0.1,0,0.429525487396991
25,3,2,0.2,31,0.2,476,10,0.1,0,-0.00432078329651961
25,3,2,0.2,31,0.2,476,10,0.1,0,0.0500520337485811
25,3,2,0.2,31,0.2,476,10,0.1,0,0.0383857898151534
25,3,2,0.2,31,0.2,476,10,0.1,0,0.100675626315655
25,3,2,0.2,31,0.2,476,10,0.1,0,0.121718274751262
25,3,2,0.2,31,0.2,476,10,0.1,0,-0.0135187776525868
25,3,2,0.2,31,0.2,476,10,0.1,0,-0.00471091990451792
25,3,2,0.2,31,0.2,476,10,0.1,0,0.0376597543166668
25,3,2,0.2,31,0.2,476,10,0.1,0,0.099544404263686
25,3,2,0.2,31,0.2,476,10,0.1,0,-0.50011943842004
25,3,2,0.2,31,0.2,476,10,0.1,0,-0.892379680270192
25,3,2,0.2,31,0.2,476,10,0.1,0,-0.00473979060909705
25,3,2,0.2,31,0.2,476,10,0.1,0,-0.0128644501707028
25,3,2,0.2,31,0.2,476,10,0.1,0,0.0486411558776508
25,3,2,0.2,31,0.2,476,10,0.1,0,0.00443969572716447
25,3,2,0.2,31,0.2,476,10,0.1,0,-4.41928531396043
25,3,2,0.2,31,0.2,476,10,0.1,0,0.00612380464592703
25,3,2,0.2,31,0.2,476,10,0.1,0,0.110089024606636
25,3,2,0.2,31,0.2,476,10,0.1,0,-0.189992234057811
25,3,2,0.2,31,0.2,476,10,0.1,0,-2.85168618198061
25,3,2,0.2,31,0.2,476,10,0.1,0,0
25,3,2,0.2,31,0.2,476,10,0.1,0,-0.0216561129465255
25,3,2,0.2,31,0.2,476,10,0.1,0,0.33278818957891
25,3,2,0.2,31,0.2,476,10,0.1,0,-0.147502546423434
25,3,2,0.2,31,0.2,476,10,0.1,0,0.00314808586204559
25,3,2,0.2,31,0.2,476,10,0.1,0,-0.0172207739067782
25,3,2,0.2,31,0.2,476,10,0.1,0,-0.479700193157132
25,3,2,0.2,31,0.2,476,10,0.1,0,0.161627854589289
25,3,2,0.2,31,0.2,476,10,0.1,0,0.0323446576159724
25,3,2,0.2,31,0.2,476,10,0.1,0,0.0726858714787058
25,3,2,0.2,31,0.2,476,10,0.1,0,0.0381463518791237
25,3,2,0.2,31,0.2,476,10,0.1,0,0.0227804759376236
25,3,2,0.2,31,0.2,476,10,0.1,0,-0.370930099943903
25,3,2,0.2,31,0.2,476,10,0.1,0,0
25,3,2,0.2,31,0.2,476,10,0.1,0,0.492093441881561
25,3,2,0.2,31,0.2,476,10,0.1,0,0.403067918381323
25,3,2,0.2,31,0.2,476,10,0.1,0,0.0317131372728269
25,3,2,0.2,31,0.2,476,10,0.1,0,-0.141211207306591
25,3,2,0.2,31,0.2,476,10,0.1,0,-0.00386636975645664
25,3,2,0.2,31,0.2,476,10,0.1,0,-0.0045657549321789
25,3,2,0.2,31,0.2,476,10,0.1,0,0.0940980144838018
25,3,2,0.2,31,0.2,476,10,0.1,0,0
25,3,2,0.2,31,0.2,476,10,0.1,0,0.202937073545779
25,3,2,0.2,31,0.2,476,10,0.1,0,0.492593269748867
25,3,2,0.2,31,0.2,476,10,0.1,0,0.0366374001345228
25,3,2,0.2,31,0.2,476,10,0.1,0,-0.0440286828642008
25,3,2,0.2,31,0.2,476,10,0.1,0,-0.0698633876638404
25,3,2,0.2,31,0.2,476,10,0.1,0,-0.0553335076134956
25,3,2,0.2,31,0.2,476,10,0.1,0,-0.0920942182004405
25,3,2,0.2,31,0.2,476,10,0.1,0,-0.14980391280781
25,3,2,0.2,31,0.2,476,10,0.1,0,-0.238291613778106
25,3,2,0.2,31,0.2,476,10,0.1,0,-0.000794911472599191
25,3,2,0.2,31,0.2,476,10,0.1,0,0.227620375511388
25,3,2,0.2,31,0.2,476,10,0.1,0,0.136615431009496
25,3,2,0.2,31,0.2,476,10,0.1,0,0.0536505637739753
25,3,2,0.2,31,0.2,476,10,0.1,0,-0.231719048003853
25,3,2,0.2,31,0.2,476,10,0.1,0,0.229925758608461
25,3,2,0.2,31,0.2,476,10,0.1,0,0.0313382298664837
25,3,2,0.2,31,0.2,476,10,0.1,0,-0.00890121216751426
25,3,2,0.2,31,0.2,476,10,0.1,0,-0.040063547645646
25,3,2,0.2,31,0.2,476,10,0.1,0,0.124798025124089
25,3,2,0.2,31,0.2,476,10,0.1,0,0.0513976486279186
25,3,2,0.2,31,0.2,476,10,0.1,0,-0.00508815711308667
25,3,2,0.2,31,0.2,476,10,0.1,0,0.134869574438268
25,3,2,0.2,31,0.2,476,10,0.1,0,-0.0458857818006866
25,3,2,0.2,31,0.2,476,10,0.1,0,0.125093693078716
25,3,2,0.2,31,0.2,476,10,0.1,0,0.228393931151961
25,3,2,0.2,31,0.2,476,10,0.1,0,-0.00837240790005074
25,3,2,0.2,31,0.2,476,10,0.1,0,-0.0151487555809683
25,3,2,0.2,31,0.2,476,10,0.1,0,0.239848694643949
25,3,2,0.2,31,0.2,476,10,0.1,0,0.174711285893506
25,3,2,0.2,31,0.2,476,10,0.1,0,0.033638300571901
25,3,2,0.2,31,0.2,476,10,0.1,0,0.357133918499365
25,3,2,0.2,31,0.2,476,10,0.1,0,-0.00417659723905926
25,3,2,0.2,31,0.2,476,10,0.1,0,0.0395800471831491
25,3,2,0.2,31,0.2,476,10,0.1,0,0.0478581919036835
25,3,2,0.2,31,0.2,476,10,0.1,0,0.0231739565290924
25,3,2,0.2,31,0.2,476,10,0.1,0,-0.00575169830121166
25,3,2,0.2,31,0.2,476,10,0.1,0,0.0339140642063368
25,3,2,0.2,31,0.2,476,10,0.1,0,0.0243830823539897
25,3,2,0.2,31,0.2,476,10,0.1,0,0.0333046888738565
25,3,2,0.2,31,0.2,476,10,0.1,0,0.0723560891165194
25,3,2,0.2,31,0.2,476,10,0.1,0,-0.041215897801851
25,3,2,0.2,31,0.2,476,10,0.1,0,0.378046061619887
25,3,2,0.2,31,0.2,476,10,0.1,0,-0.0531855117599615
25,3,2,0.2,31,0.2,476,10,0.1,0,-0.00519279442005496
25,3,2,0.2,31,0.2,476,10,0.1,0,0.0856239396855231
25,3,2,0.2,31,0.2,476,10,0.1,0,-0.0328946355672994
25,3,2,0.2,31,0.2,476,10,0.1,0,1.74143702401286
25,3,2,0.2,31,0.2,476,10,0.1,0,0.0571457598994482
25,3,2,0.2,31,0.2,476,10,0.1,0,0.0322496797340547
25,3,2,0.2,31,0.2,476,10,0.1,0,1.46876455172927
25,3,2,0.2,31,0.2,476,10,0.1,0,-0.000931283204026995
25,3,2,0.2,31,0.2,476,10,0.1,0,-0.126019337594448
25,3,2,0.2,31,0.2,476,10,0.1,0,0
25,3,2,0.2,31,0.2,476,10,0.1,0,-0.20220057377651
25,3,2,0.2,31,0.2,476,10,0.1,0,-0.0212325216851799
25,3,2,0.2,31,0.2,476,10,0.1,0,0.0141273613636497
25,3,2,0.2,31,0.2,476,10,0.1,0,0.0426252749138166
25,3,2,0.2,31,0.2,476,10,0.1,0,0.45782314126462
25,3,2,0.2,31,0.2,476,10,0.1,0,-0.117434035165961
25,3,2,0.2,31,0.2,476,10,0.1,0,-0.000641139737794859
25,3,2,0.2,31,0.2,476,10,0.1,0,-0.0174405130196955
25,3,2,0.2,31,0.2,476,10,0.1,0,2.81161483150272
25,3,2,0.2,31,0.2,476,10,0.1,0,0.0278472124480396
25,3,2,0.2,31,0.2,476,10,0.1,0,-0.0101991803372358
25,3,2,0.2,31,0.2,476,10,0.1,0,0.0179951892294781
25,3,2,0.2,31,0.2,476,10,0.1,0,0.0074887692972355
25,3,2,0.2,31,0.2,476,10,0.1,0,0.01042312420129
25,3,2,0.2,31,0.2,476,10,0.1,0,-0.0383582383479671
25,3,2,0.2,31,0.2,476,10,0.1,0,0.0492532371785703
25,3,2,0.2,31,0.2,476,10,0.1,0,0.141576705248727
25,3,2,0.2,31,0.2,476,10,0.1,0,-1.80246291267278
25,3,2,0.2,31,0.2,476,10,0.1,0,-0.0374255722394583
25,3,2,0.2,31,0.2,476,10,0.1,0,0.0831280296475456
25,3,2,0.2,31,0.2,476,10,0.1,0,0.0614993541458544
25,3,2,0.2,31,0.2,476,10,0.1,0,-0.0176188192735731
25,3,2,0.2,31,0.2,476,10,0.1,0,0.178243433951606
25,3,2,0.2,31,0.2,476,10,0.1,0,0.0238128882664896
25,3,2,0.2,31,0.2,476,10,0.1,0,0.017078532667557
25,3,2,0.2,31,0.2,476,10,0.1,0,-0.0669075741800532
25,3,2,0.2,31,0.2,476,10,0.1,0,-0.0478603171071223
25,3,2,0.2,31,0.2,476,10,0.1,0,0.0246410822169926
25,3,2,0.2,31,0.2,476,10,0.1,0,-1.06824429264428
25,3,2,0.2,31,0.2,476,10,0.1,0,0.109627018340961
25,3,2,0.2,31,0.2,476,10,0.1,0,0.00306822855767865
25,3,2,0.2,31,0.2,476,10,0.1,0,-0.03673237921364
25,3,2,0.2,31,0.2,476,10,0.1,0,0.0473344037310036
25,3,2,0.2,31,0.2,476,10,0.1,0,0.00393206930846942
25,3,2,0.2,31,0.2,476,10,0.1,0,1.43790675028607
25,3,2,0.2,31,0.2,476,10,0.1,0,0.0290138689653802
25,3,2,0.2,31,0.2,476,10,0.1,0,-0.0420999746082732
25,3,2,0.2,31,0.2,476,10,0.1,0,0.0949981033159254
25,3,2,0.2,31,0.2,476,10,0.1,0,-0.00199438205727045
25,3,2,0.2,31,0.2,476,10,0.1,0,0.535927902608745
25,3,2,0.2,31,0.2,476,10,0.1,0,-0.0485660215244937
25,3,2,0.2,31,0.2,476,10,0.1,0,-0.354199663149679
25,3,2,0.2,31,0.2,476,10,0.1,0,-0.0335880650241891
25,3,2,0.2,31,0.2,476,10,0.1,0,0.0107712552833076
25,3,2,0.2,31,0.2,476,10,0.1,0,-0.976813370200876
25,3,2,0.2,31,0.2,476,10,0.1,0,-0.00114404554306065
25,3,2,0.2,31,0.2,476,10,0.1,0,0.015358058122142
25,3,2,0.2,31,0.2,476,10,0.1,0,0.294719451783437
25,3,2,0.2,31,0.2,476,10,0.1,0,0.0201658436553588
25,3,2,0.2,31,0.2,476,10,0.1,0,-0.0347166429021703
25,3,2,0.2,31,0.2,476,10,0.1,0,0.133945091922231
25,3,2,0.2,31,0.2,476,10,0.1,0,0.122704606404667
25,3,2,0.2,31,0.2,476,10,0.1,0,0
25,3,2,0.2,31,0.2,476,10,0.1,0,0.948237704195073
25,3,2,0.2,31,0.2,476,10,0.1,0,0.0723032892143735
25,3,2,0.2,31,0.2,476,10,0.1,0,0
25,3,2,0.2,31,0.2,476,10,0.1,0,0.0535299755290204
25,3,2,0.2,31,0.2,476,10,0.1,0,0.514473247863027
25,3,2,0.2,31,0.2,476,10,0.1,0,-0.0273057345006178
25,3,2,0.2,31,0.2,476,10,0.1,0,-0.0329419956026209
25,3,2,0.2,31,0.2,476,10,0.1,0,-0.0202220884975715
25,3,2,0.2,31,0.2,476,10,0.1,0,0.151072093281889
25,3,2,0.2,31,0.2,476,10,0.1,0,-0.0494928013479219
25,3,2,0.2,31,0.2,476,10,0.1,0,-0.595016778341423
25,3,2,0.2,31,0.2,476,10,0.1,0,0.141857857880142
25,3,2,0.2,31,0.2,476,10,0.1,0,1.06096515360398
25,3,2,0.2,31,0.2,476,10,0.1,0,-0.0107015439974703
25,3,2,0.2,31,0.2,476,10,0.1,0,0
25,3,2,0.2,31,0.2,476,10,0.1,0,-0.0127950977733241
25,3,2,0.2,31,0.2,476,10,0.1,0,0.0782854203256477
25,3,2,0.2,31,0.2,476,10,0.1,0,-0.0297121444734255
25,3,2,0.2,31,0.2,476,10,0.1,0,0.000941391515421752
25,3,2,0.2,31,0.2,476,10,0.1,0,0.0677571625792875
25,3,2,0.2,31,0.2,476,10,0.1,0,0.158932491604937
25,3,2,0.2,31,0.2,476,10,0.1,0,0.35509349712135
25,3,2,0.2,31,0.2,476,10,0.1,0,-0.791844396602535
25,3,2,0.2,31,0.2,476,10,0.1,0,-0.0244791607287691
25,3,2,0.2,31,0.2,476,10,0.1,0,0.243550091034032
25,3,2,0.2,31,0.2,476,10,0.1,0,0.227423617649517
25,3,2,0.2,31,0.2,476,10,0.1,0,0.0147915648877259
25,3,2,0.2,31,0.2,476,10,0.1,0,-0.0325712871204699
25,3,2,0.2,31,0.2,476,10,0.1,0,0.0410148996824187
25,3,2,0.2,31,0.2,476,10,0.1,0,0
25,3,2,0.2,31,0.2,476,10,0.1,0,0.127592473879335
25,3,2,0.2,31,0.2,476,10,0.1,0,0.0669000473540994
25,3,2,0.2,31,0.2,476,10,0.1,0,-0.01424815084794
25,3,2,0.2,31,0.2,476,10,0.1,0,-0.00237227997161191
25,3,2,0.2,31,0.2,476,10,0.1,0,0.545967030478962
25,3,2,0.2,31,0.2,476,10,0.1,0,-0.0327513575544736
25,3,2,0.2,31,0.2,476,10,0.1,0,-0.0238985090242302
25,3,2,0.2,31,0.2,476,10,0.1,0,0.0807716502967451
25,3,2,0.2,31,0.2,476,10,0.1,0,-0.0346950217034154
25,3,2,0.2,31,0.2,476,10,0.1,0,-0.00777100222492685
25,3,2,0.2,31,0.2,476,10,0.1,0,0.362115185129237
25,3,2,0.2,31,0.2,476,10,0.1,0,0.0171459222351842
25,3,2,0.2,31,0.2,476,10,0.1,0,-0.0417522695174194
25,3,2,0.2,31,0.2,476,10,0.1,0,0.0897388213280759
25,3,2,0.2,31,0.2,476,10,0.1,0,0.100568056549747
25,3,2,0.2,31,0.2,476,10,0.1,0,0.0216589179049597
25,3,2,0.2,31,0.2,476,10,0.1,0,1.19409726043598
25,3,2,0.2,31,0.2,476,10,0.1,0,-0.0103358859899545
25,3,2,0.2,31,0.2,476,10,0.1,0,0.602572062594683
25,3,2,0.2,31,0.2,476,10,0.1,0,0.0950793804341262
25,3,2,0.2,31,0.2,476,10,0.1,0,0.807222959714924
25,3,2,0.2,31,0.2,476,10,0.1,0,-0.0957459083955338
25,3,2,0.2,31,0.2,476,10,0.1,0,-0.0313618835847028
25,3,2,0.2,31,0.2,476,10,0.1,0,0
25,3,2,0.2,31,0.2,476,10,0.1,0,0.133659569010579
25,3,2,0.2,31,0.2,476,10,0.1,0,0.0596241104356571
25,3,2,0.2,31,0.2,476,10,0.1,0,0.123715881761259
25,3,2,0.2,31,0.2,476,10,0.1,0,0.266727494768476
25,3,2,0.2,31,0.2,476,10,0.1,0,0.0160963981838076
25,3,2,0.2,31,0.2,476,10,0.1,0,0.179645349057462
25,3,2,0.2,31,0.2,476,10,0.1,0,0.25142640953552
25,3,2,0.2,31,0.2,476,10,0.1,0,-0.0140566383298741
25,3,2,0.2,31,0.2,476,10,0.1,0,-0.601717409085187
25,3,2,0.2,31,0.2,476,10,0.1,0,-0.0191701193109956
25,3,2,0.2,31,0.2,476,10,0.1,0,0.279304499818427
25,3,2,0.2,31,0.2,476,10,0.1,0,-0.00202042490465615
25,3,2,0.2,31,0.2,476,10,0.1,0,-0.0151015379465841
25,3,2,0.2,31,0.2,476,10,0.1,0,0.362961563293627
25,3,2,0.2,31,0.2,476,10,0.1,0,-0.354590052649928
25,3,2,0.2,31,0.2,476,10,0.1,0,-0.0841039762712508
25,3,2,0.2,31,0.2,476,10,0.1,0,0.298030943278238
25,3,2,0.2,31,0.2,476,10,0.1,0,-0.00292492676274268
25,3,2,0.2,31,0.2,476,10,0.1,0,-0.00905630674906191
25,3,2,0.2,31,0.2,476,10,0.1,0,-0.0544615780231175
25,3,2,0.2,31,0.2,476,10,0.1,0,0.22659567795284
25,3,2,0.2,31,0.2,476,10,0.1,0,-0.215386557136466
25,3,2,0.2,31,0.2,476,10,0.1,0,0.0655680631088215
25,3,2,0.2,31,0.2,476,10,0.1,0,-0.0436986278663015
25,3,2,0.2,31,0.2,476,10,0.1,0,0.110496300642879
25,3,2,0.2,31,0.2,476,10,0.1,0,-0.0575961082984231
25,3,2,0.2,31,0.2,476,10,0.1,0,0.0990306218753164
25,3,2,0.2,31,0.2,476,10,0.1,0,-0.38368916229101
25,3,2,0.2,31,0.2,476,10,0.1,0,-0.385305122736006
25,3,2,0.2,31,0.2,476,10,0.1,0,0
25,3,2,0.2,31,0.2,476,10,0.1,0,0
25,3,2,0.2,31,0.2,476,10,0.1,0,-0.0174125894136087
25,3,2,0.2,31,0.2,476,10,0.1,0,0.57284329119465
25,3,2,0.2,31,0.2,476,10,0.1,0,1.07899996848693
25,3,2,0.2,31,0.2,476,10,0.1,0,2.03977907263879
25,3,2,0.2,31,0.2,476,10,0.1,0,0.0510216693904578
25,3,2,0.2,31,0.2,476,10,0.1,0,0.0124437596197556
25,3,2,0.2,31,0.2,476,10,0.1,0,0.000837809993922585
25,3,2,0.2,31,0.2,476,10,0.1,0,0.428561578332686
25,3,2,0.2,31,0.2,476,10,0.1,0,0.136648597791659
25,3,2,0.2,31,0.2,476,10,0.1,0,-0.0175403923043449
25,3,2,0.2,31,0.2,476,10,0.1,0,0.544270958390214
25,3,2,0.2,31,0.2,476,10,0.1,0,0.015800417513328
25,3,2,0.2,31,0.2,476,10,0.1,0,-0.018404436800709
25,3,2,0.2,31,0.2,476,10,0.1,0,-0.044614984707801
25,3,2,0.2,31,0.2,476,10,0.1,0,1.37662071742696
25,3,2,0.2,31,0.2,476,10,0.1,0,0.278400291710175
25,3,2,0.2,31,0.2,476,10,0.1,0,0.000161903590310073
25,3,2,0.2,31,0.2,476,10,0.1,0,-0.0234099817591706
25,3,2,0.2,31,0.2,476,10,0.1,0,0.213498881740721
25,3,2,0.2,31,0.2,476,10,0.1,0,0
25,3,2,0.2,31,0.2,476,10,0.1,0,0.0306124059063693
25,3,2,0.2,31,0.2,476,10,0.1,0,0
25,3,2,0.2,31,0.2,476,10,0.1,0,0.0216534714791804
25,3,2,0.2,31,0.2,476,10,0.1,0,1.92588500617511
25,3,2,0.2,31,0.2,476,10,0.1,0,0.0312857666288687
25,3,2,0.2,31,0.2,476,10,0.1,0,-3.99809327811469
25,3,2,0.2,31,0.2,476,10,0.1,0,-0.0568598015595111
25,3,2,0.2,31,0.2,476,10,0.1,0,-2.05379446059563
25,3,2,0.2,31,0.2,476,10,0.1,0,0.0669307706971203
25,3,2,0.2,31,0.2,476,10,0.1,0,-0.0458425936677282
25,3,2,0.2,31,0.2,476,10,0.1,0,-0.000859018579043455
25,3,2,0.2,31,0.2,476,10,0.1,0,0.143370137550808
25,3,2,0.2,31,0.2,476,10,0.1,0,0.147229543400394
25,3,2,0.2,31,0.2,476,10,0.1,0,-0.17259864895287
25,3,2,0.2,31,0.2,476,10,0.1,0,0.237574907282528
25,3,2,0.2,31,0.2,476,10,0.1,0,-0.0353592869107152
25,3,2,0.2,31,0.2,476,10,0.1,0,-0.0545134955615727
25,3,2,0.2,31,0.2,476,10,0.1,0,-0.0232492450047321
25,3,2,0.2,31,0.2,476,10,0.1,0,-0.0486567923847483
25,3,2,0.2,31,0.2,476,10,0.1,0,0.0173593573784513
25,3,2,0.2,31,0.2,476,10,0.1,0,0.0259798953066828
25,3,2,0.2,31,0.2,476,10,0.1,0,0.00597373368080174
25,3,2,0.2,31,0.2,476,10,0.1,0,0
25,3,2,0.2,31,0.2,476,10,0.1,0,0.029349932112508
25,3,2,0.2,31,0.2,476,10,0.1,0,0.0129015003496419
25,3,2,0.2,31,0.2,476,10,0.1,0,0.0175057683702124
25,3,2,0.2,31,0.2,476,10,0.1,0,0.086225983285773
25,3,3,0.2,18,0.2,245,10,0.1,1,8.1657723552178e-18
25,3,3,0.2,18,0.2,245,10,0.1,1,0
25,3,3,0.2,18,0.2,245,10,0.1,1,-0.0870559026389479
25,3,3,0.2,18,0.2,245,10,0.1,1,-0.0582170031446388
25,3,3,0.2,18,0.2,245,10,0.1,1,3.47639033676129e-15
25,3,3,0.2,18,0.2,245,10,0.1,1,-0.499246860355154
25,3,3,0.2,18,0.2,245,10,0.1,1,-1.18945441972101e-16
25,3,3,0.2,18,0.2,245,10,0.1,1,0
25,3,3,0.2,18,0.2,245,10,0.1,1,1.32749078264889
25,3,3,0.2,18,0.2,245,10,0.1,1,0
25,3,3,0.2,18,0.2,245,10,0.1,1,0
25,3,3,0.2,18,0.2,245,10,0.1,1,0.0395565766355802
25,3,3,0.2,18,0.2,245,10,0.1,1,0
25,3,3,0.2,18,0.2,245,10,0.1,1,0
25,3,3,0.2,18,0.2,245,10,0.1,1,-0.362300704609389
25,3,3,0.2,18,0.2,245,10,0.1,1,0
25,3,3,0.2,18,0.2,245,10,0.1,1,-0.42448854220929
25,3,3,0.2,18,0.2,245,10,0.1,1,0.626598502950346
25,3,3,0.2,18,0.2,245,10,0.1,0,0.10970469897477
25,3,3,0.2,18,0.2,245,10,0.1,0,0.103400686338248
25,3,3,0.2,18,0.2,245,10,0.1,0,0.0274054101610259
25,3,3,0.2,18,0.2,245,10,0.1,0,-0.00676392976800675
25,3,3,0.2,18,0.2,245,10,0.1,0,-3.65777499744168
25,3,3,0.2,18,0.2,245,10,0.1,0,-0.023096765264717
25,3,3,0.2,18,0.2,245,10,0.1,0,0.047293312268296
25,3,3,0.2,18,0.2,245,10,0.1,0,0.00436982994796243
25,3,3,0.2,18,0.2,245,10,0.1,0,-0.0424181485608311
25,3,3,0.2,18,0.2,245,10,0.1,0,-0.00801532243849469
25,3,3,0.2,18,0.2,245,10,0.1,0,0.0203201938022884
25,3,3,0.2,18,0.2,245,10,0.1,0,2.96272132313214
25,3,3,0.2,18,0.2,245,10,0.1,0,-0.00421928734609714
25,3,3,0.2,18,0.2,245,10,0.1,0,0
25,3,3,0.2,18,0.2,245,10,0.1,0,0.136728618672095
25,3,3,0.2,18,0.2,245,10,0.1,0,0.00126696087578774
25,3,3,0.2,18,0.2,245,10,0.1,0,0.0467610276119593
25,3,3,0.2,18,0.2,245,10,0.1,0,-0.0536491528634905
25,3,3,0.2,18,0.2,245,10,0.1,0,0.00390214164266216
25,3,3,0.2,18,0.2,245,10,0.1,0,0.0613085368980565
25,3,3,0.2,18,0.2,245,10,0.1,0,0
25,3,3,0.2,18,0.2,245,10,0.1,0,0
25,3,3,0.2,18,0.2,245,10,0.1,0,-0.0108770985765762
25,3,3,0.2,18,0.2,245,10,0.1,0,0.0495854029558524
25,3,3,0.2,18,0.2,245,10,0.1,0,-5.94462285920518e-18
25,3,3,0.2,18,0.2,245,10,0.1,0,1.66305664334042
25,3,3,0.2,18,0.2,245,10,0.1,0,-0.0501268280415593
25,3,3,0.2,18,0.2,245,10,0.1,0,0.623109274902824
25,3,3,0.2,18,0.2,245,10,0.1,0,-0.11119756367198
25,3,3,0.2,18,0.2,245,10,0.1,0,8.80421278208423e-18
25,3,3,0.2,18,0.2,245,10,0.1,0,-0.0028007794479332
25,3,3,0.2,18,0.2,245,10,0.1,0,0
25,3,3,0.2,18,0.2,245,10,0.1,0,0
25,3,3,0.2,18,0.2,245,10,0.1,0,0.220540655557746
25,3,3,0.2,18,0.2,245,10,0.1,0,-0.00632958057608632
25,3,3,0.2,18,0.2,245,10,0.1,0,0.101775894369259
25,3,3,0.2,18,0.2,245,10,0.1,0,-0.014132854800087
25,3,3,0.2,18,0.2,245,10,0.1,0,0
25,3,3,0.2,18,0.2,245,10,0.1,0,0.0162072913363546
25,3,3,0.2,18,0.2,245,10,0.1,0,-4.4931924890712
25,3,3,0.2,18,0.2,245,10,0.1,0,-0.0052247507112768
25,3,3,0.2,18,0.2,245,10,0.1,0,0.013091872871703
25,3,3,0.2,18,0.2,245,10,0.1,0,0.297545309369054
25,3,3,0.2,18,0.2,245,10,0.1,0,-8.30402948116546e-18
25,3,3,0.2,18,0.2,245,10,0.1,0,0.888059544770403
25,3,3,0.2,18,0.2,245,10,0.1,0,-6.10456859410173e-18
25,3,3,0.2,18,0.2,245,10,0.1,0,-0.071641748840954
25,3,3,0.2,18,0.2,245,10,0.1,0,-0.784302558151239
25,3,3,0.2,18,0.2,245,10,0.1,0,-0.010429149597496
25,3,3,0.2,18,0.2,245,10,0.1,0,-0.0178054326633993
25,3,3,0.2,18,0.2,245,10,0.1,0,-0.0523202642959564
25,3,3,0.2,18,0.2,245,10,0.1,0,-0.0583848905243842
25,3,3,0.2,18,0.2,245,10,0.1,0,-0.515027303604533
25,3,3,0.2,18,0.2,245,10,0.1,0,0
25,3,3,0.2,18,0.2,245,10,0.1,0,-0.00408279549656219
25,3,3,0.2,18,0.2,245,10,0.1,0,-0.0444501134685941
25,3,3,0.2,18,0.2,245,10,0.1,0,0.083433516036693
25,3,3,0.2,18,0.2,245,10,0.1,0,-0.00882077120451378
25,3,3,0.2,18,0.2,245,10,0.1,0,0.06233197675072
25,3,3,0.2,18,0.2,245,10,0.1,0,-0.715249302162964
25,3,3,0.2,18,0.2,245,10,0.1,0,0.00478137523992419
25,3,3,0.2,18,0.2,245,10,0.1,0,-0.0130811281130649
25,3,3,0.2,18,0.2,245,10,0.1,0,2.54622612565288e-15
25,3,3,0.2,18,0.2,245,10,0.1,0,0.116260170292608
25,3,3,0.2,18,0.2,245,10,0.1,0,-2.96228609238801
25,3,3,0.2,18,0.2,245,10,0.1,0,0.115699589406335
25,3,3,0.2,18,0.2,245,10,0.1,0,-0.0448063335821611
25,3,3,0.2,18,0.2,245,10,0.1,0,0.00496016607200564
25,3,3,0.2,18,0.2,245,10,0.1,0,0.832325233730459
25,3,3,0.2,18,0.2,245,10,0.1,0,0.00350662746808094
25,3,3,0.2,18,0.2,245,10,0.1,0,3.91019502337406
25,3,3,0.2,18,0.2,245,10,0.1,0,0.0243676587922206
25,3,3,0.2,18,0.2,245,10,0.1,0,-0.0157034128732674
25,3,3,0.2,18,0.2,245,10,0.1,0,0.0310419045056421
25,3,3,0.2,18,0.2,245,10,0.1,0,-0.00373305861245439
25,3,3,0.2,18,0.2,245,10,0.1,0,-0.143946606692071
25,3,3,0.2,18,0.2,245,10,0.1,0,-0.194915266300332
25,3,3,0.2,18,0.2,245,10,0.1,0,0.069630815665989
25,3,3,0.2,18,0.2,245,10,0.1,0,1.47870106997411
25,3,3,0.2,18,0.2,245,10,0.1,0,-0.00250717844969944
25,3,3,0.2,18,0.2,245,10,0.1,0,-0.000420868167772121
25,3,3,0.2,18,0.2,245,10,0.1,0,0
25,3,3,0.2,18,0.2,245,10,0.1,0,0.0263404665522755
25,3,3,0.2,18,0.2,245,10,0.1,0,0.0844256849741486
25,3,3,0.2,18,0.2,245,10,0.1,0,0.0370670591642333
25,3,3,0.2,18,0.2,245,10,0.1,0,0.0355505689751671
25,3,3,0.2,18,0.2,245,10,0.1,0,-0.0800989136812649
25,3,3,0.2,18,0.2,245,10,0.1,0,0.10939871526299
25,3,3,0.2,18,0.2,245,10,0.1,0,-0.00043731589321516
25,3,3,0.2,18,0.2,245,10,0.1,0,-0.869844904686496
25,3,3,0.2,18,0.2,245,10,0.1,0,-0.0193095050337861
25,3,3,0.2,18,0.2,245,10,0.1,0,0.0506641651109127
25,3,3,0.2,18,0.2,245,10,0.1,0,0
25,3,3,0.2,18,0.2,245,10,0.1,0,-1.04243325713973
25,3,3,0.2,18,0.2,245,10,0.1,0,-0.0641932368342938
25,3,3,0.2,18,0.2,245,10,0.1,0,0.100594311430813
25,3,3,0.2,18,0.2,245,10,0.1,0,-0.0246411908953306
25,3,3,0.2,18,0.2,245,10,0.1,0,2.78154795586457
25,3,3,0.2,18,0.2,245,10,0.1,0,0
25,3,3,0.2,18,0.2,245,10,0.1,0,-0.000847109372495502
25,3,3,0.2,18,0.2,245,10,0.1,0,-0.005368813170735
25,3,3,0.2,18,0.2,245,10,0.1,0,-0.0169883406675144
25,3,3,0.2,18,0.2,245,10,0.1,0,0.0532573687471787
25,3,3,0.2,18,0.2,245,10,0.1,0,-0.0111602957109003
25,3,3,0.2,18,0.2,245,10,0.1,0,1.05253781717185
25,3,3,0.2,18,0.2,245,10,0.1,0,0
25,3,3,0.2,18,0.2,245,10,0.1,0,0
25,3,3,0.2,18,0.2,245,10,0.1,0,-0.0183822946428438
25,3,3,0.2,18,0.2,245,10,0.1,0,-0.0265857491228332
25,3,3,0.2,18,0.2,245,10,0.1,0,0.0553194910154666
25,3,3,0.2,18,0.2,245,10,0.1,0,0.00708161909827017
25,3,3,0.2,18,0.2,245,10,0.1,0,0.984139619956126
25,3,3,0.2,18,0.2,245,10,0.1,0,0.0153287075412514
25,3,3,0.2,18,0.2,245,10,0.1,0,0.0797315446818099
25,3,3,0.2,18,0.2,245,10,0.1,0,0
25,3,3,0.2,18,0.2,245,10,0.1,0,0.0357292170867439
25,3,3,0.2,18,0.2,245,10,0.1,0,0.00473186069286926
25,3,3,0.2,18,0.2,245,10,0.1,0,0
25,3,3,0.2,18,0.2,245,10,0.1,0,0.0101509963264762
25,3,3,0.2,18,0.2,245,10,0.1,0,-0.0159210771577781
25,3,3,0.2,18,0.2,245,10,0.1,0,-0.451375575433342
25,3,3,0.2,18,0.2,245,10,0.1,0,0
25,3,3,0.2,18,0.2,245,10,0.1,0,-0.00414426875309068
25,3,3,0.2,18,0.2,245,10,0.1,0,-0.830859995539005
25,3,3,0.2,18,0.2,245,10,0.1,0,2.18457242892279
25,3,3,0.2,18,0.2,245,10,0.1,0,0.00652355967524021
25,3,3,0.2,18,0.2,245,10,0.1,0,1.50815883134398
25,3,3,0.2,18,0.2,245,10,0.1,0,-0.202675514633889
25,3,3,0.2,18,0.2,245,10,0.1,0,-0.0136430605789999
25,3,3,0.2,18,0.2,245,10,0.1,0,-0.0213008404289242
25,3,3,0.2,18,0.2,245,10,0.1,0,0.0140395442162908
25,3,3,0.2,18,0.2,245,10,0.1,0,-0.0143298692344904
25,3,3,0.2,18,0.2,245,10,0.1,0,0.237110925727929
25,3,3,0.2,18,0.2,245,10,0.1,0,-0.442947736605413
25,3,3,0.2,18,0.2,245,10,0.1,0,-0.0199010869419873
25,3,3,0.2,18,0.2,245,10,0.1,0,-0.320069015025992
25,3,3,0.2,18,0.2,245,10,0.1,0,-0.0958506794439654
25,3,3,0.2,18,0.2,245,10,0.1,0,4.62001187262475e-16
25,3,3,0.2,18,0.2,245,10,0.1,0,-0.0170215555322166
25,3,3,0.2,18,0.2,245,10,0.1,0,0.00104524876701261
25,3,3,0.2,18,0.2,245,10,0.1,0,-0.374860314304685
25,3,3,0.2,18,0.2,245,10,0.1,0,0.0226237953992636
25,3,3,0.2,18,0.2,245,10,0.1,0,0.0392556415110722
25,3,3,0.2,18,0.2,245,10,0.1,0,-0.00175261139437015
25,3,3,0.2,18,0.2,245,10,0.1,0,-6.13515541650832e-16
25,3,3,0.2,18,0.2,245,10,0.1,0,-0.0655701406137265
25,3,3,0.2,18,0.2,245,10,0.1,0,0.0321177885853184
25,3,3,0.2,18,0.2,245,10,0.1,0,-0.0625353484178537
25,3,3,0.2,18,0.2,245,10,0.1,0,0.0714173713946444
25,3,3,0.2,18,0.2,245,10,0.1,0,-0.0297401343227815
25,3,3,0.2,18,0.2,245,10,0.1,0,-0.022059556163626
25,3,3,0.2,18,0.2,245,10,0.1,0,0.048840159872264
25,3,3,0.2,18,0.2,245,10,0.1,0,-3.30096920874444
25,3,3,0.2,18,0.2,245,10,0.1,0,-0.024175842925668
25,3,3,0.2,18,0.2,245,10,0.1,0,-0.170086488712417
25,3,3,0.2,18,0.2,245,10,0.1,0,-0.122201951185636
25,3,3,0.2,18,0.2,245,10,0.1,0,0
25,3,3,0.2,18,0.2,245,10,0.1,0,0.0402655061309251
25,3,3,0.2,18,0.2,245,10,0.1,0,-0.0221173453254369
25,3,3,0.2,18,0.2,245,10,0.1,0,0.00832419173889638
25,3,3,0.2,18,0.2,245,10,0.1,0,0.0948655311951601
25,3,3,0.2,18,0.2,245,10,0.1,0,-1.47487596679336e-15
25,3,3,0.2,18,0.2,245,10,0.1,0,0
25,3,3,0.2,18,0.2,245,10,0.1,0,0
25,3,3,0.2,18,0.2,245,10,0.1,0,0.0602186946065295
25,3,3,0.2,18,0.2,245,10,0.1,0,-0.115453476512706
25,3,3,0.2,18,0.2,245,10,0.1,0,-0.0454347029338743
25,3,3,0.2,18,0.2,245,10,0.1,0,-2.07255845536763
25,3,3,0.2,18,0.2,245,10,0.1,0,0.0261310823954845
25,3,3,0.2,18,0.2,245,10,0.1,0,0.309142181273659
25,3,3,0.2,18,0.2,245,10,0.1,0,-0.109234706523051
25,3,3,0.2,18,0.2,245,10,0.1,0,-0.306262522899602
25,3,3,0.2,18,0.2,245,10,0.1,0,0.00389732380269049
25,3,3,0.2,18,0.2,245,10,0.1,0,0.077546702607423
25,3,3,0.2,18,0.2,245,10,0.1,0,-0.0314370919598046
25,3,3,0.2,18,0.2,245,10,0.1,0,-0.197167696969818
25,3,3,0.2,18,0.2,245,10,0.1,0,-0.745743665238173
25,3,3,0.2,18,0.2,245,10,0.1,0,-0.0160146336309871
25,3,3,0.2,18,0.2,245,10,0.1,0,0.0445637549425767
25,3,3,0.2,18,0.2,245,10,0.1,0,0.025885887816158
25,3,3,0.2,18,0.2,245,10,0.1,0,0
25,3,3,0.2,18,0.2,245,10,0.1,0,0.054920723955151
25,3,3,0.2,18,0.2,245,10,0.1,0,-0.741290672272731
25,3,3,0.2,18,0.2,245,10,0.1,0,0
25,3,3,0.2,18,0.2,245,10,0.1,0,-0.0262967157038072
25,3,3,0.2,18,0.2,245,10,0.1,0,-1.04354731883256e-17
25,3,3,0.2,18,0.2,245,10,0.1,0,-0.093410476075315
25,3,3,0.2,18,0.2,245,10,0.1,0,-0.113649480758172
25,3,3,0.2,18,0.2,245,10,0.1,0,-0.00352916094317854
25,3,3,0.2,18,0.2,245,10,0.1,0,-0.00347358345637674
25,3,3,0.2,18,0.2,245,10,0.1,0,-0.0097772458334554
25,3,3,0.2,18,0.2,245,10,0.1,0,0
25,3,3,0.2,18,0.2,245,10,0.1,0,-0.0339929546652578
25,3,3,0.2,18,0.2,245,10,0.1,0,-0.0441891107646133
25,3,3,0.2,18,0.2,245,10,0.1,0,0
25,3,3,0.2,18,0.2,245,10,0.1,0,-0.058496812095092
25,3,3,0.2,18,0.2,245,10,0.1,0,0.857591440574649
25,3,3,0.2,18,0.2,245,10,0.1,0,0
25,3,3,0.2,18,0.2,245,10,0.1,0,0.0965882478004161
25,3,3,0.2,18,0.2,245,10,0.1,0,-0.0132053107099636
25,3,3,0.2,18,0.2,245,10,0.1,0,0
25,3,3,0.2,18,0.2,245,10,0.1,0,0.0332405736099381
25,3,3,0.2,18,0.2,245,10,0.1,0,-0.0445374161637284
25,3,3,0.2,18,0.2,245,10,0.1,0,0.474040332532671
25,3,3,0.2,18,0.2,245,10,0.1,0,0.0302704841641834
25,3,3,0.2,18,0.2,245,10,0.1,0,0
25,3,3,0.2,18,0.2,245,10,0.1,0,0
25,3,3,0.2,18,0.2,245,10,0.1,0,0
25,3,3,0.2,18,0.2,245,10,0.1,0,0.981472816804035
25,3,3,0.2,18,0.2,245,10,0.1,0,-0.401175975377418
25,3,3,0.2,18,0.2,245,10,0.1,0,-0.380168525997387
25,3,3,0.2,18,0.2,245,10,0.1,0,1.41428617904062
25,3,3,0.2,18,0.2,245,10,0.1,0,0.0331366740131551
25,3,3,0.2,18,0.2,245,10,0.1,0,-0.0629149763876172
25,3,3,0.2,18,0.2,245,10,0.1,0,0
25,3,3,0.2,18,0.2,245,10,0.1,0,-0.618164827870787
25,3,3,0.2,18,0.2,245,10,0.1,0,-9.32315771011149e-18
25,3,3,0.2,18,0.2,245,10,0.1,0,0.0491385834609044
25,3,3,0.2,18,0.2,245,10,0.1,0,-0.00370175964775599
25,3,3,0.2,18,0.2,245,10,0.1,0,0.0481011522285143
25,3,3,0.2,18,0.2,245,10,0.1,0,0
25,3,3,0.2,18,0.2,245,10,0.1,0,0.85763778199697
25,3,3,0.2,18,0.2,245,10,0.1,0,-0.00287293279187714
25,3,3,0.2,18,0.2,245,10,0.1,0,-0.00428520730710422
25,3,3,0.2,18,0.2,245,10,0.1,0,1.55751373421157
25,3,3,0.2,18,0.2,245,10,0.1,0,-1.17867873099989
25,3,3,0.2,18,0.2,245,10,0.1,0,0.00675315577846444
25,3,3,0.2,18,0.2,245,10,0.1,0,0.727475061879536
25,3,3,0.2,18,0.2,245,10,0.1,0,-0.0898355272097176
25,3,3,0.2,18,0.2,245,10,0.1,0,-0.0218923299780436
25,3,3,0.2,18,0.2,245,10,0.1,0,-0.00921809027408779
25,3,3,0.2,18,0.2,245,10,0.1,0,-0.0180584922466667
25,3,3,0.2,18,0.2,245,10,0.1,0,0
25,3,3,0.2,18,0.2,245,10,0.1,0,0
25,3,3,0.2,18,0.2,245,10,0.1,0,-0.245302632757606
25,3,3,0.2,18,0.2,245,10,0.1,0,0.880361854095224
25,3,3,0.2,18,0.2,245,10,0.1,0,-0.000896618503450691
25,3,3,0.2,18,0.2,245,10,0.1,0,0.405503637276949
25,3,3,0.2,18,0.2,245,10,0.1,0,-1.18027488536438e-15
25,3,3,0.2,18,0.2,245,10,0.1,0,0.0197103765282045
25,3,3,0.2,18,0.2,245,10,0.1,0,-0.00281239982500102
25,3,3,0.2,18,0.2,245,10,0.1,0,0.0358727830196205
25,3,3,0.2,18,0.2,245,10,0.1,0,0.00713340086270594
25,3,3,0.2,18,0.2,245,10,0.1,0,-0.819169867695121
25,3,3,0.2,18,0.2,245,10,0.1,0,0.0254166190095688
25,3,4,0.2,23,0.2,294,10,0.1,1,-0.0233138771832601
25,3,4,0.2,23,0.2,294,10,0.1,1,0
25,3,4,0.2,23,0.2,294,10,0.1,1,0
25,3,4,0.2,23,0.2,294,10,0.1,1,0
25,3,4,0.2,23,0.2,294,10,0.1,1,-0.775628091302324
25,3,4,0.2,23,0.2,294,10,0.1,1,-1.16973605466806e-17
25,3,4,0.2,23,0.2,294,10,0.1,1,0.212763741702401
25,3,4,0.2,23,0.2,294,10,0.1,1,1.56749876487324
25,3,4,0.2,23,0.2,294,10,0.1,1,-1.29770811156325
25,3,4,0.2,23,0.2,294,10,0.1,1,-4.39517930752834
25,3,4,0.2,23,0.2,294,10,0.1,1,7.49226059576572e-17
25,3,4,0.2,23,0.2,294,10,0.1,1,-0.115021807740878
25,3,4,0.2,23,0.2,294,10,0.1,1,-1.12889862689527
25,3,4,0.2,23,0.2,294,10,0.1,1,-2.61576539488038
25,3,4,0.2,23,0.2,294,10,0.1,1,0
25,3,4,0.2,23,0.2,294,10,0.1,1,0
25,3,4,0.2,23,0.2,294,10,0.1,1,0
25,3,4,0.2,23,0.2,294,10,0.1,1,0
25,3,4,0.2,23,0.2,294,10,0.1,1,1.95633684576046e-21
25,3,4,0.2,23,0.2,294,10,0.1,1,-0.55340209895225
25,3,4,0.2,23,0.2,294,10,0.1,1,-2.26192989387717
25,3,4,0.2,23,0.2,294,10,0.1,1,0
25,3,4,0.2,23,0.2,294,10,0.1,1,0.4315102481628
25,3,4,0.2,23,0.2,294,10,0.1,0,4.74666252998856e-05
25,3,4,0.2,23,0.2,294,10,0.1,0,4.95073150730648e-18
25,3,4,0.2,23,0.2,294,10,0.1,0,0.150071678224799
25,3,4,0.2,23,0.2,294,10,0.1,0,-0.407718763631935
25,3,4,0.2,23,0.2,294,10,0.1,0,-0.0729840172132335
25,3,4,0.2,23,0.2,294,10,0.1,0,-0.106054545537057
25,3,4,0.2,23,0.2,294,10,0.1,0,0.248758108922734
25,3,4,0.2,23,0.2,294,10,0.1,0,0
25,3,4,0.2,23,0.2,294,10,0.1,0,0.0551887584600772
25,3,4,0.2,23,0.2,294,10,0.1,0,-1.16678958267167
25,3,4,0.2,23,0.2,294,10,0.1,0,0.0119037626290115
25,3,4,0.2,23,0.2,294,10,0.1,0,0
25,3,4,0.2,23,0.2,294,10,0.1,0,-0.0525981339106494
25,3,4,0.2,23,0.2,294,10,0.1,0,-0.0233184149959913
25,3,4,0.2,23,0.2,294,10,0.1,0,0.0123894459758633
25,3,4,0.2,23,0.2,294,10,0.1,0,0.133990647883946
25,3,4,0.2,23,0.2,294,10,0.1,0,0.121659901444889
25,3,4,0.2,23,0.2,294,10,0.1,0,0
25,3,4,0.2,23,0.2,294,10,0.1,0,0
25,3,4,0.2,23,0.2,294,10,0.1,0,-0.0457468563120992
25,3,4,0.2,23,0.2,294,10,0.1,0,0.0455662236388955
25,3,4,0.2,23,0.2,294,10,0.1,0,0
25,3,4,0.2,23,0.2,294,10,0.1,0,0
25,3,4,0.2,23,0.2,294,10,0.1,0,1.28301921298755
25,3,4,0.2,23,0.2,294,10,0.1,0,0.121329080107014
25,3,4,0.2,23,0.2,294,10,0.1,0,-2.15243440904185
25,3,4,0.2,23,0.2,294,10,0.1,0,-0.075678627166613
25,3,4,0.2,23,0.2,294,10,0.1,0,-2.65868291868592
25,3,4,0.2,23,0.2,294,10,0.1,0,0.0317843023460948
25,3,4,0.2,23,0.2,294,10,0.1,0,0.00145605167624376
25,3,4,0.2,23,0.2,294,10,0.1,0,0.381917298925389
25,3,4,0.2,23,0.2,294,10,0.1,0,0
25,3,4,0.2,23,0.2,294,10,0.1,0,0.00650145093367253
25,3,4,0.2,23,0.2,294,10,0.1,0,1.51363984823505
25,3,4,0.2,23,0.2,294,10,0.1,0,0.11131509466915
25,3,4,0.2,23,0.2,294,10,0.1,0,2.01372359723944e-19
25,3,4,0.2,23,0.2,294,10,0.1,0,0
25,3,4,0.2,23,0.2,294,10,0.1,0,3.30364628559403e-20
25,3,4,0.2,23,0.2,294,10,0.1,0,0
25,3,4,0.2,23,0.2,294,10,0.1,0,-0.028487195132692
25,3,4,0.2,23,0.2,294,10,0.1,0,-0.0296971839308608
25,3,4,0.2,23,0.2,294,10,0.1,0,0.0102503168115384
25,3,4,0.2,23,0.2,294,10,0.1,0,-0.839939827267461
25,3,4,0.2,23,0.2,294,10,0.1,0,0.126282856974994
25,3,4,0.2,23,0.2,294,10,0.1,0,1.28852283840568
25,3,4,0.2,23,0.2,294,10,0.1,0,-0.0200433830516098
25,3,4,0.2,23,0.2,294,10,0.1,0,-0.00241035575018858
25,3,4,0.2,23,0.2,294,10,0.1,0,6.02021003745759e-19
25,3,4,0.2,23,0.2,294,10,0.1,0,-0.0163221012764369
25,3,4,0.2,23,0.2,294,10,0.1,0,1.00753722606518
25,3,4,0.2,23,0.2,294,10,0.1,0,0.00863123162739377
25,3,4,0.2,23,0.2,294,10,0.1,0,0
25,3,4,0.2,23,0.2,294,10,0.1,0,0.0384688536060708
25,3,4,0.2,23,0.2,294,10,0.1,0,6.06632812211122e-19
25,3,4,0.2,23,0.2,294,10,0.1,0,-0.0435265664455316
25,3,4,0.2,23,0.2,294,10,0.1,0,-0.0759947202706559
25,3,4,0.2,23,0.2,294,10,0.1,0,0.189458909418745
25,3,4,0.2,23,0.2,294,10,0.1,0,1.4857441096287e-18
25,3,4,0.2,23,0.2,294,10,0.1,0,-0.842605431832977
25,3,4,0.2,23,0.2,294,10,0.1,0,-1.88036775726441
25,3,4,0.2,23,0.2,294,10,0.1,0,0
25,3,4,0.2,23,0.2,294,10,0.1,0,0.166880553165954
25,3,4,0.2,23,0.2,294,10,0.1,0,0.142887349051653
25,3,4,0.2,23,0.2,294,10,0.1,0,0
25,3,4,0.2,23,0.2,294,10,0.1,0,-0.12260170016041
25,3,4,0.2,23,0.2,294,10,0.1,0,-1.57288171376254
25,3,4,0.2,23,0.2,294,10,0.1,0,0
25,3,4,0.2,23,0.2,294,10,0.1,0,-0.27745708509401
25,3,4,0.2,23,0.2,294,10,0.1,0,0
25,3,4,0.2,23,0.2,294,10,0.1,0,-0.0275451962211727
25,3,4,0.2,23,0.2,294,10,0.1,0,0.0376271035567293
25,3,4,0.2,23,0.2,294,10,0.1,0,-0.119214266906725
25,3,4,0.2,23,0.2,294,10,0.1,0,0.0762699396301077
25,3,4,0.2,23,0.2,294,10,0.1,0,-2.52749090313503
25,3,4,0.2,23,0.2,294,10,0.1,0,0.136468920976713
25,3,4,0.2,23,0.2,294,10,0.1,0,0.352434477502284
25,3,4,0.2,23,0.2,294,10,0.1,0,-0.0777377901730797
25,3,4,0.2,23,0.2,294,10,0.1,0,0
25,3,4,0.2,23,0.2,294,10,0.1,0,-0.0884807425281202
25,3,4,0.2,23,0.2,294,10,0.1,0,-0.636642048768752
25,3,4,0.2,23,0.2,294,10,0.1,0,-0.295171892587014
25,3,4,0.2,23,0.2,294,10,0.1,0,-0.660365100081788
25,3,4,0.2,23,0.2,294,10,0.1,0,0.0628624117671015
25,3,4,0.2,23,0.2,294,10,0.1,0,-0.016210095987655
25,3,4,0.2,23,0.2,294,10,0.1,0,0
25,3,4,0.2,23,0.2,294,10,0.1,0,0.205823067043017
25,3,4,0.2,23,0.2,294,10,0.1,0,0.15399285288
25,3,4,0.2,23,0.2,294,10,0.1,0,-1.28435898003236e-17
25,3,4,0.2,23,0.2,294,10,0.1,0,-0.0041860334140662
25,3,4,0.2,23,0.2,294,10,0.1,0,-0.0498059474824398
25,3,4,0.2,23,0.2,294,10,0.1,0,1.81594698232512e-17
25,3,4,0.2,23,0.2,294,10,0.1,0,-0.0849288391068981
25,3,4,0.2,23,0.2,294,10,0.1,0,0.132881808127421
25,3,4,0.2,23,0.2,294,10,0.1,0,1.63444843900514e-17
25,3,4,0.2,23,0.2,294,10,0.1,0,-0.0909821850922672
25,3,4,0.2,23,0.2,294,10,0.1,0,6.15237021115528e-20
25,3,4,0.2,23,0.2,294,10,0.1,0,-1.09344048998162
25,3,4,0.2,23,0.2,294,10,0.1,0,-9.53898743491408e-19
25,3,4,0.2,23,0.2,294,10,0.1,0,-0.114099593334511
25,3,4,0.2,23,0.2,294,10,0.1,0,0.00286925635539509
25,3,4,0.2,23,0.2,294,10,0.1,0,0.12003621235209
25,3,4,0.2,23,0.2,294,10,0.1,0,-0.158914293996176
25,3,4,0.2,23,0.2,294,10,0.1,0,0.189084250027445
25,3,4,0.2,23,0.2,294,10,0.1,0,0.032595190495898
25,3,4,0.2,23,0.2,294,10,0.1,0,0.63423766362656
25,3,4,0.2,23,0.2,294,10,0.1,0,-0.00549570897500298
25,3,4,0.2,23,0.2,294,10,0.1,0,2.76941451849559e-17
25,3,4,0.2,23,0.2,294,10,0.1,0,0.431135671432279
25,3,4,0.2,23,0.2,294,10,0.1,0,0.0104738507345148
25,3,4,0.2,23,0.2,294,10,0.1,0,-0.491412327947707
25,3,4,0.2,23,0.2,294,10,0.1,0,0
25,3,4,0.2,23,0.2,294,10,0.1,0,0.211813244321026
25,3,4,0.2,23,0.2,294,10,0.1,0,0.0219237928497276
25,3,4,0.2,23,0.2,294,10,0.1,0,0
25,3,4,0.2,23,0.2,294,10,0.1,0,-0.0472132019930972
25,3,4,0.2,23,0.2,294,10,0.1,0,-0.0833325436639737
25,3,4,0.2,23,0.2,294,10,0.1,0,0.347007534268719
25,3,4,0.2,23,0.2,294,10,0.1,0,0.0198715383378949
25,3,4,0.2,23,0.2,294,10,0.1,0,0.230786887854701
25,3,4,0.2,23,0.2,294,10,0.1,0,-0.101922470535492
25,3,4,0.2,23,0.2,294,10,0.1,0,-5.43704655776294e-19
25,3,4,0.2,23,0.2,294,10,0.1,0,-0.00693518993966605
25,3,4,0.2,23,0.2,294,10,0.1,0,0.0931001170599519
25,3,4,0.2,23,0.2,294,10,0.1,0,-4.08438041957928e-21
25,3,4,0.2,23,0.2,294,10,0.1,0,-0.0709317098516562
25,3,4,0.2,23,0.2,294,10,0.1,0,0
25,3,4,0.2,23,0.2,294,10,0.1,0,0
25,3,4,0.2,23,0.2,294,10,0.1,0,0.108160449709725
25,3,4,0.2,23,0.2,294,10,0.1,0,0.0181599780389954
25,3,4,0.2,23,0.2,294,10,0.1,0,0.00770616291962348
25,3,4,0.2,23,0.2,294,10,0.1,0,0.196991079436504
25,3,4,0.2,23,0.2,294,10,0.1,0,1.32681283091732
25,3,4,0.2,23,0.2,294,10,0.1,0,0.000389245742644374
25,3,4,0.2,23,0.2,294,10,0.1,0,-0.967465781317407
25,3,4,0.2,23,0.2,294,10,0.1,0,-0.0167689251904526
25,3,4,0.2,23,0.2,294,10,0.1,0,0.0436458866951476
25,3,4,0.2,23,0.2,294,10,0.1,0,8.05295990841704e-18
25,3,4,0.2,23,0.2,294,10,0.1,0,0.0248424633842501
25,3,4,0.2,23,0.2,294,10,0.1,0,-0.00301125636628845
25,3,4,0.2,23,0.2,294,10,0.1,0,0.102740499827616
25,3,4,0.2,23,0.2,294,10,0.1,0,1.65029453097612
25,3,4,0.2,23,0.2,294,10,0.1,0,0
25,3,4,0.2,23,0.2,294,10,0.1,0,-0.0473012608346932
25,3,4,0.2,23,0.2,294,10,0.1,0,0.0547004442313467
25,3,4,0.2,23,0.2,294,10,0.1,0,0.20458765761957
25,3,4,0.2,23,0.2,294,10,0.1,0,-0.0162349187250975
25,3,4,0.2,23,0.2,294,10,0.1,0,-0.0516664712810248
25,3,4,0.2,23,0.2,294,10,0.1,0,0.368241775818794
25,3,4,0.2,23,0.2,294,10,0.1,0,-5.53113627195281e-17
25,3,4,0.2,23,0.2,294,10,0.1,0,1.37779142551623
25,3,4,0.2,23,0.2,294,10,0.1,0,0.393720911869781
25,3,4,0.2,23,0.2,294,10,0.1,0,-0.111015412101988
25,3,4,0.2,23,0.2,294,10,0.1,0,0
25,3,4,0.2,23,0.2,294,10,0.1,0,0.00257224004185911
25,3,4,0.2,23,0.2,294,10,0.1,0,0.025797563816982
25,3,4,0.2,23,0.2,294,10,0.1,0,-2.78925517835578e-20
25,3,4,0.2,23,0.2,294,10,0.1,0,0.514566127425192
25,3,4,0.2,23,0.2,294,10,0.1,0,-0.0126037431393978
25,3,4,0.2,23,0.2,294,10,0.1,0,0
25,3,4,0.2,23,0.2,294,10,0.1,0,0.189168970179865
25,3,4,0.2,23,0.2,294,10,0.1,0,0.195869184368719
25,3,4,0.2,23,0.2,294,10,0.1,0,0.0650591458067872
25,3,4,0.2,23,0.2,294,10,0.1,0,0
25,3,4,0.2,23,0.2,294,10,0.1,0,0.190103491116874
25,3,4,0.2,23,0.2,294,10,0.1,0,0
25,3,4,0.2,23,0.2,294,10,0.1,0,-0.00729522624391394
25,3,4,0.2,23,0.2,294,10,0.1,0,0.0262020887316058
25,3,4,0.2,23,0.2,294,10,0.1,0,-0.190937782991283
25,3,4,0.2,23,0.2,294,10,0.1,0,-0.131328598941883
25,3,4,0.2,23,0.2,294,10,0.1,0,0.0174894957800103
25,3,4,0.2,23,0.2,294,10,0.1,0,-2.88638673600226e-22
25,3,4,0.2,23,0.2,294,10,0.1,0,-9.77121217195575e-19
25,3,4,0.2,23,0.2,294,10,0.1,0,-0.0948405506684394
25,3,4,0.2,23,0.2,294,10,0.1,0,0.0768184172392544
25,3,4,0.2,23,0.2,294,10,0.1,0,0.0372506160569207
25,3,4,0.2,23,0.2,294,10,0.1,0,-0.0285931544263155
25,3,4,0.2,23,0.2,294,10,0.1,0,5.29833726196625e-36
25,3,4,0.2,23,0.2,294,10,0.1,0,0
25,3,4,0.2,23,0.2,294,10,0.1,0,0.0733945277513664
25,3,4,0.2,23,0.2,294,10,0.1,0,-0.0897184666221668
25,3,4,0.2,23,0.2,294,10,0.1,0,-0.340208306568688
25,3,4,0.2,23,0.2,294,10,0.1,0,0
25,3,4,0.2,23,0.2,294,10,0.1,0,0.0669412098151279
25,3,4,0.2,23,0.2,294,10,0.1,0,-3.62576756823859e-18
25,3,4,0.2,23,0.2,294,10,0.1,0,-0.255659410205984
25,3,4,0.2,23,0.2,294,10,0.1,0,0.341512194756971
25,3,4,0.2,23,0.2,294,10,0.1,0,0
25,3,4,0.2,23,0.2,294,10,0.1,0,0.0244586534017469
25,3,4,0.2,23,0.2,294,10,0.1,0,-0.408147758724618
25,3,4,0.2,23,0.2,294,10,0.1,0,-2.12201830621143e-17
25,3,4,0.2,23,0.2,294,10,0.1,0,0
25,3,4,0.2,23,0.2,294,10,0.1,0,1.0415259584409e-21
25,3,4,0.2,23,0.2,294,10,0.1,0,0.0210806499703685
25,3,4,0.2,23,0.2,294,10,0.1,0,0
25,3,4,0.2,23,0.2,294,10,0.1,0,0
25,3,4,0.2,23,0.2,294,10,0.1,0,-0.210778029574412
25,3,4,0.2,23,0.2,294,10,0.1,0,-0.00330703991320966
25,3,4,0.2,23,0.2,294,10,0.1,0,0
25,3,4,0.2,23,0.2,294,10,0.1,0,0.115506848141926
25,3,4,0.2,23,0.2,294,10,0.1,0,0
25,3,4,0.2,23,0.2,294,10,0.1,0,-0.0632322686850643
25,3,4,0.2,23,0.2,294,10,0.1,0,0.729872950424151
25,3,4,0.2,23,0.2,294,10,0.1,0,-0.0077423952438323
25,3,4,0.2,23,0.2,294,10,0.1,0,0
25,3,4,0.2,23,0.2,294,10,0.1,0,-0.00736563577961554
25,3,4,0.2,23,0.2,294,10,0.1,0,-0.0623480492573364
25,3,4,0.2,23,0.2,294,10,0.1,0,0
25,3,4,0.2,23,0.2,294,10,0.1,0,0.18845964286687
25,3,4,0.2,23,0.2,294,10,0.1,0,-1.39666289661999
25,3,4,0.2,23,0.2,294,10,0.1,0,-0.049936912873955
25,3,4,0.2,23,0.2,294,10,0.1,0,-0.0511469249670905
25,3,4,0.2,23,0.2,294,10,0.1,0,0.00302963274007485
25,3,4,0.2,23,0.2,294,10,0.1,0,0.0120146906572656
25,3,4,0.2,23,0.2,294,10,0.1,0,0.204545722606807
25,3,4,0.2,23,0.2,294,10,0.1,0,-0.0603857248458075
25,3,4,0.2,23,0.2,294,10,0.1,0,0.0931146754166175
25,3,4,0.2,23,0.2,294,10,0.1,0,0
25,3,4,0.2,23,0.2,294,10,0.1,0,-0.0484378741447216
25,3,4,0.2,23,0.2,294,10,0.1,0,0.177747078662773
25,3,4,0.2,23,0.2,294,10,0.1,0,-0.195988842945797
25,3,4,0.2,23,0.2,294,10,0.1,0,0.19285882068699
25,3,4,0.2,23,0.2,294,10,0.1,0,-0.0808323844680042
25,3,4,0.2,23,0.2,294,10,0.1,0,-0.423046704666388
25,3,4,0.2,23,0.2,294,10,0.1,0,-0.0113947661480979
25,3,4,0.2,23,0.2,294,10,0.1,0,-0.0910875909332963
25,3,4,0.2,23,0.2,294,10,0.1,0,0
25,3,4,0.2,23,0.2,294,10,0.1,0,-5.86428494937627e-19
25,3,4,0.2,23,0.2,294,10,0.1,0,0
25,3,4,0.2,23,0.2,294,10,0.1,0,0
25,3,4,0.2,23,0.2,294,10,0.1,0,0.204507809857644
25,3,4,0.2,23,0.2,294,10,0.1,0,0
25,3,4,0.2,23,0.2,294,10,0.1,0,-0.125906707419948
25,3,4,0.2,23,0.2,294,10,0.1,0,0
25,3,4,0.2,23,0.2,294,10,0.1,0,-0.0301856096375891
25,3,4,0.2,23,0.2,294,10,0.1,0,0.449730346790154
25,3,4,0.2,23,0.2,294,10,0.1,0,-4.12987163982035e-22
25,3,4,0.2,23,0.2,294,10,0.1,0,0.00892869266644737
25,3,4,0.2,23,0.2,294,10,0.1,0,0
25,3,4,0.2,23,0.2,294,10,0.1,0,-0.0575516240902074
25,3,4,0.2,23,0.2,294,10,0.1,0,0.0750192714937249
25,3,4,0.2,23,0.2,294,10,0.1,0,-0.000710069487517248
25,3,4,0.2,23,0.2,294,10,0.1,0,4.95949724052326e-22
25,3,4,0.2,23,0.2,294,10,0.1,0,0.0533651749404498
25,3,4,0.2,23,0.2,294,10,0.1,0,0.415940277741449
25,3,4,0.2,23,0.2,294,10,0.1,0,0.00268526040760721
25,3,4,0.2,23,0.2,294,10,0.1,0,-0.00221025749908567
25,3,4,0.2,23,0.2,294,10,0.1,0,-0.0783813276361174
25,3,4,0.2,23,0.2,294,10,0.1,0,0.125407187237351
25,3,4,0.2,23,0.2,294,10,0.1,0,-0.0335581269638701
25,3,4,0.2,23,0.2,294,10,0.1,0,0.584406186959616
25,3,4,0.2,23,0.2,294,10,0.1,0,0.0320129120188639
25,3,4,0.2,23,0.2,294,10,0.1,0,-0.086495971175883
25,3,4,0.2,23,0.2,294,10,0.1,0,-0.465710999036318
25,3,4,0.2,23,0.2,294,10,0.1,0,0
25,3,4,0.2,23,0.2,294,10,0.1,0,0
25,3,4,0.2,23,0.2,294,10,0.1,0,0
25,3,4,0.2,23,0.2,294,10,0.1,0,-0.300946474873183
25,3,4,0.2,23,0.2,294,10,0.1,0,-0.130541511411416
25,3,4,0.2,23,0.2,294,10,0.1,0,6.7874770935459e-18
25,3,4,0.2,23,0.2,294,10,0.1,0,0.120902219637341
25,3,4,0.2,23,0.2,294,10,0.1,0,-0.772252298719124
25,3,4,0.2,23,0.2,294,10,0.1,0,5.34681558969162e-20
25,3,4,0.2,23,0.2,294,10,0.1,0,0.494842308309428
25,3,4,0.2,23,0.2,294,10,0.1,0,0
25,3,4,0.2,23,0.2,294,10,0.1,0,0.103255830561772
25,3,4,0.2,23,0.2,294,10,0.1,0,-0.0384512067843384
25,3,4,0.2,23,0.2,294,10,0.1,0,1.26800317914232
25,3,4,0.2,23,0.2,294,10,0.1,0,-0.000764094714918445
25,3,4,0.2,23,0.2,294,10,0.1,0,0.032071167789546
25,3,4,0.2,23,0.2,294,10,0.1,0,7.43027918879421e-23
25,3,4,0.2,23,0.2,294,10,0.1,0,4.35596427965624
25,3,4,0.2,23,0.2,294,10,0.1,0,0.0126786484810921
25,3,4,0.2,23,0.2,294,10,0.1,0,-0.248633891637859
25,3,4,0.2,23,0.2,294,10,0.1,0,0.0899260654520143
25,3,4,0.2,23,0.2,294,10,0.1,0,0
25,3,4,0.2,23,0.2,294,10,0.1,0,-0.0476243782063208
25,3,4,0.2,23,0.2,294,10,0.1,0,0
25,3,4,0.2,23,0.2,294,10,0.1,0,0.117664831314943
25,3,4,0.2,23,0.2,294,10,0.1,0,-0.299610025873057
25,3,4,0.2,23,0.2,294,10,0.1,0,0
25,3,4,0.2,23,0.2,294,10,0.1,0,0.248384142829094
25,3,4,0.2,23,0.2,294,10,0.1,0,0
25,3,4,0.2,23,0.2,294,10,0.1,0,-0.0134284033029549
25,3,4,0.2,23,0.2,294,10,0.1,0,0
25,3,4,0.2,23,0.2,294,10,0.1,0,0.896793820081898
25,3,4,0.2,23,0.2,294,10,0.1,0,-1.38664447191867
25,3,4,0.2,23,0.2,294,10,0.1,0,-0.506217974308709
25,3,4,0.2,23,0.2,294,10,0.1,0,-0.170599303038221
25,3,4,0.2,23,0.2,294,10,0.1,0,0.211535861972488
25,3,4,0.2,23,0.2,294,10,0.1,0,0
25,3,4,0.2,23,0.2,294,10,0.1,0,-7.02355531701863e-18
25,3,4,0.2,23,0.2,294,10,0.1,0,-0.0163306257076832
25,3,4,0.2,23,0.2,294,10,0.1,0,-0.24707046789637
25,3,4,0.2,23,0.2,294,10,0.1,0,-0.0710955144960903
25,3,5,0.2,35,0.2,414,10,0.1,1,0
25,3,5,0.2,35,0.2,414,10,0.1,1,0.0614330243250133
25,3,5,0.2,35,0.2,414,10,0.1,1,0.346385930260431
25,3,5,0.2,35,0.2,414,10,0.1,1,0
25,3,5,0.2,35,0.2,414,10,0.1,1,0
25,3,5,0.2,35,0.2,414,10,0.1,1,0.560468244507443
25,3,5,0.2,35,0.2,414,10,0.1,1,0
25,3,5,0.2,35,0.2,414,10,0.1,1,0.848351815385149
25,3,5,0.2,35,0.2,414,10,0.1,1,0
25,3,5,0.2,35,0.2,414,10,0.1,1,0
25,3,5,0.2,35,0.2,414,10,0.1,1,-0.607000788287565
25,3,5,0.2,35,0.2,414,10,0.1,1,0.00864262047096346
25,3,5,0.2,35,0.2,414,10,0.1,1,1.05939003722321
25,3,5,0.2,35,0.2,414,10,0.1,1,-0.113414130801483
25,3,5,0.2,35,0.2,414,10,0.1,1,-4.61726647305649
25,3,5,0.2,35,0.2,414,10,0.1,1,0.106856975551129
25,3,5,0.2,35,0.2,414,10,0.1,1,0
25,3,5,0.2,35,0.2,414,10,0.1,1,0
25,3,5,0.2,35,0.2,414,10,0.1,1,0
25,3,5,0.2,35,0.2,414,10,0.1,1,0.635504792508657
25,3,5,0.2,35,0.2,414,10,0.1,1,0
25,3,5,0.2,35,0.2,414,10,0.1,1,0
25,3,5,0.2,35,0.2,414,10,0.1,1,-0.200088813532763
25,3,5,0.2,35,0.2,414,10,0.1,1,-1.92720514727844
25,3,5,0.2,35,0.2,414,10,0.1,1,0.583821800692567
25,3,5,0.2,35,0.2,414,10,0.1,1,0.679352723006455
25,3,5,0.2,35,0.2,414,10,0.1,1,0.0497570677970548
25,3,5,0.2,35,0.2,414,10,0.1,1,-0.0377011601521818
25,3,5,0.2,35,0.2,414,10,0.1,1,0.758197115691725
25,3,5,0.2,35,0.2,414,10,0.1,1,3.11528305513904
25,3,5,0.2,35,0.2,414,10,0.1,1,0
25,3,5,0.2,35,0.2,414,10,0.1,1,1.40011506843862
25,3,5,0.2,35,0.2,414,10,0.1,1,-0.943074345104616
25,3,5,0.2,35,0.2,414,10,0.1,1,-0.620792858586196
25,3,5,0.2,35,0.2,414,10,0.1,1,-0.0420514281209824
25,3,5,0.2,35,0.2,414,10,0.1,0,-0.356368670050385
25,3,5,0.2,35,0.2,414,10,0.1,0,0.0324841777572257
25,3,5,0.2,35,0.2,414,10,0.1,0,-0.0107516941120625
25,3,5,0.2,35,0.2,414,10,0.1,0,0.049935828365788
25,3,5,0.2,35,0.2,414,10,0.1,0,0.0882119560722081
25,3,5,0.2,35,0.2,414,10,0.1,0,0.313107642737437
25,3,5,0.2,35,0.2,414,10,0.1,0,0.168366775624738
25,3,5,0.2,35,0.2,414,10,0.1,0,-0.116065207986671
25,3,5,0.2,35,0.2,414,10,0.1,0,0.139333767270744
25,3,5,0.2,35,0.2,414,10,0.1,0,0.115317466531189
25,3,5,0.2,35,0.2,414,10,0.1,0,-0.0178708581685451
25,3,5,0.2,35,0.2,414,10,0.1,0,0.0634659345684767
25,3,5,0.2,35,0.2,414,10,0.1,0,0.267014180850482
25,3,5,0.2,35,0.2,414,10,0.1,0,0.9198817635302
25,3,5,0.2,35,0.2,414,10,0.1,0,-0.00197537875652295
25,3,5,0.2,35,0.2,414,10,0.1,0,-0.0903876560527417
25,3,5,0.2,35,0.2,414,10,0.1,0,0
25,3,5,0.2,35,0.2,414,10,0.1,0,-0.0901799411528444
25,3,5,0.2,35,0.2,414,10,0.1,0,-0.356290012713691
25,3,5,0.2,35,0.2,414,10,0.1,0,-0.0730480216883342
25,3,5,0.2,35,0.2,414,10,0.1,0,0.000176582566178365
25,3,5,0.2,35,0.2,414,10,0.1,0,0.0287892019486778
25,3,5,0.2,35,0.2,414,10,0.1,0,-0.0939155526500854
25,3,5,0.2,35,0.2,414,10,0.1,0,0.00930439066070461
25,3,5,0.2,35,0.2,414,10,0.1,0,0
25,3,5,0.2,35,0.2,414,10,0.1,0,0.20083863377325
25,3,5,0.2,35,0.2,414,10,0.1,0,1.20530118217846
25,3,5,0.2,35,0.2,414,10,0.1,0,0
25,3,5,0.2,35,0.2,414,10,0.1,0,0
25,3,5,0.2,35,0.2,414,10,0.1,0,0.0397189429509336
25,3,5,0.2,35,0.2,414,10,0.1,0,0.177881128769549
25,3,5,0.2,35,0.2,414,10,0.1,0,0.277906216706143
25,3,5,0.2,35,0.2,414,10,0.1,0,0.230348312148062
25,3,5,0.2,35,0.2,414,10,0.1,0,-0.0961945532601233
25,3,5,0.2,35,0.2,414,10,0.1,0,0.0301459339278087
25,3,5,0.2,35,0.2,414,10,0.1,0,0.566553172934669
25,3,5,0.2,35,0.2,414,10,0.1,0,1.01246140578454
25,3,5,0.2,35,0.2,414,10,0.1,0,0.00865764033456954
25,3,5,0.2,35,0.2,414,10,0.1,0,-0.00414046921620316
25,3,5,0.2,35,0.2,414,10,0.1,0,0.247574642731795
25,3,5,0.2,35,0.2,414,10,0.1,0,0.0358560330165062
25,3,5,0.2,35,0.2,414,10,0.1,0,0
25,3,5,0.2,35,0.2,414,10,0.1,0,0.0877041871341454
25,3,5,0.2,35,0.2,414,10,0.1,0,0
25,3,5,0.2,35,0.2,414,10,0.1,0,0.413114602248122
25,3,5,0.2,35,0.2,414,10,0.1,0,-0.111954037269941
25,3,5,0.2,35,0.2,414,10,0.1,0,0
25,3,5,0.2,35,0.2,414,10,0.1,0,0.140341892437308
25,3,5,0.2,35,0.2,414,10,0.1,0,-0.0498381556231845
25,3,5,0.2,35,0.2,414,10,0.1,0,0.0808911569305788
25,3,5,0.2,35,0.2,414,10,0.1,0,0.220486935104234
25,3,5,0.2,35,0.2,414,10,0.1,0,0
25,3,5,0.2,35,0.2,414,10,0.1,0,0.00208666904400038
25,3,5,0.2,35,0.2,414,10,0.1,0,-0.0611350646367776
25,3,5,0.2,35,0.2,414,10,0.1,0,-0.08728045176501
25,3,5,0.2,35,0.2,414,10,0.1,0,0.0931525643593895
25,3,5,0.2,35,0.2,414,10,0.1,0,0.00226654792562681
25,3,5,0.2,35,0.2,414,10,0.1,0,0.0807388651304437
25,3,5,0.2,35,0.2,414,10,0.1,0,0.0170848698002985
25,3,5,0.2,35,0.2,414,10,0.1,0,-0.0404937473592986
25,3,5,0.2,35,0.2,414,10,0.1,0,0
25,3,5,0.2,35,0.2,414,10,0.1,0,-0.0314471192608662
25,3,5,0.2,35,0.2,414,10,0.1,0,-0.280814750403924
25,3,5,0.2,35,0.2,414,10,0.1,0,0
25,3,5,0.2,35,0.2,414,10,0.1,0,0.0713818649670285
25,3,5,0.2,35,0.2,414,10,0.1,0,0
25,3,5,0.2,35,0.2,414,10,0.1,0,0.0365143127463771
25,3,5,0.2,35,0.2,414,10,0.1,0,-0.0326127531378691
25,3,5,0.2,35,0.2,414,10,0.1,0,-0.0360536731669188
25,3,5,0.2,35,0.2,414,10,0.1,0,0.903424791388401
25,3,5,0.2,35,0.2,414,10,0.1,0,-0.259829792055795
25,3,5,0.2,35,0.2,414,10,0.1,0,0.123088325392719
25,3,5,0.2,35,0.2,414,10,0.1,0,-0.313991991102104
25,3,5,0.2,35,0.2,414,10,0.1,0,-0.214547002719998
25,3,5,0.2,35,0.2,414,10,0.1,0,0.0387785703516775
25,3,5,0.2,35,0.2,414,10,0.1,0,-0.00225018356857384
25,3,5,0.2,35,0.2,414,10,0.1,0,0.0305993200963427
25,3,5,0.2,35,0.2,414,10,0.1,0,0.156955870663603
25,3,5,0.2,35,0.2,414,10,0.1,0,-0.48997903212302
25,3,5,0.2,35,0.2,414,10,0.1,0,0.161624124160697
25,3,5,0.2,35,0.2,414,10,0.1,0,0.271972823312343
25,3,5,0.2,35,0.2,414,10,0.1,0,0.0418225249408122
25,3,5,0.2,35,0.2,414,10,0.1,0,-0.094945530034591
25,3,5,0.2,35,0.2,414,10,0.1,0,-0.0156511465581843
25,3,5,0.2,35,0.2,414,10,0.1,0,0
25,3,5,0.2,35,0.2,414,10,0.1,0,-0.00411722142783974
25,3,5,0.2,35,0.2,414,10,0.1,0,-0.00201735770721738
25,3,5,0.2,35,0.2,414,10,0.1,0,0.0287044404267453
25,3,5,0.2,35,0.2,414,10,0.1,0,0
25,3,5,0.2,35,0.2,414,10,0.1,0,0.117482236032919
25,3,5,0.2,35,0.2,414,10,0.1,0,0.237280888596275
25,3,5,0.2,35,0.2,414,10,0.1,0,-0.521929977164048
25,3,5,0.2,35,0.2,414,10,0.1,0,0.00170075094715193
25,3,5,0.2,35,0.2,414,10,0.1,0,0
25,3,5,0.2,35,0.2,414,10,0.1,0,-0.0513156350659199
25,3,5,0.2,35,0.2,414,10,0.1,0,0.0428213861239347
25,3,5,0.2,35,0.2,414,10,0.1,0,-0.0313849591162883
25,3,5,0.2,35,0.2,414,10,0.1,0,0
25,3,5,0.2,35,0.2,414,10,0.1,0,0.0270542995356281
25,3,5,0.2,35,0.2,414,10,0.1,0,0
25,3,5,0.2,35,0.2,414,10,0.1,0,-0.034704638459612
25,3,5,0.2,35,0.2,414,10,0.1,0,0.0291967394955711
25,3,5,0.2,35,0.2,414,10,0.1,0,0
25,3,5,0.2,35,0.2,414,10,0.1,0,-0.499457846353462
25,3,5,0.2,35,0.2,414,10,0.1,0,0
25,3,5,0.2,35,0.2,414,10,0.1,0,-0.0376008602064066
25,3,5,0.2,35,0.2,414,10,0.1,0,0.02570691864964
25,3,5,0.2,35,0.2,414,10,0.1,0,0.0565588906994267
25,3,5,0.2,35,0.2,414,10,0.1,0,0.0512098705403115
25,3,5,0.2,35,0.2,414,10,0.1,0,-0.111666905070539
25,3,5,0.2,35,0.2,414,10,0.1,0,0.0183120075855222
25,3,5,0.2,35,0.2,414,10,0.1,0,0.0606612877385937
25,3,5,0.2,35,0.2,414,10,0.1,0,0.178294779028403
25,3,5,0.2,35,0.2,414,10,0.1,0,1.03179342661446
25,3,5,0.2,35,0.2,414,10,0.1,0,0.68560080308148
25,3,5,0.2,35,0.2,414,10,0.1,0,-0.0943859863685717
25,3,5,0.2,35,0.2,414,10,0.1,0,-0.039747761644362
25,3,5,0.2,35,0.2,414,10,0.1,0,0.437951290796352
25,3,5,0.2,35,0.2,414,10,0.1,0,0.00302850167881529
25,3,5,0.2,35,0.2,414,10,0.1,0,-0.49932304853408
25,3,5,0.2,35,0.2,414,10,0.1,0,-0.410932891029177
25,3,5,0.2,35,0.2,414,10,0.1,0,-0.0427724468950248
25,3,5,0.2,35,0.2,414,10,0.1,0,-0.400994314844926
25,3,5,0.2,35,0.2,414,10,0.1,0,-0.15089792086552
25,3,5,0.2,35,0.2,414,10,0.1,0,-0.0240507806432929
25,3,5,0.2,35,0.2,414,10,0.1,0,1.22347107115353
25,3,5,0.2,35,0.2,414,10,0.1,0,-0.0028914090255021
25,3,5,0.2,35,0.2,414,10,0.1,0,0.0275550510833186
25,3,5,0.2,35,0.2,414,10,0.1,0,0.0348820346680035
25,3,5,0.2,35,0.2,414,10,0.1,0,-0.507296299983795
25,3,5,0.2,35,0.2,414,10,0.1,0,-0.300630765599809
25,3,5,0.2,35,0.2,414,10,0.1,0,0.469281773901449
25,3,5,0.2,35,0.2,414,10,0.1,0,0.151254658058169
25,3,5,0.2,35,0.2,414,10,0.1,0,-0.0891182045612475
25,3,5,0.2,35,0.2,414,10,0.1,0,-1.09472959978168
25,3,5,0.2,35,0.2,414,10,0.1,0,0.349137115367389
25,3,5,0.2,35,0.2,414,10,0.1,0,-0.0113057314678051
25,3,5,0.2,35,0.2,414,10,0.1,0,-0.331726977327191
25,3,5,0.2,35,0.2,414,10,0.1,0,0.368771167956207
25,3,5,0.2,35,0.2,414,10,0.1,0,-0.127627634473037
25,3,5,0.2,35,0.2,414,10,0.1,0,-0.0228689427192393
25,3,5,0.2,35,0.2,414,10,0.1,0,-0.462267192398902
25,3,5,0.2,35,0.2,414,10,0.1,0,-0.0821760689740244
25,3,5,0.2,35,0.2,414,10,0.1,0,-0.347765861533159
25,3,5,0.2,35,0.2,414,10,0.1,0,0
25,3,5,0.2,35,0.2,414,10,0.1,0,-0.281027722368176
25,3,5,0.2,35,0.2,414,10,0.1,0,-0.0108254943718091
25,3,5,0.2,35,0.2,414,10,0.1,0,0
25,3,5,0.2,35,0.2,414,10,0.1,0,-1.98810357015662
25,3,5,0.2,35,0.2,414,10,0.1,0,-0.0304514968049619
25,3,5,0.2,35,0.2,414,10,0.1,0,-0.0488060023914517
25,3,5,0.2,35,0.2,414,10,0.1,0,-0.0285949747300155
25,3,5,0.2,35,0.2,414,10,0.1,0,0.0824174527335313
25,3,5,0.2,35,0.2,414,10,0.1,0,0.088676901180232
25,3,5,0.2,35,0.2,414,10,0.1,0,-0.0473424427256556
25,3,5,0.2,35,0.2,414,10,0.1,0,0.0480934346598361
25,3,5,0.2,35,0.2,414,10,0.1,0,-0.012025746913666
25,3,5,0.2,35,0.2,414,10,0.1,0,-0.00122025675465206
25,3,5,0.2,35,0.2,414,10,0.1,0,2.09309282602504
25,3,5,0.2,35,0.2,414,10,0.1,0,-0.00394654028578859
25,3,5,0.2,35,0.2,414,10,0.1,0,-0.00494387538157311
25,3,5,0.2,35,0.2,414,10,0.1,0,0.0555760997258081
25,3,5,0.2,35,0.2,414,10,0.1,0,-0.0944368666755822
25,3,5,0.2,35,0.2,414,10,0.1,0,-0.37105228902457
25,3,5,0.2,35,0.2,414,10,0.1,0,-0.431239801110867
25,3,5,0.2,35,0.2,414,10,0.1,0,-0.0219837462983553
25,3,5,0.2,35,0.2,414,10,0.1,0,0
25,3,5,0.2,35,0.2,414,10,0.1,0,0.0667711568583995
25,3,5,0.2,35,0.2,414,10,0.1,0,0.141217651838594
25,3,5,0.2,35,0.2,414,10,0.1,0,-0.825485956710259
25,3,5,0.2,35,0.2,414,10,0.1,0,1.47928254836139
25,3,5,0.2,35,0.2,414,10,0.1,0,0.0231569205280031
25,3,5,0.2,35,0.2,414,10,0.1,0,0
25,3,5,0.2,35,0.2,414,10,0.1,0,-0.096867985056973
25,3,5,0.2,35,0.2,414,10,0.1,0,-0.00915502158006608
25,3,5,0.2,35,0.2,414,10,0.1,0,0
25,3,5,0.2,35,0.2,414,10,0.1,0,-0.890551782981639
25,3,5,0.2,35,0.2,414,10,0.1,0,0.15361001810238
25,3,5,0.2,35,0.2,414,10,0.1,0,0.114171201487473
25,3,5,0.2,35,0.2,414,10,0.1,0,-0.0201407763668654
25,3,5,0.2,35,0.2,414,10,0.1,0,0.119379649580748
25,3,5,0.2,35,0.2,414,10,0.1,0,0.0230050578825876
25,3,5,0.2,35,0.2,414,10,0.1,0,0.0404789958056859
25,3,5,0.2,35,0.2,414,10,0.1,0,0.0733984084015945
25,3,5,0.2,35,0.2,414,10,0.1,0,0.101639695906293
25,3,5,0.2,35,0.2,414,10,0.1,0,0.125666577101657
25,3,5,0.2,35,0.2,414,10,0.1,0,-0.00665374434030825
25,3,5,0.2,35,0.2,414,10,0.1,0,-1.78341055305028
25,3,5,0.2,35,0.2,414,10,0.1,0,0.00616486732910893
25,3,5,0.2,35,0.2,414,10,0.1,0,0.353035975174295
25,3,5,0.2,35,0.2,414,10,0.1,0,0.0198178201532708
25,3,5,0.2,35,0.2,414,10,0.1,0,0.617203216261023
25,3,5,0.2,35,0.2,414,10,0.1,0,0.641519057774042
25,3,5,0.2,35,0.2,414,10,0.1,0,0
25,3,5,0.2,35,0.2,414,10,0.1,0,-0.182754263663304
25,3,5,0.2,35,0.2,414,10,0.1,0,-0.589062916748575
25,3,5,0.2,35,0.2,414,10,0.1,0,-0.774616450957465
25,3,5,0.2,35,0.2,414,10,0.1,0,0.0554435269260682
25,3,5,0.2,35,0.2,414,10,0.1,0,0.103177205433033
25,3,5,0.2,35,0.2,414,10,0.1,0,0
25,3,5,0.2,35,0.2,414,10,0.1,0,0.187693545059621
25,3,5,0.2,35,0.2,414,10,0.1,0,0.0220009426317736
25,3,5,0.2,35,0.2,414,10,0.1,0,-0.986545491649784
25,3,5,0.2,35,0.2,414,10,0.1,0,1.51518772075441
25,3,5,0.2,35,0.2,414,10,0.1,0,-0.00200163745583657
25,3,5,0.2,35,0.2,414,10,0.1,0,-0.240043652580657
25,3,5,0.2,35,0.2,414,10,0.1,0,-0.026448928809222
25,3,5,0.2,35,0.2,414,10,0.1,0,-0.00326916065981641
25,3,5,0.2,35,0.2,414,10,0.1,0,0.0637744944528518
25,3,5,0.2,35,0.2,414,10,0.1,0,-0.269747796443444
25,3,5,0.2,35,0.2,414,10,0.1,0,-0.287823439540821
25,3,5,0.2,35,0.2,414,10,0.1,0,0.000181418560629085
25,3,5,0.2,35,0.2,414,10,0.1,0,0.464719065296783
25,3,5,0.2,35,0.2,414,10,0.1,0,0.108824223537164
25,3,5,0.2,35,0.2,414,10,0.1,0,0.0600259061202343
25,3,5,0.2,35,0.2,414,10,0.1,0,1.41082767470647
25,3,5,0.2,35,0.2,414,10,0.1,0,0
25,3,5,0.2,35,0.2,414,10,0.1,0,0
25,3,5,0.2,35,0.2,414,10,0.1,0,0.0291615430931456
25,3,5,0.2,35,0.2,414,10,0.1,0,0.104626769871982
25,3,5,0.2,35,0.2,414,10,0.1,0,0.0853763229824694
25,3,5,0.2,35,0.2,414,10,0.1,0,0.0247315730284624
25,3,5,0.2,35,0.2,414,10,0.1,0,-0.0587747845205823
25,3,5,0.2,35,0.2,414,10,0.1,0,-0.0177488078127941
25,3,5,0.2,35,0.2,414,10,0.1,0,0
25,3,5,0.2,35,0.2,414,10,0.1,0,0.0182520895872361
25,3,5,0.2,35,0.2,414,10,0.1,0,0.0682872828173893
25,3,5,0.2,35,0.2,414,10,0.1,0,-0.272299545461406
25,3,5,0.2,35,0.2,414,10,0.1,0,0.836664040112928
25,3,5,0.2,35,0.2,414,10,0.1,0,0
25,3,5,0.2,35,0.2,414,10,0.1,0,-0.530019199994201
25,3,5,0.2,35,0.2,414,10,0.1,0,0.0725041265558447
25,3,5,0.2,35,0.2,414,10,0.1,0,0.159403583724415
25,3,5,0.2,35,0.2,414,10,0.1,0,0.0184868719922838
25,3,5,0.2,35,0.2,414,10,0.1,0,-0.0733990818672199
25,3,5,0.2,35,0.2,414,10,0.1,0,0
25,3,5,0.2,35,0.2,414,10,0.1,0,-1.68553657560874
25,3,5,0.2,35,0.2,414,10,0.1,0,0
25,3,5,0.2,35,0.2,414,10,0.1,0,0.0305363892496699
25,3,5,0.2,35,0.2,414,10,0.1,0,0.345499483059529
25,3,5,0.2,35,0.2,414,10,0.1,0,0.0255663238939009
25,3,5,0.2,35,0.2,414,10,0.1,0,0
25,3,5,0.2,35,0.2,414,10,0.1,0,0.546298672762469
25,3,5,0.2,35,0.2,414,10,0.1,0,-0.0379771528972277
25,3,5,0.2,35,0.2,414,10,0.1,0,0
25,3,5,0.2,35,0.2,414,10,0.1,0,0.284602413617758
25,3,5,0.2,35,0.2,414,10,0.1,0,0.385989200738635
25,3,5,0.2,35,0.2,414,10,0.1,0,0
25,3,5,0.2,35,0.2,414,10,0.1,0,-0.0243835010864866
25,3,5,0.2,35,0.2,414,10,0.1,0,0.45157508597114
25,3,5,0.2,35,0.2,414,10,0.1,0,0.021161803534828
25,3,5,0.2,35,0.2,414,10,0.1,0,0.154921839387548
25,3,5,0.2,35,0.2,414,10,0.1,0,-0.421570288625428
25,3,5,0.2,35,0.2,414,10,0.1,0,0
25,3,5,0.2,35,0.2,414,10,0.1,0,-2.24470380763996
25,3,5,0.2,35,0.2,414,10,0.1,0,2.38456832656557
25,3,5,0.2,35,0.2,414,10,0.1,0,0
25,3,5,0.2,35,0.2,414,10,0.1,0,-0.0262005180718145
25,3,5,0.2,35,0.2,414,10,0.1,0,-1.10497085679745
25,3,5,0.2,35,0.2,414,10,0.1,0,-0.702861904040672
25,3,5,0.2,35,0.2,414,10,0.1,0,-0.210286304098381
25,3,5,0.2,35,0.2,414,10,0.1,0,-0.723781942904126
25,3,5,0.2,35,0.2,414,10,0.1,0,-0.0591344297762958
25,3,5,0.2,35,0.2,414,10,0.1,0,0.00289488645939276
25,3,5,0.2,35,0.2,414,10,0.1,0,0.0361773973577382
25,3,5,0.2,35,0.2,414,10,0.1,0,0
25,3,5,0.2,35,0.2,414,10,0.1,0,0.0653809894218413
25,3,5,0.2,35,0.2,414,10,0.1,0,-0.0127165312560392
25,3,5,0.2,35,0.2,414,10,0.1,0,0
25,3,5,0.2,35,0.2,414,10,0.1,0,-0.10356218687887
25,3,5,0.2,35,0.2,414,10,0.1,0,0.0653921446942893
25,3,5,0.2,35,0.2,414,10,0.1,0,0.0635987215996051
25,3,5,0.2,35,0.2,414,10,0.1,0,-0.293696304913289
25,3,5,0.2,35,0.2,414,10,0.1,0,0
25,3,5,0.2,35,0.2,414,10,0.1,0,-4.17168319047004
25,3,5,0.2,35,0.2,414,10,0.1,0,0.0182597726401783
25,3,5,0.2,35,0.2,414,10,0.1,0,0.0249034593812137
25,3,5,0.2,35,0.2,414,10,0.1,0,0.00214580442556665
25,3,5,0.2,35,0.2,414,10,0.1,0,-0.00401261333096508
25,3,5,0.2,35,0.2,414,10,0.1,0,-0.00458858788722085
25,3,5,0.2,35,0.2,414,10,0.1,0,0
25,3,5,0.2,35,0.2,414,10,0.1,0,0
25,3,5,0.2,35,0.2,414,10,0.1,0,-0.773985453690711
25,3,5,0.2,35,0.2,414,10,0.1,0,0
25,3,5,0.2,35,0.2,414,10,0.1,0,0.191740739675816
25,3,5,0.2,35,0.2,414,10,0.1,0,0.0214247333242053
25,3,5,0.2,35,0.2,414,10,0.1,0,-0.0251181396030962
25,3,5,0.2,35,0.2,414,10,0.1,0,0.0699419991129134
25,3,5,0.2,35,0.2,414,10,0.1,0,0.0817133143683456
25,3,5,0.2,35,0.2,414,10,0.1,0,-0.0503330792119071
25,3,5,0.2,35,0.2,414,10,0.1,0,0.254696756534511
25,3,5,0.2,35,0.2,414,10,0.1,0,0
25,3,5,0.2,35,0.2,414,10,0.1,0,-0.215911113075028
25,3,5,0.2,35,0.2,414,10,0.1,0,1.94863078645076
25,3,5,0.2,35,0.2,414,10,0.1,0,0.0237501590649058
25,3,5,0.2,35,0.2,414,10,0.1,0,0
25,3,5,0.2,35,0.2,414,10,0.1,0,1.65004957209539
25,3,5,0.2,35,0.2,414,10,0.1,0,-0.468175057959361
25,3,5,0.2,35,0.2,414,10,0.1,0,0.310293309994054
25,3,5,0.2,35,0.2,414,10,0.1,0,0.0124644177208343
25,3,5,0.2,35,0.2,414,10,0.1,0,0.773377002724685
25,3,5,0.2,35,0.2,414,10,0.1,0,-0.0736814916698472
25,3,5,0.2,35,0.2,414,10,0.1,0,0.0658512556431168
25,3,5,0.2,35,0.2,414,10,0.1,0,-0.0781816933327324
25,3,5,0.2,35,0.2,414,10,0.1,0,-0.0641260097316484
25,3,5,0.2,35,0.2,414,10,0.1,0,-0.0647465211222792
25,3,5,0.2,35,0.2,414,10,0.1,0,0.0900394303660874
25,3,5,0.2,35,0.2,414,10,0.1,0,-0.779994718219273
25,3,5,0.2,35,0.2,414,10,0.1,0,0.291845771728991
25,3,5,0.2,35,0.2,414,10,0.1,0,0
25,3,5,0.2,35,0.2,414,10,0.1,0,0.153855280120406
25,3,5,0.2,35,0.2,414,10,0.1,0,0
25,3,5,0.2,35,0.2,414,10,0.1,0,-0.178399701850132
25,3,5,0.2,35,0.2,414,10,0.1,0,0.350783480594302
25,3,5,0.2,35,0.2,414,10,0.1,0,-0.0654945381385718
25,3,5,0.2,35,0.2,414,10,0.1,0,0
25,3,5,0.2,35,0.2,414,10,0.1,0,-0.0991976312809563
25,3,5,0.2,35,0.2,414,10,0.1,0,0.210741041959089
25,3,5,0.2,35,0.2,414,10,0.1,0,0.0141813884206621
25,3,5,0.2,35,0.2,414,10,0.1,0,0.00890661706490328
25,3,5,0.2,35,0.2,414,10,0.1,0,-0.0084721831628671
25,3,5,0.2,35,0.2,414,10,0.1,0,0.00461663412721131
25,3,5,0.2,35,0.2,414,10,0.1,0,-0.206351547451959
25,3,5,0.2,35,0.2,414,10,0.1,0,-0.123807538381776
25,3,5,0.2,35,0.2,414,10,0.1,0,0
25,3,5,0.2,35,0.2,414,10,0.1,0,0.34966276283257
25,3,5,0.2,35,0.2,414,10,0.1,0,-1.39397804353334
25,3,5,0.2,35,0.2,414,10,0.1,0,0.277099025064869
25,3,5,0.2,35,0.2,414,10,0.1,0,-0.125790028208816
25,3,5,0.2,35,0.2,414,10,0.1,0,0.0813529671601816
25,3,5,0.2,35,0.2,414,10,0.1,0,0
25,3,5,0.2,35,0.2,414,10,0.1,0,-0.0287897804769719
25,3,5,0.2,35,0.2,414,10,0.1,0,0.0502699373010796
25,3,5,0.2,35,0.2,414,10,0.1,0,0
25,3,5,0.2,35,0.2,414,10,0.1,0,0
25,3,5,0.2,35,0.2,414,10,0.1,0,-0.0696289844100301
25,3,5,0.2,35,0.2,414,10,0.1,0,0.215649221815471
25,3,5,0.2,35,0.2,414,10,0.1,0,0.0641776174301052
25,3,5,0.2,35,0.2,414,10,0.1,0,0.211531390223975
25,3,5,0.2,35,0.2,414,10,0.1,0,-0.512548836266462
25,3,5,0.2,35,0.2,414,10,0.1,0,0.0492758269921044
25,3,5,0.2,35,0.2,414,10,0.1,0,0.0102542386546468
25,3,5,0.2,35,0.2,414,10,0.1,0,0
25,3,5,0.2,35,0.2,414,10,0.1,0,0.0188283848665629
25,3,5,0.2,35,0.2,414,10,0.1,0,0.0701113792240156
25,3,5,0.2,35,0.2,414,10,0.1,0,-0.0321510709775668
25,3,5,0.2,35,0.2,414,10,0.1,0,0.0201163709800727
25,3,5,0.2,35,0.2,414,10,0.1,0,0.018549848894185
25,3,5,0.2,35,0.2,414,10,0.1,0,0.0438500473984727
25,3,5,0.2,35,0.2,414,10,0.1,0,0.0843270677713588
25,3,5,0.2,35,0.2,414,10,0.1,0,-0.0734061730048315
25,3,5,0.2,35,0.2,414,10,0.1,0,0
25,3,5,0.2,35,0.2,414,10,0.1,0,0.0790015546160371
25,3,5,0.2,35,0.2,414,10,0.1,0,0.026234048442203
25,3,5,0.2,35,0.2,414,10,0.1,0,1.09239366979279
25,3,5,0.2,35,0.2,414,10,0.1,0,-0.00940933470575307
25,3,5,0.2,35,0.2,414,10,0.1,0,0.0342084968359266
25,3,5,0.2,35,0.2,414,10,0.1,0,-0.1914572448294
25,3,5,0.2,35,0.2,414,10,0.1,0,1.45766825269364
25,3,5,0.2,35,0.2,414,10,0.1,0,0
25,3,5,0.2,35,0.2,414,10,0.1,0,-0.311412967270459
25,3,5,0.2,35,0.2,414,10,0.1,0,-0.00793583293412843
25,3,5,0.2,35,0.2,414,10,0.1,0,0.486102247411554
25,3,5,0.2,35,0.2,414,10,0.1,0,0.345575203481449
25,3,5,0.2,35,0.2,414,10,0.1,0,0
25,3,5,0.2,35,0.2,414,10,0.1,0,0.185756059116929
25,3,5,0.2,35,0.2,414,10,0.1,0,-0.38372836637823
25,3,5,0.2,35,0.2,414,10,0.1,0,0.00920028560000755
25,3,5,0.2,35,0.2,414,10,0.1,0,0
25,3,5,0.2,35,0.2,414,10,0.1,0,-0.0942227430972487
25,3,5,0.2,35,0.2,414,10,0.1,0,0.587791142099839
25,3,5,0.2,35,0.2,414,10,0.1,0,0.0576850815921289
25,3,5,0.2,35,0.2,414,10,0.1,0,0
25,3,5,0.2,35,0.2,414,10,0.1,0,0
25,3,5,0.2,35,0.2,414,10,0.1,0,-0.0796734127713784
25,3,5,0.2,35,0.2,414,10,0.1,0,0.00342601042501446
25,3,5,0.2,35,0.2,414,10,0.1,0,0.0284407030675212
25,3,5,0.2,35,0.2,414,10,0.1,0,-0.0868421414385772
25,3,5,0.2,35,0.2,414,10,0.1,0,0.0603203505647503
25,3,5,0.2,35,0.2,414,10,0.1,0,0.111776888344739
25,3,5,0.2,35,0.2,414,10,0.1,0,0.0155730344270068
25,3,5,0.2,35,0.2,414,10,0.1,0,0
25,3,5,0.2,35,0.2,414,10,0.1,0,-0.0134876007810653
25,3,5,0.2,35,0.2,414,10,0.1,0,0
25,3,5,0.2,35,0.2,414,10,0.1,0,0
25,3,5,0.2,35,0.2,414,10,0.1,0,-0.0524517914901162
25,3,5,0.2,35,0.2,414,10,0.1,0,-0.0128188535533079
25,3,5,0.2,35,0.2,414,10,0.1,0,0.311548369329566
25,3,5,0.2,35,0.2,414,10,0.1,0,0
25,3,5,0.2,35,0.2,414,10,0.1,0,-0.0828045268490993
25,3,5,0.2,35,0.2,414,10,0.1,0,0.0186975212505396
25,3,5,0.2,35,0.2,414,10,0.1,0,-0.185865723774366
25,3,5,0.2,35,0.2,414,10,0.1,0,0
25,3,5,0.2,35,0.2,414,10,0.1,0,-0.0158651823837925
25,3,5,0.2,35,0.2,414,10,0.1,0,-1.77450506117429
25,3,5,0.2,35,0.2,414,10,0.1,0,1.52424557850447
25,3,5,0.2,35,0.2,414,10,0.1,0,0
25,3,5,0.2,35,0.2,414,10,0.1,0,0.0281683809890234
25,3,5,0.2,35,0.2,414,10,0.1,0,0.109178983319332
25,3,5,0.2,35,0.2,414,10,0.1,0,0.0386777424334383
25,3,5,0.2,35,0.2,414,10,0.1,0,0
25,3,5,0.2,35,0.2,414,10,0.1,0,0.0267183023475441
25,3,5,0.2,35,0.2,414,10,0.1,0,-0.0508112452887315
25,3,5,0.2,35,0.2,414,10,0.1,0,0
25,3,5,0.2,35,0.2,414,10,0.1,0,0.0741885573546301
25,3,5,0.2,35,0.2,414,10,0.1,0,0.190899474169839
25,3,5,0.2,35,0.2,414,10,0.1,0,-0.0383151643010461
25,3,5,0.2,35,0.2,414,10,0.1,0,-0.00195816890548847
25,3,5,0.2,35,0.2,414,10,0.1,0,-0.134256172100192
25,3,5,0.2,35,0.2,414,10,0.1,0,-0.0070135397026213
25,3,5,0.2,35,0.2,414,10,0.1,0,-0.0837237728063124
25,3,5,0.2,35,0.2,414,10,0.1,0,0
25,3,5,0.2,35,0.2,414,10,0.1,0,0.00587811736361583
25,3,5,0.2,35,0.2,414,10,0.1,0,0.00443204828032819
25,3,6,0.2,31,0.2,414,10,0.1,1,0.213554182152471
25,3,6,0.2,31,0.2,414,10,0.1,1,3.6012483401803e-31
25,3,6,0.2,31,0.2,414,10,0.1,1,0
25,3,6,0.2,31,0.2,414,10,0.1,1,0.234265140019755
25,3,6,0.2,31,0.2,414,10,0.1,1,0
25,3,6,0.2,31,0.2,414,10,0.1,1,0.0224976079438299
25,3,6,0.2,31,0.2,414,10,0.1,1,-0.738874632686138
25,3,6,0.2,31,0.2,414,10,0.1,1,0.826552000300454
25,3,6,0.2,31,0.2,414,10,0.1,1,-0.052543577698218
25,3,6,0.2,31,0.2,414,10,0.1,1,-0.0312921511830504
25,3,6,0.2,31,0.2,414,10,0.1,1,0.00289444905650696
25,3,6,0.2,31,0.2,414,10,0.1,1,0
25,3,6,0.2,31,0.2,414,10,0.1,1,0.347019933909096
25,3,6,0.2,31,0.2,414,10,0.1,1,-2.78325156818322e-20
25,3,6,0.2,31,0.2,414,10,0.1,1,-4.27700996692055
25,3,6,0.2,31,0.2,414,10,0.1,1,0.973734741906763
25,3,6,0.2,31,0.2,414,10,0.1,1,0.0250189628065275
25,3,6,0.2,31,0.2,414,10,0.1,1,0.401255300186594
25,3,6,0.2,31,0.2,414,10,0.1,1,0
25,3,6,0.2,31,0.2,414,10,0.1,1,0.0134425608327686
25,3,6,0.2,31,0.2,414,10,0.1,1,3.48676414311342
25,3,6,0.2,31,0.2,414,10,0.1,1,-0.139025023330238
25,3,6,0.2,31,0.2,414,10,0.1,1,1.4991316178315
25,3,6,0.2,31,0.2,414,10,0.1,1,0.163198984522332
25,3,6,0.2,31,0.2,414,10,0.1,1,-0.00349318791764485
25,3,6,0.2,31,0.2,414,10,0.1,1,0.112845889486418
25,3,6,0.2,31,0.2,414,10,0.1,1,1.70319055868163
25,3,6,0.2,31,0.2,414,10,0.1,1,2.43877346381269
25,3,6,0.2,31,0.2,414,10,0.1,1,1.35922321203887
25,3,6,0.2,31,0.2,414,10,0.1,1,0.0208128997950589
25,3,6,0.2,31,0.2,414,10,0.1,1,0
25,3,6,0.2,31,0.2,414,10,0.1,0,1.7398538029639e-32
25,3,6,0.2,31,0.2,414,10,0.1,0,-6.98173705446795e-21
25,3,6,0.2,31,0.2,414,10,0.1,0,0.0779931746146186
25,3,6,0.2,31,0.2,414,10,0.1,0,0.456796275563531
25,3,6,0.2,31,0.2,414,10,0.1,0,0.0764508752079753
25,3,6,0.2,31,0.2,414,10,0.1,0,-0.087074136931489
25,3,6,0.2,31,0.2,414,10,0.1,0,0.229974920859582
25,3,6,0.2,31,0.2,414,10,0.1,0,-2.11753741100465e-20
25,3,6,0.2,31,0.2,414,10,0.1,0,-0.0755155588227723
25,3,6,0.2,31,0.2,414,10,0.1,0,-1.14595277706044
25,3,6,0.2,31,0.2,414,10,0.1,0,-0.327620517471698
25,3,6,0.2,31,0.2,414,10,0.1,0,0.0583845019066428
25,3,6,0.2,31,0.2,414,10,0.1,0,-0.02355974632132
25,3,6,0.2,31,0.2,414,10,0.1,0,0.0478006903452611
25,3,6,0.2,31,0.2,414,10,0.1,0,0
25,3,6,0.2,31,0.2,414,10,0.1,0,0.0110645133881445
25,3,6,0.2,31,0.2,414,10,0.1,0,-0.00210877062412411
25,3,6,0.2,31,0.2,414,10,0.1,0,0.161616929470539
25,3,6,0.2,31,0.2,414,10,0.1,0,0
25,3,6,0.2,31,0.2,414,10,0.1,0,0.0777400932413583
25,3,6,0.2,31,0.2,414,10,0.1,0,0.205650159600975
25,3,6,0.2,31,0.2,414,10,0.1,0,0.247197430292703
25,3,6,0.2,31,0.2,414,10,0.1,0,-0.0503206700945594
25,3,6,0.2,31,0.2,414,10,0.1,0,-0.0324479496356221
25,3,6,0.2,31,0.2,414,10,0.1,0,-0.0278534330902764
25,3,6,0.2,31,0.2,414,10,0.1,0,-0.0507512477396077
25,3,6,0.2,31,0.2,414,10,0.1,0,0
25,3,6,0.2,31,0.2,414,10,0.1,0,-0.0712909185095583
25,3,6,0.2,31,0.2,414,10,0.1,0,-0.00792476790781817
25,3,6,0.2,31,0.2,414,10,0.1,0,-0.221276647693664
25,3,6,0.2,31,0.2,414,10,0.1,0,-0.0496718589594654
25,3,6,0.2,31,0.2,414,10,0.1,0,0.018929770319288
25,3,6,0.2,31,0.2,414,10,0.1,0,0.0159170556191781
25,3,6,0.2,31,0.2,414,10,0.1,0,0.325778675030824
25,3,6,0.2,31,0.2,414,10,0.1,0,-0.20701891743607
25,3,6,0.2,31,0.2,414,10,0.1,0,-0.0106628511324521
25,3,6,0.2,31,0.2,414,10,0.1,0,0
25,3,6,0.2,31,0.2,414,10,0.1,0,0.104839503204452
25,3,6,0.2,31,0.2,414,10,0.1,0,-0.013207157742993
25,3,6,0.2,31,0.2,414,10,0.1,0,1.00887281784615
25,3,6,0.2,31,0.2,414,10,0.1,0,0
25,3,6,0.2,31,0.2,414,10,0.1,0,-0.0907619744870834
25,3,6,0.2,31,0.2,414,10,0.1,0,0.16702484780135
25,3,6,0.2,31,0.2,414,10,0.1,0,0.387721820712842
25,3,6,0.2,31,0.2,414,10,0.1,0,0.0229765129095364
25,3,6,0.2,31,0.2,414,10,0.1,0,0.0946842820954522
25,3,6,0.2,31,0.2,414,10,0.1,0,2.51933388600437e-32
25,3,6,0.2,31,0.2,414,10,0.1,0,0.46552676418089
25,3,6,0.2,31,0.2,414,10,0.1,0,0
25,3,6,0.2,31,0.2,414,10,0.1,0,0.178073784967071
25,3,6,0.2,31,0.2,414,10,0.1,0,-0.0227512186517108
25,3,6,0.2,31,0.2,414,10,0.1,0,-0.595816746542389
25,3,6,0.2,31,0.2,414,10,0.1,0,0.499747218971098
25,3,6,0.2,31,0.2,414,10,0.1,0,0.0103644901930078
25,3,6,0.2,31,0.2,414,10,0.1,0,-0.00359959804654791
25,3,6,0.2,31,0.2,414,10,0.1,0,9.56316130219861e-20
25,3,6,0.2,31,0.2,414,10,0.1,0,0.908944515488296
25,3,6,0.2,31,0.2,414,10,0.1,0,-0.0681407776102234
25,3,6,0.2,31,0.2,414,10,0.1,0,-0.0739928203468282
25,3,6,0.2,31,0.2,414,10,0.1,0,-0.11127788516103
25,3,6,0.2,31,0.2,414,10,0.1,0,-0.104762334286073
25,3,6,0.2,31,0.2,414,10,0.1,0,0.230034641422189
25,3,6,0.2,31,0.2,414,10,0.1,0,-0.0340396642496568
25,3,6,0.2,31,0.2,414,10,0.1,0,-0.0218312684849713
25,3,6,0.2,31,0.2,414,10,0.1,0,0.0228682847395848
25,3,6,0.2,31,0.2,414,10,0.1,0,-0.155691445182853
25,3,6,0.2,31,0.2,414,10,0.1,0,0.0430752317949357
25,3,6,0.2,31,0.2,414,10,0.1,0,0
25,3,6,0.2,31,0.2,414,10,0.1,0,0
25,3,6,0.2,31,0.2,414,10,0.1,0,0.0032159582300639
25,3,6,0.2,31,0.2,414,10,0.1,0,0.202857023392753
25,3,6,0.2,31,0.2,414,10,0.1,0,-0.0296805870592611
25,3,6,0.2,31,0.2,414,10,0.1,0,-0.0123211229393317
25,3,6,0.2,31,0.2,414,10,0.1,0,0.00403559175027272
25,3,6,0.2,31,0.2,414,10,0.1,0,-0.136086212742339
25,3,6,0.2,31,0.2,414,10,0.1,0,0.240788000245503
25,3,6,0.2,31,0.2,414,10,0.1,0,0.121483428084137
25,3,6,0.2,31,0.2,414,10,0.1,0,-0.0792484727311371
25,3,6,0.2,31,0.2,414,10,0.1,0,0.00325167118171121
25,3,6,0.2,31,0.2,414,10,0.1,0,0.0976771200609405
25,3,6,0.2,31,0.2,414,10,0.1,0,0.100798210062719
25,3,6,0.2,31,0.2,414,10,0.1,0,-0.0124150555741827
25,3,6,0.2,31,0.2,414,10,0.1,0,0
25,3,6,0.2,31,0.2,414,10,0.1,0,0.253571638066555
25,3,6,0.2,31,0.2,414,10,0.1,0,0.204914638944486
25,3,6,0.2,31,0.2,414,10,0.1,0,0.296647449227493
25,3,6,0.2,31,0.2,414,10,0.1,0,-0.0311000690858701
25,3,6,0.2,31,0.2,414,10,0.1,0,0.47539232002004
25,3,6,0.2,31,0.2,414,10,0.1,0,0
25,3,6,0.2,31,0.2,414,10,0.1,0,0.0144475364494114
25,3,6,0.2,31,0.2,414,10,0.1,0,-0.0063400110767055
25,3,6,0.2,31,0.2,414,10,0.1,0,-0.0552403523629512
25,3,6,0.2,31,0.2,414,10,0.1,0,0.162296204817348
25,3,6,0.2,31,0.2,414,10,0.1,0,0.0329423397603778
25,3,6,0.2,31,0.2,414,10,0.1,0,0.0750094479995492
25,3,6,0.2,31,0.2,414,10,0.1,0,-0.0705475187432073
25,3,6,0.2,31,0.2,414,10,0.1,0,-0.119422215170335
25,3,6,0.2,31,0.2,414,10,0.1,0,-0.0109927388841411
25,3,6,0.2,31,0.2,414,10,0.1,0,0
25,3,6,0.2,31,0.2,414,10,0.1,0,0.20549624474973
25,3,6,0.2,31,0.2,414,10,0.1,0,-0.084993374946889
25,3,6,0.2,31,0.2,414,10,0.1,0,0.0515059577302393
25,3,6,0.2,31,0.2,414,10,0.1,0,-0.106231022810391
25,3,6,0.2,31,0.2,414,10,0.1,0,0
25,3,6,0.2,31,0.2,414,10,0.1,0,0.196810901232962
25,3,6,0.2,31,0.2,414,10,0.1,0,0.371422233780919
25,3,6,0.2,31,0.2,414,10,0.1,0,-0.102006734601271
25,3,6,0.2,31,0.2,414,10,0.1,0,-0.0624984537411589
25,3,6,0.2,31,0.2,414,10,0.1,0,0.0944486254953728
25,3,6,0.2,31,0.2,414,10,0.1,0,-1.16220101557723
25,3,6,0.2,31,0.2,414,10,0.1,0,-0.116215317813831
25,3,6,0.2,31,0.2,414,10,0.1,0,0.00181312950167005
25,3,6,0.2,31,0.2,414,10,0.1,0,0.0277931001022235
25,3,6,0.2,31,0.2,414,10,0.1,0,0.0791686532613304
25,3,6,0.2,31,0.2,414,10,0.1,0,8.67211648464999e-33
25,3,6,0.2,31,0.2,414,10,0.1,0,-1.36387993654203
25,3,6,0.2,31,0.2,414,10,0.1,0,-0.0263932097787976
25,3,6,0.2,31,0.2,414,10,0.1,0,-0.0210212660365963
25,3,6,0.2,31,0.2,414,10,0.1,0,-0.00802025444728825
25,3,6,0.2,31,0.2,414,10,0.1,0,-0.0589719342449527
25,3,6,0.2,31,0.2,414,10,0.1,0,0.00272543776295946
25,3,6,0.2,31,0.2,414,10,0.1,0,-0.144836231479876
25,3,6,0.2,31,0.2,414,10,0.1,0,0.0300516612814218
25,3,6,0.2,31,0.2,414,10,0.1,0,-0.336391568508429
25,3,6,0.2,31,0.2,414,10,0.1,0,-1.40878088437275e-20
25,3,6,0.2,31,0.2,414,10,0.1,0,0.00352417799326043
25,3,6,0.2,31,0.2,414,10,0.1,0,0.0146953649194874
25,3,6,0.2,31,0.2,414,10,0.1,0,-0.000973337304354965
25,3,6,0.2,31,0.2,414,10,0.1,0,-9.33496457908076e-21
25,3,6,0.2,31,0.2,414,10,0.1,0,5.22867739838087e-22
25,3,6,0.2,31,0.2,414,10,0.1,0,-0.20772647418171
25,3,6,0.2,31,0.2,414,10,0.1,0,0
25,3,6,0.2,31,0.2,414,10,0.1,0,-0.5242829754908
25,3,6,0.2,31,0.2,414,10,0.1,0,-1.28813460597227
25,3,6,0.2,31,0.2,414,10,0.1,0,0
25,3,6,0.2,31,0.2,414,10,0.1,0,-0.0598029710399029
25,3,6,0.2,31,0.2,414,10,0.1,0,0.0538660068358583
25,3,6,0.2,31,0.2,414,10,0.1,0,-0.00285415101936131
25,3,6,0.2,31,0.2,414,10,0.1,0,0.298569098791456
25,3,6,0.2,31,0.2,414,10,0.1,0,0
25,3,6,0.2,31,0.2,414,10,0.1,0,0.501267434634249
25,3,6,0.2,31,0.2,414,10,0.1,0,0.105125442317179
25,3,6,0.2,31,0.2,414,10,0.1,0,0
25,3,6,0.2,31,0.2,414,10,0.1,0,2.72805600324172
25,3,6,0.2,31,0.2,414,10,0.1,0,0.0702954149519966
25,3,6,0.2,31,0.2,414,10,0.1,0,0.0792258461578669
25,3,6,0.2,31,0.2,414,10,0.1,0,0
25,3,6,0.2,31,0.2,414,10,0.1,0,0.00768176898102065
25,3,6,0.2,31,0.2,414,10,0.1,0,0
25,3,6,0.2,31,0.2,414,10,0.1,0,-0.444792801292533
25,3,6,0.2,31,0.2,414,10,0.1,0,0.36221079409988
25,3,6,0.2,31,0.2,414,10,0.1,0,0.0468554766958084
25,3,6,0.2,31,0.2,414,10,0.1,0,0
25,3,6,0.2,31,0.2,414,10,0.1,0,0
25,3,6,0.2,31,0.2,414,10,0.1,0,0.330312255246156
25,3,6,0.2,31,0.2,414,10,0.1,0,-2.43610600102226
25,3,6,0.2,31,0.2,414,10,0.1,0,-0.0217047318337041
25,3,6,0.2,31,0.2,414,10,0.1,0,0.558528251566062
25,3,6,0.2,31,0.2,414,10,0.1,0,-0.00395994380955642
25,3,6,0.2,31,0.2,414,10,0.1,0,0.0434221871133054
25,3,6,0.2,31,0.2,414,10,0.1,0,0
25,3,6,0.2,31,0.2,414,10,0.1,0,0.315913552388919
25,3,6,0.2,31,0.2,414,10,0.1,0,-2.21117560498066e-20
25,3,6,0.2,31,0.2,414,10,0.1,0,-0.0748658971351157
25,3,6,0.2,31,0.2,414,10,0.1,0,0.047348370674702
25,3,6,0.2,31,0.2,414,10,0.1,0,0.151544309881683
25,3,6,0.2,31,0.2,414,10,0.1,0,0.3489214956343
25,3,6,0.2,31,0.2,414,10,0.1,0,0.00363354792630338
25,3,6,0.2,31,0.2,414,10,0.1,0,0.467828043767234
25,3,6,0.2,31,0.2,414,10,0.1,0,0
25,3,6,0.2,31,0.2,414,10,0.1,0,-0.227560459309814
25,3,6,0.2,31,0.2,414,10,0.1,0,-0.0207186479152102
25,3,6,0.2,31,0.2,414,10,0.1,0,0.341619261481401
25,3,6,0.2,31,0.2,414,10,0.1,0,0.0653436498041381
25,3,6,0.2,31,0.2,414,10,0.1,0,-0.208693509715395
25,3,6,0.2,31,0.2,414,10,0.1,0,0.0083836750072229
25,3,6,0.2,31,0.2,414,10,0.1,0,-0.011459316423199
25,3,6,0.2,31,0.2,414,10,0.1,0,0.181189652858801
25,3,6,0.2,31,0.2,414,10,0.1,0,-0.0198913188148463
25,3,6,0.2,31,0.2,414,10,0.1,0,-0.128811672538609
25,3,6,0.2,31,0.2,414,10,0.1,0,0
25,3,6,0.2,31,0.2,414,10,0.1,0,-0.147166342676318
25,3,6,0.2,31,0.2,414,10,0.1,0,0.412965106459087
25,3,6,0.2,31,0.2,414,10,0.1,0,0.0892037448283569
25,3,6,0.2,31,0.2,414,10,0.1,0,0.157416156658413
25,3,6,0.2,31,0.2,414,10,0.1,0,0.0295484164657621
25,3,6,0.2,31,0.2,414,10,0.1,0,-0.188236610242285
25,3,6,0.2,31,0.2,414,10,0.1,0,0.091809271107137
25,3,6,0.2,31,0.2,414,10,0.1,0,-0.138586967196376
25,3,6,0.2,31,0.2,414,10,0.1,0,0
25,3,6,0.2,31,0.2,414,10,0.1,0,0.0665044744482581
25,3,6,0.2,31,0.2,414,10,0.1,0,-0.00629859426924292
25,3,6,0.2,31,0.2,414,10,0.1,0,-0.0680198304395756
25,3,6,0.2,31,0.2,414,10,0.1,0,-0.0524360359208005
25,3,6,0.2,31,0.2,414,10,0.1,0,0.36227985150737
25,3,6,0.2,31,0.2,414,10,0.1,0,0.0991144767359605
25,3,6,0.2,31,0.2,414,10,0.1,0,-0.10523229322536
25,3,6,0.2,31,0.2,414,10,0.1,0,-0.0179751126228691
25,3,6,0.2,31,0.2,414,10,0.1,0,0.00641760059768034
25,3,6,0.2,31,0.2,414,10,0.1,0,-0.0148632224577252
25,3,6,0.2,31,0.2,414,10,0.1,0,1.63356528302944
25,3,6,0.2,31,0.2,414,10,0.1,0,0.0144422616992008
25,3,6,0.2,31,0.2,414,10,0.1,0,-0.309601559070596
25,3,6,0.2,31,0.2,414,10,0.1,0,-0.0468999163162296
25,3,6,0.2,31,0.2,414,10,0.1,0,-0.0023491719783592
25,3,6,0.2,31,0.2,414,10,0.1,0,-0.0481580766158629
25,3,6,0.2,31,0.2,414,10,0.1,0,-0.0120791663735906
25,3,6,0.2,31,0.2,414,10,0.1,0,-0.197718837165684
25,3,6,0.2,31,0.2,414,10,0.1,0,0.14749052513349
25,3,6,0.2,31,0.2,414,10,0.1,0,2.31907526997978e-20
25,3,6,0.2,31,0.2,414,10,0.1,0,-0.0772392535635534
25,3,6,0.2,31,0.2,414,10,0.1,0,0.0203677785846354
25,3,6,0.2,31,0.2,414,10,0.1,0,-0.0924997920296744
25,3,6,0.2,31,0.2,414,10,0.1,0,0.0195689749108986
25,3,6,0.2,31,0.2,414,10,0.1,0,0.0530671849454523
25,3,6,0.2,31,0.2,414,10,0.1,0,-0.0594250900179591
25,3,6,0.2,31,0.2,414,10,0.1,0,-0.0324920945070921
25,3,6,0.2,31,0.2,414,10,0.1,0,-1.87807779081191
25,3,6,0.2,31,0.2,414,10,0.1,0,0.0714345769443144
25,3,6,0.2,31,0.2,414,10,0.1,0,-0.211738656383111
25,3,6,0.2,31,0.2,414,10,0.1,0,-0.00349386505080749
25,3,6,0.2,31,0.2,414,10,0.1,0,0.014097401087158
25,3,6,0.2,31,0.2,414,10,0.1,0,-0.241257941684709
25,3,6,0.2,31,0.2,414,10,0.1,0,-0.0749448477411706
25,3,6,0.2,31,0.2,414,10,0.1,0,0
25,3,6,0.2,31,0.2,414,10,0.1,0,-0.552887566417245
25,3,6,0.2,31,0.2,414,10,0.1,0,-0.00612919323827897
25,3,6,0.2,31,0.2,414,10,0.1,0,0.254389556027885
25,3,6,0.2,31,0.2,414,10,0.1,0,-2.80155043622122
25,3,6,0.2,31,0.2,414,10,0.1,0,-0.0407767206476234
25,3,6,0.2,31,0.2,414,10,0.1,0,-1.08672301882777e-20
25,3,6,0.2,31,0.2,414,10,0.1,0,0.755216022879458
25,3,6,0.2,31,0.2,414,10,0.1,0,0.673177925065893
25,3,6,0.2,31,0.2,414,10,0.1,0,-0.0736668038548768
25,3,6,0.2,31,0.2,414,10,0.1,0,-0.029015413020296
25,3,6,0.2,31,0.2,414,10,0.1,0,0.349851709950694
25,3,6,0.2,31,0.2,414,10,0.1,0,0
25,3,6,0.2,31,0.2,414,10,0.1,0,0.101959736605032
25,3,6,0.2,31,0.2,414,10,0.1,0,0.886203259967313
25,3,6,0.2,31,0.2,414,10,0.1,0,-0.0108367449479517
25,3,6,0.2,31,0.2,414,10,0.1,0,-9.74241447564045e-20
25,3,6,0.2,31,0.2,414,10,0.1,0,0.00240072896315452
25,3,6,0.2,31,0.2,414,10,0.1,0,0.0607629137608298
25,3,6,0.2,31,0.2,414,10,0.1,0,0.0399530735920652
25,3,6,0.2,31,0.2,414,10,0.1,0,0
25,3,6,0.2,31,0.2,414,10,0.1,0,-0.0351593682365741
25,3,6,0.2,31,0.2,414,10,0.1,0,0.0375976819017847
25,3,6,0.2,31,0.2,414,10,0.1,0,-0.0944394564520691
25,3,6,0.2,31,0.2,414,10,0.1,0,-0.0171302706354495
25,3,6,0.2,31,0.2,414,10,0.1,0,-0.0239026302009101
25,3,6,0.2,31,0.2,414,10,0.1,0,-0.0186004242750352
25,3,6,0.2,31,0.2,414,10,0.1,0,0
25,3,6,0.2,31,0.2,414,10,0.1,0,-0.0188963457442768
25,3,6,0.2,31,0.2,414,10,0.1,0,-0.00440140986461147
25,3,6,0.2,31,0.2,414,10,0.1,0,-0.0347087733936945
25,3,6,0.2,31,0.2,414,10,0.1,0,-0.0814512161469802
25,3,6,0.2,31,0.2,414,10,0.1,0,-0.0226192219566644
25,3,6,0.2,31,0.2,414,10,0.1,0,0.00161433863285438
25,3,6,0.2,31,0.2,414,10,0.1,0,0.0245599582554729
25,3,6,0.2,31,0.2,414,10,0.1,0,0.0831366960920489
25,3,6,0.2,31,0.2,414,10,0.1,0,0.073536614568575
25,3,6,0.2,31,0.2,414,10,0.1,0,0.211455084735931
25,3,6,0.2,31,0.2,414,10,0.1,0,-0.0656341635612941
25,3,6,0.2,31,0.2,414,10,0.1,0,-0.0775391403284853
25,3,6,0.2,31,0.2,414,10,0.1,0,0.207574679839406
25,3,6,0.2,31,0.2,414,10,0.1,0,-1.00317270350828
25,3,6,0.2,31,0.2,414,10,0.1,0,0.0467287559347944
25,3,6,0.2,31,0.2,414,10,0.1,0,-0.116790883140476
25,3,6,0.2,31,0.2,414,10,0.1,0,0.31193816388368
25,3,6,0.2,31,0.2,414,10,0.1,0,-0.0818540133185327
25,3,6,0.2,31,0.2,414,10,0.1,0,-0.0382933575316411
25,3,6,0.2,31,0.2,414,10,0.1,0,0.0216845032772932
25,3,6,0.2,31,0.2,414,10,0.1,0,0
25,3,6,0.2,31,0.2,414,10,0.1,0,0.262480023606456
25,3,6,0.2,31,0.2,414,10,0.1,0,0.0566659938688983
25,3,6,0.2,31,0.2,414,10,0.1,0,0.0333452250203259
25,3,6,0.2,31,0.2,414,10,0.1,0,-0.0187602856184288
25,3,6,0.2,31,0.2,414,10,0.1,0,0.0519649828620265
25,3,6,0.2,31,0.2,414,10,0.1,0,0.433959552888465
25,3,6,0.2,31,0.2,414,10,0.1,0,-0.163744181798062
25,3,6,0.2,31,0.2,414,10,0.1,0,0
25,3,6,0.2,31,0.2,414,10,0.1,0,0.0251854308266515
25,3,6,0.2,31,0.2,414,10,0.1,0,-1.64464948845676e-21
25,3,6,0.2,31,0.2,414,10,0.1,0,-1.24633895626591e-21
25,3,6,0.2,31,0.2,414,10,0.1,0,0.0315487921581519
25,3,6,0.2,31,0.2,414,10,0.1,0,0.0505531817709541
25,3,6,0.2,31,0.2,414,10,0.1,0,0
25,3,6,0.2,31,0.2,414,10,0.1,0,0
25,3,6,0.2,31,0.2,414,10,0.1,0,-0.0157274270542326
25,3,6,0.2,31,0.2,414,10,0.1,0,-0.276416917466198
25,3,6,0.2,31,0.2,414,10,0.1,0,-0.164412734255029
25,3,6,0.2,31,0.2,414,10,0.1,0,0.116934851489761
25,3,6,0.2,31,0.2,414,10,0.1,0,0.395145205482931
25,3,6,0.2,31,0.2,414,10,0.1,0,-0.234318333183761
25,3,6,0.2,31,0.2,414,10,0.1,0,-0.00817361771149083
25,3,6,0.2,31,0.2,414,10,0.1,0,1.47924736196157e-32
25,3,6,0.2,31,0.2,414,10,0.1,0,-0.0954602963203537
25,3,6,0.2,31,0.2,414,10,0.1,0,0.0925737221493346
25,3,6,0.2,31,0.2,414,10,0.1,0,0.0208276561228486
25,3,6,0.2,31,0.2,414,10,0.1,0,-0.0405086281488599
25,3,6,0.2,31,0.2,414,10,0.1,0,0.205468730190781
25,3,6,0.2,31,0.2,414,10,0.1,0,3.03812380064717e-21
25,3,6,0.2,31,0.2,414,10,0.1,0,0.291513854172876
25,3,6,0.2,31,0.2,414,10,0.1,0,0.513981762338476
25,3,6,0.2,31,0.2,414,10,0.1,0,-0.00325906226708291
25,3,6,0.2,31,0.2,414,10,0.1,0,0.107941762808401
25,3,6,0.2,31,0.2,414,10,0.1,0,-0.0283558295434092
25,3,6,0.2,31,0.2,414,10,0.1,0,-0.159517292955174
25,3,6,0.2,31,0.2,414,10,0.1,0,-0.598949109854653
25,3,6,0.2,31,0.2,414,10,0.1,0,-0.0307786998738451
25,3,6,0.2,31,0.2,414,10,0.1,0,0.0676507159122327
25,3,6,0.2,31,0.2,414,10,0.1,0,0.0260725111049501
25,3,6,0.2,31,0.2,414,10,0.1,0,0.00233643817996067
25,3,6,0.2,31,0.2,414,10,0.1,0,-0.99830813739517
25,3,6,0.2,31,0.2,414,10,0.1,0,0.100577377333426
25,3,6,0.2,31,0.2,414,10,0.1,0,2.12525164233402e-20
25,3,6,0.2,31,0.2,414,10,0.1,0,0.107202990939275
25,3,6,0.2,31,0.2,414,10,0.1,0,3.25333688961862
25,3,6,0.2,31,0.2,414,10,0.1,0,0.057196977063036
25,3,6,0.2,31,0.2,414,10,0.1,0,0.138606758035157
25,3,6,0.2,31,0.2,414,10,0.1,0,-0.0110961491753352
25,3,6,0.2,31,0.2,414,10,0.1,0,-0.638702678276841
25,3,6,0.2,31,0.2,414,10,0.1,0,-0.0568792903704065
25,3,6,0.2,31,0.2,414,10,0.1,0,0.328817104837034
25,3,6,0.2,31,0.2,414,10,0.1,0,0
25,3,6,0.2,31,0.2,414,10,0.1,0,-0.0172665733751598
25,3,6,0.2,31,0.2,414,10,0.1,0,0
25,3,6,0.2,31,0.2,414,10,0.1,0,-2.2778706132493e-20
25,3,6,0.2,31,0.2,414,10,0.1,0,-0.00966724458724079
25,3,6,0.2,31,0.2,414,10,0.1,0,0.520161226466117
25,3,6,0.2,31,0.2,414,10,0.1,0,0.105565287251817
25,3,6,0.2,31,0.2,414,10,0.1,0,-0.122579704147391
25,3,6,0.2,31,0.2,414,10,0.1,0,0.185905560340506
25,3,6,0.2,31,0.2,414,10,0.1,0,0.020415177953984
25,3,6,0.2,31,0.2,414,10,0.1,0,-0.036238950280688
25,3,6,0.2,31,0.2,414,10,0.1,0,-0.00793520622087478
25,3,6,0.2,31,0.2,414,10,0.1,0,0
25,3,6,0.2,31,0.2,414,10,0.1,0,0.0317904313487095
25,3,6,0.2,31,0.2,414,10,0.1,0,-0.269832636130948
25,3,6,0.2,31,0.2,414,10,0.1,0,0
25,3,6,0.2,31,0.2,414,10,0.1,0,-0.078257490897049
25,3,6,0.2,31,0.2,414,10,0.1,0,-0.0749082825531562
25,3,6,0.2,31,0.2,414,10,0.1,0,0
25,3,6,0.2,31,0.2,414,10,0.1,0,-0.011213497449826
25,3,6,0.2,31,0.2,414,10,0.1,0,0.0289542301239463
25,3,6,0.2,31,0.2,414,10,0.1,0,0.00120382694034056
25,3,6,0.2,31,0.2,414,10,0.1,0,0.0545912390714329
25,3,6,0.2,31,0.2,414,10,0.1,0,0.0539921155607479
25,3,6,0.2,31,0.2,414,10,0.1,0,0.00188833873217475
25,3,6,0.2,31,0.2,414,10,0.1,0,9.556802910761e-05
25,3,6,0.2,31,0.2,414,10,0.1,0,-0.00780526992437101
25,3,6,0.2,31,0.2,414,10,0.1,0,-0.0453457867814545
25,3,6,0.2,31,0.2,414,10,0.1,0,0.00188826517855045
25,3,6,0.2,31,0.2,414,10,0.1,0,0.0359576212116225
25,3,6,0.2,31,0.2,414,10,0.1,0,0.218450997047347
25,3,6,0.2,31,0.2,414,10,0.1,0,-0.0110140220757597
25,3,6,0.2,31,0.2,414,10,0.1,0,0.0183521841209763
25,3,6,0.2,31,0.2,414,10,0.1,0,0
25,3,6,0.2,31,0.2,414,10,0.1,0,0.412940536661946
25,3,6,0.2,31,0.2,414,10,0.1,0,0
25,3,6,0.2,31,0.2,414,10,0.1,0,0.367014287062756
25,3,6,0.2,31,0.2,414,10,0.1,0,-0.01595177698251
25,3,6,0.2,31,0.2,414,10,0.1,0,0.60318394158253
25,3,6,0.2,31,0.2,414,10,0.1,0,0.149058018251143
25,3,6,0.2,31,0.2,414,10,0.1,0,0.319040118989205
25,3,6,0.2,31,0.2,414,10,0.1,0,-0.0272407370722339
25,3,6,0.2,31,0.2,414,10,0.1,0,-0.0103253761349266
25,3,6,0.2,31,0.2,414,10,0.1,0,0.00917520379649046
25,3,6,0.2,31,0.2,414,10,0.1,0,0.180168643477529
25,3,6,0.2,31,0.2,414,10,0.1,0,-0.209121597863896
25,3,6,0.2,31,0.2,414,10,0.1,0,0.182450711540834
25,3,6,0.2,31,0.2,414,10,0.1,0,-0.013288154871885
25,3,6,0.2,31,0.2,414,10,0.1,0,-0.0483221053201231
25,3,6,0.2,31,0.2,414,10,0.1,0,-0.0237236207816816
25,3,6,0.2,31,0.2,414,10,0.1,0,0
25,3,6,0.2,31,0.2,414,10,0.1,0,0.739670199459726
25,3,6,0.2,31,0.2,414,10,0.1,0,-0.0607631494783904
25,3,6,0.2,31,0.2,414,10,0.1,0,-0.12386353723803
25,3,6,0.2,31,0.2,414,10,0.1,0,-0.0457681746091856
25,3,6,0.2,31,0.2,414,10,0.1,0,-0.00226737224968925
25,3,6,0.2,31,0.2,414,10,0.1,0,0
25,3,6,0.2,31,0.2,414,10,0.1,0,-0.0189766259194833
25,3,6,0.2,31,0.2,414,10,0.1,0,0.0068970461061423
25,3,6,0.2,31,0.2,414,10,0.1,0,-0.00225431824955169
25,3,6,0.2,31,0.2,414,10,0.1,0,0
25,3,6,0.2,31,0.2,414,10,0.1,0,0.135302605313008
25,3,6,0.2,31,0.2,414,10,0.1,0,0.0505980201290669
25,3,6,0.2,31,0.2,414,10,0.1,0,0
25,3,6,0.2,31,0.2,414,10,0.1,0,0.0303696642371537
25,3,6,0.2,31,0.2,414,10,0.1,0,-0.0220090338484457
25,3,6,0.2,31,0.2,414,10,0.1,0,0.326979164600065
25,3,6,0.2,31,0.2,414,10,0.1,0,-0.0181026962246433
25,3,6,0.2,31,0.2,414,10,0.1,0,5.1372624531445e-32
25,3,6,0.2,31,0.2,414,10,0.1,0,0.0226753059578487
25,3,6,0.2,31,0.2,414,10,0.1,0,-0.117537753693693
25,3,6,0.2,31,0.2,414,10,0.1,0,0.407975375468434
25,3,6,0.2,31,0.2,414,10,0.1,0,0.0232862509037291
25,3,6,0.2,31,0.2,414,10,0.1,0,-0.0940233691226387
25,3,6,0.2,31,0.2,414,10,0.1,0,-0.00774831191599111
25,3,6,0.2,31,0.2,414,10,0.1,0,0.0554216606297231
25,3,6,0.2,31,0.2,414,10,0.1,0,-1.76666665622283e-21
25,3,6,0.2,31,0.2,414,10,0.1,0,0.0245402847625747
25,3,6,0.2,31,0.2,414,10,0.1,0,-0.122553511450386
25,3,6,0.2,31,0.2,414,10,0.1,0,0.178164141957694
25,3,6,0.2,31,0.2,414,10,0.1,0,0.355509224395365
25,3,6,0.2,31,0.2,414,10,0.1,0,0.231092947276531
25,3,6,0.2,31,0.2,414,10,0.1,0,0
25,3,6,0.2,31,0.2,414,10,0.1,0,-0.0847185141380414
25,3,6,0.2,31,0.2,414,10,0.1,0,0.0113573433117238
25,3,6,0.2,31,0.2,414,10,0.1,0,4.36508421252668e-33
25,3,6,0.2,31,0.2,414,10,0.1,0,-0.0140793777157323
25,3,6,0.2,31,0.2,414,10,0.1,0,-0.0204731238190409
25,3,6,0.2,31,0.2,414,10,0.1,0,0.543622007221172
25,3,6,0.2,31,0.2,414,10,0.1,0,-0.298541194607395
25,3,7,0.2,24,0.2,245,10,0.1,1,1.19948345061866
25,3,7,0.2,24,0.2,245,10,0.1,1,1.37812727944131
25,3,7,0.2,24,0.2,245,10,0.1,1,0.597262563145686
25,3,7,0.2,24,0.2,245,10,0.1,1,-1.282531787679
25,3,7,0.2,24,0.2,245,10,0.1,1,0.389498546959188
25,3,7,0.2,24,0.2,245,10,0.1,1,0.0170622136930812
25,3,7,0.2,24,0.2,245,10,0.1,1,0
25,3,7,0.2,24,0.2,245,10,0.1,1,0
25,3,7,0.2,24,0.2,245,10,0.1,1,0.0377455960632761
25,3,7,0.2,24,0.2,245,10,0.1,1,1.17169262074717
25,3,7,0.2,24,0.2,245,10,0.1,1,0.185239640058605
25,3,7,0.2,24,0.2,245,10,0.1,1,0.627254677959674
25,3,7,0.2,24,0.2,245,10,0.1,1,-0.00705413503244257
25,3,7,0.2,24,0.2,245,10,0.1,1,0.235816161737612
25,3,7,0.2,24,0.2,245,10,0.1,1,-0.297525111858342
25,3,7,0.2,24,0.2,245,10,0.1,1,-3.56397974653211e-22
25,3,7,0.2,24,0.2,245,10,0.1,1,-1.79172368244871
25,3,7,0.2,24,0.2,245,10,0.1,1,0.050962121964932
25,3,7,0.2,24,0.2,245,10,0.1,1,0
25,3,7,0.2,24,0.2,245,10,0.1,1,-0.404037650788477
25,3,7,0.2,24,0.2,245,10,0.1,1,5.13031502582064e-16
25,3,7,0.2,24,0.2,245,10,0.1,1,-0.354524806160775
25,3,7,0.2,24,0.2,245,10,0.1,1,1.6499801864568
25,3,7,0.2,24,0.2,245,10,0.1,1,-0.740342902604087
25,3,7,0.2,24,0.2,245,10,0.1,0,0.364535552252798
25,3,7,0.2,24,0.2,245,10,0.1,0,0.349991007609332
25,3,7,0.2,24,0.2,245,10,0.1,0,0.292379356796283
25,3,7,0.2,24,0.2,245,10,0.1,0,-0.278311408874235
25,3,7,0.2,24,0.2,245,10,0.1,0,0
25,3,7,0.2,24,0.2,245,10,0.1,0,0
25,3,7,0.2,24,0.2,245,10,0.1,0,0.0572179589326091
25,3,7,0.2,24,0.2,245,10,0.1,0,-0.00388433403759608
25,3,7,0.2,24,0.2,245,10,0.1,0,-0.0459596014636507
25,3,7,0.2,24,0.2,245,10,0.1,0,0.136461601174957
25,3,7,0.2,24,0.2,245,10,0.1,0,-0.0830488032782174
25,3,7,0.2,24,0.2,245,10,0.1,0,-0.19878255892913
25,3,7,0.2,24,0.2,245,10,0.1,0,0.177387766833954
25,3,7,0.2,24,0.2,245,10,0.1,0,0.117509265266127
25,3,7,0.2,24,0.2,245,10,0.1,0,-4.16682443059259e-23
25,3,7,0.2,24,0.2,245,10,0.1,0,0.514595810643792
25,3,7,0.2,24,0.2,245,10,0.1,0,-0.00419198799788193
25,3,7,0.2,24,0.2,245,10,0.1,0,0.00376669016845185
25,3,7,0.2,24,0.2,245,10,0.1,0,0.0103560976693268
25,3,7,0.2,24,0.2,245,10,0.1,0,-0.0217450745642535
25,3,7,0.2,24,0.2,245,10,0.1,0,0.231858527673659
25,3,7,0.2,24,0.2,245,10,0.1,0,0.139954118503266
25,3,7,0.2,24,0.2,245,10,0.1,0,-1.74321082691746e-23
25,3,7,0.2,24,0.2,245,10,0.1,0,-0.0206113758784976
25,3,7,0.2,24,0.2,245,10,0.1,0,0.0275192552505476
25,3,7,0.2,24,0.2,245,10,0.1,0,-0.0158009321726633
25,3,7,0.2,24,0.2,245,10,0.1,0,-0.0651664330463361
25,3,7,0.2,24,0.2,245,10,0.1,0,0.149703389292519
25,3,7,0.2,24,0.2,245,10,0.1,0,0.307095367767517
25,3,7,0.2,24,0.2,245,10,0.1,0,-0.0760541365740929
25,3,7,0.2,24,0.2,245,10,0.1,0,-0.158064923017995
25,3,7,0.2,24,0.2,245,10,0.1,0,-0.0254703569791422
25,3,7,0.2,24,0.2,245,10,0.1,0,-0.0352473035050905
25,3,7,0.2,24,0.2,245,10,0.1,0,0.120028411529336
25,3,7,0.2,24,0.2,245,10,0.1,0,6.67308920511207e-22
25,3,7,0.2,24,0.2,245,10,0.1,0,-0.101771896748371
25,3,7,0.2,24,0.2,245,10,0.1,0,-0.0283898451987115
25,3,7,0.2,24,0.2,245,10,0.1,0,-0.0779134569247173
25,3,7,0.2,24,0.2,245,10,0.1,0,0.00252206700713925
25,3,7,0.2,24,0.2,245,10,0.1,0,0.196033156628889
25,3,7,0.2,24,0.2,245,10,0.1,0,0.0322629162871998
25,3,7,0.2,24,0.2,245,10,0.1,0,0.238348554489499
25,3,7,0.2,24,0.2,245,10,0.1,0,0.0552951026531236
25,3,7,0.2,24,0.2,245,10,0.1,0,-0.477702889447279
25,3,7,0.2,24,0.2,245,10,0.1,0,0.464744462036654
25,3,7,0.2,24,0.2,245,10,0.1,0,-0.0229412911013195
25,3,7,0.2,24,0.2,245,10,0.1,0,1.53237922745049
25,3,7,0.2,24,0.2,245,10,0.1,0,-0.0818227999426035
25,3,7,0.2,24,0.2,245,10,0.1,0,0.0555188985075103
25,3,7,0.2,24,0.2,245,10,0.1,0,0.0980002079363239
25,3,7,0.2,24,0.2,245,10,0.1,0,3.90874879549098
25,3,7,0.2,24,0.2,245,10,0.1,0,0.0337839500153579
25,3,7,0.2,24,0.2,245,10,0.1,0,-0.126325028356238
25,3,7,0.2,24,0.2,245,10,0.1,0,-0.00831572924789731
25,3,7,0.2,24,0.2,245,10,0.1,0,-0.207274190605503
25,3,7,0.2,24,0.2,245,10,0.1,0,-3.86575311851857e-23
25,3,7,0.2,24,0.2,245,10,0.1,0,0.506328162812775
25,3,7,0.2,24,0.2,245,10,0.1,0,-0.0958279984870619
25,3,7,0.2,24,0.2,245,10,0.1,0,0.510892562756349
25,3,7,0.2,24,0.2,245,10,0.1,0,0.290006221329495
25,3,7,0.2,24,0.2,245,10,0.1,0,0.0345552411965011
25,3,7,0.2,24,0.2,245,10,0.1,0,-0.0812059463250032
25,3,7,0.2,24,0.2,245,10,0.1,0,0
25,3,7,0.2,24,0.2,245,10,0.1,0,-0.104958145085232
25,3,7,0.2,24,0.2,245,10,0.1,0,0.0750509526654977
25,3,7,0.2,24,0.2,245,10,0.1,0,3.31183975524792
25,3,7,0.2,24,0.2,245,10,0.1,0,-3.79418755387453e-23
25,3,7,0.2,24,0.2,245,10,0.1,0,0.0127403845131352
25,3,7,0.2,24,0.2,245,10,0.1,0,0
25,3,7,0.2,24,0.2,245,10,0.1,0,-0.103936515602652
25,3,7,0.2,24,0.2,245,10,0.1,0,1.85230664867085
25,3,7,0.2,24,0.2,245,10,0.1,0,-0.356727808671485
25,3,7,0.2,24,0.2,245,10,0.1,0,0.00530731594598322
25,3,7,0.2,24,0.2,245,10,0.1,0,0.192055478229926
25,3,7,0.2,24,0.2,245,10,0.1,0,0.272498373382107
25,3,7,0.2,24,0.2,245,10,0.1,0,0.0317558972205095
25,3,7,0.2,24,0.2,245,10,0.1,0,-0.701127389798713
25,3,7,0.2,24,0.2,245,10,0.1,0,0.000908921185134783
25,3,7,0.2,24,0.2,245,10,0.1,0,0.00306086944182481
25,3,7,0.2,24,0.2,245,10,0.1,0,-0.0474974852809532
25,3,7,0.2,24,0.2,245,10,0.1,0,1.86838029472157
25,3,7,0.2,24,0.2,245,10,0.1,0,-0.00351383383758536
25,3,7,0.2,24,0.2,245,10,0.1,0,0
25,3,7,0.2,24,0.2,245,10,0.1,0,-0.0459193763613534
25,3,7,0.2,24,0.2,245,10,0.1,0,-0.610455137557671
25,3,7,0.2,24,0.2,245,10,0.1,0,-0.0373418270809757
25,3,7,0.2,24,0.2,245,10,0.1,0,-0.0299850423625891
25,3,7,0.2,24,0.2,245,10,0.1,0,-0.116647172050601
25,3,7,0.2,24,0.2,245,10,0.1,0,0.0118133181957536
25,3,7,0.2,24,0.2,245,10,0.1,0,0.441793390931847
25,3,7,0.2,24,0.2,245,10,0.1,0,0.00117497219074531
25,3,7,0.2,24,0.2,245,10,0.1,0,0.218927013519458
25,3,7,0.2,24,0.2,245,10,0.1,0,0.112151027862449
25,3,7,0.2,24,0.2,245,10,0.1,0,0.142968836721212
25,3,7,0.2,24,0.2,245,10,0.1,0,-0.0112972782314727
25,3,7,0.2,24,0.2,245,10,0.1,0,-0.059210197696145
25,3,7,0.2,24,0.2,245,10,0.1,0,-0.0238974003935203
25,3,7,0.2,24,0.2,245,10,0.1,0,-2.45610019865287e-17
25,3,7,0.2,24,0.2,245,10,0.1,0,-1.24643298895642e-22
25,3,7,0.2,24,0.2,245,10,0.1,0,-0.0103040449556944
25,3,7,0.2,24,0.2,245,10,0.1,0,0.00284489353507227
25,3,7,0.2,24,0.2,245,10,0.1,0,0
25,3,7,0.2,24,0.2,245,10,0.1,0,-0.0765828580461611
25,3,7,0.2,24,0.2,245,10,0.1,0,-0.0370002992171985
25,3,7,0.2,24,0.2,245,10,0.1,0,0.216340072694323
25,3,7,0.2,24,0.2,245,10,0.1,0,-0.117150894349455
25,3,7,0.2,24,0.2,245,10,0.1,0,-1.30180472540992
25,3,7,0.2,24,0.2,245,10,0.1,0,-0.0039612612813808
25,3,7,0.2,24,0.2,245,10,0.1,0,-0.0100558513766239
25,3,7,0.2,24,0.2,245,10,0.1,0,0
25,3,7,0.2,24,0.2,245,10,0.1,0,0.652892996029941
25,3,7,0.2,24,0.2,245,10,0.1,0,-0.0757869435221249
25,3,7,0.2,24,0.2,245,10,0.1,0,-0.0571945723355646
25,3,7,0.2,24,0.2,245,10,0.1,0,0.0162269040131292
25,3,7,0.2,24,0.2,245,10,0.1,0,0
25,3,7,0.2,24,0.2,245,10,0.1,0,-0.742313878260231
25,3,7,0.2,24,0.2,245,10,0.1,0,0.172096478368183
25,3,7,0.2,24,0.2,245,10,0.1,0,-0.28992939475695
25,3,7,0.2,24,0.2,245,10,0.1,0,-0.00749763418270898
25,3,7,0.2,24,0.2,245,10,0.1,0,-0.0235134902452829
25,3,7,0.2,24,0.2,245,10,0.1,0,-0.0266060931144939
25,3,7,0.2,24,0.2,245,10,0.1,0,0.285649325857237
25,3,7,0.2,24,0.2,245,10,0.1,0,0.114025396155978
25,3,7,0.2,24,0.2,245,10,0.1,0,-0.0836485509117497
25,3,7,0.2,24,0.2,245,10,0.1,0,0.0691199345202799
25,3,7,0.2,24,0.2,245,10,0.1,0,-0.464786112509911
25,3,7,0.2,24,0.2,245,10,0.1,0,0
25,3,7,0.2,24,0.2,245,10,0.1,0,0.0719274409290573
25,3,7,0.2,24,0.2,245,10,0.1,0,0.0199878407003335
25,3,7,0.2,24,0.2,245,10,0.1,0,0.520031285984642
25,3,7,0.2,24,0.2,245,10,0.1,0,-0.248592308656909
25,3,7,0.2,24,0.2,245,10,0.1,0,-0.109205378789923
25,3,7,0.2,24,0.2,245,10,0.1,0,-0.0535265759155904
25,3,7,0.2,24,0.2,245,10,0.1,0,0.0482178996167874
25,3,7,0.2,24,0.2,245,10,0.1,0,-0.170217695917548
25,3,7,0.2,24,0.2,245,10,0.1,0,0.00154151445204262
25,3,7,0.2,24,0.2,245,10,0.1,0,1.3382628705379
25,3,7,0.2,24,0.2,245,10,0.1,0,0.0938287487604982
25,3,7,0.2,24,0.2,245,10,0.1,0,0.0888940354524244
25,3,7,0.2,24,0.2,245,10,0.1,0,-0.003825196742914
25,3,7,0.2,24,0.2,245,10,0.1,0,-0.11975305358196
25,3,7,0.2,24,0.2,245,10,0.1,0,0.663673060227251
25,3,7,0.2,24,0.2,245,10,0.1,0,1.02700110063434
25,3,7,0.2,24,0.2,245,10,0.1,0,0.413083388472683
25,3,7,0.2,24,0.2,245,10,0.1,0,0.0938881764787177
25,3,7,0.2,24,0.2,245,10,0.1,0,-0.0747937039802782
25,3,7,0.2,24,0.2,245,10,0.1,0,-0.00490134220645948
25,3,7,0.2,24,0.2,245,10,0.1,0,-0.0642795110328907
25,3,7,0.2,24,0.2,245,10,0.1,0,-1.69375942673574
25,3,7,0.2,24,0.2,245,10,0.1,0,0.0575255850589216
25,3,7,0.2,24,0.2,245,10,0.1,0,0.0183589811695858
25,3,7,0.2,24,0.2,245,10,0.1,0,-0.0662966291841917
25,3,7,0.2,24,0.2,245,10,0.1,0,-0.0592676888783144
25,3,7,0.2,24,0.2,245,10,0.1,0,-0.0814113881110838
25,3,7,0.2,24,0.2,245,10,0.1,0,-0.0235169641674611
25,3,7,0.2,24,0.2,245,10,0.1,0,-3.39296586865097e-24
25,3,7,0.2,24,0.2,245,10,0.1,0,-2.16905527232264e-23
25,3,7,0.2,24,0.2,245,10,0.1,0,0.0231840147112181
25,3,7,0.2,24,0.2,245,10,0.1,0,0.0212228348606136
25,3,7,0.2,24,0.2,245,10,0.1,0,-0.105585732835289
25,3,7,0.2,24,0.2,245,10,0.1,0,0.079103231349165
25,3,7,0.2,24,0.2,245,10,0.1,0,0.146881073654531
25,3,7,0.2,24,0.2,245,10,0.1,0,-0.489513997597874
25,3,7,0.2,24,0.2,245,10,0.1,0,-0.0619425105205204
25,3,7,0.2,24,0.2,245,10,0.1,0,0.888930310229284
25,3,7,0.2,24,0.2,245,10,0.1,0,0.00659649751050312
25,3,7,0.2,24,0.2,245,10,0.1,0,-2.18752232354917
25,3,7,0.2,24,0.2,245,10,0.1,0,-0.0100010696993733
25,3,7,0.2,24,0.2,245,10,0.1,0,0.180948018106168
25,3,7,0.2,24,0.2,245,10,0.1,0,-0.145670691696383
25,3,7,0.2,24,0.2,245,10,0.1,0,0.264385232453984
25,3,7,0.2,24,0.2,245,10,0.1,0,-0.0546092147513954
25,3,7,0.2,24,0.2,245,10,0.1,0,1.01085976301027
25,3,7,0.2,24,0.2,245,10,0.1,0,0.00057195834496019
25,3,7,0.2,24,0.2,245,10,0.1,0,0.0886569925745463
25,3,7,0.2,24,0.2,245,10,0.1,0,-0.0100310078546299
25,3,7,0.2,24,0.2,245,10,0.1,0,-0.041776875843276
25,3,7,0.2,24,0.2,245,10,0.1,0,-0.0202067228544511
25,3,7,0.2,24,0.2,245,10,0.1,0,0.0281341326134564
25,3,7,0.2,24,0.2,245,10,0.1,0,-0.0237077965567775
25,3,7,0.2,24,0.2,245,10,0.1,0,0.820540102845184
25,3,7,0.2,24,0.2,245,10,0.1,0,0.0285535223429934
25,3,7,0.2,24,0.2,245,10,0.1,0,4.0304441590533e-16
25,3,7,0.2,24,0.2,245,10,0.1,0,0
25,3,7,0.2,24,0.2,245,10,0.1,0,0.63005268836469
25,3,7,0.2,24,0.2,245,10,0.1,0,0.0059826842842053
25,3,7,0.2,24,0.2,245,10,0.1,0,0.153613085258607
25,3,7,0.2,24,0.2,245,10,0.1,0,-0.0306435855232941
25,3,7,0.2,24,0.2,245,10,0.1,0,0.24956263436124
25,3,7,0.2,24,0.2,245,10,0.1,0,-0.0120501548397985
25,3,7,0.2,24,0.2,245,10,0.1,0,-0.248483285007083
25,3,7,0.2,24,0.2,245,10,0.1,0,0.0337746357762086
25,3,7,0.2,24,0.2,245,10,0.1,0,0.0975727333433324
25,3,7,0.2,24,0.2,245,10,0.1,0,0.338144637256135
25,3,7,0.2,24,0.2,245,10,0.1,0,0.361498774454378
25,3,7,0.2,24,0.2,245,10,0.1,0,-8.26771291172501e-16
25,3,7,0.2,24,0.2,245,10,0.1,0,-0.0941245041156952
25,3,7,0.2,24,0.2,245,10,0.1,0,0
25,3,7,0.2,24,0.2,245,10,0.1,0,-0.0118730328970216
25,3,7,0.2,24,0.2,245,10,0.1,0,0
25,3,7,0.2,24,0.2,245,10,0.1,0,-0.0416786398316839
25,3,7,0.2,24,0.2,245,10,0.1,0,-0.0276802813830815
25,3,7,0.2,24,0.2,245,10,0.1,0,0.50709314041547
25,3,7,0.2,24,0.2,245,10,0.1,0,0
25,3,7,0.2,24,0.2,245,10,0.1,0,0.0328028007114121
25,3,7,0.2,24,0.2,245,10,0.1,0,-0.0142935842212293
25,3,7,0.2,24,0.2,245,10,0.1,0,0
25,3,7,0.2,24,0.2,245,10,0.1,0,-0.15221881603621
25,3,7,0.2,24,0.2,245,10,0.1,0,-0.100716015425179
25,3,7,0.2,24,0.2,245,10,0.1,0,0
25,3,7,0.2,24,0.2,245,10,0.1,0,5.10145709766234
25,3,7,0.2,24,0.2,245,10,0.1,0,-0.0511748588487136
25,3,7,0.2,24,0.2,245,10,0.1,0,-0.0188841123359303
25,3,7,0.2,24,0.2,245,10,0.1,0,0.0150178101986636
25,3,7,0.2,24,0.2,245,10,0.1,0,-0.339429015235313
25,3,7,0.2,24,0.2,245,10,0.1,0,0.00433032107488738
25,3,7,0.2,24,0.2,245,10,0.1,0,0.149263011453294
25,3,7,0.2,24,0.2,245,10,0.1,0,-0.0026225185943158
25,3,7,0.2,24,0.2,245,10,0.1,0,0.241819612862259
25,3,7,0.2,24,0.2,245,10,0.1,0,-0.0903194342729615
25,3,7,0.2,24,0.2,245,10,0.1,0,0.00363605082197321
25,3,7,0.2,24,0.2,245,10,0.1,0,0.397217536050215
25,3,7,0.2,24,0.2,245,10,0.1,0,-0.192158923249944
25,3,7,0.2,24,0.2,245,10,0.1,0,0
25,3,7,0.2,24,0.2,245,10,0.1,0,0.177606147760053
25,3,7,0.2,24,0.2,245,10,0.1,0,-1.63926761628838
25,3,7,0.2,24,0.2,245,10,0.1,0,-0.105233178248951
25,3,7,0.2,24,0.2,245,10,0.1,0,0.120834917476845
25,3,7,0.2,24,0.2,245,10,0.1,0,0.0241461922393901
25,3,7,0.2,24,0.2,245,10,0.1,0,0.0932754905818053
25,3,7,0.2,24,0.2,245,10,0.1,0,-0.318455463640901
25,3,7,0.2,24,0.2,245,10,0.1,0,0.0509398022230092
25,3,7,0.2,24,0.2,245,10,0.1,0,0.1253466730164
25,3,7,0.2,24,0.2,245,10,0.1,0,0.116569848687095
25,3,7,0.2,24,0.2,245,10,0.1,0,0.0609753937729185
25,3,7,0.2,24,0.2,245,10,0.1,0,-0.0204763912060573
25,3,7,0.2,24,0.2,245,10,0.1,0,0.0984554047892836
25,3,7,0.2,24,0.2,245,10,0.1,0,0.45526158615267
25,3,7,0.2,24,0.2,245,10,0.1,0,-0.00681737470317364
25,3,7,0.2,24,0.2,245,10,0.1,0,-4.03859062326004
25,3,7,0.2,24,0.2,245,10,0.1,0,1.70563631173917
25,3,7,0.2,24,0.2,245,10,0.1,0,-0.0717987006064082
25,3,7,0.2,24,0.2,245,10,0.1,0,1.20364671876593
25,3,7,0.2,24,0.2,245,10,0.1,0,3.20053666935146e-23
25,3,7,0.2,24,0.2,245,10,0.1,0,-1.32173585667617
25,4,1,0.2,27,0.2,351,10,0.1,1,0.687505727794394
25,4,1,0.2,27,0.2,351,10,0.1,1,0.388115589462023
25,4,1,0.2,27,0.2,351,10,0.1,1,0.0710837663814672
25,4,1,0.2,27,0.2,351,10,0.1,1,-0.264260876134317
25,4,1,0.2,27,0.2,351,10,0.1,1,-0.552878236719722
25,4,1,0.2,27,0.2,351,10,0.1,1,0.129414077519726
25,4,1,0.2,27,0.2,351,10,0.1,1,0.151292117645186
25,4,1,0.2,27,0.2,351,10,0.1,1,0
25,4,1,0.2,27,0.2,351,10,0.1,1,-0.165624167426658
25,4,1,0.2,27,0.2,351,10,0.1,1,-0.715139778418069
25,4,1,0.2,27,0.2,351,10,0.1,1,-0.0860689262357594
25,4,1,0.2,27,0.2,351,10,0.1,1,1.12255362853959
25,4,1,0.2,27,0.2,351,10,0.1,1,-0.0700578051272926
25,4,1,0.2,27,0.2,351,10,0.1,1,6.21293955503316
25,4,1,0.2,27,0.2,351,10,0.1,1,0
25,4,1,0.2,27,0.2,351,10,0.1,1,0.0915670245436395
25,4,1,0.2,27,0.2,351,10,0.1,1,-0.693607294953224
25,4,1,0.2,27,0.2,351,10,0.1,1,-1.83835909874147
25,4,1,0.2,27,0.2,351,10,0.1,1,0
25,4,1,0.2,27,0.2,351,10,0.1,1,-0.0388139322229494
25,4,1,0.2,27,0.2,351,10,0.1,1,0.141607165188844
25,4,1,0.2,27,0.2,351,10,0.1,1,0.497471627065165
25,4,1,0.2,27,0.2,351,10,0.1,1,0.6377857293925
25,4,1,0.2,27,0.2,351,10,0.1,1,0
25,4,1,0.2,27,0.2,351,10,0.1,1,0
25,4,1,0.2,27,0.2,351,10,0.1,1,1.6497782849627
25,4,1,0.2,27,0.2,351,10,0.1,1,-0.646481537075595
25,4,1,0.2,27,0.2,351,10,0.1,0,-0.00908822625566062
25,4,1,0.2,27,0.2,351,10,0.1,0,-0.222549946443476
25,4,1,0.2,27,0.2,351,10,0.1,0,3.29756666873817e-05
25,4,1,0.2,27,0.2,351,10,0.1,0,0.162623993578032
25,4,1,0.2,27,0.2,351,10,0.1,0,-2.34782944659885
25,4,1,0.2,27,0.2,351,10,0.1,0,-0.159984138452404
25,4,1,0.2,27,0.2,351,10,0.1,0,-0.408971547052209
25,4,1,0.2,27,0.2,351,10,0.1,0,0
25,4,1,0.2,27,0.2,351,10,0.1,0,-0.0278134868219839
25,4,1,0.2,27,0.2,351,10,0.1,0,-0.773902586799729
25,4,1,0.2,27,0.2,351,10,0.1,0,0.0466498793909991
25,4,1,0.2,27,0.2,351,10,0.1,0,-0.111170301610014
25,4,1,0.2,27,0.2,351,10,0.1,0,-2.12730072403253
25,4,1,0.2,27,0.2,351,10,0.1,0,0.0196360166146038
25,4,1,0.2,27,0.2,351,10,0.1,0,0.0526668103510435
25,4,1,0.2,27,0.2,351,10,0.1,0,0
25,4,1,0.2,27,0.2,351,10,0.1,0,-0.371136344741042
25,4,1,0.2,27,0.2,351,10,0.1,0,0.0567376285481841
25,4,1,0.2,27,0.2,351,10,0.1,0,0.0672698462733638
25,4,1,0.2,27,0.2,351,10,0.1,0,-0.0176926828540494
25,4,1,0.2,27,0.2,351,10,0.1,0,0.0625287543975439
25,4,1,0.2,27,0.2,351,10,0.1,0,-0.0493407882163656
25,4,1,0.2,27,0.2,351,10,0.1,0,-0.050371546355797
25,4,1,0.2,27,0.2,351,10,0.1,0,-0.00949318604136276
25,4,1,0.2,27,0.2,351,10,0.1,0,-3.74500980642165
25,4,1,0.2,27,0.2,351,10,0.1,0,0.0148070136888561
25,4,1,0.2,27,0.2,351,10,0.1,0,-0.264839878214445
25,4,1,0.2,27,0.2,351,10,0.1,0,0.253431920050879
25,4,1,0.2,27,0.2,351,10,0.1,0,-1.02101568391919
25,4,1,0.2,27,0.2,351,10,0.1,0,0.0346876688982468
25,4,1,0.2,27,0.2,351,10,0.1,0,0.220320186638804
25,4,1,0.2,27,0.2,351,10,0.1,0,-0.00728520579507994
25,4,1,0.2,27,0.2,351,10,0.1,0,-0.206087401449276
25,4,1,0.2,27,0.2,351,10,0.1,0,0
25,4,1,0.2,27,0.2,351,10,0.1,0,0
25,4,1,0.2,27,0.2,351,10,0.1,0,-0.0200263887317116
25,4,1,0.2,27,0.2,351,10,0.1,0,0.00470204725412268
25,4,1,0.2,27,0.2,351,10,0.1,0,-0.0123043128379992
25,4,1,0.2,27,0.2,351,10,0.1,0,-0.0149359738148457
25,4,1,0.2,27,0.2,351,10,0.1,0,0.165806140421171
25,4,1,0.2,27,0.2,351,10,0.1,0,0.530969023838531
25,4,1,0.2,27,0.2,351,10,0.1,0,0.674269087291862
25,4,1,0.2,27,0.2,351,10,0.1,0,0.116421362650394
25,4,1,0.2,27,0.2,351,10,0.1,0,0.24355560570799
25,4,1,0.2,27,0.2,351,10,0.1,0,-0.0851679341916866
25,4,1,0.2,27,0.2,351,10,0.1,0,0.0416493704954754
25,4,1,0.2,27,0.2,351,10,0.1,0,-0.0203072956171868
25,4,1,0.2,27,0.2,351,10,0.1,0,0.028639140312743
25,4,1,0.2,27,0.2,351,10,0.1,0,-0.0077803789119017
25,4,1,0.2,27,0.2,351,10,0.1,0,0.424562864450979
25,4,1,0.2,27,0.2,351,10,0.1,0,0
25,4,1,0.2,27,0.2,351,10,0.1,0,-0.0438081486717668
25,4,1,0.2,27,0.2,351,10,0.1,0,0.049939550406131
25,4,1,0.2,27,0.2,351,10,0.1,0,-0.0068911238525992
25,4,1,0.2,27,0.2,351,10,0.1,0,0.0503510596339505
25,4,1,0.2,27,0.2,351,10,0.1,0,0.660080529104452
25,4,1,0.2,27,0.2,351,10,0.1,0,-0.0104677802657926
25,4,1,0.2,27,0.2,351,10,0.1,0,0.0469735550431336
25,4,1,0.2,27,0.2,351,10,0.1,0,0.0128728561872197
25,4,1,0.2,27,0.2,351,10,0.1,0,0.283755606438188
25,4,1,0.2,27,0.2,351,10,0.1,0,1.16673921660755
25,4,1,0.2,27,0.2,351,10,0.1,0,0.356541491271035
25,4,1,0.2,27,0.2,351,10,0.1,0,0.248650791506438
25,4,1,0.2,27,0.2,351,10,0.1,0,0.253225582400457
25,4,1,0.2,27,0.2,351,10,0.1,0,0.0253312343481054
25,4,1,0.2,27,0.2,351,10,0.1,0,0.0170576821623761
25,4,1,0.2,27,0.2,351,10,0.1,0,0.0323535151830723
25,4,1,0.2,27,0.2,351,10,0.1,0,-0.00448359652105948
25,4,1,0.2,27,0.2,351,10,0.1,0,0.0620728126494871
25,4,1,0.2,27,0.2,351,10,0.1,0,-0.108203909216216
25,4,1,0.2,27,0.2,351,10,0.1,0,-0.0219473752252439
25,4,1,0.2,27,0.2,351,10,0.1,0,0.0664282729970025
25,4,1,0.2,27,0.2,351,10,0.1,0,-0.038503753026618
25,4,1,0.2,27,0.2,351,10,0.1,0,-0.00700724971168222
25,4,1,0.2,27,0.2,351,10,0.1,0,-0.00329459442027645
25,4,1,0.2,27,0.2,351,10,0.1,0,0
25,4,1,0.2,27,0.2,351,10,0.1,0,0.232190837852142
25,4,1,0.2,27,0.2,351,10,0.1,0,-0.0663839193244461
25,4,1,0.2,27,0.2,351,10,0.1,0,0.717263599542183
25,4,1,0.2,27,0.2,351,10,0.1,0,-0.469044015911222
25,4,1,0.2,27,0.2,351,10,0.1,0,0.720847162786697
25,4,1,0.2,27,0.2,351,10,0.1,0,-1.16655439855894
25,4,1,0.2,27,0.2,351,10,0.1,0,-0.00933148782086767
25,4,1,0.2,27,0.2,351,10,0.1,0,-0.0108187981625475
25,4,1,0.2,27,0.2,351,10,0.1,0,-0.0754999515792817
25,4,1,0.2,27,0.2,351,10,0.1,0,0.0332900928909038
25,4,1,0.2,27,0.2,351,10,0.1,0,0.0487419345917583
25,4,1,0.2,27,0.2,351,10,0.1,0,0.124082088167643
25,4,1,0.2,27,0.2,351,10,0.1,0,-0.0383797497379932
25,4,1,0.2,27,0.2,351,10,0.1,0,0.068522195999657
25,4,1,0.2,27,0.2,351,10,0.1,0,-0.00677578267150892
25,4,1,0.2,27,0.2,351,10,0.1,0,0.115917707735228
25,4,1,0.2,27,0.2,351,10,0.1,0,-0.01414291138918
25,4,1,0.2,27,0.2,351,10,0.1,0,-0.01056170828667
25,4,1,0.2,27,0.2,351,10,0.1,0,0.012807690452514
25,4,1,0.2,27,0.2,351,10,0.1,0,0.0896203443168752
25,4,1,0.2,27,0.2,351,10,0.1,0,0.112906852868799
25,4,1,0.2,27,0.2,351,10,0.1,0,0.628989110453491
25,4,1,0.2,27,0.2,351,10,0.1,0,0.0237254081002555
25,4,1,0.2,27,0.2,351,10,0.1,0,0.0581121238386837
25,4,1,0.2,27,0.2,351,10,0.1,0,0.142240925332019
25,4,1,0.2,27,0.2,351,10,0.1,0,0.0314463926375487
25,4,1,0.2,27,0.2,351,10,0.1,0,-0.00189974415856372
25,4,1,0.2,27,0.2,351,10,0.1,0,0.0377967457728588
25,4,1,0.2,27,0.2,351,10,0.1,0,0.0642256533910984
25,4,1,0.2,27,0.2,351,10,0.1,0,-0.0545400844476429
25,4,1,0.2,27,0.2,351,10,0.1,0,-0.0313199790642178
25,4,1,0.2,27,0.2,351,10,0.1,0,0.0180672657531625
25,4,1,0.2,27,0.2,351,10,0.1,0,-0.044355247354599
25,4,1,0.2,27,0.2,351,10,0.1,0,0.249519655651978
25,4,1,0.2,27,0.2,351,10,0.1,0,0.214749003041099
25,4,1,0.2,27,0.2,351,10,0.1,0,0.0318259029011056
25,4,1,0.2,27,0.2,351,10,0.1,0,0.0476073005957653
25,4,1,0.2,27,0.2,351,10,0.1,0,0.0167457716482962
25,4,1,0.2,27,0.2,351,10,0.1,0,0.221946253170589
25,4,1,0.2,27,0.2,351,10,0.1,0,-0.00019549222106887
25,4,1,0.2,27,0.2,351,10,0.1,0,-0.00276773043680789
25,4,1,0.2,27,0.2,351,10,0.1,0,-0.0460855283685675
25,4,1,0.2,27,0.2,351,10,0.1,0,0.996002875502166
25,4,1,0.2,27,0.2,351,10,0.1,0,-0.166042004799151
25,4,1,0.2,27,0.2,351,10,0.1,0,0.286782061683863
25,4,1,0.2,27,0.2,351,10,0.1,0,-0.240152857871837
25,4,1,0.2,27,0.2,351,10,0.1,0,0.559426968424524
25,4,1,0.2,27,0.2,351,10,0.1,0,-0.0653778530838041
25,4,1,0.2,27,0.2,351,10,0.1,0,-0.0410470032460976
25,4,1,0.2,27,0.2,351,10,0.1,0,1.30692304645221
25,4,1,0.2,27,0.2,351,10,0.1,0,0.111447080944755
25,4,1,0.2,27,0.2,351,10,0.1,0,0.0272222575793312
25,4,1,0.2,27,0.2,351,10,0.1,0,0.0492848090089833
25,4,1,0.2,27,0.2,351,10,0.1,0,0.387488338907609
25,4,1,0.2,27,0.2,351,10,0.1,0,0.0594527640881161
25,4,1,0.2,27,0.2,351,10,0.1,0,-0.228522681801827
25,4,1,0.2,27,0.2,351,10,0.1,0,0.31962653613187
25,4,1,0.2,27,0.2,351,10,0.1,0,0.207301792935989
25,4,1,0.2,27,0.2,351,10,0.1,0,0.0166258322706444
25,4,1,0.2,27,0.2,351,10,0.1,0,-0.4788924863484
25,4,1,0.2,27,0.2,351,10,0.1,0,0.147053683128943
25,4,1,0.2,27,0.2,351,10,0.1,0,-0.00944229875057581
25,4,1,0.2,27,0.2,351,10,0.1,0,-0.0439283366771693
25,4,1,0.2,27,0.2,351,10,0.1,0,-0.0491593774222758
25,4,1,0.2,27,0.2,351,10,0.1,0,-0.885189039267681
25,4,1,0.2,27,0.2,351,10,0.1,0,0.0380510615224548
25,4,1,0.2,27,0.2,351,10,0.1,0,0.0537102684949318
25,4,1,0.2,27,0.2,351,10,0.1,0,-0.0542843747732204
25,4,1,0.2,27,0.2,351,10,0.1,0,-0.00926795149422835
25,4,1,0.2,27,0.2,351,10,0.1,0,0.0452691112197098
25,4,1,0.2,27,0.2,351,10,0.1,0,-0.0280421545770731
25,4,1,0.2,27,0.2,351,10,0.1,0,0.323240163143269
25,4,1,0.2,27,0.2,351,10,0.1,0,-0.0169587360011095
25,4,1,0.2,27,0.2,351,10,0.1,0,0.943753298611239
25,4,1,0.2,27,0.2,351,10,0.1,0,-0.0591570964599485
25,4,1,0.2,27,0.2,351,10,0.1,0,-0.167173737240155
25,4,1,0.2,27,0.2,351,10,0.1,0,-0.0101044491896171
25,4,1,0.2,27,0.2,351,10,0.1,0,0.0755577948724282
25,4,1,0.2,27,0.2,351,10,0.1,0,0.111725481387103
25,4,1,0.2,27,0.2,351,10,0.1,0,-0.0377106620075715
25,4,1,0.2,27,0.2,351,10,0.1,0,-0.131182328881597
25,4,1,0.2,27,0.2,351,10,0.1,0,0.256323542200905
25,4,1,0.2,27,0.2,351,10,0.1,0,0.0010277156771443
25,4,1,0.2,27,0.2,351,10,0.1,0,-0.00746801525096855
25,4,1,0.2,27,0.2,351,10,0.1,0,0.419571365762505
25,4,1,0.2,27,0.2,351,10,0.1,0,-0.0750356731697596
25,4,1,0.2,27,0.2,351,10,0.1,0,0.0198089554989556
25,4,1,0.2,27,0.2,351,10,0.1,0,-0.0688679502274145
25,4,1,0.2,27,0.2,351,10,0.1,0,0.0640704004338806
25,4,1,0.2,27,0.2,351,10,0.1,0,0.0148084212015009
25,4,1,0.2,27,0.2,351,10,0.1,0,0.115711316386393
25,4,1,0.2,27,0.2,351,10,0.1,0,-0.0316821443544599
25,4,1,0.2,27,0.2,351,10,0.1,0,0
25,4,1,0.2,27,0.2,351,10,0.1,0,0.0577348018933952
25,4,1,0.2,27,0.2,351,10,0.1,0,0.0140414339762558
25,4,1,0.2,27,0.2,351,10,0.1,0,0
25,4,1,0.2,27,0.2,351,10,0.1,0,-0.0715859299521377
25,4,1,0.2,27,0.2,351,10,0.1,0,0.0110494159464611
25,4,1,0.2,27,0.2,351,10,0.1,0,-0.222269938998299
25,4,1,0.2,27,0.2,351,10,0.1,0,0
25,4,1,0.2,27,0.2,351,10,0.1,0,-0.00849796369106758
25,4,1,0.2,27,0.2,351,10,0.1,0,0.0398842168364077
25,4,1,0.2,27,0.2,351,10,0.1,0,0.149871149147918
25,4,1,0.2,27,0.2,351,10,0.1,0,0.00382971825525335
25,4,1,0.2,27,0.2,351,10,0.1,0,-0.00500286786144355
25,4,1,0.2,27,0.2,351,10,0.1,0,-0.0639952375668098
25,4,1,0.2,27,0.2,351,10,0.1,0,-0.0973645960693444
25,4,1,0.2,27,0.2,351,10,0.1,0,-0.0489142074735578
25,4,1,0.2,27,0.2,351,10,0.1,0,0.0115146200631488
25,4,1,0.2,27,0.2,351,10,0.1,0,0.00884462493542439
25,4,1,0.2,27,0.2,351,10,0.1,0,-0.0900204790530898
25,4,1,0.2,27,0.2,351,10,0.1,0,0.0507735466565154
25,4,1,0.2,27,0.2,351,10,0.1,0,-0.0262151878758079
25,4,1,0.2,27,0.2,351,10,0.1,0,0.122808434617802
25,4,1,0.2,27,0.2,351,10,0.1,0,-0.724804385769629
25,4,1,0.2,27,0.2,351,10,0.1,0,-0.068384240493096
25,4,1,0.2,27,0.2,351,10,0.1,0,-0.371389728892783
25,4,1,0.2,27,0.2,351,10,0.1,0,0.0191456533570743
25,4,1,0.2,27,0.2,351,10,0.1,0,-0.00803653350339295
25,4,1,0.2,27,0.2,351,10,0.1,0,1.27051596423658
25,4,1,0.2,27,0.2,351,10,0.1,0,-0.0101070381918765
25,4,1,0.2,27,0.2,351,10,0.1,0,1.07765008863041
25,4,1,0.2,27,0.2,351,10,0.1,0,0.301385671519673
25,4,1,0.2,27,0.2,351,10,0.1,0,0.257913003622602
25,4,1,0.2,27,0.2,351,10,0.1,0,0.0747830642434937
25,4,1,0.2,27,0.2,351,10,0.1,0,0.0143913706057696
25,4,1,0.2,27,0.2,351,10,0.1,0,0.0504931419586552
25,4,1,0.2,27,0.2,351,10,0.1,0,0
25,4,1,0.2,27,0.2,351,10,0.1,0,0.0192412404143163
25,4,1,0.2,27,0.2,351,10,0.1,0,-0.0276175938224016
25,4,1,0.2,27,0.2,351,10,0.1,0,-0.0633706400234673
25,4,1,0.2,27,0.2,351,10,0.1,0,-0.958771208615103
25,4,1,0.2,27,0.2,351,10,0.1,0,0.0442906071109705
25,4,1,0.2,27,0.2,351,10,0.1,0,-0.293542714379555
25,4,1,0.2,27,0.2,351,10,0.1,0,-0.120945663230893
25,4,1,0.2,27,0.2,351,10,0.1,0,0.034144690886952
25,4,1,0.2,27,0.2,351,10,0.1,0,0.0667969819421056
25,4,1,0.2,27,0.2,351,10,0.1,0,0.045430543876635
25,4,1,0.2,27,0.2,351,10,0.1,0,-0.23289564927043
25,4,1,0.2,27,0.2,351,10,0.1,0,0.126886045650839
25,4,1,0.2,27,0.2,351,10,0.1,0,0.081629819408926
25,4,1,0.2,27,0.2,351,10,0.1,0,0.391009170329272
25,4,1,0.2,27,0.2,351,10,0.1,0,-0.0520397843293998
25,4,1,0.2,27,0.2,351,10,0.1,0,-0.0151958334535627
25,4,1,0.2,27,0.2,351,10,0.1,0,0.323538106646232
25,4,1,0.2,27,0.2,351,10,0.1,0,0.215706442510159
25,4,1,0.2,27,0.2,351,10,0.1,0,0.0545249543107829
25,4,1,0.2,27,0.2,351,10,0.1,0,-0.0128698951899757
25,4,1,0.2,27,0.2,351,10,0.1,0,0.0623704279082373
25,4,1,0.2,27,0.2,351,10,0.1,0,0.270973345161353
25,4,1,0.2,27,0.2,351,10,0.1,0,0.258301451101082
25,4,1,0.2,27,0.2,351,10,0.1,0,0.919944342141639
25,4,1,0.2,27,0.2,351,10,0.1,0,2.69830121322309
25,4,1,0.2,27,0.2,351,10,0.1,0,0.140605237298049
25,4,1,0.2,27,0.2,351,10,0.1,0,0.0431670165472527
25,4,1,0.2,27,0.2,351,10,0.1,0,-0.958335388032774
25,4,1,0.2,27,0.2,351,10,0.1,0,-0.613787500154093
25,4,1,0.2,27,0.2,351,10,0.1,0,2.16662120720226
25,4,1,0.2,27,0.2,351,10,0.1,0,-0.266279535473403
25,4,1,0.2,27,0.2,351,10,0.1,0,1.3084977290593
25,4,1,0.2,27,0.2,351,10,0.1,0,-0.0539904730666175
25,4,1,0.2,27,0.2,351,10,0.1,0,0.131144811629677
25,4,1,0.2,27,0.2,351,10,0.1,0,0.0547048503937124
25,4,1,0.2,27,0.2,351,10,0.1,0,-0.0601838402615024
25,4,1,0.2,27,0.2,351,10,0.1,0,-2.75695899548307
25,4,1,0.2,27,0.2,351,10,0.1,0,-0.0170333284680764
25,4,1,0.2,27,0.2,351,10,0.1,0,0.057313157272758
25,4,1,0.2,27,0.2,351,10,0.1,0,0.253745751821955
25,4,1,0.2,27,0.2,351,10,0.1,0,0.0431333146251739
25,4,1,0.2,27,0.2,351,10,0.1,0,0.208869943541894
25,4,1,0.2,27,0.2,351,10,0.1,0,0
25,4,1,0.2,27,0.2,351,10,0.1,0,0.347541306728202
25,4,1,0.2,27,0.2,351,10,0.1,0,-0.115895181178752
25,4,1,0.2,27,0.2,351,10,0.1,0,0.438580137172172
25,4,1,0.2,27,0.2,351,10,0.1,0,-0.0461845583664934
25,4,1,0.2,27,0.2,351,10,0.1,0,-0.00756614865571083
25,4,1,0.2,27,0.2,351,10,0.1,0,0.200270992711791
25,4,1,0.2,27,0.2,351,10,0.1,0,-0.0240929893459261
25,4,1,0.2,27,0.2,351,10,0.1,0,0.0444342323996376
25,4,1,0.2,27,0.2,351,10,0.1,0,-0.574918332383758
25,4,1,0.2,27,0.2,351,10,0.1,0,0.121369934273351
25,4,1,0.2,27,0.2,351,10,0.1,0,-0.0408442786367918
25,4,1,0.2,27,0.2,351,10,0.1,0,-0.0191078914778423
25,4,1,0.2,27,0.2,351,10,0.1,0,-0.0410494825586957
25,4,1,0.2,27,0.2,351,10,0.1,0,0.152476271698768
25,4,1,0.2,27,0.2,351,10,0.1,0,0.0273705795119779
25,4,1,0.2,27,0.2,351,10,0.1,0,-0.159527600124891
25,4,1,0.2,27,0.2,351,10,0.1,0,-0.0383180609399676
25,4,1,0.2,27,0.2,351,10,0.1,0,-0.0435060334247045
25,4,1,0.2,27,0.2,351,10,0.1,0,0.731653856042298
25,4,1,0.2,27,0.2,351,10,0.1,0,0
25,4,1,0.2,27,0.2,351,10,0.1,0,-0.0491861232549292
25,4,1,0.2,27,0.2,351,10,0.1,0,0.00448696151216576
25,4,1,0.2,27,0.2,351,10,0.1,0,-0.580210233154951
25,4,1,0.2,27,0.2,351,10,0.1,0,0.0614927755750631
25,4,1,0.2,27,0.2,351,10,0.1,0,-0.122142746599926
25,4,1,0.2,27,0.2,351,10,0.1,0,5.15858158789751
25,4,1,0.2,27,0.2,351,10,0.1,0,-0.130208181379512
25,4,1,0.2,27,0.2,351,10,0.1,0,0.0498494257182845
25,4,1,0.2,27,0.2,351,10,0.1,0,-0.408514416395762
25,4,1,0.2,27,0.2,351,10,0.1,0,0.0425949526933857
25,4,1,0.2,27,0.2,351,10,0.1,0,0.0565005421532293
25,4,1,0.2,27,0.2,351,10,0.1,0,0.00314298159750071
25,4,1,0.2,27,0.2,351,10,0.1,0,0.250251161357215
25,4,1,0.2,27,0.2,351,10,0.1,0,0.0406202050271246
25,4,1,0.2,27,0.2,351,10,0.1,0,0.0819566428081226
25,4,1,0.2,27,0.2,351,10,0.1,0,1.94941785771766
25,4,1,0.2,27,0.2,351,10,0.1,0,0.138935477818993
25,4,1,0.2,27,0.2,351,10,0.1,0,-0.22202332670118
25,4,1,0.2,27,0.2,351,10,0.1,0,-0.00599933270925324
25,4,1,0.2,27,0.2,351,10,0.1,0,-0.00137582437563069
25,4,1,0.2,27,0.2,351,10,0.1,0,0
25,4,1,0.2,27,0.2,351,10,0.1,0,-0.00657562066388557
25,4,1,0.2,27,0.2,351,10,0.1,0,0.0422134665622
25,4,1,0.2,27,0.2,351,10,0.1,0,-0.0166187457744343
25,4,1,0.2,27,0.2,351,10,0.1,0,0.0417696815726154
25,4,1,0.2,27,0.2,351,10,0.1,0,0.0058484382028203
25,4,1,0.2,27,0.2,351,10,0.1,0,-0.194075044746408
25,4,1,0.2,27,0.2,351,10,0.1,0,-0.00915430652801932
25,4,1,0.2,27,0.2,351,10,0.1,0,-0.401973065589905
25,4,1,0.2,27,0.2,351,10,0.1,0,0.283529037881021
25,4,1,0.2,27,0.2,351,10,0.1,0,-0.482346852745654
25,4,1,0.2,27,0.2,351,10,0.1,0,-0.0585163093619267
25,4,1,0.2,27,0.2,351,10,0.1,0,0.137545178073377
25,4,1,0.2,27,0.2,351,10,0.1,0,0.325283046884547
25,4,1,0.2,27,0.2,351,10,0.1,0,-0.0779228737676008
25,4,1,0.2,27,0.2,351,10,0.1,0,-0.732979486102759
25,4,1,0.2,27,0.2,351,10,0.1,0,-0.170347264654945
25,4,1,0.2,27,0.2,351,10,0.1,0,0.0462873354050157
25,4,1,0.2,27,0.2,351,10,0.1,0,-0.00816824936261577
25,4,1,0.2,27,0.2,351,10,0.1,0,0.510623330654747
25,4,1,0.2,27,0.2,351,10,0.1,0,-0.378112451221417
25,4,1,0.2,27,0.2,351,10,0.1,0,-0.349325325865893
25,4,1,0.2,27,0.2,351,10,0.1,0,0.0299407593943433
25,4,1,0.2,27,0.2,351,10,0.1,0,-0.000438219796148238
25,4,1,0.2,27,0.2,351,10,0.1,0,0.160332448590812
25,4,1,0.2,27,0.2,351,10,0.1,0,-0.171836802067404
25,4,1,0.2,27,0.2,351,10,0.1,0,0.0106465767669564
25,4,1,0.2,27,0.2,351,10,0.1,0,0.0457130832786253
25,4,1,0.2,27,0.2,351,10,0.1,0,0.0432273535505779
25,4,1,0.2,27,0.2,351,10,0.1,0,0.050172504972213
25,4,1,0.2,27,0.2,351,10,0.1,0,-0.354875188559455
25,4,1,0.2,27,0.2,351,10,0.1,0,0.514711825998576
25,4,1,0.2,27,0.2,351,10,0.1,0,-0.0169446403586014
25,4,1,0.2,27,0.2,351,10,0.1,0,-0.00655333132769892
25,4,1,0.2,27,0.2,351,10,0.1,0,0.001161915755402
25,4,1,0.2,27,0.2,351,10,0.1,0,0.182523993590674
25,4,1,0.2,27,0.2,351,10,0.1,0,0.00154163927885982
25,4,1,0.2,27,0.2,351,10,0.1,0,-0.143565442766916
25,4,1,0.2,27,0.2,351,10,0.1,0,0.0164055500809339
25,4,1,0.2,27,0.2,351,10,0.1,0,0.0134094657765573
25,4,1,0.2,27,0.2,351,10,0.1,0,-0.016332691778377
25,4,1,0.2,27,0.2,351,10,0.1,0,0
25,4,1,0.2,27,0.2,351,10,0.1,0,-0.091928610341931
25,4,1,0.2,27,0.2,351,10,0.1,0,-0.124906971020306
25,4,1,0.2,27,0.2,351,10,0.1,0,-0.0547630720244908
25,4,1,0.2,27,0.2,351,10,0.1,0,-0.0123569482812981
25,4,1,0.2,27,0.2,351,10,0.1,0,-0.199748647349243
25,4,1,0.2,27,0.2,351,10,0.1,0,0.00905600095208701
25,4,1,0.2,27,0.2,351,10,0.1,0,-0.0985355924245891
25,4,1,0.2,27,0.2,351,10,0.1,0,-0.112362391489435
25,4,1,0.2,27,0.2,351,10,0.1,0,-0.0254944410273589
25,4,1,0.2,27,0.2,351,10,0.1,0,-0.0243661665699125
25,4,1,0.2,27,0.2,351,10,0.1,0,0.376169714960326
25,4,1,0.2,27,0.2,351,10,0.1,0,0.030695603669743
25,4,1,0.2,27,0.2,351,10,0.1,0,-0.035022425648839
25,4,1,0.2,27,0.2,351,10,0.1,0,-0.0582793129705596
25,4,1,0.2,27,0.2,351,10,0.1,0,-0.00293190730515776
25,4,1,0.2,27,0.2,351,10,0.1,0,0.0597536008706975
25,4,1,0.2,27,0.2,351,10,0.1,0,0.035345062760991
25,4,1,0.2,27,0.2,351,10,0.1,0,-0.0195537516009115
25,4,1,0.2,27,0.2,351,10,0.1,0,0.102874336656086
25,4,1,0.2,27,0.2,351,10,0.1,0,-0.00722738434672876
25,4,1,0.2,27,0.2,351,10,0.1,0,-1.05109169480535
25,4,1,0.2,27,0.2,351,10,0.1,0,-0.177316817343512
25,4,2,0.2,31,0.2,476,10,0.1,1,-0.623156202480733
25,4,2,0.2,31,0.2,476,10,0.1,1,3.97768579301282
25,4,2,0.2,31,0.2,476,10,0.1,1,-2.01694974045193
25,4,2,0.2,31,0.2,476,10,0.1,1,0.587656772704407
25,4,2,0.2,31,0.2,476,10,0.1,1,-0.178058660058432
25,4,2,0.2,31,0.2,476,10,0.1,1,0.0151610500557299
25,4,2,0.2,31,0.2,476,10,0.1,1,-0.0957582450431105
25,4,2,0.2,31,0.2,476,10,0.1,1,3.44842539951542
25,4,2,0.2,31,0.2,476,10,0.1,1,0.272932748581563
25,4,2,0.2,31,0.2,476,10,0.1,1,-0.211868446792163
25,4,2,0.2,31,0.2,476,10,0.1,1,2.05956961479808
25,4,2,0.2,31,0.2,476,10,0.1,1,-0.145376703569423
25,4,2,0.2,31,0.2,476,10,0.1,1,-0.00933951662089957
25,4,2,0.2,31,0.2,476,10,0.1,1,0
25,4,2,0.2,31,0.2,476,10,0.1,1,0.264834211806938
25,4,2,0.2,31,0.2,476,10,0.1,1,-0.0475137656293417
25,4,2,0.2,31,0.2,476,10,0.1,1,0.675081288165363
25,4,2,0.2,31,0.2,476,10,0.1,1,-3.11918426488273e-16
25,4,2,0.2,31,0.2,476,10,0.1,1,0
25,4,2,0.2,31,0.2,476,10,0.1,1,-0.00217115344671445
25,4,2,0.2,31,0.2,476,10,0.1,1,1.69411855601575
25,4,2,0.2,31,0.2,476,10,0.1,1,1.30638091512911
25,4,2,0.2,31,0.2,476,10,0.1,1,0.971721600959364
25,4,2,0.2,31,0.2,476,10,0.1,1,0.588124912604652
25,4,2,0.2,31,0.2,476,10,0.1,1,0.660438493080739
25,4,2,0.2,31,0.2,476,10,0.1,1,-0.0123870752652758
25,4,2,0.2,31,0.2,476,10,0.1,1,0
25,4,2,0.2,31,0.2,476,10,0.1,1,-0.695145067076782
25,4,2,0.2,31,0.2,476,10,0.1,1,0.0287991498155189
25,4,2,0.2,31,0.2,476,10,0.1,1,3.35498131895267
25,4,2,0.2,31,0.2,476,10,0.1,1,1.2140578372194
25,4,2,0.2,31,0.2,476,10,0.1,0,0.00202409150232752
25,4,2,0.2,31,0.2,476,10,0.1,0,0.175111609616458
25,4,2,0.2,31,0.2,476,10,0.1,0,-0.00235738745134749
25,4,2,0.2,31,0.2,476,10,0.1,0,0.203292665656305
25,4,2,0.2,31,0.2,476,10,0.1,0,-0.0950245461488143
25,4,2,0.2,31,0.2,476,10,0.1,0,-0.0100780440988662
25,4,2,0.2,31,0.2,476,10,0.1,0,-0.0127665053230696
25,4,2,0.2,31,0.2,476,10,0.1,0,0.169763363693005
25,4,2,0.2,31,0.2,476,10,0.1,0,5.78294301894184e-20
25,4,2,0.2,31,0.2,476,10,0.1,0,-0.0432736730960336
25,4,2,0.2,31,0.2,476,10,0.1,0,0.177457359390334
25,4,2,0.2,31,0.2,476,10,0.1,0,0.0779562681817222
25,4,2,0.2,31,0.2,476,10,0.1,0,-0.0358792728531379
25,4,2,0.2,31,0.2,476,10,0.1,0,6.53639959015735e-19
25,4,2,0.2,31,0.2,476,10,0.1,0,0.157166435433186
25,4,2,0.2,31,0.2,476,10,0.1,0,0.399770393536869
25,4,2,0.2,31,0.2,476,10,0.1,0,0.0400042955403588
25,4,2,0.2,31,0.2,476,10,0.1,0,0.035575522311295
25,4,2,0.2,31,0.2,476,10,0.1,0,0.0737348084365398
25,4,2,0.2,31,0.2,476,10,0.1,0,0.0670203167575574
25,4,2,0.2,31,0.2,476,10,0.1,0,-0.252927857711567
25,4,2,0.2,31,0.2,476,10,0.1,0,1.16950207607415e-22
25,4,2,0.2,31,0.2,476,10,0.1,0,0
25,4,2,0.2,31,0.2,476,10,0.1,0,-0.0534838874760559
25,4,2,0.2,31,0.2,476,10,0.1,0,0.219554932428557
25,4,2,0.2,31,0.2,476,10,0.1,0,-0.0270035563853732
25,4,2,0.2,31,0.2,476,10,0.1,0,0.00202283275654913
25,4,2,0.2,31,0.2,476,10,0.1,0,-0.000995348267167063
25,4,2,0.2,31,0.2,476,10,0.1,0,0.0398217178344708
25,4,2,0.2,31,0.2,476,10,0.1,0,-0.0536668101715536
25,4,2,0.2,31,0.2,476,10,0.1,0,0.309129308106257
25,4,2,0.2,31,0.2,476,10,0.1,0,0.941171159098393
25,4,2,0.2,31,0.2,476,10,0.1,0,0.000636956513692893
25,4,2,0.2,31,0.2,476,10,0.1,0,0.0658183469899924
25,4,2,0.2,31,0.2,476,10,0.1,0,0
25,4,2,0.2,31,0.2,476,10,0.1,0,-0.423436061108945
25,4,2,0.2,31,0.2,476,10,0.1,0,1.54858533927739
25,4,2,0.2,31,0.2,476,10,0.1,0,9.22195677756635e-22
25,4,2,0.2,31,0.2,476,10,0.1,0,2.3569622949723
25,4,2,0.2,31,0.2,476,10,0.1,0,-0.121157450689126
25,4,2,0.2,31,0.2,476,10,0.1,0,0.0467587166001019
25,4,2,0.2,31,0.2,476,10,0.1,0,0.060167104344506
25,4,2,0.2,31,0.2,476,10,0.1,0,-0.0712934348221257
25,4,2,0.2,31,0.2,476,10,0.1,0,-1.52755625467677
25,4,2,0.2,31,0.2,476,10,0.1,0,0.0456304165311101
25,4,2,0.2,31,0.2,476,10,0.1,0,0.163343917029711
25,4,2,0.2,31,0.2,476,10,0.1,0,-0.130796363092102
25,4,2,0.2,31,0.2,476,10,0.1,0,0.0911087283373846
25,4,2,0.2,31,0.2,476,10,0.1,0,0.0189268552538582
25,4,2,0.2,31,0.2,476,10,0.1,0,0.0158933451572165
25,4,2,0.2,31,0.2,476,10,0.1,0,1.65936307052563
25,4,2,0.2,31,0.2,476,10,0.1,0,0.298337208131719
25,4,2,0.2,31,0.2,476,10,0.1,0,-0.243375518220707
25,4,2,0.2,31,0.2,476,10,0.1,0,0.073729378564874
25,4,2,0.2,31,0.2,476,10,0.1,0,-0.0084087429457132
25,4,2,0.2,31,0.2,476,10,0.1,0,-0.00946403361504042
25,4,2,0.2,31,0.2,476,10,0.1,0,-1.39849967938368
25,4,2,0.2,31,0.2,476,10,0.1,0,-0.0204284676149232
25,4,2,0.2,31,0.2,476,10,0.1,0,0.091273751299244
25,4,2,0.2,31,0.2,476,10,0.1,0,0
25,4,2,0.2,31,0.2,476,10,0.1,0,0.0620027993545768
25,4,2,0.2,31,0.2,476,10,0.1,0,-2.38410508787693e-23
25,4,2,0.2,31,0.2,476,10,0.1,0,0.372659681693127
25,4,2,0.2,31,0.2,476,10,0.1,0,0.0509976359580968
25,4,2,0.2,31,0.2,476,10,0.1,0,0.105658647179912
25,4,2,0.2,31,0.2,476,10,0.1,0,-0.0010241113587528
25,4,2,0.2,31,0.2,476,10,0.1,0,0.37877158888185
25,4,2,0.2,31,0.2,476,10,0.1,0,-0.00571510210567822
25,4,2,0.2,31,0.2,476,10,0.1,0,-0.0241150592535559
25,4,2,0.2,31,0.2,476,10,0.1,0,-0.0128758216710782
25,4,2,0.2,31,0.2,476,10,0.1,0,1.19418290501255e-16
25,4,2,0.2,31,0.2,476,10,0.1,0,0
25,4,2,0.2,31,0.2,476,10,0.1,0,-0.0357314600601844
25,4,2,0.2,31,0.2,476,10,0.1,0,7.98451005000835e-21
25,4,2,0.2,31,0.2,476,10,0.1,0,0.331066014725304
25,4,2,0.2,31,0.2,476,10,0.1,0,7.2528396323852e-17
25,4,2,0.2,31,0.2,476,10,0.1,0,-0.153081302905486
25,4,2,0.2,31,0.2,476,10,0.1,0,-0.00358213342809193
25,4,2,0.2,31,0.2,476,10,0.1,0,0
25,4,2,0.2,31,0.2,476,10,0.1,0,0.013750234535867
25,4,2,0.2,31,0.2,476,10,0.1,0,0.219044532975515
25,4,2,0.2,31,0.2,476,10,0.1,0,0.00184833933000279
25,4,2,0.2,31,0.2,476,10,0.1,0,-0.00215413496951592
25,4,2,0.2,31,0.2,476,10,0.1,0,0.254273119173293
25,4,2,0.2,31,0.2,476,10,0.1,0,-0.0372105798600412
25,4,2,0.2,31,0.2,476,10,0.1,0,0.592990671032955
25,4,2,0.2,31,0.2,476,10,0.1,0,0.0615799042595587
25,4,2,0.2,31,0.2,476,10,0.1,0,0.312789197483808
25,4,2,0.2,31,0.2,476,10,0.1,0,-0.116064008849778
25,4,2,0.2,31,0.2,476,10,0.1,0,8.25477002251755e-24
25,4,2,0.2,31,0.2,476,10,0.1,0,0.0360792588690448
25,4,2,0.2,31,0.2,476,10,0.1,0,0.877621640948356
25,4,2,0.2,31,0.2,476,10,0.1,0,-0.272850139996605
25,4,2,0.2,31,0.2,476,10,0.1,0,-0.371469096543863
25,4,2,0.2,31,0.2,476,10,0.1,0,-0.552243215005035
25,4,2,0.2,31,0.2,476,10,0.1,0,0.124201510478734
25,4,2,0.2,31,0.2,476,10,0.1,0,-5.60048242550053e-17
25,4,2,0.2,31,0.2,476,10,0.1,0,4.81915251413199
25,4,2,0.2,31,0.2,476,10,0.1,0,-0.0195033142256746
25,4,2,0.2,31,0.2,476,10,0.1,0,0.133460790141457
25,4,2,0.2,31,0.2,476,10,0.1,0,0.17418667871019
25,4,2,0.2,31,0.2,476,10,0.1,0,0.0654327034340671
25,4,2,0.2,31,0.2,476,10,0.1,0,4.65132624410007e-16
25,4,2,0.2,31,0.2,476,10,0.1,0,-0.0496513064330493
25,4,2,0.2,31,0.2,476,10,0.1,0,0.255828616595398
25,4,2,0.2,31,0.2,476,10,0.1,0,0
25,4,2,0.2,31,0.2,476,10,0.1,0,-0.0290319535006181
25,4,2,0.2,31,0.2,476,10,0.1,0,0.454790215133239
25,4,2,0.2,31,0.2,476,10,0.1,0,-0.333424572113529
25,4,2,0.2,31,0.2,476,10,0.1,0,0.10591822263576
25,4,2,0.2,31,0.2,476,10,0.1,0,0.00318311934642548
25,4,2,0.2,31,0.2,476,10,0.1,0,-0.00164391986063317
25,4,2,0.2,31,0.2,476,10,0.1,0,0.0131654479201677
25,4,2,0.2,31,0.2,476,10,0.1,0,0.217362522984301
25,4,2,0.2,31,0.2,476,10,0.1,0,0.620507839575142
25,4,2,0.2,31,0.2,476,10,0.1,0,-0.00685891115046114
25,4,2,0.2,31,0.2,476,10,0.1,0,-0.546407518208248
25,4,2,0.2,31,0.2,476,10,0.1,0,0.0400268530984088
25,4,2,0.2,31,0.2,476,10,0.1,0,0
25,4,2,0.2,31,0.2,476,10,0.1,0,0.000329150632684946
25,4,2,0.2,31,0.2,476,10,0.1,0,0.175230893621457
25,4,2,0.2,31,0.2,476,10,0.1,0,0.52227482488893
25,4,2,0.2,31,0.2,476,10,0.1,0,0
25,4,2,0.2,31,0.2,476,10,0.1,0,-0.0392154227073597
25,4,2,0.2,31,0.2,476,10,0.1,0,0.276588642715403
25,4,2,0.2,31,0.2,476,10,0.1,0,0
25,4,2,0.2,31,0.2,476,10,0.1,0,-0.0398585522159173
25,4,2,0.2,31,0.2,476,10,0.1,0,0.0932342025165017
25,4,2,0.2,31,0.2,476,10,0.1,0,3.29209395205545e-19
25,4,2,0.2,31,0.2,476,10,0.1,0,3.17299169687202
25,4,2,0.2,31,0.2,476,10,0.1,0,-0.0963035306573038
25,4,2,0.2,31,0.2,476,10,0.1,0,-2.21622548416886e-22
25,4,2,0.2,31,0.2,476,10,0.1,0,0.0248373675755468
25,4,2,0.2,31,0.2,476,10,0.1,0,0.221009572057155
25,4,2,0.2,31,0.2,476,10,0.1,0,-1.31662087397086e-20
25,4,2,0.2,31,0.2,476,10,0.1,0,-0.0352553211716257
25,4,2,0.2,31,0.2,476,10,0.1,0,-0.059350365873714
25,4,2,0.2,31,0.2,476,10,0.1,0,6.93937068552657e-17
25,4,2,0.2,31,0.2,476,10,0.1,0,0.036612588167908
25,4,2,0.2,31,0.2,476,10,0.1,0,0.0162082782359082
25,4,2,0.2,31,0.2,476,10,0.1,0,-0.109276206682607
25,4,2,0.2,31,0.2,476,10,0.1,0,-0.00548138671762144
25,4,2,0.2,31,0.2,476,10,0.1,0,0.176229807070806
25,4,2,0.2,31,0.2,476,10,0.1,0,0.0463850307495377
25,4,2,0.2,31,0.2,476,10,0.1,0,1.40203350216829
25,4,2,0.2,31,0.2,476,10,0.1,0,0.143053710818695
25,4,2,0.2,31,0.2,476,10,0.1,0,0
25,4,2,0.2,31,0.2,476,10,0.1,0,-0.0603155749150781
25,4,2,0.2,31,0.2,476,10,0.1,0,-0.0636581445048321
25,4,2,0.2,31,0.2,476,10,0.1,0,1.08124498000286
25,4,2,0.2,31,0.2,476,10,0.1,0,2.11235187673925e-20
25,4,2,0.2,31,0.2,476,10,0.1,0,0.108773844329681
25,4,2,0.2,31,0.2,476,10,0.1,0,-0.0162092242681145
25,4,2,0.2,31,0.2,476,10,0.1,0,1.45648225145269
25,4,2,0.2,31,0.2,476,10,0.1,0,-5.03220185078877
25,4,2,0.2,31,0.2,476,10,0.1,0,-0.121923839480504
25,4,2,0.2,31,0.2,476,10,0.1,0,-0.292160009520061
25,4,2,0.2,31,0.2,476,10,0.1,0,-0.0159955173134703
25,4,2,0.2,31,0.2,476,10,0.1,0,0
25,4,2,0.2,31,0.2,476,10,0.1,0,-0.00591684666194138
25,4,2,0.2,31,0.2,476,10,0.1,0,0.0924058651476446
25,4,2,0.2,31,0.2,476,10,0.1,0,0.0498813797762421
25,4,2,0.2,31,0.2,476,10,0.1,0,0.143112160211247
25,4,2,0.2,31,0.2,476,10,0.1,0,0.000454768783486819
25,4,2,0.2,31,0.2,476,10,0.1,0,0.0750438818333081
25,4,2,0.2,31,0.2,476,10,0.1,0,0.627785485904393
25,4,2,0.2,31,0.2,476,10,0.1,0,1.07590809212635
25,4,2,0.2,31,0.2,476,10,0.1,0,0.0779526312960323
25,4,2,0.2,31,0.2,476,10,0.1,0,2.13348156794705e-16
25,4,2,0.2,31,0.2,476,10,0.1,0,-0.102034841709138
25,4,2,0.2,31,0.2,476,10,0.1,0,0.0018088636769224
25,4,2,0.2,31,0.2,476,10,0.1,0,0.142625523148835
25,4,2,0.2,31,0.2,476,10,0.1,0,0.0139992981079165
25,4,2,0.2,31,0.2,476,10,0.1,0,-1.18312858257233e-16
25,4,2,0.2,31,0.2,476,10,0.1,0,-0.0307146926275491
25,4,2,0.2,31,0.2,476,10,0.1,0,0.303124898429777
25,4,2,0.2,31,0.2,476,10,0.1,0,0.13525288768976
25,4,2,0.2,31,0.2,476,10,0.1,0,-3.69578598796681e-20
25,4,2,0.2,31,0.2,476,10,0.1,0,-6.18729357281043e-17
25,4,2,0.2,31,0.2,476,10,0.1,0,-0.0349939571232749
25,4,2,0.2,31,0.2,476,10,0.1,0,2.34893393267178e-20
25,4,2,0.2,31,0.2,476,10,0.1,0,0.0608639121331724
25,4,2,0.2,31,0.2,476,10,0.1,0,-0.0310899726421337
25,4,2,0.2,31,0.2,476,10,0.1,0,0.0212684434260694
25,4,2,0.2,31,0.2,476,10,0.1,0,0.086971474918446
25,4,2,0.2,31,0.2,476,10,0.1,0,-0.0788325192285419
25,4,2,0.2,31,0.2,476,10,0.1,0,0
25,4,2,0.2,31,0.2,476,10,0.1,0,-1.95686070408022e-19
25,4,2,0.2,31,0.2,476,10,0.1,0,0.0955556038023796
25,4,2,0.2,31,0.2,476,10,0.1,0,0.0442763820134955
25,4,2,0.2,31,0.2,476,10,0.1,0,0
25,4,2,0.2,31,0.2,476,10,0.1,0,0.00798721590797762
25,4,2,0.2,31,0.2,476,10,0.1,0,0.060874172514176
25,4,2,0.2,31,0.2,476,10,0.1,0,-0.0273253920912121
25,4,2,0.2,31,0.2,476,10,0.1,0,-0.0309944934238776
25,4,2,0.2,31,0.2,476,10,0.1,0,-0.0501182469143361
25,4,2,0.2,31,0.2,476,10,0.1,0,2.47834362807591e-16
25,4,2,0.2,31,0.2,476,10,0.1,0,1.83755906911106
25,4,2,0.2,31,0.2,476,10,0.1,0,0.100438722741522
25,4,2,0.2,31,0.2,476,10,0.1,0,-0.0240503622223076
25,4,2,0.2,31,0.2,476,10,0.1,0,-0.0137472419049178
25,4,2,0.2,31,0.2,476,10,0.1,0,0.437527496983556
25,4,2,0.2,31,0.2,476,10,0.1,0,0.131184089221988
25,4,2,0.2,31,0.2,476,10,0.1,0,0.973567551554617
25,4,2,0.2,31,0.2,476,10,0.1,0,-0.777369905057798
25,4,2,0.2,31,0.2,476,10,0.1,0,0.435722388547983
25,4,2,0.2,31,0.2,476,10,0.1,0,-0.589625458021551
25,4,2,0.2,31,0.2,476,10,0.1,0,-0.0857559629113589
25,4,2,0.2,31,0.2,476,10,0.1,0,0.0811415551373021
25,4,2,0.2,31,0.2,476,10,0.1,0,0.023498126646028
25,4,2,0.2,31,0.2,476,10,0.1,0,0.30281898650204
25,4,2,0.2,31,0.2,476,10,0.1,0,0.0117411619630999
25,4,2,0.2,31,0.2,476,10,0.1,0,-0.0602053613056342
25,4,2,0.2,31,0.2,476,10,0.1,0,4.66566269761064
25,4,2,0.2,31,0.2,476,10,0.1,0,0.14476749057109
25,4,2,0.2,31,0.2,476,10,0.1,0,5.98283636040503e-24
25,4,2,0.2,31,0.2,476,10,0.1,0,0.466232940045517
25,4,2,0.2,31,0.2,476,10,0.1,0,-0.0234108637315835
25,4,2,0.2,31,0.2,476,10,0.1,0,0.354527790640394
25,4,2,0.2,31,0.2,476,10,0.1,0,0.124927744791007
25,4,2,0.2,31,0.2,476,10,0.1,0,1.75904217321447
25,4,2,0.2,31,0.2,476,10,0.1,0,-0.0303162300728806
25,4,2,0.2,31,0.2,476,10,0.1,0,3.59767813488323
25,4,2,0.2,31,0.2,476,10,0.1,0,-0.0107259232643763
25,4,2,0.2,31,0.2,476,10,0.1,0,1.0865404391122e-20
25,4,2,0.2,31,0.2,476,10,0.1,0,0.0487823375364392
25,4,2,0.2,31,0.2,476,10,0.1,0,0.188046671135257
25,4,2,0.2,31,0.2,476,10,0.1,0,-0.57090338314926
25,4,2,0.2,31,0.2,476,10,0.1,0,-0.0707167420655295
25,4,2,0.2,31,0.2,476,10,0.1,0,0.213702705539135
25,4,2,0.2,31,0.2,476,10,0.1,0,-0.00188955674392328
25,4,2,0.2,31,0.2,476,10,0.1,0,1.53565795726553e-20
25,4,2,0.2,31,0.2,476,10,0.1,0,-0.0358644571343978
25,4,2,0.2,31,0.2,476,10,0.1,0,-0.330916562938135
25,4,2,0.2,31,0.2,476,10,0.1,0,-1.7482697664109e-19
25,4,2,0.2,31,0.2,476,10,0.1,0,0.0230791619916352
25,4,2,0.2,31,0.2,476,10,0.1,0,-0.221394752348998
25,4,2,0.2,31,0.2,476,10,0.1,0,0.194857821880882
25,4,2,0.2,31,0.2,476,10,0.1,0,0.0418857197182303
25,4,2,0.2,31,0.2,476,10,0.1,0,0.023683804727952
25,4,2,0.2,31,0.2,476,10,0.1,0,0.152619849880601
25,4,2,0.2,31,0.2,476,10,0.1,0,-0.156303422913639
25,4,2,0.2,31,0.2,476,10,0.1,0,-2.68330334007881
25,4,2,0.2,31,0.2,476,10,0.1,0,0.174213716234492
25,4,2,0.2,31,0.2,476,10,0.1,0,0
25,4,2,0.2,31,0.2,476,10,0.1,0,1.83725491550664e-16
25,4,2,0.2,31,0.2,476,10,0.1,0,-0.212015118928681
25,4,2,0.2,31,0.2,476,10,0.1,0,-1.29232585880916e-17
25,4,2,0.2,31,0.2,476,10,0.1,0,-0.284102873051341
25,4,2,0.2,31,0.2,476,10,0.1,0,-0.147822989692553
25,4,2,0.2,31,0.2,476,10,0.1,0,-0.0164857631354871
25,4,2,0.2,31,0.2,476,10,0.1,0,0.452033343149336
25,4,2,0.2,31,0.2,476,10,0.1,0,0.852123759898976
25,4,2,0.2,31,0.2,476,10,0.1,0,1.59181608836895e-16
25,4,2,0.2,31,0.2,476,10,0.1,0,-0.0474866111982331
25,4,2,0.2,31,0.2,476,10,0.1,0,0
25,4,2,0.2,31,0.2,476,10,0.1,0,-0.00874429236451914
25,4,2,0.2,31,0.2,476,10,0.1,0,-0.0538409907273031
25,4,2,0.2,31,0.2,476,10,0.1,0,0.000771040896141065
25,4,2,0.2,31,0.2,476,10,0.1,0,0.0291646657360591
25,4,2,0.2,31,0.2,476,10,0.1,0,-3.40071390935887e-21
25,4,2,0.2,31,0.2,476,10,0.1,0,0.000670258946763499
25,4,2,0.2,31,0.2,476,10,0.1,0,-0.0191786658734854
25,4,2,0.2,31,0.2,476,10,0.1,0,0
25,4,2,0.2,31,0.2,476,10,0.1,0,-0.000308204431917312
25,4,2,0.2,31,0.2,476,10,0.1,0,0.334750859493884
25,4,2,0.2,31,0.2,476,10,0.1,0,0.0650943174992844
25,4,2,0.2,31,0.2,476,10,0.1,0,4.46554627072054e-21
25,4,2,0.2,31,0.2,476,10,0.1,0,0.0489346010928618
25,4,2,0.2,31,0.2,476,10,0.1,0,0.132502563535599
25,4,2,0.2,31,0.2,476,10,0.1,0,-0.733700089956105
25,4,2,0.2,31,0.2,476,10,0.1,0,-0.162315606316099
25,4,2,0.2,31,0.2,476,10,0.1,0,0.0728429954242347
25,4,2,0.2,31,0.2,476,10,0.1,0,0.409439417078188
25,4,2,0.2,31,0.2,476,10,0.1,0,-0.125290107349537
25,4,2,0.2,31,0.2,476,10,0.1,0,0.399084931050735
25,4,2,0.2,31,0.2,476,10,0.1,0,0.0172647116722221
25,4,2,0.2,31,0.2,476,10,0.1,0,2.16247029852547
25,4,2,0.2,31,0.2,476,10,0.1,0,-2.86261124162784e-24
25,4,2,0.2,31,0.2,476,10,0.1,0,-0.00966064245888185
25,4,2,0.2,31,0.2,476,10,0.1,0,-0.057524294277918
25,4,2,0.2,31,0.2,476,10,0.1,0,-0.0200317881774615
25,4,2,0.2,31,0.2,476,10,0.1,0,0.934580229757202
25,4,2,0.2,31,0.2,476,10,0.1,0,0.129072717008519
25,4,2,0.2,31,0.2,476,10,0.1,0,0.415344447969393
25,4,2,0.2,31,0.2,476,10,0.1,0,3.26374752826432
25,4,2,0.2,31,0.2,476,10,0.1,0,-0.0281909742413855
25,4,2,0.2,31,0.2,476,10,0.1,0,0.146547322645624
25,4,2,0.2,31,0.2,476,10,0.1,0,-0.663838365789499
25,4,2,0.2,31,0.2,476,10,0.1,0,-0.0750399966672631
25,4,2,0.2,31,0.2,476,10,0.1,0,-0.0113336720653013
25,4,2,0.2,31,0.2,476,10,0.1,0,0.226299635651511
25,4,2,0.2,31,0.2,476,10,0.1,0,-0.436456344373074
25,4,2,0.2,31,0.2,476,10,0.1,0,-0.123894413925545
25,4,2,0.2,31,0.2,476,10,0.1,0,0.345416886803293
25,4,2,0.2,31,0.2,476,10,0.1,0,0.605749710989192
25,4,2,0.2,31,0.2,476,10,0.1,0,0
25,4,2,0.2,31,0.2,476,10,0.1,0,-0.00519006769381645
25,4,2,0.2,31,0.2,476,10,0.1,0,0.31242437233803
25,4,2,0.2,31,0.2,476,10,0.1,0,-0.00706537590748217
25,4,2,0.2,31,0.2,476,10,0.1,0,0.166340532294288
25,4,2,0.2,31,0.2,476,10,0.1,0,-0.0706717589433489
25,4,2,0.2,31,0.2,476,10,0.1,0,0.341393099825881
25,4,2,0.2,31,0.2,476,10,0.1,0,-0.057515550203988
25,4,2,0.2,31,0.2,476,10,0.1,0,-0.0795769716266258
25,4,2,0.2,31,0.2,476,10,0.1,0,0.0489617637476743
25,4,2,0.2,31,0.2,476,10,0.1,0,4.69052456218075e-22
25,4,2,0.2,31,0.2,476,10,0.1,0,-0.163339417002031
25,4,2,0.2,31,0.2,476,10,0.1,0,0.0522267118665426
25,4,2,0.2,31,0.2,476,10,0.1,0,1.64476889018755
25,4,2,0.2,31,0.2,476,10,0.1,0,0.0662461290711154
25,4,2,0.2,31,0.2,476,10,0.1,0,0.607161826032083
25,4,2,0.2,31,0.2,476,10,0.1,0,-0.794308383796101
25,4,2,0.2,31,0.2,476,10,0.1,0,-8.17967048846105e-23
25,4,2,0.2,31,0.2,476,10,0.1,0,4.38613565944459e-17
25,4,2,0.2,31,0.2,476,10,0.1,0,-0.159883404342797
25,4,2,0.2,31,0.2,476,10,0.1,0,1.63446666491599
25,4,2,0.2,31,0.2,476,10,0.1,0,-0.181180572936698
25,4,2,0.2,31,0.2,476,10,0.1,0,0.0249613328636314
25,4,2,0.2,31,0.2,476,10,0.1,0,0.649148790344988
25,4,2,0.2,31,0.2,476,10,0.1,0,-0.084719213973509
25,4,2,0.2,31,0.2,476,10,0.1,0,0.51901982601054
25,4,2,0.2,31,0.2,476,10,0.1,0,0.0889429713257981
25,4,2,0.2,31,0.2,476,10,0.1,0,-0.116991775140536
25,4,2,0.2,31,0.2,476,10,0.1,0,-0.00657380175650974
25,4,2,0.2,31,0.2,476,10,0.1,0,-0.00102059980845757
25,4,2,0.2,31,0.2,476,10,0.1,0,-0.00722135255590399
25,4,2,0.2,31,0.2,476,10,0.1,0,-0.077664325572932
25,4,2,0.2,31,0.2,476,10,0.1,0,-0.13678880118258
25,4,2,0.2,31,0.2,476,10,0.1,0,-0.0102573159627706
25,4,2,0.2,31,0.2,476,10,0.1,0,-1.17415611216746e-16
25,4,2,0.2,31,0.2,476,10,0.1,0,-0.445448779643395
25,4,2,0.2,31,0.2,476,10,0.1,0,0.0128561625569399
25,4,2,0.2,31,0.2,476,10,0.1,0,-0.299621825987395
25,4,2,0.2,31,0.2,476,10,0.1,0,7.21869226755284e-23
25,4,2,0.2,31,0.2,476,10,0.1,0,0.439563855391696
25,4,2,0.2,31,0.2,476,10,0.1,0,1.16763619662804
25,4,2,0.2,31,0.2,476,10,0.1,0,0.424120214172771
25,4,2,0.2,31,0.2,476,10,0.1,0,0.391024769341167
25,4,2,0.2,31,0.2,476,10,0.1,0,0.118351157622031
25,4,2,0.2,31,0.2,476,10,0.1,0,0.337759693967686
25,4,2,0.2,31,0.2,476,10,0.1,0,0.0117368849073397
25,4,2,0.2,31,0.2,476,10,0.1,0,1.90537307774688e-23
25,4,2,0.2,31,0.2,476,10,0.1,0,-0.129500761615884
25,4,2,0.2,31,0.2,476,10,0.1,0,0.244130433382275
25,4,2,0.2,31,0.2,476,10,0.1,0,0
25,4,2,0.2,31,0.2,476,10,0.1,0,0.0981437897440585
25,4,2,0.2,31,0.2,476,10,0.1,0,0.0746461786493056
25,4,2,0.2,31,0.2,476,10,0.1,0,2.74674956997787
25,4,2,0.2,31,0.2,476,10,0.1,0,-0.00907366172889195
25,4,2,0.2,31,0.2,476,10,0.1,0,0.399723256346856
25,4,2,0.2,31,0.2,476,10,0.1,0,0.0425404441274457
25,4,2,0.2,31,0.2,476,10,0.1,0,-1.09738388077155
25,4,2,0.2,31,0.2,476,10,0.1,0,0
25,4,2,0.2,31,0.2,476,10,0.1,0,0.100993684572409
25,4,2,0.2,31,0.2,476,10,0.1,0,0.0299647780735857
25,4,2,0.2,31,0.2,476,10,0.1,0,1.97084782465732e-22
25,4,2,0.2,31,0.2,476,10,0.1,0,-1.19016496167764
25,4,2,0.2,31,0.2,476,10,0.1,0,1.47154317658195
25,4,2,0.2,31,0.2,476,10,0.1,0,1.50051906117077
25,4,2,0.2,31,0.2,476,10,0.1,0,-0.0177900966162773
25,4,2,0.2,31,0.2,476,10,0.1,0,-1.67741766263496
25,4,2,0.2,31,0.2,476,10,0.1,0,0.324598497270192
25,4,2,0.2,31,0.2,476,10,0.1,0,-0.00890436087403444
25,4,2,0.2,31,0.2,476,10,0.1,0,-3.30242048115682e-20
25,4,2,0.2,31,0.2,476,10,0.1,0,-0.154245302599598
25,4,2,0.2,31,0.2,476,10,0.1,0,0.101118664581986
25,4,2,0.2,31,0.2,476,10,0.1,0,0.226958742512292
25,4,2,0.2,31,0.2,476,10,0.1,0,0.088439958036517
25,4,2,0.2,31,0.2,476,10,0.1,0,-1.49753307287231
25,4,2,0.2,31,0.2,476,10,0.1,0,-0.0969624931483481
25,4,2,0.2,31,0.2,476,10,0.1,0,0.144137528625802
25,4,2,0.2,31,0.2,476,10,0.1,0,2.19731705794021e-21
25,4,2,0.2,31,0.2,476,10,0.1,0,0
25,4,2,0.2,31,0.2,476,10,0.1,0,0.0487270657292793
25,4,2,0.2,31,0.2,476,10,0.1,0,7.10743247234749e-24
25,4,2,0.2,31,0.2,476,10,0.1,0,0.134998460684495
25,4,2,0.2,31,0.2,476,10,0.1,0,-0.0198137975765011
25,4,2,0.2,31,0.2,476,10,0.1,0,0.0409562401521046
25,4,2,0.2,31,0.2,476,10,0.1,0,0.341598135051061
25,4,2,0.2,31,0.2,476,10,0.1,0,0.245027059181435
25,4,2,0.2,31,0.2,476,10,0.1,0,-0.0122091866784392
25,4,2,0.2,31,0.2,476,10,0.1,0,-0.0171659155485722
25,4,2,0.2,31,0.2,476,10,0.1,0,0.0392500295847588
25,4,2,0.2,31,0.2,476,10,0.1,0,0.956830723958578
25,4,2,0.2,31,0.2,476,10,0.1,0,-3.29320963449116e-16
25,4,2,0.2,31,0.2,476,10,0.1,0,-0.0120452945001883
25,4,2,0.2,31,0.2,476,10,0.1,0,0.104392239633535
25,4,2,0.2,31,0.2,476,10,0.1,0,-0.00111221658113391
25,4,2,0.2,31,0.2,476,10,0.1,0,-0.0274513530639899
25,4,2,0.2,31,0.2,476,10,0.1,0,-1.20253806376e-22
25,4,2,0.2,31,0.2,476,10,0.1,0,0.0133795364574869
25,4,2,0.2,31,0.2,476,10,0.1,0,0
25,4,2,0.2,31,0.2,476,10,0.1,0,-0.361213835796737
25,4,2,0.2,31,0.2,476,10,0.1,0,-0.00857227297356
25,4,2,0.2,31,0.2,476,10,0.1,0,0.10165501554507
25,4,2,0.2,31,0.2,476,10,0.1,0,0.0150761934259242
25,4,2,0.2,31,0.2,476,10,0.1,0,1.98982236559761e-22
25,4,2,0.2,31,0.2,476,10,0.1,0,0.0237984884414464
25,4,2,0.2,31,0.2,476,10,0.1,0,0.222135076108658
25,4,2,0.2,31,0.2,476,10,0.1,0,1.4816465130098e-16
25,4,2,0.2,31,0.2,476,10,0.1,0,-0.017641246985938
25,4,2,0.2,31,0.2,476,10,0.1,0,-0.0552492473320982
25,4,2,0.2,31,0.2,476,10,0.1,0,-0.156220761710322
25,4,2,0.2,31,0.2,476,10,0.1,0,0.0148384308988948
25,4,2,0.2,31,0.2,476,10,0.1,0,0
25,4,2,0.2,31,0.2,476,10,0.1,0,-0.723879215796175
25,4,2,0.2,31,0.2,476,10,0.1,0,-0.121804064195827
25,4,2,0.2,31,0.2,476,10,0.1,0,0
25,4,2,0.2,31,0.2,476,10,0.1,0,0.246153948020378
25,4,2,0.2,31,0.2,476,10,0.1,0,-2.13951144837403
25,4,2,0.2,31,0.2,476,10,0.1,0,1.58087180673068
25,4,2,0.2,31,0.2,476,10,0.1,0,-0.20103776163911
25,4,2,0.2,31,0.2,476,10,0.1,0,-2.41723953529966e-17
25,4,2,0.2,31,0.2,476,10,0.1,0,0.0262738880373697
25,4,2,0.2,31,0.2,476,10,0.1,0,1.70796871856701e-23
25,4,2,0.2,31,0.2,476,10,0.1,0,-3.51810064153651e-20
25,4,2,0.2,31,0.2,476,10,0.1,0,1.72660783872711e-23
25,4,2,0.2,31,0.2,476,10,0.1,0,-0.0700625600683472
25,4,2,0.2,31,0.2,476,10,0.1,0,-0.173671167183272
25,4,2,0.2,31,0.2,476,10,0.1,0,0.0505597318936754
25,4,2,0.2,31,0.2,476,10,0.1,0,0.110326733256112
25,4,2,0.2,31,0.2,476,10,0.1,0,0.219145902464123
25,4,2,0.2,31,0.2,476,10,0.1,0,0.0745167147346825
25,4,2,0.2,31,0.2,476,10,0.1,0,3.91406923474651e-19
25,4,2,0.2,31,0.2,476,10,0.1,0,-0.00225767115950272
25,4,2,0.2,31,0.2,476,10,0.1,0,-0.20324624070279
25,4,2,0.2,31,0.2,476,10,0.1,0,0
25,4,2,0.2,31,0.2,476,10,0.1,0,1.86843126393563
25,4,2,0.2,31,0.2,476,10,0.1,0,-0.106687152950173
25,4,2,0.2,31,0.2,476,10,0.1,0,-0.0068503071639354
25,4,2,0.2,31,0.2,476,10,0.1,0,0.111552533733542
25,4,2,0.2,31,0.2,476,10,0.1,0,-5.40150280913107e-23
25,4,2,0.2,31,0.2,476,10,0.1,0,0.0541412133199537
25,4,2,0.2,31,0.2,476,10,0.1,0,1.03243306540994e-21
25,4,2,0.2,31,0.2,476,10,0.1,0,0.0637855168219544
25,4,2,0.2,31,0.2,476,10,0.1,0,0.260294200299634
25,4,2,0.2,31,0.2,476,10,0.1,0,-0.019811042848823
25,4,2,0.2,31,0.2,476,10,0.1,0,-0.0240151153986625
25,4,2,0.2,31,0.2,476,10,0.1,0,-0.00432786501068349
25,4,2,0.2,31,0.2,476,10,0.1,0,0.0255936657583607
25,4,2,0.2,31,0.2,476,10,0.1,0,1.01757078284765e-23
25,4,2,0.2,31,0.2,476,10,0.1,0,7.90865060933511e-21
25,4,2,0.2,31,0.2,476,10,0.1,0,0.0631564006166461
25,4,2,0.2,31,0.2,476,10,0.1,0,-0.0138844085587564
25,4,2,0.2,31,0.2,476,10,0.1,0,0.0659407297098665
25,4,2,0.2,31,0.2,476,10,0.1,0,0.26619181978471
25,4,2,0.2,31,0.2,476,10,0.1,0,-0.025055342535122
25,4,2,0.2,31,0.2,476,10,0.1,0,-0.178237108093671
25,4,2,0.2,31,0.2,476,10,0.1,0,0.162245785991704
25,4,2,0.2,31,0.2,476,10,0.1,0,0.0111192006855299
25,4,2,0.2,31,0.2,476,10,0.1,0,0.0163449457888103
25,4,2,0.2,31,0.2,476,10,0.1,0,-0.00490620121030804
25,4,2,0.2,31,0.2,476,10,0.1,0,2.15636904739813
25,4,2,0.2,31,0.2,476,10,0.1,0,-0.0254043356155127
25,4,2,0.2,31,0.2,476,10,0.1,0,0.0104181945905119
25,4,2,0.2,31,0.2,476,10,0.1,0,0.0735496498932134
25,4,2,0.2,31,0.2,476,10,0.1,0,-0.0155050163270988
25,4,2,0.2,31,0.2,476,10,0.1,0,0.55908797705945
25,4,2,0.2,31,0.2,476,10,0.1,0,-0.0110337714865499
25,4,2,0.2,31,0.2,476,10,0.1,0,0.0340721693238396
25,4,2,0.2,31,0.2,476,10,0.1,0,0.111629574722357
25,4,2,0.2,31,0.2,476,10,0.1,0,-0.510244567765798
25,4,2,0.2,31,0.2,476,10,0.1,0,0.417861095666285
25,4,2,0.2,31,0.2,476,10,0.1,0,-0.0801109307189124
25,4,2,0.2,31,0.2,476,10,0.1,0,0.0864054263110482
25,4,2,0.2,31,0.2,476,10,0.1,0,-0.0331091936917242
25,4,2,0.2,31,0.2,476,10,0.1,0,-0.01601644437366
25,4,2,0.2,31,0.2,476,10,0.1,0,0.0353005761950909
25,4,2,0.2,31,0.2,476,10,0.1,0,-0.00222501383217007
25,4,2,0.2,31,0.2,476,10,0.1,0,1.17711852872846
25,4,2,0.2,31,0.2,476,10,0.1,0,-1.74971877717146e-22
25,4,2,0.2,31,0.2,476,10,0.1,0,-0.154773147354034
25,4,2,0.2,31,0.2,476,10,0.1,0,-7.65797935635644e-17
25,4,2,0.2,31,0.2,476,10,0.1,0,1.59533503183868e-23
25,4,2,0.2,31,0.2,476,10,0.1,0,-0.143416527879474
25,4,3,0.2,18,0.2,245,10,0.1,1,0
25,4,3,0.2,18,0.2,245,10,0.1,1,0.0478350057155044
25,4,3,0.2,18,0.2,245,10,0.1,1,0
25,4,3,0.2,18,0.2,245,10,0.1,1,3.00685378850249
25,4,3,0.2,18,0.2,245,10,0.1,1,-0.384319187273789
25,4,3,0.2,18,0.2,245,10,0.1,1,-1.39069922410567
25,4,3,0.2,18,0.2,245,10,0.1,1,-0.359121874927601
25,4,3,0.2,18,0.2,245,10,0.1,1,0
25,4,3,0.2,18,0.2,245,10,0.1,1,0.051612763742703
25,4,3,0.2,18,0.2,245,10,0.1,1,-0.04909257253287
25,4,3,0.2,18,0.2,245,10,0.1,1,0
25,4,3,0.2,18,0.2,245,10,0.1,1,0
25,4,3,0.2,18,0.2,245,10,0.1,1,0
25,4,3,0.2,18,0.2,245,10,0.1,1,0
25,4,3,0.2,18,0.2,245,10,0.1,1,0.171681273715399
25,4,3,0.2,18,0.2,245,10,0.1,1,0
25,4,3,0.2,18,0.2,245,10,0.1,1,-0.0414151551798166
25,4,3,0.2,18,0.2,245,10,0.1,1,1.13388538674423
25,4,3,0.2,18,0.2,245,10,0.1,0,0
25,4,3,0.2,18,0.2,245,10,0.1,0,0
25,4,3,0.2,18,0.2,245,10,0.1,0,-0.0117075969437508
25,4,3,0.2,18,0.2,245,10,0.1,0,0.0110115416431789
25,4,3,0.2,18,0.2,245,10,0.1,0,0
25,4,3,0.2,18,0.2,245,10,0.1,0,-0.0857552519817117
25,4,3,0.2,18,0.2,245,10,0.1,0,-0.0189429065131988
25,4,3,0.2,18,0.2,245,10,0.1,0,0.144782546930761
25,4,3,0.2,18,0.2,245,10,0.1,0,0
25,4,3,0.2,18,0.2,245,10,0.1,0,0.0180818646350008
25,4,3,0.2,18,0.2,245,10,0.1,0,0.206901287151355
25,4,3,0.2,18,0.2,245,10,0.1,0,0.0209715002710359
25,4,3,0.2,18,0.2,245,10,0.1,0,-0.867320693652989
25,4,3,0.2,18,0.2,245,10,0.1,0,-0.0031856742952321
25,4,3,0.2,18,0.2,245,10,0.1,0,0.0299797522086689
25,4,3,0.2,18,0.2,245,10,0.1,0,0
25,4,3,0.2,18,0.2,245,10,0.1,0,0.0149550125186006
25,4,3,0.2,18,0.2,245,10,0.1,0,0
25,4,3,0.2,18,0.2,245,10,0.1,0,0
25,4,3,0.2,18,0.2,245,10,0.1,0,-0.0145577188522477
25,4,3,0.2,18,0.2,245,10,0.1,0,0.0105763686139063
25,4,3,0.2,18,0.2,245,10,0.1,0,0
25,4,3,0.2,18,0.2,245,10,0.1,0,-0.00418157765516612
25,4,3,0.2,18,0.2,245,10,0.1,0,0.0734160322320487
25,4,3,0.2,18,0.2,245,10,0.1,0,2.56237032932675
25,4,3,0.2,18,0.2,245,10,0.1,0,-0.0489793677912604
25,4,3,0.2,18,0.2,245,10,0.1,0,0.0158969692371382
25,4,3,0.2,18,0.2,245,10,0.1,0,-0.159809264877678
25,4,3,0.2,18,0.2,245,10,0.1,0,-0.00435772840261642
25,4,3,0.2,18,0.2,245,10,0.1,0,0.0163618671582474
25,4,3,0.2,18,0.2,245,10,0.1,0,0.0162098047400759
25,4,3,0.2,18,0.2,245,10,0.1,0,0.0291869741298861
25,4,3,0.2,18,0.2,245,10,0.1,0,0.0131861147300901
25,4,3,0.2,18,0.2,245,10,0.1,0,0
25,4,3,0.2,18,0.2,245,10,0.1,0,0
25,4,3,0.2,18,0.2,245,10,0.1,0,0
25,4,3,0.2,18,0.2,245,10,0.1,0,-0.100729243440569
25,4,3,0.2,18,0.2,245,10,0.1,0,-0.00297605067106387
25,4,3,0.2,18,0.2,245,10,0.1,0,0
25,4,3,0.2,18,0.2,245,10,0.1,0,0
25,4,3,0.2,18,0.2,245,10,0.1,0,3.25439119481062e-20
25,4,3,0.2,18,0.2,245,10,0.1,0,0.00684517249166776
25,4,3,0.2,18,0.2,245,10,0.1,0,0
25,4,3,0.2,18,0.2,245,10,0.1,0,0.000466734547627836
25,4,3,0.2,18,0.2,245,10,0.1,0,0.420144825064248
25,4,3,0.2,18,0.2,245,10,0.1,0,0.64193831141567
25,4,3,0.2,18,0.2,245,10,0.1,0,0.0615450113061299
25,4,3,0.2,18,0.2,245,10,0.1,0,0.224016877651757
25,4,3,0.2,18,0.2,245,10,0.1,0,0
25,4,3,0.2,18,0.2,245,10,0.1,0,0
25,4,3,0.2,18,0.2,245,10,0.1,0,-9.76238755692682e-19
25,4,3,0.2,18,0.2,245,10,0.1,0,0.00916662729291027
25,4,3,0.2,18,0.2,245,10,0.1,0,0.305285586440571
25,4,3,0.2,18,0.2,245,10,0.1,0,-0.0113713076005913
25,4,3,0.2,18,0.2,245,10,0.1,0,0.0215399770948054
25,4,3,0.2,18,0.2,245,10,0.1,0,-0.232100553487309
25,4,3,0.2,18,0.2,245,10,0.1,0,0
25,4,3,0.2,18,0.2,245,10,0.1,0,0
25,4,3,0.2,18,0.2,245,10,0.1,0,-0.0890488730717658
25,4,3,0.2,18,0.2,245,10,0.1,0,0.0220675782077017
25,4,3,0.2,18,0.2,245,10,0.1,0,0.376463261704025
25,4,3,0.2,18,0.2,245,10,0.1,0,0.0251181133087695
25,4,3,0.2,18,0.2,245,10,0.1,0,0
25,4,3,0.2,18,0.2,245,10,0.1,0,-0.0867912696910367
25,4,3,0.2,18,0.2,245,10,0.1,0,0.0754488589592514
25,4,3,0.2,18,0.2,245,10,0.1,0,-0.00339788392707664
25,4,3,0.2,18,0.2,245,10,0.1,0,0.0649778977310035
25,4,3,0.2,18,0.2,245,10,0.1,0,0.174758673281977
25,4,3,0.2,18,0.2,245,10,0.1,0,0.0424057169097177
25,4,3,0.2,18,0.2,245,10,0.1,0,-0.0603865824821191
25,4,3,0.2,18,0.2,245,10,0.1,0,-0.0404998326255482
25,4,3,0.2,18,0.2,245,10,0.1,0,0
25,4,3,0.2,18,0.2,245,10,0.1,0,-0.011411975439614
25,4,3,0.2,18,0.2,245,10,0.1,0,-0.00634347221030274
25,4,3,0.2,18,0.2,245,10,0.1,0,-0.0623846814003051
25,4,3,0.2,18,0.2,245,10,0.1,0,0.0589628625236978
25,4,3,0.2,18,0.2,245,10,0.1,0,-0.110530097077597
25,4,3,0.2,18,0.2,245,10,0.1,0,0.012615767829516
25,4,3,0.2,18,0.2,245,10,0.1,0,0.0245618006168029
25,4,3,0.2,18,0.2,245,10,0.1,0,0.00617138976153288
25,4,3,0.2,18,0.2,245,10,0.1,0,-0.00278779554868203
25,4,3,0.2,18,0.2,245,10,0.1,0,-0.0353240248527378
25,4,3,0.2,18,0.2,245,10,0.1,0,0.609180090789129
25,4,3,0.2,18,0.2,245,10,0.1,0,0
25,4,3,0.2,18,0.2,245,10,0.1,0,-0.0310816726500822
25,4,3,0.2,18,0.2,245,10,0.1,0,0.0737466723385959
25,4,3,0.2,18,0.2,245,10,0.1,0,0.303840821354413
25,4,3,0.2,18,0.2,245,10,0.1,0,-0.00723540893842128
25,4,3,0.2,18,0.2,245,10,0.1,0,3.01790674053535e-20
25,4,3,0.2,18,0.2,245,10,0.1,0,0
25,4,3,0.2,18,0.2,245,10,0.1,0,0.520037996813424
25,4,3,0.2,18,0.2,245,10,0.1,0,-0.0487808892176681
25,4,3,0.2,18,0.2,245,10,0.1,0,0
25,4,3,0.2,18,0.2,245,10,0.1,0,0.0845140312072316
25,4,3,0.2,18,0.2,245,10,0.1,0,1.3892556255109
25,4,3,0.2,18,0.2,245,10,0.1,0,-2.63443851268945
25,4,3,0.2,18,0.2,245,10,0.1,0,-0.0672188139536436
25,4,3,0.2,18,0.2,245,10,0.1,0,0.0279851564439119
25,4,3,0.2,18,0.2,245,10,0.1,0,0
25,4,3,0.2,18,0.2,245,10,0.1,0,-0.0169995589753852
25,4,3,0.2,18,0.2,245,10,0.1,0,-0.026450000540971
25,4,3,0.2,18,0.2,245,10,0.1,0,0.020895054568278
25,4,3,0.2,18,0.2,245,10,0.1,0,-0.025691147067776
25,4,3,0.2,18,0.2,245,10,0.1,0,0.366387165231523
25,4,3,0.2,18,0.2,245,10,0.1,0,0.0337448207858212
25,4,3,0.2,18,0.2,245,10,0.1,0,0
25,4,3,0.2,18,0.2,245,10,0.1,0,-0.115384895205467
25,4,3,0.2,18,0.2,245,10,0.1,0,-0.0397693069489772
25,4,3,0.2,18,0.2,245,10,0.1,0,0.00962193082859474
25,4,3,0.2,18,0.2,245,10,0.1,0,0
25,4,3,0.2,18,0.2,245,10,0.1,0,-0.00585620865276384
25,4,3,0.2,18,0.2,245,10,0.1,0,-0.0164596562199096
25,4,3,0.2,18,0.2,245,10,0.1,0,-4.9696721761298
25,4,3,0.2,18,0.2,245,10,0.1,0,0.0296798156100187
25,4,3,0.2,18,0.2,245,10,0.1,0,-0.0257825066005597
25,4,3,0.2,18,0.2,245,10,0.1,0,0.0220760989967099
25,4,3,0.2,18,0.2,245,10,0.1,0,-0.00964000582926386
25,4,3,0.2,18,0.2,245,10,0.1,0,0.396254514937488
25,4,3,0.2,18,0.2,245,10,0.1,0,0.00615558836029435
25,4,3,0.2,18,0.2,245,10,0.1,0,0
25,4,3,0.2,18,0.2,245,10,0.1,0,-0.0208461674365673
25,4,3,0.2,18,0.2,245,10,0.1,0,0.00521029968876186
25,4,3,0.2,18,0.2,245,10,0.1,0,0.0222481524566001
25,4,3,0.2,18,0.2,245,10,0.1,0,-0.502439626609006
25,4,3,0.2,18,0.2,245,10,0.1,0,5.81823767406435e-20
25,4,3,0.2,18,0.2,245,10,0.1,0,0.176106948160846
25,4,3,0.2,18,0.2,245,10,0.1,0,0.0516810622895441
25,4,3,0.2,18,0.2,245,10,0.1,0,0.0112282665427141
25,4,3,0.2,18,0.2,245,10,0.1,0,0.0405148136381546
25,4,3,0.2,18,0.2,245,10,0.1,0,0.0733508318736713
25,4,3,0.2,18,0.2,245,10,0.1,0,1.15606072141216
25,4,3,0.2,18,0.2,245,10,0.1,0,0.090728831103468
25,4,3,0.2,18,0.2,245,10,0.1,0,0
25,4,3,0.2,18,0.2,245,10,0.1,0,-0.0944973549709807
25,4,3,0.2,18,0.2,245,10,0.1,0,0.0189458453729752
25,4,3,0.2,18,0.2,245,10,0.1,0,0
25,4,3,0.2,18,0.2,245,10,0.1,0,0
25,4,3,0.2,18,0.2,245,10,0.1,0,0
25,4,3,0.2,18,0.2,245,10,0.1,0,0
25,4,3,0.2,18,0.2,245,10,0.1,0,0.0181332263759605
25,4,3,0.2,18,0.2,245,10,0.1,0,-0.0421862756314648
25,4,3,0.2,18,0.2,245,10,0.1,0,0
25,4,3,0.2,18,0.2,245,10,0.1,0,-0.0067738408038503
25,4,3,0.2,18,0.2,245,10,0.1,0,0.289926397110291
25,4,3,0.2,18,0.2,245,10,0.1,0,-0.0340360860117005
25,4,3,0.2,18,0.2,245,10,0.1,0,-0.00669829929697453
25,4,3,0.2,18,0.2,245,10,0.1,0,-2.16879460428591e-19
25,4,3,0.2,18,0.2,245,10,0.1,0,0.167517450024548
25,4,3,0.2,18,0.2,245,10,0.1,0,0.0124462022619708
25,4,3,0.2,18,0.2,245,10,0.1,0,-0.0141763894023284
25,4,3,0.2,18,0.2,245,10,0.1,0,0
25,4,3,0.2,18,0.2,245,10,0.1,0,0.00730551838623188
25,4,3,0.2,18,0.2,245,10,0.1,0,0.0247070371155257
25,4,3,0.2,18,0.2,245,10,0.1,0,-0.0659213521055646
25,4,3,0.2,18,0.2,245,10,0.1,0,0
25,4,3,0.2,18,0.2,245,10,0.1,0,0.192204249193471
25,4,3,0.2,18,0.2,245,10,0.1,0,1.63187847816204e-20
25,4,3,0.2,18,0.2,245,10,0.1,0,-0.0520225488704287
25,4,3,0.2,18,0.2,245,10,0.1,0,-0.018097972342377
25,4,3,0.2,18,0.2,245,10,0.1,0,0
25,4,3,0.2,18,0.2,245,10,0.1,0,0
25,4,3,0.2,18,0.2,245,10,0.1,0,0
25,4,3,0.2,18,0.2,245,10,0.1,0,0
25,4,3,0.2,18,0.2,245,10,0.1,0,0
25,4,3,0.2,18,0.2,245,10,0.1,0,0
25,4,3,0.2,18,0.2,245,10,0.1,0,-9.57883911455277e-20
25,4,3,0.2,18,0.2,245,10,0.1,0,0.0198262510108744
25,4,3,0.2,18,0.2,245,10,0.1,0,-0.0493894573557558
25,4,3,0.2,18,0.2,245,10,0.1,0,0.180364649791147
25,4,3,0.2,18,0.2,245,10,0.1,0,0
25,4,3,0.2,18,0.2,245,10,0.1,0,-0.0430861910769116
25,4,3,0.2,18,0.2,245,10,0.1,0,-0.0107809386773316
25,4,3,0.2,18,0.2,245,10,0.1,0,-0.0410394166192954
25,4,3,0.2,18,0.2,245,10,0.1,0,0
25,4,3,0.2,18,0.2,245,10,0.1,0,-0.292213255841402
25,4,3,0.2,18,0.2,245,10,0.1,0,0.114254429011945
25,4,3,0.2,18,0.2,245,10,0.1,0,-0.849463540189507
25,4,3,0.2,18,0.2,245,10,0.1,0,0
25,4,3,0.2,18,0.2,245,10,0.1,0,0.030395274864886
25,4,3,0.2,18,0.2,245,10,0.1,0,-2.88938811445391e-19
25,4,3,0.2,18,0.2,245,10,0.1,0,0
25,4,3,0.2,18,0.2,245,10,0.1,0,-0.0197810218165135
25,4,3,0.2,18,0.2,245,10,0.1,0,0.0420973768497227
25,4,3,0.2,18,0.2,245,10,0.1,0,0
25,4,3,0.2,18,0.2,245,10,0.1,0,0.00990225150318531
25,4,3,0.2,18,0.2,245,10,0.1,0,0.0424114240197277
25,4,3,0.2,18,0.2,245,10,0.1,0,-0.023814761914764
25,4,3,0.2,18,0.2,245,10,0.1,0,0
25,4,3,0.2,18,0.2,245,10,0.1,0,-0.00145346247609649
25,4,3,0.2,18,0.2,245,10,0.1,0,0.0152661134461456
25,4,3,0.2,18,0.2,245,10,0.1,0,0.052474732647653
25,4,3,0.2,18,0.2,245,10,0.1,0,0.175604225127763
25,4,3,0.2,18,0.2,245,10,0.1,0,0.0558581030186186
25,4,3,0.2,18,0.2,245,10,0.1,0,0
25,4,3,0.2,18,0.2,245,10,0.1,0,-0.22203633069487
25,4,3,0.2,18,0.2,245,10,0.1,0,-0.1571697264483
25,4,3,0.2,18,0.2,245,10,0.1,0,0
25,4,3,0.2,18,0.2,245,10,0.1,0,0.135924096868139
25,4,3,0.2,18,0.2,245,10,0.1,0,0.0248777592085369
25,4,3,0.2,18,0.2,245,10,0.1,0,-0.246530905853572
25,4,3,0.2,18,0.2,245,10,0.1,0,-0.0425644897226491
25,4,3,0.2,18,0.2,245,10,0.1,0,0.0255512727802739
25,4,3,0.2,18,0.2,245,10,0.1,0,0
25,4,3,0.2,18,0.2,245,10,0.1,0,0.262982643449836
25,4,3,0.2,18,0.2,245,10,0.1,0,0
25,4,3,0.2,18,0.2,245,10,0.1,0,-1.4797508998154
25,4,3,0.2,18,0.2,245,10,0.1,0,-6.18776097889939e-19
25,4,3,0.2,18,0.2,245,10,0.1,0,0.192892292093165
25,4,3,0.2,18,0.2,245,10,0.1,0,0
25,4,3,0.2,18,0.2,245,10,0.1,0,0.031578879666264
25,4,3,0.2,18,0.2,245,10,0.1,0,0.0102472788527243
25,4,3,0.2,18,0.2,245,10,0.1,0,0.0247900936600895
25,4,3,0.2,18,0.2,245,10,0.1,0,0.0125081807735234
25,4,3,0.2,18,0.2,245,10,0.1,0,-0.00854830141297091
25,4,3,0.2,18,0.2,245,10,0.1,0,0.0210883124490937
25,4,3,0.2,18,0.2,245,10,0.1,0,0.00643639414423351
25,4,3,0.2,18,0.2,245,10,0.1,0,1.23417230102869
25,4,3,0.2,18,0.2,245,10,0.1,0,0.0636972380304385
25,4,3,0.2,18,0.2,245,10,0.1,0,0.0622490945434386
25,4,3,0.2,18,0.2,245,10,0.1,0,-0.440562292222625
25,4,3,0.2,18,0.2,245,10,0.1,0,0
25,4,3,0.2,18,0.2,245,10,0.1,0,-0.00673119009842455
25,4,3,0.2,18,0.2,245,10,0.1,0,0
25,4,3,0.2,18,0.2,245,10,0.1,0,0.113726368901381
25,4,3,0.2,18,0.2,245,10,0.1,0,0.0199556648431469
25,4,3,0.2,18,0.2,245,10,0.1,0,-0.007744421902007
25,4,3,0.2,18,0.2,245,10,0.1,0,0.0213339650043855
25,4,3,0.2,18,0.2,245,10,0.1,0,0.355548990289871
25,4,3,0.2,18,0.2,245,10,0.1,0,0.0206652015729725
25,4,3,0.2,18,0.2,245,10,0.1,0,-1.08221402827769
25,4,3,0.2,18,0.2,245,10,0.1,0,1.37260432967567e-18
25,4,3,0.2,18,0.2,245,10,0.1,0,0
25,4,3,0.2,18,0.2,245,10,0.1,0,-0.100295313136238
25,4,3,0.2,18,0.2,245,10,0.1,0,-3.29150804894235e-18
25,4,3,0.2,18,0.2,245,10,0.1,0,-0.156870657886453
25,4,3,0.2,18,0.2,245,10,0.1,0,-0.205935491234265
25,4,3,0.2,18,0.2,245,10,0.1,0,0
25,4,3,0.2,18,0.2,245,10,0.1,0,0
25,4,3,0.2,18,0.2,245,10,0.1,0,0.0203120635484171
25,4,3,0.2,18,0.2,245,10,0.1,0,0.0282534842793066
25,4,3,0.2,18,0.2,245,10,0.1,0,0
25,4,3,0.2,18,0.2,245,10,0.1,0,-0.113158855915644
25,4,3,0.2,18,0.2,245,10,0.1,0,0
25,4,3,0.2,18,0.2,245,10,0.1,0,0
25,4,3,0.2,18,0.2,245,10,0.1,0,0.0193392843077841
25,4,4,0.2,23,0.2,294,10,0.1,1,1.26831197003456e-20
25,4,4,0.2,23,0.2,294,10,0.1,1,0
25,4,4,0.2,23,0.2,294,10,0.1,1,0
25,4,4,0.2,23,0.2,294,10,0.1,1,0
25,4,4,0.2,23,0.2,294,10,0.1,1,0
25,4,4,0.2,23,0.2,294,10,0.1,1,0
25,4,4,0.2,23,0.2,294,10,0.1,1,0.888481848791873
25,4,4,0.2,23,0.2,294,10,0.1,1,-0.987900696408844
25,4,4,0.2,23,0.2,294,10,0.1,1,0.781806639824821
25,4,4,0.2,23,0.2,294,10,0.1,1,0
25,4,4,0.2,23,0.2,294,10,0.1,1,0.945301013453689
25,4,4,0.2,23,0.2,294,10,0.1,1,-0.123914312214898
25,4,4,0.2,23,0.2,294,10,0.1,1,0
25,4,4,0.2,23,0.2,294,10,0.1,1,1.69546267586316e-16
25,4,4,0.2,23,0.2,294,10,0.1,1,0
25,4,4,0.2,23,0.2,294,10,0.1,1,0
25,4,4,0.2,23,0.2,294,10,0.1,1,0.0628385949244174
25,4,4,0.2,23,0.2,294,10,0.1,1,0
25,4,4,0.2,23,0.2,294,10,0.1,1,-0.308707147461927
25,4,4,0.2,23,0.2,294,10,0.1,1,0
25,4,4,0.2,23,0.2,294,10,0.1,1,0
25,4,4,0.2,23,0.2,294,10,0.1,1,0
25,4,4,0.2,23,0.2,294,10,0.1,1,0
25,4,4,0.2,23,0.2,294,10,0.1,0,-0.0952991429359801
25,4,4,0.2,23,0.2,294,10,0.1,0,0
25,4,4,0.2,23,0.2,294,10,0.1,0,-8.6713486178698e-15
25,4,4,0.2,23,0.2,294,10,0.1,0,-0.532423177207989
25,4,4,0.2,23,0.2,294,10,0.1,0,0
25,4,4,0.2,23,0.2,294,10,0.1,0,0.151633493768869
25,4,4,0.2,23,0.2,294,10,0.1,0,0.451171416420036
25,4,4,0.2,23,0.2,294,10,0.1,0,0
25,4,4,0.2,23,0.2,294,10,0.1,0,0.537830039254031
25,4,4,0.2,23,0.2,294,10,0.1,0,0
25,4,4,0.2,23,0.2,294,10,0.1,0,-0.381564300738149
25,4,4,0.2,23,0.2,294,10,0.1,0,0
25,4,4,0.2,23,0.2,294,10,0.1,0,0.692250743383039
25,4,4,0.2,23,0.2,294,10,0.1,0,0
25,4,4,0.2,23,0.2,294,10,0.1,0,0
25,4,4,0.2,23,0.2,294,10,0.1,0,0
25,4,4,0.2,23,0.2,294,10,0.1,0,0
25,4,4,0.2,23,0.2,294,10,0.1,0,0
25,4,4,0.2,23,0.2,294,10,0.1,0,0.152724466474604
25,4,4,0.2,23,0.2,294,10,0.1,0,0.147027393331638
25,4,4,0.2,23,0.2,294,10,0.1,0,0.132646413635312
25,4,4,0.2,23,0.2,294,10,0.1,0,-0.457654182756492
25,4,4,0.2,23,0.2,294,10,0.1,0,0.214063421415211
25,4,4,0.2,23,0.2,294,10,0.1,0,0.175417754237945
25,4,4,0.2,23,0.2,294,10,0.1,0,-9.56996990177467e-11
25,4,4,0.2,23,0.2,294,10,0.1,0,0.28870239273324
25,4,4,0.2,23,0.2,294,10,0.1,0,0.0609407438685566
25,4,4,0.2,23,0.2,294,10,0.1,0,0.150158017751589
25,4,4,0.2,23,0.2,294,10,0.1,0,0.215900118872171
25,4,4,0.2,23,0.2,294,10,0.1,0,0
25,4,4,0.2,23,0.2,294,10,0.1,0,0.481200932385128
25,4,4,0.2,23,0.2,294,10,0.1,0,0
25,4,4,0.2,23,0.2,294,10,0.1,0,1.57642099076481
25,4,4,0.2,23,0.2,294,10,0.1,0,-2.21076139898304e-15
25,4,4,0.2,23,0.2,294,10,0.1,0,1.23146037155449
25,4,4,0.2,23,0.2,294,10,0.1,0,-5.97738507493584e-15
25,4,4,0.2,23,0.2,294,10,0.1,0,-0.264285138480097
25,4,4,0.2,23,0.2,294,10,0.1,0,0.249975117058509
25,4,4,0.2,23,0.2,294,10,0.1,0,1.23449903048507
25,4,4,0.2,23,0.2,294,10,0.1,0,0.0766969839814314
25,4,4,0.2,23,0.2,294,10,0.1,0,7.01784613667862e-15
25,4,4,0.2,23,0.2,294,10,0.1,0,-4.45282137306716e-11
25,4,4,0.2,23,0.2,294,10,0.1,0,0.0695415299951976
25,4,4,0.2,23,0.2,294,10,0.1,0,0.000864629528333267
25,4,4,0.2,23,0.2,294,10,0.1,0,-0.0284243160795994
25,4,4,0.2,23,0.2,294,10,0.1,0,0.115575930571918
25,4,4,0.2,23,0.2,294,10,0.1,0,1.15685371440341e-20
25,4,4,0.2,23,0.2,294,10,0.1,0,-8.06042463578e-17
25,4,4,0.2,23,0.2,294,10,0.1,0,0
25,4,4,0.2,23,0.2,294,10,0.1,0,0
25,4,4,0.2,23,0.2,294,10,0.1,0,0
25,4,4,0.2,23,0.2,294,10,0.1,0,0
25,4,4,0.2,23,0.2,294,10,0.1,0,-0.79675134494365
25,4,4,0.2,23,0.2,294,10,0.1,0,0
25,4,4,0.2,23,0.2,294,10,0.1,0,-0.373652612668007
25,4,4,0.2,23,0.2,294,10,0.1,0,-0.270036662065653
25,4,4,0.2,23,0.2,294,10,0.1,0,-1.35160726674085
25,4,4,0.2,23,0.2,294,10,0.1,0,0.447795177332136
25,4,4,0.2,23,0.2,294,10,0.1,0,-0.306159006260081
25,4,4,0.2,23,0.2,294,10,0.1,0,8.764518000993e-15
25,4,4,0.2,23,0.2,294,10,0.1,0,-0.270156357282018
25,4,4,0.2,23,0.2,294,10,0.1,0,1.5726802100348
25,4,4,0.2,23,0.2,294,10,0.1,0,1.42459581183873
25,4,4,0.2,23,0.2,294,10,0.1,0,-0.116290437916034
25,4,4,0.2,23,0.2,294,10,0.1,0,0.0485543081609754
25,4,4,0.2,23,0.2,294,10,0.1,0,0
25,4,4,0.2,23,0.2,294,10,0.1,0,0
25,4,4,0.2,23,0.2,294,10,0.1,0,-1.13485084632437e-13
25,4,4,0.2,23,0.2,294,10,0.1,0,-0.332177963762722
25,4,4,0.2,23,0.2,294,10,0.1,0,-0.167632023913305
25,4,4,0.2,23,0.2,294,10,0.1,0,1.09198799978662e-11
25,4,4,0.2,23,0.2,294,10,0.1,0,0
25,4,4,0.2,23,0.2,294,10,0.1,0,0
25,4,4,0.2,23,0.2,294,10,0.1,0,0.304013483906017
25,4,4,0.2,23,0.2,294,10,0.1,0,0
25,4,4,0.2,23,0.2,294,10,0.1,0,0
25,4,4,0.2,23,0.2,294,10,0.1,0,-0.112711030772709
25,4,4,0.2,23,0.2,294,10,0.1,0,0
25,4,4,0.2,23,0.2,294,10,0.1,0,0.779466566281359
25,4,4,0.2,23,0.2,294,10,0.1,0,4.52747868527877e-11
25,4,4,0.2,23,0.2,294,10,0.1,0,0
25,4,4,0.2,23,0.2,294,10,0.1,0,0.0606133376470648
25,4,4,0.2,23,0.2,294,10,0.1,0,-0.017883399849286
25,4,4,0.2,23,0.2,294,10,0.1,0,-6.73321908268515e-14
25,4,4,0.2,23,0.2,294,10,0.1,0,-1.4307602727101
25,4,4,0.2,23,0.2,294,10,0.1,0,0
25,4,4,0.2,23,0.2,294,10,0.1,0,-0.240347598022917
25,4,4,0.2,23,0.2,294,10,0.1,0,0.0123629897408814
25,4,4,0.2,23,0.2,294,10,0.1,0,0
25,4,4,0.2,23,0.2,294,10,0.1,0,5.27815939998126e-10
25,4,4,0.2,23,0.2,294,10,0.1,0,-0.166076353829554
25,4,4,0.2,23,0.2,294,10,0.1,0,0.308733597779823
25,4,4,0.2,23,0.2,294,10,0.1,0,-1.48739276959985
25,4,4,0.2,23,0.2,294,10,0.1,0,0
25,4,4,0.2,23,0.2,294,10,0.1,0,-0.704072010562505
25,4,4,0.2,23,0.2,294,10,0.1,0,-1.35218142533519
25,4,4,0.2,23,0.2,294,10,0.1,0,0.380853314701601
25,4,4,0.2,23,0.2,294,10,0.1,0,0.871166686288397
25,4,4,0.2,23,0.2,294,10,0.1,0,3.84258550181347e-10
25,4,4,0.2,23,0.2,294,10,0.1,0,-0.235446936642329
25,4,4,0.2,23,0.2,294,10,0.1,0,0
25,4,4,0.2,23,0.2,294,10,0.1,0,-0.029089985064035
25,4,4,0.2,23,0.2,294,10,0.1,0,0
25,4,4,0.2,23,0.2,294,10,0.1,0,0
25,4,4,0.2,23,0.2,294,10,0.1,0,0.0173444836318104
25,4,4,0.2,23,0.2,294,10,0.1,0,-0.552592400012805
25,4,4,0.2,23,0.2,294,10,0.1,0,2.05610831114801
25,4,4,0.2,23,0.2,294,10,0.1,0,1.3593515569253
25,4,4,0.2,23,0.2,294,10,0.1,0,0
25,4,4,0.2,23,0.2,294,10,0.1,0,1.901901442098e-16
25,4,4,0.2,23,0.2,294,10,0.1,0,-1.67049174591277e-16
25,4,4,0.2,23,0.2,294,10,0.1,0,-4.0034266030906e-10
25,4,4,0.2,23,0.2,294,10,0.1,0,-0.940698188936224
25,4,4,0.2,23,0.2,294,10,0.1,0,0.0285102526288467
25,4,4,0.2,23,0.2,294,10,0.1,0,0
25,4,4,0.2,23,0.2,294,10,0.1,0,-0.508170593911228
25,4,4,0.2,23,0.2,294,10,0.1,0,0.169600335413659
25,4,4,0.2,23,0.2,294,10,0.1,0,-0.0315449864410504
25,4,4,0.2,23,0.2,294,10,0.1,0,8.04373603006459e-11
25,4,4,0.2,23,0.2,294,10,0.1,0,0.372728810268743
25,4,4,0.2,23,0.2,294,10,0.1,0,-4.15375394082272e-15
25,4,4,0.2,23,0.2,294,10,0.1,0,1.06200979402067
25,4,4,0.2,23,0.2,294,10,0.1,0,0
25,4,4,0.2,23,0.2,294,10,0.1,0,0
25,4,4,0.2,23,0.2,294,10,0.1,0,0
25,4,4,0.2,23,0.2,294,10,0.1,0,-0.206501678532981
25,4,4,0.2,23,0.2,294,10,0.1,0,-0.464086772203193
25,4,4,0.2,23,0.2,294,10,0.1,0,-1.60000406767441
25,4,4,0.2,23,0.2,294,10,0.1,0,0.6778264525898
25,4,4,0.2,23,0.2,294,10,0.1,0,-0.0872771133103956
25,4,4,0.2,23,0.2,294,10,0.1,0,0
25,4,4,0.2,23,0.2,294,10,0.1,0,-0.209346362801288
25,4,4,0.2,23,0.2,294,10,0.1,0,-0.186146203316686
25,4,4,0.2,23,0.2,294,10,0.1,0,0.110354275398765
25,4,4,0.2,23,0.2,294,10,0.1,0,0
25,4,4,0.2,23,0.2,294,10,0.1,0,-0.205422217027785
25,4,4,0.2,23,0.2,294,10,0.1,0,0.0377752786591292
25,4,4,0.2,23,0.2,294,10,0.1,0,-0.132793199481436
25,4,4,0.2,23,0.2,294,10,0.1,0,0
25,4,4,0.2,23,0.2,294,10,0.1,0,2.3684163250125e-21
25,4,4,0.2,23,0.2,294,10,0.1,0,-5.20944881109807e-20
25,4,4,0.2,23,0.2,294,10,0.1,0,-2.07954848926626
25,4,4,0.2,23,0.2,294,10,0.1,0,-1.57718898721507
25,4,4,0.2,23,0.2,294,10,0.1,0,4.07982147246492e-20
25,4,4,0.2,23,0.2,294,10,0.1,0,0.0170373775012799
25,4,4,0.2,23,0.2,294,10,0.1,0,-0.113814169336079
25,4,4,0.2,23,0.2,294,10,0.1,0,0.431701224986772
25,4,4,0.2,23,0.2,294,10,0.1,0,0.818771065040545
25,4,4,0.2,23,0.2,294,10,0.1,0,0.00625739031991815
25,4,4,0.2,23,0.2,294,10,0.1,0,0.232987349962327
25,4,4,0.2,23,0.2,294,10,0.1,0,0
25,4,4,0.2,23,0.2,294,10,0.1,0,-3.13110568937549
25,4,4,0.2,23,0.2,294,10,0.1,0,1.56476271283066
25,4,4,0.2,23,0.2,294,10,0.1,0,0
25,4,4,0.2,23,0.2,294,10,0.1,0,0.232930445966688
25,4,4,0.2,23,0.2,294,10,0.1,0,-0.575782414140148
25,4,4,0.2,23,0.2,294,10,0.1,0,0.191915144206834
25,4,4,0.2,23,0.2,294,10,0.1,0,0
25,4,4,0.2,23,0.2,294,10,0.1,0,0.219232160158882
25,4,4,0.2,23,0.2,294,10,0.1,0,0.068006857393706
25,4,4,0.2,23,0.2,294,10,0.1,0,-0.0907050513795991
25,4,4,0.2,23,0.2,294,10,0.1,0,0.1284708249827
25,4,4,0.2,23,0.2,294,10,0.1,0,0
25,4,4,0.2,23,0.2,294,10,0.1,0,2.36794323085648e-15
25,4,4,0.2,23,0.2,294,10,0.1,0,0
25,4,4,0.2,23,0.2,294,10,0.1,0,0.0427336697749718
25,4,4,0.2,23,0.2,294,10,0.1,0,-4.48024114416457e-20
25,4,4,0.2,23,0.2,294,10,0.1,0,2.8528835839023e-11
25,4,4,0.2,23,0.2,294,10,0.1,0,0
25,4,4,0.2,23,0.2,294,10,0.1,0,-2.01772898420617e-09
25,4,4,0.2,23,0.2,294,10,0.1,0,0
25,4,4,0.2,23,0.2,294,10,0.1,0,-2.80811817546467e-10
25,4,4,0.2,23,0.2,294,10,0.1,0,-5.54602797527028
25,4,4,0.2,23,0.2,294,10,0.1,0,-1.08667009437122e-15
25,4,4,0.2,23,0.2,294,10,0.1,0,1.68837880683995
25,4,4,0.2,23,0.2,294,10,0.1,0,-0.552776729415597
25,4,4,0.2,23,0.2,294,10,0.1,0,0.29906611978032
25,4,4,0.2,23,0.2,294,10,0.1,0,0.854166279720081
25,4,4,0.2,23,0.2,294,10,0.1,0,-2.08746186606046e-11
25,4,4,0.2,23,0.2,294,10,0.1,0,-0.809317492973348
25,4,4,0.2,23,0.2,294,10,0.1,0,3.97374126805183
25,4,4,0.2,23,0.2,294,10,0.1,0,0
25,4,4,0.2,23,0.2,294,10,0.1,0,-3.0033377867493e-10
25,4,4,0.2,23,0.2,294,10,0.1,0,-0.161614646008117
25,4,4,0.2,23,0.2,294,10,0.1,0,3.17021753353706e-21
25,4,4,0.2,23,0.2,294,10,0.1,0,0
25,4,4,0.2,23,0.2,294,10,0.1,0,-0.0557526497571751
25,4,4,0.2,23,0.2,294,10,0.1,0,0
25,4,4,0.2,23,0.2,294,10,0.1,0,2.22791682245728e-20
25,4,4,0.2,23,0.2,294,10,0.1,0,0
25,4,4,0.2,23,0.2,294,10,0.1,0,0
25,4,4,0.2,23,0.2,294,10,0.1,0,-4.59346968168825e-11
25,4,4,0.2,23,0.2,294,10,0.1,0,0.2894832243913
25,4,4,0.2,23,0.2,294,10,0.1,0,-0.229264340545025
25,4,4,0.2,23,0.2,294,10,0.1,0,0
25,4,4,0.2,23,0.2,294,10,0.1,0,0
25,4,4,0.2,23,0.2,294,10,0.1,0,0
25,4,4,0.2,23,0.2,294,10,0.1,0,-2.24176189559016
25,4,4,0.2,23,0.2,294,10,0.1,0,0.811480146165936
25,4,4,0.2,23,0.2,294,10,0.1,0,-0.100330042766804
25,4,4,0.2,23,0.2,294,10,0.1,0,-9.41160507534891e-11
25,4,4,0.2,23,0.2,294,10,0.1,0,-0.0958211858654477
25,4,4,0.2,23,0.2,294,10,0.1,0,0.201850270604409
25,4,4,0.2,23,0.2,294,10,0.1,0,2.02177454238878
25,4,4,0.2,23,0.2,294,10,0.1,0,-1.61665481281688
25,4,4,0.2,23,0.2,294,10,0.1,0,0.229647690369804
25,4,4,0.2,23,0.2,294,10,0.1,0,1.24828419738744
25,4,4,0.2,23,0.2,294,10,0.1,0,-1.39133980481484e-10
25,4,4,0.2,23,0.2,294,10,0.1,0,0
25,4,4,0.2,23,0.2,294,10,0.1,0,-0.476497746634465
25,4,4,0.2,23,0.2,294,10,0.1,0,0.526138990713217
25,4,4,0.2,23,0.2,294,10,0.1,0,0.678770650707833
25,4,4,0.2,23,0.2,294,10,0.1,0,0
25,4,4,0.2,23,0.2,294,10,0.1,0,0
25,4,4,0.2,23,0.2,294,10,0.1,0,1.39066853272746
25,4,4,0.2,23,0.2,294,10,0.1,0,-0.289295178092192
25,4,4,0.2,23,0.2,294,10,0.1,0,1.19201373702452e-16
25,4,4,0.2,23,0.2,294,10,0.1,0,1.61954377376136e-20
25,4,4,0.2,23,0.2,294,10,0.1,0,-0.195772382419178
25,4,4,0.2,23,0.2,294,10,0.1,0,0.331947172120179
25,4,4,0.2,23,0.2,294,10,0.1,0,0
25,4,4,0.2,23,0.2,294,10,0.1,0,-1.97672921204004
25,4,4,0.2,23,0.2,294,10,0.1,0,0
25,4,4,0.2,23,0.2,294,10,0.1,0,-0.201557433705737
25,4,4,0.2,23,0.2,294,10,0.1,0,-1.09307920863827e-20
25,4,4,0.2,23,0.2,294,10,0.1,0,1.99730763929784
25,4,4,0.2,23,0.2,294,10,0.1,0,-0.475087251790052
25,4,4,0.2,23,0.2,294,10,0.1,0,0.432266537285163
25,4,4,0.2,23,0.2,294,10,0.1,0,0.478716426582074
25,4,4,0.2,23,0.2,294,10,0.1,0,-0.399160937858902
25,4,4,0.2,23,0.2,294,10,0.1,0,-1.07386877385079
25,4,4,0.2,23,0.2,294,10,0.1,0,-0.0408918398536802
25,4,4,0.2,23,0.2,294,10,0.1,0,-0.397871175284728
25,4,4,0.2,23,0.2,294,10,0.1,0,-1.96792593996584e-20
25,4,4,0.2,23,0.2,294,10,0.1,0,-0.323233701437116
25,4,4,0.2,23,0.2,294,10,0.1,0,1.50962914663075e-16
25,4,4,0.2,23,0.2,294,10,0.1,0,5.29863313121809
25,4,4,0.2,23,0.2,294,10,0.1,0,-0.973360835732482
25,4,4,0.2,23,0.2,294,10,0.1,0,-2.96322756095203e-20
25,4,4,0.2,23,0.2,294,10,0.1,0,-0.543978663153309
25,4,4,0.2,23,0.2,294,10,0.1,0,0
25,4,4,0.2,23,0.2,294,10,0.1,0,-0.033941133692368
25,4,4,0.2,23,0.2,294,10,0.1,0,6.47344984115358e-17
25,4,4,0.2,23,0.2,294,10,0.1,0,0.466138779484252
25,4,4,0.2,23,0.2,294,10,0.1,0,0
25,4,4,0.2,23,0.2,294,10,0.1,0,1.61604875153599e-34
25,4,4,0.2,23,0.2,294,10,0.1,0,0
25,4,4,0.2,23,0.2,294,10,0.1,0,0
25,4,4,0.2,23,0.2,294,10,0.1,0,6.33821968286226e-21
25,4,4,0.2,23,0.2,294,10,0.1,0,-0.484584826997788
25,4,4,0.2,23,0.2,294,10,0.1,0,0
25,4,4,0.2,23,0.2,294,10,0.1,0,0.675542113566319
25,4,4,0.2,23,0.2,294,10,0.1,0,-5.73913742079457e-11
25,4,4,0.2,23,0.2,294,10,0.1,0,0
25,4,4,0.2,23,0.2,294,10,0.1,0,-1.09408701507327
25,4,4,0.2,23,0.2,294,10,0.1,0,0.195589649516483
25,4,4,0.2,23,0.2,294,10,0.1,0,-0.514651425438395
25,4,4,0.2,23,0.2,294,10,0.1,0,-0.0687032339732148
25,4,4,0.2,23,0.2,294,10,0.1,0,-4.50696571238787e-17
25,4,4,0.2,23,0.2,294,10,0.1,0,0
25,4,4,0.2,23,0.2,294,10,0.1,0,0.274508788764903
25,4,4,0.2,23,0.2,294,10,0.1,0,0
25,4,4,0.2,23,0.2,294,10,0.1,0,0
25,4,4,0.2,23,0.2,294,10,0.1,0,-1.13043323880358e-10
25,4,4,0.2,23,0.2,294,10,0.1,0,0.242212427377918
25,4,4,0.2,23,0.2,294,10,0.1,0,4.54280301956043
25,4,4,0.2,23,0.2,294,10,0.1,0,0.0159831850762368
25,4,4,0.2,23,0.2,294,10,0.1,0,0
25,4,4,0.2,23,0.2,294,10,0.1,0,-0.872313818545334
25,4,4,0.2,23,0.2,294,10,0.1,0,1.08399505789444
25,4,4,0.2,23,0.2,294,10,0.1,0,-0.108534111392424
25,4,4,0.2,23,0.2,294,10,0.1,0,-0.0866904475014516
25,4,4,0.2,23,0.2,294,10,0.1,0,0.712737435439624
25,4,4,0.2,23,0.2,294,10,0.1,0,2.28105756719107e-15
25,4,4,0.2,23,0.2,294,10,0.1,0,1.33172825402397e-20
25,4,4,0.2,23,0.2,294,10,0.1,0,-1.21984924175693
25,4,4,0.2,23,0.2,294,10,0.1,0,0
25,4,4,0.2,23,0.2,294,10,0.1,0,-1.93389323333765e-16
25,4,4,0.2,23,0.2,294,10,0.1,0,1.57158406932593e-20
25,4,4,0.2,23,0.2,294,10,0.1,0,-1.60493114587008
25,4,4,0.2,23,0.2,294,10,0.1,0,-1.35829554443144e-14
25,4,4,0.2,23,0.2,294,10,0.1,0,0.0518573204326141
25,4,4,0.2,23,0.2,294,10,0.1,0,-0.0540025732118152
25,4,4,0.2,23,0.2,294,10,0.1,0,0.104943276366959
25,4,4,0.2,23,0.2,294,10,0.1,0,0
25,4,4,0.2,23,0.2,294,10,0.1,0,1.96402886114761
25,4,4,0.2,23,0.2,294,10,0.1,0,0.440593047239791
25,4,4,0.2,23,0.2,294,10,0.1,0,1.88750126518335
25,4,4,0.2,23,0.2,294,10,0.1,0,0.453370865234823
25,4,4,0.2,23,0.2,294,10,0.1,0,0.0488257837868381
25,4,4,0.2,23,0.2,294,10,0.1,0,-0.062004469804018
25,4,4,0.2,23,0.2,294,10,0.1,0,-1.90613589001748
25,4,4,0.2,23,0.2,294,10,0.1,0,1.69351344760488e-20
25,4,4,0.2,23,0.2,294,10,0.1,0,0.117719282924639
25,4,5,0.2,35,0.2,414,10,0.1,1,0
25,4,5,0.2,35,0.2,414,10,0.1,1,0.0287775255479824
25,4,5,0.2,35,0.2,414,10,0.1,1,0.104494262407388
25,4,5,0.2,35,0.2,414,10,0.1,1,0.292716587186266
25,4,5,0.2,35,0.2,414,10,0.1,1,0
25,4,5,0.2,35,0.2,414,10,0.1,1,1.33652483249324
25,4,5,0.2,35,0.2,414,10,0.1,1,0.340510662339318
25,4,5,0.2,35,0.2,414,10,0.1,1,0.026405097815405
25,4,5,0.2,35,0.2,414,10,0.1,1,0.439539343215442
25,4,5,0.2,35,0.2,414,10,0.1,1,1.95830428234372
25,4,5,0.2,35,0.2,414,10,0.1,1,-0.0455850479329767
25,4,5,0.2,35,0.2,414,10,0.1,1,-2.89094097125063
25,4,5,0.2,35,0.2,414,10,0.1,1,1.1481831047518
25,4,5,0.2,35,0.2,414,10,0.1,1,0.585312579748166
25,4,5,0.2,35,0.2,414,10,0.1,1,-2.0706363613894
25,4,5,0.2,35,0.2,414,10,0.1,1,0.390186392780149
25,4,5,0.2,35,0.2,414,10,0.1,1,1.38979920311959
25,4,5,0.2,35,0.2,414,10,0.1,1,-4.59345042817483e-17
25,4,5,0.2,35,0.2,414,10,0.1,1,0
25,4,5,0.2,35,0.2,414,10,0.1,1,0.152523516956206
25,4,5,0.2,35,0.2,414,10,0.1,1,-0.0631964898211878
25,4,5,0.2,35,0.2,414,10,0.1,1,0
25,4,5,0.2,35,0.2,414,10,0.1,1,0.0529486762803343
25,4,5,0.2,35,0.2,414,10,0.1,1,0.0491265033112018
25,4,5,0.2,35,0.2,414,10,0.1,1,0
25,4,5,0.2,35,0.2,414,10,0.1,1,0
25,4,5,0.2,35,0.2,414,10,0.1,1,0.241063920690535
25,4,5,0.2,35,0.2,414,10,0.1,1,5.82791568052317e-21
25,4,5,0.2,35,0.2,414,10,0.1,1,8.68869667679619e-10
25,4,5,0.2,35,0.2,414,10,0.1,1,0.00400548733978593
25,4,5,0.2,35,0.2,414,10,0.1,1,0.0300698170100691
25,4,5,0.2,35,0.2,414,10,0.1,1,-1.77449487739543
25,4,5,0.2,35,0.2,414,10,0.1,1,-2.42015724498022
25,4,5,0.2,35,0.2,414,10,0.1,1,-0.811937064799563
25,4,5,0.2,35,0.2,414,10,0.1,1,-3.87237640455365e-20
25,4,5,0.2,35,0.2,414,10,0.1,0,0.0649411402696647
25,4,5,0.2,35,0.2,414,10,0.1,0,0.0461854698926843
25,4,5,0.2,35,0.2,414,10,0.1,0,-0.0626853027746669
25,4,5,0.2,35,0.2,414,10,0.1,0,-0.759986154704216
25,4,5,0.2,35,0.2,414,10,0.1,0,-4.51523761181269e-09
25,4,5,0.2,35,0.2,414,10,0.1,0,-0.46171266393506
25,4,5,0.2,35,0.2,414,10,0.1,0,0
25,4,5,0.2,35,0.2,414,10,0.1,0,-0.721261572460628
25,4,5,0.2,35,0.2,414,10,0.1,0,0.0124407399905648
25,4,5,0.2,35,0.2,414,10,0.1,0,-0.0434422645247463
25,4,5,0.2,35,0.2,414,10,0.1,0,0
25,4,5,0.2,35,0.2,414,10,0.1,0,0.0504547907787917
25,4,5,0.2,35,0.2,414,10,0.1,0,-0.0195561030558257
25,4,5,0.2,35,0.2,414,10,0.1,0,0.00482348220073425
25,4,5,0.2,35,0.2,414,10,0.1,0,-4.09400127081359
25,4,5,0.2,35,0.2,414,10,0.1,0,0.23052939911593
25,4,5,0.2,35,0.2,414,10,0.1,0,-0.0182339273106242
25,4,5,0.2,35,0.2,414,10,0.1,0,0
25,4,5,0.2,35,0.2,414,10,0.1,0,3.49793560809623e-10
25,4,5,0.2,35,0.2,414,10,0.1,0,0.472166457239599
25,4,5,0.2,35,0.2,414,10,0.1,0,-0.158851625779782
25,4,5,0.2,35,0.2,414,10,0.1,0,1.76503084648835
25,4,5,0.2,35,0.2,414,10,0.1,0,0.00234146429920065
25,4,5,0.2,35,0.2,414,10,0.1,0,-0.598121896648005
25,4,5,0.2,35,0.2,414,10,0.1,0,0.214053248602488
25,4,5,0.2,35,0.2,414,10,0.1,0,0.0396720279153697
25,4,5,0.2,35,0.2,414,10,0.1,0,0.0054326379539932
25,4,5,0.2,35,0.2,414,10,0.1,0,-0.1371565984816
25,4,5,0.2,35,0.2,414,10,0.1,0,-0.0239237730967858
25,4,5,0.2,35,0.2,414,10,0.1,0,0.0189964251420819
25,4,5,0.2,35,0.2,414,10,0.1,0,0.265548839403313
25,4,5,0.2,35,0.2,414,10,0.1,0,0
25,4,5,0.2,35,0.2,414,10,0.1,0,1.32001619233917e-09
25,4,5,0.2,35,0.2,414,10,0.1,0,0.00884183918182833
25,4,5,0.2,35,0.2,414,10,0.1,0,-0.0156413129991613
25,4,5,0.2,35,0.2,414,10,0.1,0,0
25,4,5,0.2,35,0.2,414,10,0.1,0,0.0299561154540631
25,4,5,0.2,35,0.2,414,10,0.1,0,-0.0709813676158566
25,4,5,0.2,35,0.2,414,10,0.1,0,0.528380758525707
25,4,5,0.2,35,0.2,414,10,0.1,0,0.0338415190554034
25,4,5,0.2,35,0.2,414,10,0.1,0,0
25,4,5,0.2,35,0.2,414,10,0.1,0,0
25,4,5,0.2,35,0.2,414,10,0.1,0,0.032013644759962
25,4,5,0.2,35,0.2,414,10,0.1,0,-1.11632187479955
25,4,5,0.2,35,0.2,414,10,0.1,0,-0.096886006971827
25,4,5,0.2,35,0.2,414,10,0.1,0,-0.0448573313197426
25,4,5,0.2,35,0.2,414,10,0.1,0,2.03496385675916e-16
25,4,5,0.2,35,0.2,414,10,0.1,0,-1.39416936487954
25,4,5,0.2,35,0.2,414,10,0.1,0,-0.0677007924255431
25,4,5,0.2,35,0.2,414,10,0.1,0,0.0278436565466585
25,4,5,0.2,35,0.2,414,10,0.1,0,-0.120818473837937
25,4,5,0.2,35,0.2,414,10,0.1,0,-0.481702225943425
25,4,5,0.2,35,0.2,414,10,0.1,0,-8.102772932662e-11
25,4,5,0.2,35,0.2,414,10,0.1,0,-0.170569977552348
25,4,5,0.2,35,0.2,414,10,0.1,0,0.06619228936425
25,4,5,0.2,35,0.2,414,10,0.1,0,1.13528155853164
25,4,5,0.2,35,0.2,414,10,0.1,0,-0.194242685712117
25,4,5,0.2,35,0.2,414,10,0.1,0,0.173909594438103
25,4,5,0.2,35,0.2,414,10,0.1,0,0.0219945231116802
25,4,5,0.2,35,0.2,414,10,0.1,0,0.0215847653996067
25,4,5,0.2,35,0.2,414,10,0.1,0,0.00467055257756301
25,4,5,0.2,35,0.2,414,10,0.1,0,0.434450444680814
25,4,5,0.2,35,0.2,414,10,0.1,0,0.00612620463358663
25,4,5,0.2,35,0.2,414,10,0.1,0,0.501101316582451
25,4,5,0.2,35,0.2,414,10,0.1,0,-0.0799984785391726
25,4,5,0.2,35,0.2,414,10,0.1,0,0.97257471920182
25,4,5,0.2,35,0.2,414,10,0.1,0,0.0552481546226323
25,4,5,0.2,35,0.2,414,10,0.1,0,0.217396182284119
25,4,5,0.2,35,0.2,414,10,0.1,0,-0.299078936761451
25,4,5,0.2,35,0.2,414,10,0.1,0,0.0392166705374396
25,4,5,0.2,35,0.2,414,10,0.1,0,0.0238650706767627
25,4,5,0.2,35,0.2,414,10,0.1,0,0.0461789784243634
25,4,5,0.2,35,0.2,414,10,0.1,0,-0.0749644547575469
25,4,5,0.2,35,0.2,414,10,0.1,0,-1.18423178853244e-20
25,4,5,0.2,35,0.2,414,10,0.1,0,-0.00239081864825729
25,4,5,0.2,35,0.2,414,10,0.1,0,0.0622416619442558
25,4,5,0.2,35,0.2,414,10,0.1,0,0
25,4,5,0.2,35,0.2,414,10,0.1,0,-0.0351009341797879
25,4,5,0.2,35,0.2,414,10,0.1,0,-0.163584863560405
25,4,5,0.2,35,0.2,414,10,0.1,0,0.0664569096756643
25,4,5,0.2,35,0.2,414,10,0.1,0,0.0147565305131306
25,4,5,0.2,35,0.2,414,10,0.1,0,-0.575791875948116
25,4,5,0.2,35,0.2,414,10,0.1,0,1.92285015995004
25,4,5,0.2,35,0.2,414,10,0.1,0,-0.0045630294411658
25,4,5,0.2,35,0.2,414,10,0.1,0,-0.0923478412749622
25,4,5,0.2,35,0.2,414,10,0.1,0,-0.172226010140906
25,4,5,0.2,35,0.2,414,10,0.1,0,6.85441440627621e-19
25,4,5,0.2,35,0.2,414,10,0.1,0,0.0425279023331973
25,4,5,0.2,35,0.2,414,10,0.1,0,0.080996002059729
25,4,5,0.2,35,0.2,414,10,0.1,0,0.0163216623281831
25,4,5,0.2,35,0.2,414,10,0.1,0,0.172574830585775
25,4,5,0.2,35,0.2,414,10,0.1,0,-0.0643975591476229
25,4,5,0.2,35,0.2,414,10,0.1,0,0
25,4,5,0.2,35,0.2,414,10,0.1,0,-0.347718300720984
25,4,5,0.2,35,0.2,414,10,0.1,0,0.0739926166912088
25,4,5,0.2,35,0.2,414,10,0.1,0,-0.183996902781606
25,4,5,0.2,35,0.2,414,10,0.1,0,-0.0141023295525791
25,4,5,0.2,35,0.2,414,10,0.1,0,0.142145363946049
25,4,5,0.2,35,0.2,414,10,0.1,0,0.0806217943047019
25,4,5,0.2,35,0.2,414,10,0.1,0,-0.0147606456568813
25,4,5,0.2,35,0.2,414,10,0.1,0,-0.0244648458207111
25,4,5,0.2,35,0.2,414,10,0.1,0,-0.108701361355941
25,4,5,0.2,35,0.2,414,10,0.1,0,0
25,4,5,0.2,35,0.2,414,10,0.1,0,0
25,4,5,0.2,35,0.2,414,10,0.1,0,0.183749485102698
25,4,5,0.2,35,0.2,414,10,0.1,0,8.67163535145246e-09
25,4,5,0.2,35,0.2,414,10,0.1,0,-0.00211492648141434
25,4,5,0.2,35,0.2,414,10,0.1,0,8.4167501104851e-10
25,4,5,0.2,35,0.2,414,10,0.1,0,-0.000156230388829519
25,4,5,0.2,35,0.2,414,10,0.1,0,-0.0973601766386719
25,4,5,0.2,35,0.2,414,10,0.1,0,-0.225781357218614
25,4,5,0.2,35,0.2,414,10,0.1,0,0.015881732396868
25,4,5,0.2,35,0.2,414,10,0.1,0,0.324072757218566
25,4,5,0.2,35,0.2,414,10,0.1,0,-0.03393674971553
25,4,5,0.2,35,0.2,414,10,0.1,0,1.78978261010677
25,4,5,0.2,35,0.2,414,10,0.1,0,0.0148006591006563
25,4,5,0.2,35,0.2,414,10,0.1,0,0.0115216429138644
25,4,5,0.2,35,0.2,414,10,0.1,0,-0.101464697611964
25,4,5,0.2,35,0.2,414,10,0.1,0,-0.0913619768561225
25,4,5,0.2,35,0.2,414,10,0.1,0,-0.0409409698633625
25,4,5,0.2,35,0.2,414,10,0.1,0,0.0581300130784198
25,4,5,0.2,35,0.2,414,10,0.1,0,0.02025323295473
25,4,5,0.2,35,0.2,414,10,0.1,0,0.109890660764889
25,4,5,0.2,35,0.2,414,10,0.1,0,0
25,4,5,0.2,35,0.2,414,10,0.1,0,0.409361535116937
25,4,5,0.2,35,0.2,414,10,0.1,0,-1.41247746142694
25,4,5,0.2,35,0.2,414,10,0.1,0,0.0632012239230988
25,4,5,0.2,35,0.2,414,10,0.1,0,0.71216411579118
25,4,5,0.2,35,0.2,414,10,0.1,0,-0.477532240113091
25,4,5,0.2,35,0.2,414,10,0.1,0,-0.0871989392685339
25,4,5,0.2,35,0.2,414,10,0.1,0,-0.0114654211169797
25,4,5,0.2,35,0.2,414,10,0.1,0,-1.34964876205773e-09
25,4,5,0.2,35,0.2,414,10,0.1,0,0.0485073965226576
25,4,5,0.2,35,0.2,414,10,0.1,0,0
25,4,5,0.2,35,0.2,414,10,0.1,0,0.00746136072237982
25,4,5,0.2,35,0.2,414,10,0.1,0,-0.189182204790765
25,4,5,0.2,35,0.2,414,10,0.1,0,0.614848176880425
25,4,5,0.2,35,0.2,414,10,0.1,0,0.085734250306159
25,4,5,0.2,35,0.2,414,10,0.1,0,1.4647827387127e-09
25,4,5,0.2,35,0.2,414,10,0.1,0,-1.07460863658546
25,4,5,0.2,35,0.2,414,10,0.1,0,-0.131090167725853
25,4,5,0.2,35,0.2,414,10,0.1,0,-0.0262762881520019
25,4,5,0.2,35,0.2,414,10,0.1,0,0.0303578791434018
25,4,5,0.2,35,0.2,414,10,0.1,0,-0.0465937311137621
25,4,5,0.2,35,0.2,414,10,0.1,0,0.129151765846063
25,4,5,0.2,35,0.2,414,10,0.1,0,-0.291389078678204
25,4,5,0.2,35,0.2,414,10,0.1,0,0.332807388259735
25,4,5,0.2,35,0.2,414,10,0.1,0,0.0261004625473736
25,4,5,0.2,35,0.2,414,10,0.1,0,-0.520928453268681
25,4,5,0.2,35,0.2,414,10,0.1,0,5.43385194554878e-09
25,4,5,0.2,35,0.2,414,10,0.1,0,-0.115753854213227
25,4,5,0.2,35,0.2,414,10,0.1,0,1.83694828320194
25,4,5,0.2,35,0.2,414,10,0.1,0,0.845759568468104
25,4,5,0.2,35,0.2,414,10,0.1,0,-0.236891861839447
25,4,5,0.2,35,0.2,414,10,0.1,0,-0.949493674115129
25,4,5,0.2,35,0.2,414,10,0.1,0,-0.0356938811778631
25,4,5,0.2,35,0.2,414,10,0.1,0,0.0625627021290817
25,4,5,0.2,35,0.2,414,10,0.1,0,0
25,4,5,0.2,35,0.2,414,10,0.1,0,0.00955801234956866
25,4,5,0.2,35,0.2,414,10,0.1,0,-0.942563680594185
25,4,5,0.2,35,0.2,414,10,0.1,0,0.00541894662756016
25,4,5,0.2,35,0.2,414,10,0.1,0,-0.00395491375902393
25,4,5,0.2,35,0.2,414,10,0.1,0,-0.059257680863155
25,4,5,0.2,35,0.2,414,10,0.1,0,0.00254495553088646
25,4,5,0.2,35,0.2,414,10,0.1,0,-0.00966866414316207
25,4,5,0.2,35,0.2,414,10,0.1,0,0
25,4,5,0.2,35,0.2,414,10,0.1,0,-0.225999733564772
25,4,5,0.2,35,0.2,414,10,0.1,0,1.08701723590095
25,4,5,0.2,35,0.2,414,10,0.1,0,0.015816975086644
25,4,5,0.2,35,0.2,414,10,0.1,0,-0.0965102043151134
25,4,5,0.2,35,0.2,414,10,0.1,0,-0.221419804216409
25,4,5,0.2,35,0.2,414,10,0.1,0,0.205218579044467
25,4,5,0.2,35,0.2,414,10,0.1,0,-0.00675426670682648
25,4,5,0.2,35,0.2,414,10,0.1,0,0
25,4,5,0.2,35,0.2,414,10,0.1,0,1.63609788509738e-08
25,4,5,0.2,35,0.2,414,10,0.1,0,-0.588433203687607
25,4,5,0.2,35,0.2,414,10,0.1,0,0.191418417712273
25,4,5,0.2,35,0.2,414,10,0.1,0,0.360129166180999
25,4,5,0.2,35,0.2,414,10,0.1,0,0.590487373868594
25,4,5,0.2,35,0.2,414,10,0.1,0,-6.05809038772353e-17
25,4,5,0.2,35,0.2,414,10,0.1,0,-3.38256372132723
25,4,5,0.2,35,0.2,414,10,0.1,0,-0.0443258589045424
25,4,5,0.2,35,0.2,414,10,0.1,0,-5.27203709644086
25,4,5,0.2,35,0.2,414,10,0.1,0,-0.114478752774647
25,4,5,0.2,35,0.2,414,10,0.1,0,0.00624845676825223
25,4,5,0.2,35,0.2,414,10,0.1,0,0.0954146328661657
25,4,5,0.2,35,0.2,414,10,0.1,0,0.0730812765144607
25,4,5,0.2,35,0.2,414,10,0.1,0,3.61824885165302e-10
25,4,5,0.2,35,0.2,414,10,0.1,0,0.00510467739302845
25,4,5,0.2,35,0.2,414,10,0.1,0,1.41006868936983e-09
25,4,5,0.2,35,0.2,414,10,0.1,0,0.033164275777558
25,4,5,0.2,35,0.2,414,10,0.1,0,0.00877967935137885
25,4,5,0.2,35,0.2,414,10,0.1,0,-3.24009372480823e-09
25,4,5,0.2,35,0.2,414,10,0.1,0,0.00708032262268782
25,4,5,0.2,35,0.2,414,10,0.1,0,2.1206557997388
25,4,5,0.2,35,0.2,414,10,0.1,0,-0.00578789311598463
25,4,5,0.2,35,0.2,414,10,0.1,0,1.05240844551851
25,4,5,0.2,35,0.2,414,10,0.1,0,0.0848737872591447
25,4,5,0.2,35,0.2,414,10,0.1,0,-0.0519579952274263
25,4,5,0.2,35,0.2,414,10,0.1,0,0.0148000979366181
25,4,5,0.2,35,0.2,414,10,0.1,0,-0.223793956833022
25,4,5,0.2,35,0.2,414,10,0.1,0,-0.0232498853058929
25,4,5,0.2,35,0.2,414,10,0.1,0,-0.236314128703911
25,4,5,0.2,35,0.2,414,10,0.1,0,-0.00427483935213949
25,4,5,0.2,35,0.2,414,10,0.1,0,0.453835293160122
25,4,5,0.2,35,0.2,414,10,0.1,0,3.90399904774645
25,4,5,0.2,35,0.2,414,10,0.1,0,0.0025767462463598
25,4,5,0.2,35,0.2,414,10,0.1,0,0.980443845244164
25,4,5,0.2,35,0.2,414,10,0.1,0,0.0775620078829336
25,4,5,0.2,35,0.2,414,10,0.1,0,0.0247723327948186
25,4,5,0.2,35,0.2,414,10,0.1,0,-0.400046404992827
25,4,5,0.2,35,0.2,414,10,0.1,0,0.108375397037466
25,4,5,0.2,35,0.2,414,10,0.1,0,-0.0477806996227716
25,4,5,0.2,35,0.2,414,10,0.1,0,-0.0764460405185832
25,4,5,0.2,35,0.2,414,10,0.1,0,-0.239069031776229
25,4,5,0.2,35,0.2,414,10,0.1,0,-0.0374188186991981
25,4,5,0.2,35,0.2,414,10,0.1,0,0.535326722008835
25,4,5,0.2,35,0.2,414,10,0.1,0,0
25,4,5,0.2,35,0.2,414,10,0.1,0,-0.17827753821459
25,4,5,0.2,35,0.2,414,10,0.1,0,-2.90577584626703e-21
25,4,5,0.2,35,0.2,414,10,0.1,0,0.0703899563123581
25,4,5,0.2,35,0.2,414,10,0.1,0,0
25,4,5,0.2,35,0.2,414,10,0.1,0,0
25,4,5,0.2,35,0.2,414,10,0.1,0,0.0679905875232271
25,4,5,0.2,35,0.2,414,10,0.1,0,0.224258174580216
25,4,5,0.2,35,0.2,414,10,0.1,0,0.519294617840871
25,4,5,0.2,35,0.2,414,10,0.1,0,0.0129855323542279
25,4,5,0.2,35,0.2,414,10,0.1,0,-0.42300488934709
25,4,5,0.2,35,0.2,414,10,0.1,0,0.0349609781451625
25,4,5,0.2,35,0.2,414,10,0.1,0,0.0972337586264128
25,4,5,0.2,35,0.2,414,10,0.1,0,-3.83385054169312e-21
25,4,5,0.2,35,0.2,414,10,0.1,0,0.0223648810096062
25,4,5,0.2,35,0.2,414,10,0.1,0,1.87439611615541e-17
25,4,5,0.2,35,0.2,414,10,0.1,0,1.04070766910287
25,4,5,0.2,35,0.2,414,10,0.1,0,0.0898057302159392
25,4,5,0.2,35,0.2,414,10,0.1,0,-0.0092685389318869
25,4,5,0.2,35,0.2,414,10,0.1,0,1.00294143607439
25,4,5,0.2,35,0.2,414,10,0.1,0,0.379513802872969
25,4,5,0.2,35,0.2,414,10,0.1,0,-0.281314032559436
25,4,5,0.2,35,0.2,414,10,0.1,0,0
25,4,5,0.2,35,0.2,414,10,0.1,0,0.164665949593138
25,4,5,0.2,35,0.2,414,10,0.1,0,0.168843606890752
25,4,5,0.2,35,0.2,414,10,0.1,0,0.0140875418609111
25,4,5,0.2,35,0.2,414,10,0.1,0,0.009130102055094
25,4,5,0.2,35,0.2,414,10,0.1,0,-0.105971252533596
25,4,5,0.2,35,0.2,414,10,0.1,0,0.37922167326471
25,4,5,0.2,35,0.2,414,10,0.1,0,-0.157784039415358
25,4,5,0.2,35,0.2,414,10,0.1,0,-0.0616695071467541
25,4,5,0.2,35,0.2,414,10,0.1,0,0.0350177814445856
25,4,5,0.2,35,0.2,414,10,0.1,0,-0.0971897994785055
25,4,5,0.2,35,0.2,414,10,0.1,0,-0.838983280862642
25,4,5,0.2,35,0.2,414,10,0.1,0,-1.39107361633279e-16
25,4,5,0.2,35,0.2,414,10,0.1,0,-0.107132645418787
25,4,5,0.2,35,0.2,414,10,0.1,0,-0.106532893613365
25,4,5,0.2,35,0.2,414,10,0.1,0,-2.68605844840538e-10
25,4,5,0.2,35,0.2,414,10,0.1,0,0.0444117424137993
25,4,5,0.2,35,0.2,414,10,0.1,0,0.236405241834283
25,4,5,0.2,35,0.2,414,10,0.1,0,0.156425671172337
25,4,5,0.2,35,0.2,414,10,0.1,0,0.00996767504913286
25,4,5,0.2,35,0.2,414,10,0.1,0,-0.0408264765089961
25,4,5,0.2,35,0.2,414,10,0.1,0,5.67530249231816e-10
25,4,5,0.2,35,0.2,414,10,0.1,0,0.0256379155560222
25,4,5,0.2,35,0.2,414,10,0.1,0,-0.249718050819279
25,4,5,0.2,35,0.2,414,10,0.1,0,0.0106684205020605
25,4,5,0.2,35,0.2,414,10,0.1,0,0.020244090292018
25,4,5,0.2,35,0.2,414,10,0.1,0,0.0836356955804403
25,4,5,0.2,35,0.2,414,10,0.1,0,-0.176415798097722
25,4,5,0.2,35,0.2,414,10,0.1,0,0.141113486719152
25,4,5,0.2,35,0.2,414,10,0.1,0,-3.48682155156017e-21
25,4,5,0.2,35,0.2,414,10,0.1,0,0.00528011208698278
25,4,5,0.2,35,0.2,414,10,0.1,0,0
25,4,5,0.2,35,0.2,414,10,0.1,0,-4.0015560427082e-10
25,4,5,0.2,35,0.2,414,10,0.1,0,0.0129233668268594
25,4,5,0.2,35,0.2,414,10,0.1,0,3.07251063099232
25,4,5,0.2,35,0.2,414,10,0.1,0,0.0167993150034379
25,4,5,0.2,35,0.2,414,10,0.1,0,-4.45284841535965e-10
25,4,5,0.2,35,0.2,414,10,0.1,0,0.234753675350572
25,4,5,0.2,35,0.2,414,10,0.1,0,3.67646629947935e-09
25,4,5,0.2,35,0.2,414,10,0.1,0,0
25,4,5,0.2,35,0.2,414,10,0.1,0,0.47347056679417
25,4,5,0.2,35,0.2,414,10,0.1,0,0.0376535541117687
25,4,5,0.2,35,0.2,414,10,0.1,0,4.66888002901811e-20
25,4,5,0.2,35,0.2,414,10,0.1,0,-0.0656618666253383
25,4,5,0.2,35,0.2,414,10,0.1,0,-1.82027290042471
25,4,5,0.2,35,0.2,414,10,0.1,0,0.691068169510167
25,4,5,0.2,35,0.2,414,10,0.1,0,0.0039277055214992
25,4,5,0.2,35,0.2,414,10,0.1,0,4.62591655129484e-11
25,4,5,0.2,35,0.2,414,10,0.1,0,-0.0437844602915988
25,4,5,0.2,35,0.2,414,10,0.1,0,0.0235175343586791
25,4,5,0.2,35,0.2,414,10,0.1,0,-0.0740924096920384
25,4,5,0.2,35,0.2,414,10,0.1,0,1.45388285703963
25,4,5,0.2,35,0.2,414,10,0.1,0,0.0740400314912576
25,4,5,0.2,35,0.2,414,10,0.1,0,-0.0261163655022098
25,4,5,0.2,35,0.2,414,10,0.1,0,6.08561803237539e-17
25,4,5,0.2,35,0.2,414,10,0.1,0,0.303973953144577
25,4,5,0.2,35,0.2,414,10,0.1,0,-0.772152899621286
25,4,5,0.2,35,0.2,414,10,0.1,0,0.141148433081729
25,4,5,0.2,35,0.2,414,10,0.1,0,0
25,4,5,0.2,35,0.2,414,10,0.1,0,-0.108762283096869
25,4,5,0.2,35,0.2,414,10,0.1,0,1.76037715450176e-10
25,4,5,0.2,35,0.2,414,10,0.1,0,-0.601418558316471
25,4,5,0.2,35,0.2,414,10,0.1,0,0.0865183837806312
25,4,5,0.2,35,0.2,414,10,0.1,0,0.634519030696597
25,4,5,0.2,35,0.2,414,10,0.1,0,-0.187839477321731
25,4,5,0.2,35,0.2,414,10,0.1,0,0.181607530546744
25,4,5,0.2,35,0.2,414,10,0.1,0,0.262520624766512
25,4,5,0.2,35,0.2,414,10,0.1,0,-0.0884860643771139
25,4,5,0.2,35,0.2,414,10,0.1,0,0.0581073638504854
25,4,5,0.2,35,0.2,414,10,0.1,0,0.165090507326215
25,4,5,0.2,35,0.2,414,10,0.1,0,-4.83877149104473e-10
25,4,5,0.2,35,0.2,414,10,0.1,0,-0.0242019868155423
25,4,5,0.2,35,0.2,414,10,0.1,0,-0.0146368959598883
25,4,5,0.2,35,0.2,414,10,0.1,0,-0.019168569324019
25,4,5,0.2,35,0.2,414,10,0.1,0,1.22224727691936e-09
25,4,5,0.2,35,0.2,414,10,0.1,0,0.00338822568707666
25,4,5,0.2,35,0.2,414,10,0.1,0,-0.0359261530945131
25,4,5,0.2,35,0.2,414,10,0.1,0,0.041438306543631
25,4,5,0.2,35,0.2,414,10,0.1,0,0.0878558076201451
25,4,5,0.2,35,0.2,414,10,0.1,0,-0.104660875087939
25,4,5,0.2,35,0.2,414,10,0.1,0,-1.43065825509721e-09
25,4,5,0.2,35,0.2,414,10,0.1,0,-0.349753069012764
25,4,5,0.2,35,0.2,414,10,0.1,0,0
25,4,5,0.2,35,0.2,414,10,0.1,0,-0.106723856855886
25,4,5,0.2,35,0.2,414,10,0.1,0,0.0119190176571322
25,4,5,0.2,35,0.2,414,10,0.1,0,0.134028157074298
25,4,5,0.2,35,0.2,414,10,0.1,0,-0.0193348848285465
25,4,5,0.2,35,0.2,414,10,0.1,0,0.124373589357621
25,4,5,0.2,35,0.2,414,10,0.1,0,-0.0754225330707766
25,4,5,0.2,35,0.2,414,10,0.1,0,-0.156632661280087
25,4,5,0.2,35,0.2,414,10,0.1,0,-0.314935258989067
25,4,5,0.2,35,0.2,414,10,0.1,0,-2.09819827372529e-10
25,4,5,0.2,35,0.2,414,10,0.1,0,0.0292378934830366
25,4,5,0.2,35,0.2,414,10,0.1,0,0.0621805698342142
25,4,5,0.2,35,0.2,414,10,0.1,0,1.34811344073004
25,4,5,0.2,35,0.2,414,10,0.1,0,0.121203699398647
25,4,5,0.2,35,0.2,414,10,0.1,0,-0.114209995690932
25,4,5,0.2,35,0.2,414,10,0.1,0,0.129017335009979
25,4,5,0.2,35,0.2,414,10,0.1,0,0.0578621607474585
25,4,5,0.2,35,0.2,414,10,0.1,0,-0.527650696452652
25,4,5,0.2,35,0.2,414,10,0.1,0,-1.24842917140596e-21
25,4,5,0.2,35,0.2,414,10,0.1,0,0.00328607596609389
25,4,5,0.2,35,0.2,414,10,0.1,0,-0.039638899122352
25,4,5,0.2,35,0.2,414,10,0.1,0,0
25,4,5,0.2,35,0.2,414,10,0.1,0,0.0194426084446681
25,4,5,0.2,35,0.2,414,10,0.1,0,0.0144981621397022
25,4,5,0.2,35,0.2,414,10,0.1,0,-0.0763037320861727
25,4,5,0.2,35,0.2,414,10,0.1,0,-0.0124527333428825
25,4,5,0.2,35,0.2,414,10,0.1,0,0.0421579420093501
25,4,5,0.2,35,0.2,414,10,0.1,0,-0.0845528174417216
25,4,5,0.2,35,0.2,414,10,0.1,0,0.0178443532286308
25,4,5,0.2,35,0.2,414,10,0.1,0,3.87512882022748e-10
25,4,5,0.2,35,0.2,414,10,0.1,0,0.0543954779788691
25,4,5,0.2,35,0.2,414,10,0.1,0,0.810854112927049
25,4,5,0.2,35,0.2,414,10,0.1,0,0.0509827358114397
25,4,5,0.2,35,0.2,414,10,0.1,0,0.124314641664122
25,4,5,0.2,35,0.2,414,10,0.1,0,-0.00355478867764606
25,4,5,0.2,35,0.2,414,10,0.1,0,-0.0410646548005829
25,4,5,0.2,35,0.2,414,10,0.1,0,-1.33802356005868
25,4,5,0.2,35,0.2,414,10,0.1,0,0.117951232941773
25,4,5,0.2,35,0.2,414,10,0.1,0,-0.0561893958710186
25,4,5,0.2,35,0.2,414,10,0.1,0,0.00911721806050364
25,4,5,0.2,35,0.2,414,10,0.1,0,-0.20929643478352
25,4,5,0.2,35,0.2,414,10,0.1,0,-0.0918336777355792
25,4,5,0.2,35,0.2,414,10,0.1,0,0.256938718324747
25,4,5,0.2,35,0.2,414,10,0.1,0,-0.191852998814064
25,4,5,0.2,35,0.2,414,10,0.1,0,-0.00915485799728794
25,4,5,0.2,35,0.2,414,10,0.1,0,0.131929027771299
25,4,5,0.2,35,0.2,414,10,0.1,0,0.459573514015064
25,4,5,0.2,35,0.2,414,10,0.1,0,0.874665072464912
25,4,5,0.2,35,0.2,414,10,0.1,0,0.0290222077733962
25,4,5,0.2,35,0.2,414,10,0.1,0,-0.00233523647480543
25,4,5,0.2,35,0.2,414,10,0.1,0,-0.00296033910379835
25,4,5,0.2,35,0.2,414,10,0.1,0,1.22406604032844e-09
25,4,5,0.2,35,0.2,414,10,0.1,0,1.79938240424263e-20
25,4,5,0.2,35,0.2,414,10,0.1,0,-0.134307324403577
25,4,5,0.2,35,0.2,414,10,0.1,0,0.00125768200191225
25,4,5,0.2,35,0.2,414,10,0.1,0,0.0268774401141093
25,4,5,0.2,35,0.2,414,10,0.1,0,1.08115420857202e-09
25,4,5,0.2,35,0.2,414,10,0.1,0,0
25,4,5,0.2,35,0.2,414,10,0.1,0,-0.0983179052824776
25,4,5,0.2,35,0.2,414,10,0.1,0,-0.346371561469983
25,4,5,0.2,35,0.2,414,10,0.1,0,-0.0864408256490944
25,4,5,0.2,35,0.2,414,10,0.1,0,0.130558745006348
25,4,5,0.2,35,0.2,414,10,0.1,0,-3.40982497866895e-11
25,4,5,0.2,35,0.2,414,10,0.1,0,0.127514717338036
25,4,5,0.2,35,0.2,414,10,0.1,0,-0.0922825503869474
25,4,5,0.2,35,0.2,414,10,0.1,0,-0.0629717624085633
25,4,5,0.2,35,0.2,414,10,0.1,0,0.654259124378138
25,4,5,0.2,35,0.2,414,10,0.1,0,0.0174678523324248
25,4,5,0.2,35,0.2,414,10,0.1,0,0.0675598670993923
25,4,5,0.2,35,0.2,414,10,0.1,0,-0.358588288902746
25,4,5,0.2,35,0.2,414,10,0.1,0,0.562254397245877
25,4,5,0.2,35,0.2,414,10,0.1,0,-7.28252853765063e-09
25,4,5,0.2,35,0.2,414,10,0.1,0,0.130025537830053
25,4,5,0.2,35,0.2,414,10,0.1,0,0.00258037131331928
25,4,5,0.2,35,0.2,414,10,0.1,0,0.145142050685507
25,4,5,0.2,35,0.2,414,10,0.1,0,0.0303022776241618
25,4,5,0.2,35,0.2,414,10,0.1,0,0.00619076678891592
25,4,5,0.2,35,0.2,414,10,0.1,0,-0.112586606271315
25,4,5,0.2,35,0.2,414,10,0.1,0,-0.380580291230505
25,4,5,0.2,35,0.2,414,10,0.1,0,0.0437849811141045
25,4,5,0.2,35,0.2,414,10,0.1,0,1.50179474897971
25,4,5,0.2,35,0.2,414,10,0.1,0,0
25,4,5,0.2,35,0.2,414,10,0.1,0,0.236494005389564
25,4,5,0.2,35,0.2,414,10,0.1,0,0.263775953088722
25,4,5,0.2,35,0.2,414,10,0.1,0,0.0344034351970441
25,4,5,0.2,35,0.2,414,10,0.1,0,0.04430460075902
25,4,5,0.2,35,0.2,414,10,0.1,0,0.04817356412111
25,4,5,0.2,35,0.2,414,10,0.1,0,0.0264450392256444
25,4,5,0.2,35,0.2,414,10,0.1,0,0.194353151119887
25,4,5,0.2,35,0.2,414,10,0.1,0,0.0142628884431117
25,4,5,0.2,35,0.2,414,10,0.1,0,0.00890696914652013
25,4,5,0.2,35,0.2,414,10,0.1,0,-0.222532672967745
25,4,5,0.2,35,0.2,414,10,0.1,0,1.35638829597053e-17
25,4,6,0.2,31,0.2,414,10,0.1,1,0.312645626500944
25,4,6,0.2,31,0.2,414,10,0.1,1,0.104495569011751
25,4,6,0.2,31,0.2,414,10,0.1,1,-0.0723310743883518
25,4,6,0.2,31,0.2,414,10,0.1,1,0.219424230006962
25,4,6,0.2,31,0.2,414,10,0.1,1,0
25,4,6,0.2,31,0.2,414,10,0.1,1,-0.0617519025504059
25,4,6,0.2,31,0.2,414,10,0.1,1,3.88354623293567
25,4,6,0.2,31,0.2,414,10,0.1,1,0.0130242630432107
25,4,6,0.2,31,0.2,414,10,0.1,1,0
25,4,6,0.2,31,0.2,414,10,0.1,1,0.220491271583469
25,4,6,0.2,31,0.2,414,10,0.1,1,-1.43394563139671e-25
25,4,6,0.2,31,0.2,414,10,0.1,1,0.287431070399346
25,4,6,0.2,31,0.2,414,10,0.1,1,0
25,4,6,0.2,31,0.2,414,10,0.1,1,-2.09212059895206
25,4,6,0.2,31,0.2,414,10,0.1,1,2.63871625030424
25,4,6,0.2,31,0.2,414,10,0.1,1,1.86552701964808
25,4,6,0.2,31,0.2,414,10,0.1,1,-0.282427437158461
25,4,6,0.2,31,0.2,414,10,0.1,1,1.95144898832747
25,4,6,0.2,31,0.2,414,10,0.1,1,4.33976845191257e-25
25,4,6,0.2,31,0.2,414,10,0.1,1,-0.00411148668119276
25,4,6,0.2,31,0.2,414,10,0.1,1,0.480497809565071
25,4,6,0.2,31,0.2,414,10,0.1,1,-0.0793592979292633
25,4,6,0.2,31,0.2,414,10,0.1,1,0.0110637075952614
25,4,6,0.2,31,0.2,414,10,0.1,1,4.5439055003097e-41
25,4,6,0.2,31,0.2,414,10,0.1,1,0.797379305685322
25,4,6,0.2,31,0.2,414,10,0.1,1,2.03474312782951
25,4,6,0.2,31,0.2,414,10,0.1,1,-0.0482187152904981
25,4,6,0.2,31,0.2,414,10,0.1,1,-0.503860014543904
25,4,6,0.2,31,0.2,414,10,0.1,1,-0.219772269425935
25,4,6,0.2,31,0.2,414,10,0.1,1,-0.0055890579763521
25,4,6,0.2,31,0.2,414,10,0.1,1,0.0199283152266546
25,4,6,0.2,31,0.2,414,10,0.1,0,-0.126264998189387
25,4,6,0.2,31,0.2,414,10,0.1,0,-0.217126623201775
25,4,6,0.2,31,0.2,414,10,0.1,0,-0.00162598308389979
25,4,6,0.2,31,0.2,414,10,0.1,0,-2.3571103426935e-25
25,4,6,0.2,31,0.2,414,10,0.1,0,0
25,4,6,0.2,31,0.2,414,10,0.1,0,0
25,4,6,0.2,31,0.2,414,10,0.1,0,-3.15288283942728e-25
25,4,6,0.2,31,0.2,414,10,0.1,0,-0.045027107315814
25,4,6,0.2,31,0.2,414,10,0.1,0,0.14792297170435
25,4,6,0.2,31,0.2,414,10,0.1,0,-0.0332552056162442
25,4,6,0.2,31,0.2,414,10,0.1,0,0.0267001878821946
25,4,6,0.2,31,0.2,414,10,0.1,0,-1.46672331107026e-41
25,4,6,0.2,31,0.2,414,10,0.1,0,0.0341331913230472
25,4,6,0.2,31,0.2,414,10,0.1,0,0.00377757337438447
25,4,6,0.2,31,0.2,414,10,0.1,0,0.0696542736801341
25,4,6,0.2,31,0.2,414,10,0.1,0,1.61980418689228e-25
25,4,6,0.2,31,0.2,414,10,0.1,0,-0.00832867760404523
25,4,6,0.2,31,0.2,414,10,0.1,0,-0.000408637609631157
25,4,6,0.2,31,0.2,414,10,0.1,0,-0.026918167050927
25,4,6,0.2,31,0.2,414,10,0.1,0,0.19324587736904
25,4,6,0.2,31,0.2,414,10,0.1,0,0.0362052253572907
25,4,6,0.2,31,0.2,414,10,0.1,0,-0.0374249835591513
25,4,6,0.2,31,0.2,414,10,0.1,0,-0.0723635946895373
25,4,6,0.2,31,0.2,414,10,0.1,0,-0.312785397020963
25,4,6,0.2,31,0.2,414,10,0.1,0,0.172887557080517
25,4,6,0.2,31,0.2,414,10,0.1,0,-0.0727569709568391
25,4,6,0.2,31,0.2,414,10,0.1,0,-0.00922043190325337
25,4,6,0.2,31,0.2,414,10,0.1,0,0.0481500768933036
25,4,6,0.2,31,0.2,414,10,0.1,0,-0.0117971967916179
25,4,6,0.2,31,0.2,414,10,0.1,0,-0.0948591333698953
25,4,6,0.2,31,0.2,414,10,0.1,0,0.0161812551057913
25,4,6,0.2,31,0.2,414,10,0.1,0,-0.0155718984851972
25,4,6,0.2,31,0.2,414,10,0.1,0,0.323653318483937
25,4,6,0.2,31,0.2,414,10,0.1,0,-0.0348549059491381
25,4,6,0.2,31,0.2,414,10,0.1,0,0.0282748038068131
25,4,6,0.2,31,0.2,414,10,0.1,0,1.08626752505952e-24
25,4,6,0.2,31,0.2,414,10,0.1,0,0.0159710570052714
25,4,6,0.2,31,0.2,414,10,0.1,0,0.207820958624126
25,4,6,0.2,31,0.2,414,10,0.1,0,0.015175875127624
25,4,6,0.2,31,0.2,414,10,0.1,0,0.0380318187220732
25,4,6,0.2,31,0.2,414,10,0.1,0,-0.614012103248561
25,4,6,0.2,31,0.2,414,10,0.1,0,-0.0079538422036391
25,4,6,0.2,31,0.2,414,10,0.1,0,-0.0494954414007443
25,4,6,0.2,31,0.2,414,10,0.1,0,8.82865908338028e-42
25,4,6,0.2,31,0.2,414,10,0.1,0,0
25,4,6,0.2,31,0.2,414,10,0.1,0,0
25,4,6,0.2,31,0.2,414,10,0.1,0,-0.192605001767313
25,4,6,0.2,31,0.2,414,10,0.1,0,0.113353941115797
25,4,6,0.2,31,0.2,414,10,0.1,0,0.110629400273975
25,4,6,0.2,31,0.2,414,10,0.1,0,0.0414784966701358
25,4,6,0.2,31,0.2,414,10,0.1,0,0.00506251806555943
25,4,6,0.2,31,0.2,414,10,0.1,0,-1.34610930764168e-24
25,4,6,0.2,31,0.2,414,10,0.1,0,-1.02931163228438
25,4,6,0.2,31,0.2,414,10,0.1,0,-0.0936305691855319
25,4,6,0.2,31,0.2,414,10,0.1,0,0.209650710315015
25,4,6,0.2,31,0.2,414,10,0.1,0,-0.0638723752255516
25,4,6,0.2,31,0.2,414,10,0.1,0,-0.0168057872602385
25,4,6,0.2,31,0.2,414,10,0.1,0,-0.0120913593089466
25,4,6,0.2,31,0.2,414,10,0.1,0,-0.139772712291726
25,4,6,0.2,31,0.2,414,10,0.1,0,0.039164437210762
25,4,6,0.2,31,0.2,414,10,0.1,0,0.135170878617603
25,4,6,0.2,31,0.2,414,10,0.1,0,-0.00726808058599147
25,4,6,0.2,31,0.2,414,10,0.1,0,-0.23650526166185
25,4,6,0.2,31,0.2,414,10,0.1,0,-0.0288107216184731
25,4,6,0.2,31,0.2,414,10,0.1,0,0.200552319192545
25,4,6,0.2,31,0.2,414,10,0.1,0,0.153464427051163
25,4,6,0.2,31,0.2,414,10,0.1,0,0.00280159640959891
25,4,6,0.2,31,0.2,414,10,0.1,0,0.106631999257801
25,4,6,0.2,31,0.2,414,10,0.1,0,-0.0180593823072989
25,4,6,0.2,31,0.2,414,10,0.1,0,0.00118310429824124
25,4,6,0.2,31,0.2,414,10,0.1,0,0.146990003990941
25,4,6,0.2,31,0.2,414,10,0.1,0,0.0788196989094646
25,4,6,0.2,31,0.2,414,10,0.1,0,-1.86120444315485e-41
25,4,6,0.2,31,0.2,414,10,0.1,0,4.19007553204738e-42
25,4,6,0.2,31,0.2,414,10,0.1,0,0.0513587194965603
25,4,6,0.2,31,0.2,414,10,0.1,0,0.0215466541574107
25,4,6,0.2,31,0.2,414,10,0.1,0,-0.00433473732296207
25,4,6,0.2,31,0.2,414,10,0.1,0,0.219135542198166
25,4,6,0.2,31,0.2,414,10,0.1,0,0.115407397584514
25,4,6,0.2,31,0.2,414,10,0.1,0,-5.36201605860685e-43
25,4,6,0.2,31,0.2,414,10,0.1,0,0.0703377959175883
25,4,6,0.2,31,0.2,414,10,0.1,0,-0.386205836966042
25,4,6,0.2,31,0.2,414,10,0.1,0,0.240874651689183
25,4,6,0.2,31,0.2,414,10,0.1,0,0.15290425279146
25,4,6,0.2,31,0.2,414,10,0.1,0,6.20014751993559e-25
25,4,6,0.2,31,0.2,414,10,0.1,0,0.000997371237522863
25,4,6,0.2,31,0.2,414,10,0.1,0,-0.00230926791141068
25,4,6,0.2,31,0.2,414,10,0.1,0,0.0817237514137304
25,4,6,0.2,31,0.2,414,10,0.1,0,1.59508306773351e-25
25,4,6,0.2,31,0.2,414,10,0.1,0,-7.14792071227171e-26
25,4,6,0.2,31,0.2,414,10,0.1,0,0
25,4,6,0.2,31,0.2,414,10,0.1,0,-9.32362848136716e-43
25,4,6,0.2,31,0.2,414,10,0.1,0,-0.00962680025313235
25,4,6,0.2,31,0.2,414,10,0.1,0,-0.0264766680459373
25,4,6,0.2,31,0.2,414,10,0.1,0,0.0320281518147843
25,4,6,0.2,31,0.2,414,10,0.1,0,-0.103053149588938
25,4,6,0.2,31,0.2,414,10,0.1,0,0.0246783006221876
25,4,6,0.2,31,0.2,414,10,0.1,0,0.0929149325358824
25,4,6,0.2,31,0.2,414,10,0.1,0,-0.0397094823941676
25,4,6,0.2,31,0.2,414,10,0.1,0,0.256234418043749
25,4,6,0.2,31,0.2,414,10,0.1,0,-0.0167841460819182
25,4,6,0.2,31,0.2,414,10,0.1,0,-0.0110740595487153
25,4,6,0.2,31,0.2,414,10,0.1,0,0.0425244574433079
25,4,6,0.2,31,0.2,414,10,0.1,0,-0.173477165582558
25,4,6,0.2,31,0.2,414,10,0.1,0,-0.0502746046605123
25,4,6,0.2,31,0.2,414,10,0.1,0,-0.164263374866794
25,4,6,0.2,31,0.2,414,10,0.1,0,-0.0365994176531861
25,4,6,0.2,31,0.2,414,10,0.1,0,0.452875584229796
25,4,6,0.2,31,0.2,414,10,0.1,0,0
25,4,6,0.2,31,0.2,414,10,0.1,0,-0.00294934615214125
25,4,6,0.2,31,0.2,414,10,0.1,0,-0.0212478178030224
25,4,6,0.2,31,0.2,414,10,0.1,0,-0.00488446641184785
25,4,6,0.2,31,0.2,414,10,0.1,0,0.451753993747382
25,4,6,0.2,31,0.2,414,10,0.1,0,6.65406145170334e-25
25,4,6,0.2,31,0.2,414,10,0.1,0,0.00918790229295486
25,4,6,0.2,31,0.2,414,10,0.1,0,-0.297904713502827
25,4,6,0.2,31,0.2,414,10,0.1,0,0
25,4,6,0.2,31,0.2,414,10,0.1,0,-0.0106577703841073
25,4,6,0.2,31,0.2,414,10,0.1,0,-1.33606888831991e-25
25,4,6,0.2,31,0.2,414,10,0.1,0,-0.0501089139600183
25,4,6,0.2,31,0.2,414,10,0.1,0,-0.0826439567177115
25,4,6,0.2,31,0.2,414,10,0.1,0,0
25,4,6,0.2,31,0.2,414,10,0.1,0,0.298845555299307
25,4,6,0.2,31,0.2,414,10,0.1,0,-0.0224712489176433
25,4,6,0.2,31,0.2,414,10,0.1,0,-0.0233510823220706
25,4,6,0.2,31,0.2,414,10,0.1,0,0
25,4,6,0.2,31,0.2,414,10,0.1,0,-0.0512202499384397
25,4,6,0.2,31,0.2,414,10,0.1,0,0.0143815222182294
25,4,6,0.2,31,0.2,414,10,0.1,0,-0.00691109978518244
25,4,6,0.2,31,0.2,414,10,0.1,0,0
25,4,6,0.2,31,0.2,414,10,0.1,0,1.80661952749963
25,4,6,0.2,31,0.2,414,10,0.1,0,2.56798604418419e-42
25,4,6,0.2,31,0.2,414,10,0.1,0,-0.0311597503182218
25,4,6,0.2,31,0.2,414,10,0.1,0,0
25,4,6,0.2,31,0.2,414,10,0.1,0,0.0386428948049172
25,4,6,0.2,31,0.2,414,10,0.1,0,0.220030687722197
25,4,6,0.2,31,0.2,414,10,0.1,0,0.10777370622346
25,4,6,0.2,31,0.2,414,10,0.1,0,0.045613496243163
25,4,6,0.2,31,0.2,414,10,0.1,0,0
25,4,6,0.2,31,0.2,414,10,0.1,0,-0.228325483825461
25,4,6,0.2,31,0.2,414,10,0.1,0,0
25,4,6,0.2,31,0.2,414,10,0.1,0,0.110288613833107
25,4,6,0.2,31,0.2,414,10,0.1,0,0.0171818926906314
25,4,6,0.2,31,0.2,414,10,0.1,0,0.151434106951332
25,4,6,0.2,31,0.2,414,10,0.1,0,0.0112471917225047
25,4,6,0.2,31,0.2,414,10,0.1,0,0.104884389898498
25,4,6,0.2,31,0.2,414,10,0.1,0,-0.293461184672114
25,4,6,0.2,31,0.2,414,10,0.1,0,0.0117495146202823
25,4,6,0.2,31,0.2,414,10,0.1,0,-0.127639941648536
25,4,6,0.2,31,0.2,414,10,0.1,0,-0.200941764709179
25,4,6,0.2,31,0.2,414,10,0.1,0,0.0152845988799549
25,4,6,0.2,31,0.2,414,10,0.1,0,-0.0803508997584371
25,4,6,0.2,31,0.2,414,10,0.1,0,0
25,4,6,0.2,31,0.2,414,10,0.1,0,-0.0244744585318014
25,4,6,0.2,31,0.2,414,10,0.1,0,-8.65221361699426e-26
25,4,6,0.2,31,0.2,414,10,0.1,0,-0.446543664999509
25,4,6,0.2,31,0.2,414,10,0.1,0,0.0246502218772754
25,4,6,0.2,31,0.2,414,10,0.1,0,-0.0153832060762009
25,4,6,0.2,31,0.2,414,10,0.1,0,-0.119386060841523
25,4,6,0.2,31,0.2,414,10,0.1,0,0.0154977731044666
25,4,6,0.2,31,0.2,414,10,0.1,0,0.308317375281075
25,4,6,0.2,31,0.2,414,10,0.1,0,0.00930420681661473
25,4,6,0.2,31,0.2,414,10,0.1,0,-1.65863633539492
25,4,6,0.2,31,0.2,414,10,0.1,0,-0.0184581780588376
25,4,6,0.2,31,0.2,414,10,0.1,0,-0.00636638935669318
25,4,6,0.2,31,0.2,414,10,0.1,0,-0.364006288700174
25,4,6,0.2,31,0.2,414,10,0.1,0,0.0372514794778409
25,4,6,0.2,31,0.2,414,10,0.1,0,0.0389636040659192
25,4,6,0.2,31,0.2,414,10,0.1,0,0.0784686198832909
25,4,6,0.2,31,0.2,414,10,0.1,0,-1.20059459752962e-42
25,4,6,0.2,31,0.2,414,10,0.1,0,-0.123799501390885
25,4,6,0.2,31,0.2,414,10,0.1,0,-0.0197936104642282
25,4,6,0.2,31,0.2,414,10,0.1,0,-0.013149909968735
25,4,6,0.2,31,0.2,414,10,0.1,0,0.0753006003679434
25,4,6,0.2,31,0.2,414,10,0.1,0,0.0127505919583743
25,4,6,0.2,31,0.2,414,10,0.1,0,-0.0327997290327846
25,4,6,0.2,31,0.2,414,10,0.1,0,0.0348674430175869
25,4,6,0.2,31,0.2,414,10,0.1,0,-0.0292598742354766
25,4,6,0.2,31,0.2,414,10,0.1,0,-0.0839952460256063
25,4,6,0.2,31,0.2,414,10,0.1,0,7.45167305622598e-42
25,4,6,0.2,31,0.2,414,10,0.1,0,-0.0436590307757011
25,4,6,0.2,31,0.2,414,10,0.1,0,-0.212867039032236
25,4,6,0.2,31,0.2,414,10,0.1,0,0.00343289447954827
25,4,6,0.2,31,0.2,414,10,0.1,0,-0.0140587252950721
25,4,6,0.2,31,0.2,414,10,0.1,0,-0.00542922080309345
25,4,6,0.2,31,0.2,414,10,0.1,0,-0.0213968374224894
25,4,6,0.2,31,0.2,414,10,0.1,0,0
25,4,6,0.2,31,0.2,414,10,0.1,0,0
25,4,6,0.2,31,0.2,414,10,0.1,0,0.003029756877221
25,4,6,0.2,31,0.2,414,10,0.1,0,-0.0269273951537502
25,4,6,0.2,31,0.2,414,10,0.1,0,-0.0771759446351793
25,4,6,0.2,31,0.2,414,10,0.1,0,0
25,4,6,0.2,31,0.2,414,10,0.1,0,0.11833165600333
25,4,6,0.2,31,0.2,414,10,0.1,0,0.0106517093423235
25,4,6,0.2,31,0.2,414,10,0.1,0,0.0261738823784025
25,4,6,0.2,31,0.2,414,10,0.1,0,0.000100818518850507
25,4,6,0.2,31,0.2,414,10,0.1,0,-0.0506942480720768
25,4,6,0.2,31,0.2,414,10,0.1,0,0.135921622370793
25,4,6,0.2,31,0.2,414,10,0.1,0,0.0502084819319984
25,4,6,0.2,31,0.2,414,10,0.1,0,0.163164906657462
25,4,6,0.2,31,0.2,414,10,0.1,0,-0.628572640580773
25,4,6,0.2,31,0.2,414,10,0.1,0,-1.30973597382083e-25
25,4,6,0.2,31,0.2,414,10,0.1,0,0.0611687797700202
25,4,6,0.2,31,0.2,414,10,0.1,0,-0.0110883934092832
25,4,6,0.2,31,0.2,414,10,0.1,0,0.0138733791748814
25,4,6,0.2,31,0.2,414,10,0.1,0,0.33272569615345
25,4,6,0.2,31,0.2,414,10,0.1,0,-0.000613348348617704
25,4,6,0.2,31,0.2,414,10,0.1,0,5.46160262499382e-25
25,4,6,0.2,31,0.2,414,10,0.1,0,-0.0943524788411082
25,4,6,0.2,31,0.2,414,10,0.1,0,0.0168354461858622
25,4,6,0.2,31,0.2,414,10,0.1,0,0.415129240209822
25,4,6,0.2,31,0.2,414,10,0.1,0,0.149979292681094
25,4,6,0.2,31,0.2,414,10,0.1,0,0.137914771120343
25,4,6,0.2,31,0.2,414,10,0.1,0,0.294505071552952
25,4,6,0.2,31,0.2,414,10,0.1,0,0.0263618614886438
25,4,6,0.2,31,0.2,414,10,0.1,0,-0.657761384619442
25,4,6,0.2,31,0.2,414,10,0.1,0,0
25,4,6,0.2,31,0.2,414,10,0.1,0,7.36374457511637e-42
25,4,6,0.2,31,0.2,414,10,0.1,0,-0.742303358590779
25,4,6,0.2,31,0.2,414,10,0.1,0,0.0142712720607776
25,4,6,0.2,31,0.2,414,10,0.1,0,0.240829054597009
25,4,6,0.2,31,0.2,414,10,0.1,0,-0.28066454312679
25,4,6,0.2,31,0.2,414,10,0.1,0,0.0223957567181299
25,4,6,0.2,31,0.2,414,10,0.1,0,-0.0126905026566217
25,4,6,0.2,31,0.2,414,10,0.1,0,-0.38905566279106
25,4,6,0.2,31,0.2,414,10,0.1,0,9.51799307579132e-42
25,4,6,0.2,31,0.2,414,10,0.1,0,1.23360972944138e-25
25,4,6,0.2,31,0.2,414,10,0.1,0,-0.0168166902584631
25,4,6,0.2,31,0.2,414,10,0.1,0,-0.124435096505672
25,4,6,0.2,31,0.2,414,10,0.1,0,-0.0466665594128236
25,4,6,0.2,31,0.2,414,10,0.1,0,0.0121689602888489
25,4,6,0.2,31,0.2,414,10,0.1,0,0
25,4,6,0.2,31,0.2,414,10,0.1,0,-0.21166987446985
25,4,6,0.2,31,0.2,414,10,0.1,0,-0.0332719092116108
25,4,6,0.2,31,0.2,414,10,0.1,0,-0.00865974627545171
25,4,6,0.2,31,0.2,414,10,0.1,0,-0.0109435665678958
25,4,6,0.2,31,0.2,414,10,0.1,0,0.244474794629414
25,4,6,0.2,31,0.2,414,10,0.1,0,0
25,4,6,0.2,31,0.2,414,10,0.1,0,0.0339223736173626
25,4,6,0.2,31,0.2,414,10,0.1,0,0.0392161015495192
25,4,6,0.2,31,0.2,414,10,0.1,0,-0.000512817103181574
25,4,6,0.2,31,0.2,414,10,0.1,0,7.72913991654702e-43
25,4,6,0.2,31,0.2,414,10,0.1,0,8.05396359475474e-26
25,4,6,0.2,31,0.2,414,10,0.1,0,0.00586370447543377
25,4,6,0.2,31,0.2,414,10,0.1,0,-0.0190474257395493
25,4,6,0.2,31,0.2,414,10,0.1,0,0.0468706822496357
25,4,6,0.2,31,0.2,414,10,0.1,0,2.58351336856949e-42
25,4,6,0.2,31,0.2,414,10,0.1,0,-0.0436491591074559
25,4,6,0.2,31,0.2,414,10,0.1,0,-0.983596715788817
25,4,6,0.2,31,0.2,414,10,0.1,0,-0.0926527561131323
25,4,6,0.2,31,0.2,414,10,0.1,0,-0.159248439682479
25,4,6,0.2,31,0.2,414,10,0.1,0,0.603561040626359
25,4,6,0.2,31,0.2,414,10,0.1,0,-0.0629627542670215
25,4,6,0.2,31,0.2,414,10,0.1,0,0
25,4,6,0.2,31,0.2,414,10,0.1,0,0.00726357993912638
25,4,6,0.2,31,0.2,414,10,0.1,0,-0.0306266113804123
25,4,6,0.2,31,0.2,414,10,0.1,0,0.0789112789790267
25,4,6,0.2,31,0.2,414,10,0.1,0,0.00550975773375233
25,4,6,0.2,31,0.2,414,10,0.1,0,-0.0163086610319992
25,4,6,0.2,31,0.2,414,10,0.1,0,0.0233902909309515
25,4,6,0.2,31,0.2,414,10,0.1,0,-0.647282114127021
25,4,6,0.2,31,0.2,414,10,0.1,0,0
25,4,6,0.2,31,0.2,414,10,0.1,0,-0.0577992487760411
25,4,6,0.2,31,0.2,414,10,0.1,0,-0.017501192219069
25,4,6,0.2,31,0.2,414,10,0.1,0,0.605821028706733
25,4,6,0.2,31,0.2,414,10,0.1,0,1.10282962422307e-25
25,4,6,0.2,31,0.2,414,10,0.1,0,-0.0231596277995153
25,4,6,0.2,31,0.2,414,10,0.1,0,0.102071510390923
25,4,6,0.2,31,0.2,414,10,0.1,0,6.4681684672538e-25
25,4,6,0.2,31,0.2,414,10,0.1,0,0.0543496028531221
25,4,6,0.2,31,0.2,414,10,0.1,0,0.251459340210108
25,4,6,0.2,31,0.2,414,10,0.1,0,-0.0065976744913015
25,4,6,0.2,31,0.2,414,10,0.1,0,0.19879392958447
25,4,6,0.2,31,0.2,414,10,0.1,0,-0.0912067924931431
25,4,6,0.2,31,0.2,414,10,0.1,0,-0.507134741965747
25,4,6,0.2,31,0.2,414,10,0.1,0,-0.00459571201760538
25,4,6,0.2,31,0.2,414,10,0.1,0,0.0108144437874296
25,4,6,0.2,31,0.2,414,10,0.1,0,0.210420507144761
25,4,6,0.2,31,0.2,414,10,0.1,0,-0.0141749068609079
25,4,6,0.2,31,0.2,414,10,0.1,0,0.0743718643061424
25,4,6,0.2,31,0.2,414,10,0.1,0,0.147382266753147
25,4,6,0.2,31,0.2,414,10,0.1,0,-0.0114317997393821
25,4,6,0.2,31,0.2,414,10,0.1,0,-0.331895619933726
25,4,6,0.2,31,0.2,414,10,0.1,0,0.0203374978734586
25,4,6,0.2,31,0.2,414,10,0.1,0,0.0689842839906742
25,4,6,0.2,31,0.2,414,10,0.1,0,-0.00692983081213052
25,4,6,0.2,31,0.2,414,10,0.1,0,-0.175943929591252
25,4,6,0.2,31,0.2,414,10,0.1,0,0.0359383327533215
25,4,6,0.2,31,0.2,414,10,0.1,0,0.100098021407427
25,4,6,0.2,31,0.2,414,10,0.1,0,0.0226462939679262
25,4,6,0.2,31,0.2,414,10,0.1,0,0.00136556942977487
25,4,6,0.2,31,0.2,414,10,0.1,0,-0.167808338352521
25,4,6,0.2,31,0.2,414,10,0.1,0,-0.0217726608697228
25,4,6,0.2,31,0.2,414,10,0.1,0,0.185808960816595
25,4,6,0.2,31,0.2,414,10,0.1,0,0.0051220652985581
25,4,6,0.2,31,0.2,414,10,0.1,0,0.189542700406526
25,4,6,0.2,31,0.2,414,10,0.1,0,-0.0809611826282691
25,4,6,0.2,31,0.2,414,10,0.1,0,0.00266089516364891
25,4,6,0.2,31,0.2,414,10,0.1,0,-0.0253396472321598
25,4,6,0.2,31,0.2,414,10,0.1,0,-0.00429206274372473
25,4,6,0.2,31,0.2,414,10,0.1,0,-0.0850622852687412
25,4,6,0.2,31,0.2,414,10,0.1,0,0.117220738107919
25,4,6,0.2,31,0.2,414,10,0.1,0,0.0391316728637664
25,4,6,0.2,31,0.2,414,10,0.1,0,5.80879751826458
25,4,6,0.2,31,0.2,414,10,0.1,0,0.00603504117273533
25,4,6,0.2,31,0.2,414,10,0.1,0,0.127463887471765
25,4,6,0.2,31,0.2,414,10,0.1,0,-0.0116078493783931
25,4,6,0.2,31,0.2,414,10,0.1,0,6.34645498921794e-26
25,4,6,0.2,31,0.2,414,10,0.1,0,0.038968081841257
25,4,6,0.2,31,0.2,414,10,0.1,0,0.828525476706396
25,4,6,0.2,31,0.2,414,10,0.1,0,-0.0348598393739271
25,4,6,0.2,31,0.2,414,10,0.1,0,0.0130788066836149
25,4,6,0.2,31,0.2,414,10,0.1,0,-0.00118327713317035
25,4,6,0.2,31,0.2,414,10,0.1,0,7.00407625924918e-41
25,4,6,0.2,31,0.2,414,10,0.1,0,0.344179703010997
25,4,6,0.2,31,0.2,414,10,0.1,0,0.118774480717493
25,4,6,0.2,31,0.2,414,10,0.1,0,-0.0206324617154001
25,4,6,0.2,31,0.2,414,10,0.1,0,-0.014795959385941
25,4,6,0.2,31,0.2,414,10,0.1,0,2.47966830984097e-24
25,4,6,0.2,31,0.2,414,10,0.1,0,0.0126560338328388
25,4,6,0.2,31,0.2,414,10,0.1,0,0.329158728446406
25,4,6,0.2,31,0.2,414,10,0.1,0,0.000341662439236843
25,4,6,0.2,31,0.2,414,10,0.1,0,0.391704631160531
25,4,6,0.2,31,0.2,414,10,0.1,0,-0.014599696657229
25,4,6,0.2,31,0.2,414,10,0.1,0,0.172085282767892
25,4,6,0.2,31,0.2,414,10,0.1,0,-0.0733541010033911
25,4,6,0.2,31,0.2,414,10,0.1,0,-0.323583249920599
25,4,6,0.2,31,0.2,414,10,0.1,0,0.0401117258522269
25,4,6,0.2,31,0.2,414,10,0.1,0,-0.0450439951898411
25,4,6,0.2,31,0.2,414,10,0.1,0,0.0349652470118521
25,4,6,0.2,31,0.2,414,10,0.1,0,-0.010201013061361
25,4,6,0.2,31,0.2,414,10,0.1,0,0.183220069039074
25,4,6,0.2,31,0.2,414,10,0.1,0,-4.0922799029041e-42
25,4,6,0.2,31,0.2,414,10,0.1,0,-0.00533256482303881
25,4,6,0.2,31,0.2,414,10,0.1,0,0.00575715476129463
25,4,6,0.2,31,0.2,414,10,0.1,0,1.57902960697347e-41
25,4,6,0.2,31,0.2,414,10,0.1,0,-0.0275729957721409
25,4,6,0.2,31,0.2,414,10,0.1,0,-0.0145430336111137
25,4,6,0.2,31,0.2,414,10,0.1,0,-0.549001639208621
25,4,6,0.2,31,0.2,414,10,0.1,0,0
25,4,6,0.2,31,0.2,414,10,0.1,0,0
25,4,6,0.2,31,0.2,414,10,0.1,0,3.30601820922648
25,4,6,0.2,31,0.2,414,10,0.1,0,-0.00283073098938362
25,4,6,0.2,31,0.2,414,10,0.1,0,0.0310117751458006
25,4,6,0.2,31,0.2,414,10,0.1,0,-0.112619056220423
25,4,6,0.2,31,0.2,414,10,0.1,0,-0.099515878815261
25,4,6,0.2,31,0.2,414,10,0.1,0,0.183667986883731
25,4,6,0.2,31,0.2,414,10,0.1,0,0.0171331907860124
25,4,6,0.2,31,0.2,414,10,0.1,0,-0.000554726320187507
25,4,6,0.2,31,0.2,414,10,0.1,0,0.0220470523558893
25,4,6,0.2,31,0.2,414,10,0.1,0,-0.0537540451574182
25,4,6,0.2,31,0.2,414,10,0.1,0,0.0116714731067393
25,4,6,0.2,31,0.2,414,10,0.1,0,-0.0431853983854749
25,4,6,0.2,31,0.2,414,10,0.1,0,-0.392364990154388
25,4,6,0.2,31,0.2,414,10,0.1,0,0.12669387992493
25,4,6,0.2,31,0.2,414,10,0.1,0,-0.0536573402998742
25,4,6,0.2,31,0.2,414,10,0.1,0,3.78242284916516e-25
25,4,6,0.2,31,0.2,414,10,0.1,0,-0.0282343467097667
25,4,6,0.2,31,0.2,414,10,0.1,0,0.00534336831862071
25,4,6,0.2,31,0.2,414,10,0.1,0,0
25,4,6,0.2,31,0.2,414,10,0.1,0,-0.0175210018440776
25,4,6,0.2,31,0.2,414,10,0.1,0,0.127298199270464
25,4,6,0.2,31,0.2,414,10,0.1,0,-0.00852689527399816
25,4,6,0.2,31,0.2,414,10,0.1,0,0.0587994109981143
25,4,6,0.2,31,0.2,414,10,0.1,0,-7.09285165798079e-25
25,4,6,0.2,31,0.2,414,10,0.1,0,-0.015085907420952
25,4,6,0.2,31,0.2,414,10,0.1,0,0.0851016482306856
25,4,6,0.2,31,0.2,414,10,0.1,0,0
25,4,6,0.2,31,0.2,414,10,0.1,0,0.00741652623670346
25,4,6,0.2,31,0.2,414,10,0.1,0,0.0482067178294547
25,4,6,0.2,31,0.2,414,10,0.1,0,0.0571849113825858
25,4,6,0.2,31,0.2,414,10,0.1,0,0.0134709683209332
25,4,6,0.2,31,0.2,414,10,0.1,0,-0.0045701788326983
25,4,6,0.2,31,0.2,414,10,0.1,0,1.08485912956295
25,4,6,0.2,31,0.2,414,10,0.1,0,0.00732932897497612
25,4,6,0.2,31,0.2,414,10,0.1,0,0.0450321989503316
25,4,6,0.2,31,0.2,414,10,0.1,0,0
25,4,6,0.2,31,0.2,414,10,0.1,0,0.133598731644659
25,4,6,0.2,31,0.2,414,10,0.1,0,-0.0316224243398304
25,4,6,0.2,31,0.2,414,10,0.1,0,0.155177184136104
25,4,6,0.2,31,0.2,414,10,0.1,0,0.113653217488867
25,4,6,0.2,31,0.2,414,10,0.1,0,-0.00466729381375927
25,4,6,0.2,31,0.2,414,10,0.1,0,0.0451534803896765
25,4,6,0.2,31,0.2,414,10,0.1,0,0.0283469165755559
25,4,6,0.2,31,0.2,414,10,0.1,0,0.106519069242666
25,4,6,0.2,31,0.2,414,10,0.1,0,0.78249038967738
25,4,6,0.2,31,0.2,414,10,0.1,0,-0.0210134189342247
25,4,6,0.2,31,0.2,414,10,0.1,0,0.124225884618434
25,4,6,0.2,31,0.2,414,10,0.1,0,0.0315379874715489
25,4,6,0.2,31,0.2,414,10,0.1,0,0.0266432449220261
25,4,6,0.2,31,0.2,414,10,0.1,0,0.0269114952876697
25,4,6,0.2,31,0.2,414,10,0.1,0,-0.0168519043506875
25,4,6,0.2,31,0.2,414,10,0.1,0,1.40581660564471e-25
25,4,6,0.2,31,0.2,414,10,0.1,0,1.91615942237488e-25
25,4,6,0.2,31,0.2,414,10,0.1,0,-0.0195289542247758
25,4,6,0.2,31,0.2,414,10,0.1,0,0.219374115252467
25,4,6,0.2,31,0.2,414,10,0.1,0,0.00348704909807176
25,4,6,0.2,31,0.2,414,10,0.1,0,0.01166075055695
25,4,6,0.2,31,0.2,414,10,0.1,0,0.000951059005599652
25,4,6,0.2,31,0.2,414,10,0.1,0,-0.00660022952776726
25,4,6,0.2,31,0.2,414,10,0.1,0,0.0559506151035744
25,4,6,0.2,31,0.2,414,10,0.1,0,0
25,4,6,0.2,31,0.2,414,10,0.1,0,0.0230192445663677
25,4,6,0.2,31,0.2,414,10,0.1,0,0.159207755920321
25,4,6,0.2,31,0.2,414,10,0.1,0,-0.00336237941978257
25,4,6,0.2,31,0.2,414,10,0.1,0,-0.0235830355844332
25,4,6,0.2,31,0.2,414,10,0.1,0,-0.017515098060857
25,4,6,0.2,31,0.2,414,10,0.1,0,0.075982429862357
25,4,6,0.2,31,0.2,414,10,0.1,0,0.582461290166353
25,4,6,0.2,31,0.2,414,10,0.1,0,-0.0569170595301654
25,4,6,0.2,31,0.2,414,10,0.1,0,-2.68446349113004
25,4,6,0.2,31,0.2,414,10,0.1,0,-0.0288964432575393
25,4,6,0.2,31,0.2,414,10,0.1,0,0.118346789873966
25,4,6,0.2,31,0.2,414,10,0.1,0,-0.0211024066327858
25,4,7,0.2,24,0.2,245,10,0.1,1,0.679265995518472
25,4,7,0.2,24,0.2,245,10,0.1,1,-0.881233392177421
25,4,7,0.2,24,0.2,245,10,0.1,1,0
25,4,7,0.2,24,0.2,245,10,0.1,1,-0.116472526120116
25,4,7,0.2,24,0.2,245,10,0.1,1,-0.208593654372821
25,4,7,0.2,24,0.2,245,10,0.1,1,0.144931600655667
25,4,7,0.2,24,0.2,245,10,0.1,1,-1.39547536093283e-23
25,4,7,0.2,24,0.2,245,10,0.1,1,0
25,4,7,0.2,24,0.2,245,10,0.1,1,-2.37288225018553
25,4,7,0.2,24,0.2,245,10,0.1,1,4.28469248913245
25,4,7,0.2,24,0.2,245,10,0.1,1,-0.617076361832314
25,4,7,0.2,24,0.2,245,10,0.1,1,0
25,4,7,0.2,24,0.2,245,10,0.1,1,0
25,4,7,0.2,24,0.2,245,10,0.1,1,-0.275920234607322
25,4,7,0.2,24,0.2,245,10,0.1,1,1.2166357471335
25,4,7,0.2,24,0.2,245,10,0.1,1,-1.41542771735526
25,4,7,0.2,24,0.2,245,10,0.1,1,2.32446752023157
25,4,7,0.2,24,0.2,245,10,0.1,1,1.24911325089411
25,4,7,0.2,24,0.2,245,10,0.1,1,0.0175934338509147
25,4,7,0.2,24,0.2,245,10,0.1,1,-0.0773457274475796
25,4,7,0.2,24,0.2,245,10,0.1,1,0.341248442511051
25,4,7,0.2,24,0.2,245,10,0.1,1,0.192685604699861
25,4,7,0.2,24,0.2,245,10,0.1,1,-2.09604743488869e-16
25,4,7,0.2,24,0.2,245,10,0.1,1,2.35139790647308
25,4,7,0.2,24,0.2,245,10,0.1,0,0.128692833496819
25,4,7,0.2,24,0.2,245,10,0.1,0,0.308087392343693
25,4,7,0.2,24,0.2,245,10,0.1,0,-0.308782570150872
25,4,7,0.2,24,0.2,245,10,0.1,0,0.617335783169826
25,4,7,0.2,24,0.2,245,10,0.1,0,0.336549134575231
25,4,7,0.2,24,0.2,245,10,0.1,0,-0.0144096041581129
25,4,7,0.2,24,0.2,245,10,0.1,0,0.0223496702870601
25,4,7,0.2,24,0.2,245,10,0.1,0,0.0683981055479992
25,4,7,0.2,24,0.2,245,10,0.1,0,1.22069223083423e-23
25,4,7,0.2,24,0.2,245,10,0.1,0,1.12832154371336e-23
25,4,7,0.2,24,0.2,245,10,0.1,0,0.0264184387075355
25,4,7,0.2,24,0.2,245,10,0.1,0,-0.0415678538169743
25,4,7,0.2,24,0.2,245,10,0.1,0,0
25,4,7,0.2,24,0.2,245,10,0.1,0,0.210354902527497
25,4,7,0.2,24,0.2,245,10,0.1,0,0
25,4,7,0.2,24,0.2,245,10,0.1,0,0
25,4,7,0.2,24,0.2,245,10,0.1,0,-0.313092243102086
25,4,7,0.2,24,0.2,245,10,0.1,0,-0.0195404459570832
25,4,7,0.2,24,0.2,245,10,0.1,0,-0.0109710154669348
25,4,7,0.2,24,0.2,245,10,0.1,0,0.177379060852591
25,4,7,0.2,24,0.2,245,10,0.1,0,0.0544815227234072
25,4,7,0.2,24,0.2,245,10,0.1,0,0.106703122383006
25,4,7,0.2,24,0.2,245,10,0.1,0,0
25,4,7,0.2,24,0.2,245,10,0.1,0,0.0790668291071353
25,4,7,0.2,24,0.2,245,10,0.1,0,-1.8597443910051
25,4,7,0.2,24,0.2,245,10,0.1,0,6.99766465582928e-17
25,4,7,0.2,24,0.2,245,10,0.1,0,0.0906620812449371
25,4,7,0.2,24,0.2,245,10,0.1,0,0.825380155096552
25,4,7,0.2,24,0.2,245,10,0.1,0,0.0275720047146996
25,4,7,0.2,24,0.2,245,10,0.1,0,0
25,4,7,0.2,24,0.2,245,10,0.1,0,-0.0380093095101253
25,4,7,0.2,24,0.2,245,10,0.1,0,-0.0429064132264576
25,4,7,0.2,24,0.2,245,10,0.1,0,0
25,4,7,0.2,24,0.2,245,10,0.1,0,1.92389949535145
25,4,7,0.2,24,0.2,245,10,0.1,0,0.0441829877362216
25,4,7,0.2,24,0.2,245,10,0.1,0,-0.269702526837156
25,4,7,0.2,24,0.2,245,10,0.1,0,0
25,4,7,0.2,24,0.2,245,10,0.1,0,0.276140905643293
25,4,7,0.2,24,0.2,245,10,0.1,0,0.00427897408409205
25,4,7,0.2,24,0.2,245,10,0.1,0,0.149240853485407
25,4,7,0.2,24,0.2,245,10,0.1,0,-2.56178379730756e-24
25,4,7,0.2,24,0.2,245,10,0.1,0,1.75194589186686e-16
25,4,7,0.2,24,0.2,245,10,0.1,0,-2.08588517767617
25,4,7,0.2,24,0.2,245,10,0.1,0,-0.122733486511589
25,4,7,0.2,24,0.2,245,10,0.1,0,-0.0494114393871489
25,4,7,0.2,24,0.2,245,10,0.1,0,-0.15019860860269
25,4,7,0.2,24,0.2,245,10,0.1,0,-0.000559027901178798
25,4,7,0.2,24,0.2,245,10,0.1,0,0.802452842460605
25,4,7,0.2,24,0.2,245,10,0.1,0,0.283899163497622
25,4,7,0.2,24,0.2,245,10,0.1,0,2.29799232777769e-16
25,4,7,0.2,24,0.2,245,10,0.1,0,-0.14760195728328
25,4,7,0.2,24,0.2,245,10,0.1,0,0.246615379702957
25,4,7,0.2,24,0.2,245,10,0.1,0,0.0360516885947106
25,4,7,0.2,24,0.2,245,10,0.1,0,-0.0854161014649618
25,4,7,0.2,24,0.2,245,10,0.1,0,0.0652393601780957
25,4,7,0.2,24,0.2,245,10,0.1,0,0.0214052044889967
25,4,7,0.2,24,0.2,245,10,0.1,0,0.0908047480292608
25,4,7,0.2,24,0.2,245,10,0.1,0,0.0222316641259944
25,4,7,0.2,24,0.2,245,10,0.1,0,-0.0567039485214028
25,4,7,0.2,24,0.2,245,10,0.1,0,0.138292807956078
25,4,7,0.2,24,0.2,245,10,0.1,0,0.0930862498666644
25,4,7,0.2,24,0.2,245,10,0.1,0,-0.0257693941036066
25,4,7,0.2,24,0.2,245,10,0.1,0,-0.316404814052438
25,4,7,0.2,24,0.2,245,10,0.1,0,0.0428451512123753
25,4,7,0.2,24,0.2,245,10,0.1,0,0.00713844040915855
25,4,7,0.2,24,0.2,245,10,0.1,0,-0.0549508681056679
25,4,7,0.2,24,0.2,245,10,0.1,0,-0.111691104656223
25,4,7,0.2,24,0.2,245,10,0.1,0,0.00656767322407892
25,4,7,0.2,24,0.2,245,10,0.1,0,7.76995683137397e-25
25,4,7,0.2,24,0.2,245,10,0.1,0,0.337756119198647
25,4,7,0.2,24,0.2,245,10,0.1,0,0.83625537538296
25,4,7,0.2,24,0.2,245,10,0.1,0,0
25,4,7,0.2,24,0.2,245,10,0.1,0,0.150727268813491
25,4,7,0.2,24,0.2,245,10,0.1,0,-0.401061246214211
25,4,7,0.2,24,0.2,245,10,0.1,0,0.00772988590032567
25,4,7,0.2,24,0.2,245,10,0.1,0,0.0972621042252077
25,4,7,0.2,24,0.2,245,10,0.1,0,0.0411277761110601
25,4,7,0.2,24,0.2,245,10,0.1,0,0.24727424192939
25,4,7,0.2,24,0.2,245,10,0.1,0,0.033568727604914
25,4,7,0.2,24,0.2,245,10,0.1,0,0.0763991153606834
25,4,7,0.2,24,0.2,245,10,0.1,0,0
25,4,7,0.2,24,0.2,245,10,0.1,0,0.0306989724045643
25,4,7,0.2,24,0.2,245,10,0.1,0,0.429209002976138
25,4,7,0.2,24,0.2,245,10,0.1,0,-5.29601103441117e-24
25,4,7,0.2,24,0.2,245,10,0.1,0,-0.12129544998369
25,4,7,0.2,24,0.2,245,10,0.1,0,0.0451802008228797
25,4,7,0.2,24,0.2,245,10,0.1,0,-0.0322836251730823
25,4,7,0.2,24,0.2,245,10,0.1,0,-0.165929583762468
25,4,7,0.2,24,0.2,245,10,0.1,0,0.0988113547198758
25,4,7,0.2,24,0.2,245,10,0.1,0,-0.0602719222104079
25,4,7,0.2,24,0.2,245,10,0.1,0,0.0227563214616129
25,4,7,0.2,24,0.2,245,10,0.1,0,0.0244141569875532
25,4,7,0.2,24,0.2,245,10,0.1,0,0.125860965581731
25,4,7,0.2,24,0.2,245,10,0.1,0,1.08851178833449e-24
25,4,7,0.2,24,0.2,245,10,0.1,0,-0.0497366167662835
25,4,7,0.2,24,0.2,245,10,0.1,0,0.15944026849534
25,4,7,0.2,24,0.2,245,10,0.1,0,0
25,4,7,0.2,24,0.2,245,10,0.1,0,-0.149072873593839
25,4,7,0.2,24,0.2,245,10,0.1,0,-0.794062630220517
25,4,7,0.2,24,0.2,245,10,0.1,0,1.23692002037051
25,4,7,0.2,24,0.2,245,10,0.1,0,0
25,4,7,0.2,24,0.2,245,10,0.1,0,-2.56342155034978e-17
25,4,7,0.2,24,0.2,245,10,0.1,0,-0.0734998151872847
25,4,7,0.2,24,0.2,245,10,0.1,0,0.0790745943183007
25,4,7,0.2,24,0.2,245,10,0.1,0,-0.00283963699722892
25,4,7,0.2,24,0.2,245,10,0.1,0,0.247059446086828
25,4,7,0.2,24,0.2,245,10,0.1,0,0
25,4,7,0.2,24,0.2,245,10,0.1,0,0
25,4,7,0.2,24,0.2,245,10,0.1,0,-0.00658770332121054
25,4,7,0.2,24,0.2,245,10,0.1,0,0
25,4,7,0.2,24,0.2,245,10,0.1,0,0
25,4,7,0.2,24,0.2,245,10,0.1,0,2.00252671971438
25,4,7,0.2,24,0.2,245,10,0.1,0,0.055542902482853
25,4,7,0.2,24,0.2,245,10,0.1,0,0.00578812061599061
25,4,7,0.2,24,0.2,245,10,0.1,0,0.403469539574972
25,4,7,0.2,24,0.2,245,10,0.1,0,-0.127953050142625
25,4,7,0.2,24,0.2,245,10,0.1,0,0.00339855141796758
25,4,7,0.2,24,0.2,245,10,0.1,0,-0.227533311474283
25,4,7,0.2,24,0.2,245,10,0.1,0,-2.35223367451784e-23
25,4,7,0.2,24,0.2,245,10,0.1,0,-0.0386835824953949
25,4,7,0.2,24,0.2,245,10,0.1,0,0.185957173778678
25,4,7,0.2,24,0.2,245,10,0.1,0,0.123245435216048
25,4,7,0.2,24,0.2,245,10,0.1,0,-1.54486708216038e-17
25,4,7,0.2,24,0.2,245,10,0.1,0,0.181774199669122
25,4,7,0.2,24,0.2,245,10,0.1,0,-0.0071181445447389
25,4,7,0.2,24,0.2,245,10,0.1,0,-0.0823686101527607
25,4,7,0.2,24,0.2,245,10,0.1,0,-0.00646786452082087
25,4,7,0.2,24,0.2,245,10,0.1,0,0.183477139385942
25,4,7,0.2,24,0.2,245,10,0.1,0,-0.0140733566203716
25,4,7,0.2,24,0.2,245,10,0.1,0,2.17051983330401
25,4,7,0.2,24,0.2,245,10,0.1,0,-0.0700040429127524
25,4,7,0.2,24,0.2,245,10,0.1,0,0.0330235483759271
25,4,7,0.2,24,0.2,245,10,0.1,0,-0.0533304201684547
25,4,7,0.2,24,0.2,245,10,0.1,0,-0.0184740789377208
25,4,7,0.2,24,0.2,245,10,0.1,0,0.0714206971976042
25,4,7,0.2,24,0.2,245,10,0.1,0,0.27997939394921
25,4,7,0.2,24,0.2,245,10,0.1,0,-0.0369968208236923
25,4,7,0.2,24,0.2,245,10,0.1,0,-6.23600807893102e-05
25,4,7,0.2,24,0.2,245,10,0.1,0,-0.0312077712838693
25,4,7,0.2,24,0.2,245,10,0.1,0,0.220755054712729
25,4,7,0.2,24,0.2,245,10,0.1,0,0
25,4,7,0.2,24,0.2,245,10,0.1,0,0.00737461586015834
25,4,7,0.2,24,0.2,245,10,0.1,0,-0.0348300348414153
25,4,7,0.2,24,0.2,245,10,0.1,0,0.0649676134589847
25,4,7,0.2,24,0.2,245,10,0.1,0,-0.109463374772562
25,4,7,0.2,24,0.2,245,10,0.1,0,0.0287451979869176
25,4,7,0.2,24,0.2,245,10,0.1,0,0
25,4,7,0.2,24,0.2,245,10,0.1,0,-0.0796483711113461
25,4,7,0.2,24,0.2,245,10,0.1,0,-0.121546087674458
25,4,7,0.2,24,0.2,245,10,0.1,0,0.0661089522734371
25,4,7,0.2,24,0.2,245,10,0.1,0,-0.126504078800832
25,4,7,0.2,24,0.2,245,10,0.1,0,0.00229312494934863
25,4,7,0.2,24,0.2,245,10,0.1,0,0
25,4,7,0.2,24,0.2,245,10,0.1,0,0.0985890757384985
25,4,7,0.2,24,0.2,245,10,0.1,0,-0.332039424318399
25,4,7,0.2,24,0.2,245,10,0.1,0,-0.0864654349081665
25,4,7,0.2,24,0.2,245,10,0.1,0,-0.047859295006637
25,4,7,0.2,24,0.2,245,10,0.1,0,0
25,4,7,0.2,24,0.2,245,10,0.1,0,0.191724345594846
25,4,7,0.2,24,0.2,245,10,0.1,0,-0.234644838332109
25,4,7,0.2,24,0.2,245,10,0.1,0,-0.0149145054189292
25,4,7,0.2,24,0.2,245,10,0.1,0,-0.0725433875642498
25,4,7,0.2,24,0.2,245,10,0.1,0,-0.0282231398107435
25,4,7,0.2,24,0.2,245,10,0.1,0,0.775835827080999
25,4,7,0.2,24,0.2,245,10,0.1,0,0.199361955577353
25,4,7,0.2,24,0.2,245,10,0.1,0,0.101582299150942
25,4,7,0.2,24,0.2,245,10,0.1,0,0
25,4,7,0.2,24,0.2,245,10,0.1,0,0.101334934931334
25,4,7,0.2,24,0.2,245,10,0.1,0,3.95428545926063e-25
25,4,7,0.2,24,0.2,245,10,0.1,0,0.1136128738078
25,4,7,0.2,24,0.2,245,10,0.1,0,0.0121312967133641
25,4,7,0.2,24,0.2,245,10,0.1,0,-0.0255143964320182
25,4,7,0.2,24,0.2,245,10,0.1,0,0.00530348165183388
25,4,7,0.2,24,0.2,245,10,0.1,0,1.46542545473637
25,4,7,0.2,24,0.2,245,10,0.1,0,0.0783986647910183
25,4,7,0.2,24,0.2,245,10,0.1,0,0.182556170396266
25,4,7,0.2,24,0.2,245,10,0.1,0,0.0285060448161948
25,4,7,0.2,24,0.2,245,10,0.1,0,-0.14305732360136
25,4,7,0.2,24,0.2,245,10,0.1,0,-0.0138622586477168
25,4,7,0.2,24,0.2,245,10,0.1,0,-0.494188319976564
25,4,7,0.2,24,0.2,245,10,0.1,0,-0.0857303648758649
25,4,7,0.2,24,0.2,245,10,0.1,0,-0.032679500919771
25,4,7,0.2,24,0.2,245,10,0.1,0,0.0348672956714608
25,4,7,0.2,24,0.2,245,10,0.1,0,0.390952981767006
25,4,7,0.2,24,0.2,245,10,0.1,0,0.85320179832029
25,4,7,0.2,24,0.2,245,10,0.1,0,-0.0391856057854008
25,4,7,0.2,24,0.2,245,10,0.1,0,0.0112469104302765
25,4,7,0.2,24,0.2,245,10,0.1,0,0.0658510055275553
25,4,7,0.2,24,0.2,245,10,0.1,0,-1.04653876817436e-16
25,4,7,0.2,24,0.2,245,10,0.1,0,-0.0204751381914897
25,4,7,0.2,24,0.2,245,10,0.1,0,-0.205071971196009
25,4,7,0.2,24,0.2,245,10,0.1,0,0.00340137061995691
25,4,7,0.2,24,0.2,245,10,0.1,0,0.0959257191667476
25,4,7,0.2,24,0.2,245,10,0.1,0,-0.0231186488359062
25,4,7,0.2,24,0.2,245,10,0.1,0,0.263189688075199
25,4,7,0.2,24,0.2,245,10,0.1,0,-0.00903132894412893
25,4,7,0.2,24,0.2,245,10,0.1,0,0.0247971283863247
25,4,7,0.2,24,0.2,245,10,0.1,0,-0.0588556585997513
25,4,7,0.2,24,0.2,245,10,0.1,0,1.01801556014149e-24
25,4,7,0.2,24,0.2,245,10,0.1,0,0.182318090003685
25,4,7,0.2,24,0.2,245,10,0.1,0,-0.599768930047603
25,4,7,0.2,24,0.2,245,10,0.1,0,-0.0184930171101312
25,4,7,0.2,24,0.2,245,10,0.1,0,-0.0730503502765104
25,4,7,0.2,24,0.2,245,10,0.1,0,-0.0833889058440362
25,4,7,0.2,24,0.2,245,10,0.1,0,0.207390160232297
25,4,7,0.2,24,0.2,245,10,0.1,0,-1.32845361028373e-16
25,4,7,0.2,24,0.2,245,10,0.1,0,-0.0242607362053769
25,4,7,0.2,24,0.2,245,10,0.1,0,0.181645019593844
25,4,7,0.2,24,0.2,245,10,0.1,0,0.0169501212928899
25,4,7,0.2,24,0.2,245,10,0.1,0,0.260671499622398
25,4,7,0.2,24,0.2,245,10,0.1,0,-0.0205939195261034
25,4,7,0.2,24,0.2,245,10,0.1,0,0.90455929715002
25,4,7,0.2,24,0.2,245,10,0.1,0,0.00215040809588705
25,4,7,0.2,24,0.2,245,10,0.1,0,0.0161637136225769
25,4,7,0.2,24,0.2,245,10,0.1,0,-0.100547838514738
25,4,7,0.2,24,0.2,245,10,0.1,0,-0.084008250554211
25,4,7,0.2,24,0.2,245,10,0.1,0,0
25,4,7,0.2,24,0.2,245,10,0.1,0,0.040683286202149
25,4,7,0.2,24,0.2,245,10,0.1,0,-1.8668569422778e-16
25,4,7,0.2,24,0.2,245,10,0.1,0,-1.57140622268783e-25
25,4,7,0.2,24,0.2,245,10,0.1,0,-1.43187645084678
25,4,7,0.2,24,0.2,245,10,0.1,0,0.0902971454285222
25,4,7,0.2,24,0.2,245,10,0.1,0,-0.120582829281546
25,4,7,0.2,24,0.2,245,10,0.1,0,-0.0564558676207205
25,4,7,0.2,24,0.2,245,10,0.1,0,0.0316000325644615
25,4,7,0.2,24,0.2,245,10,0.1,0,0.0200838987928043
25,4,7,0.2,24,0.2,245,10,0.1,0,0.241143309007991
25,4,7,0.2,24,0.2,245,10,0.1,0,-0.123975877006536
25,4,7,0.2,24,0.2,245,10,0.1,0,0.00922295395887844
25,4,7,0.2,24,0.2,245,10,0.1,0,0
25,4,7,0.2,24,0.2,245,10,0.1,0,0.103605807902966
25,4,7,0.2,24,0.2,245,10,0.1,0,1.42548587351293e-16
25,4,7,0.2,24,0.2,245,10,0.1,0,1.27696528682308e-26
25,4,7,0.2,24,0.2,245,10,0.1,0,4.85427338419448
25,4,7,0.2,24,0.2,245,10,0.1,0,-0.0291806830050166
25,4,7,0.2,24,0.2,245,10,0.1,0,0.419674530022748
25,4,7,0.2,24,0.2,245,10,0.1,0,0.0750376982977772
25,4,7,0.2,24,0.2,245,10,0.1,0,-2.63623185719982e-25
25,4,7,0.2,24,0.2,245,10,0.1,0,-0.0954232151509722
25,4,7,0.2,24,0.2,245,10,0.1,0,-0.00878784834952345
25,4,7,0.2,24,0.2,245,10,0.1,0,-0.0690878577782354
25,4,7,0.2,24,0.2,245,10,0.1,0,-0.0293073378779079
25,4,7,0.2,24,0.2,245,10,0.1,0,-0.111384339882505
25,4,7,0.2,24,0.2,245,10,0.1,0,0.0968710752157296
25,4,7,0.2,24,0.2,245,10,0.1,0,0.27352229857245
25,5,1,0.2,27,0.2,351,10,0.1,1,4.14439430408309e-25
25,5,1,0.2,27,0.2,351,10,0.1,1,0
25,5,1,0.2,27,0.2,351,10,0.1,1,0.17098516026453
25,5,1,0.2,27,0.2,351,10,0.1,1,-5.75863442178906
25,5,1,0.2,27,0.2,351,10,0.1,1,3.64757719192067e-28
25,5,1,0.2,27,0.2,351,10,0.1,1,-1.20240509325379
25,5,1,0.2,27,0.2,351,10,0.1,1,-0.0679309935643224
25,5,1,0.2,27,0.2,351,10,0.1,1,2.06511365075782e-25
25,5,1,0.2,27,0.2,351,10,0.1,1,0
25,5,1,0.2,27,0.2,351,10,0.1,1,0.369889051965936
25,5,1,0.2,27,0.2,351,10,0.1,1,0
25,5,1,0.2,27,0.2,351,10,0.1,1,0.363841036098701
25,5,1,0.2,27,0.2,351,10,0.1,1,0.469810764680115
25,5,1,0.2,27,0.2,351,10,0.1,1,1.06309313589703
25,5,1,0.2,27,0.2,351,10,0.1,1,-0.499406314460002
25,5,1,0.2,27,0.2,351,10,0.1,1,-0.254729810879588
25,5,1,0.2,27,0.2,351,10,0.1,1,0
25,5,1,0.2,27,0.2,351,10,0.1,1,0.0412492232269661
25,5,1,0.2,27,0.2,351,10,0.1,1,0
25,5,1,0.2,27,0.2,351,10,0.1,1,0
25,5,1,0.2,27,0.2,351,10,0.1,1,0
25,5,1,0.2,27,0.2,351,10,0.1,1,1.18462465446624
25,5,1,0.2,27,0.2,351,10,0.1,1,0.230552359270293
25,5,1,0.2,27,0.2,351,10,0.1,1,0.451732268594084
25,5,1,0.2,27,0.2,351,10,0.1,1,0.0114820511900678
25,5,1,0.2,27,0.2,351,10,0.1,1,0.194511651656109
25,5,1,0.2,27,0.2,351,10,0.1,1,0.0902422025051142
25,5,1,0.2,27,0.2,351,10,0.1,0,0.00482968008801257
25,5,1,0.2,27,0.2,351,10,0.1,0,0.00486046247717344
25,5,1,0.2,27,0.2,351,10,0.1,0,0.00510660352233371
25,5,1,0.2,27,0.2,351,10,0.1,0,-0.0148480024232939
25,5,1,0.2,27,0.2,351,10,0.1,0,-0.434390340456158
25,5,1,0.2,27,0.2,351,10,0.1,0,0.785886116092913
25,5,1,0.2,27,0.2,351,10,0.1,0,0.0566906410013362
25,5,1,0.2,27,0.2,351,10,0.1,0,-1.05317540084941e-25
25,5,1,0.2,27,0.2,351,10,0.1,0,0.00363772320813377
25,5,1,0.2,27,0.2,351,10,0.1,0,-0.0957320721238284
25,5,1,0.2,27,0.2,351,10,0.1,0,0.114741586246527
25,5,1,0.2,27,0.2,351,10,0.1,0,-1.21641531388716e-25
25,5,1,0.2,27,0.2,351,10,0.1,0,0.173600864323472
25,5,1,0.2,27,0.2,351,10,0.1,0,-0.0145507143769081
25,5,1,0.2,27,0.2,351,10,0.1,0,0.0778500406491489
25,5,1,0.2,27,0.2,351,10,0.1,0,-0.033049811040146
25,5,1,0.2,27,0.2,351,10,0.1,0,-3.51332930776341e-25
25,5,1,0.2,27,0.2,351,10,0.1,0,0.0456104305093732
25,5,1,0.2,27,0.2,351,10,0.1,0,0.0498118013880508
25,5,1,0.2,27,0.2,351,10,0.1,0,-0.0206800939025973
25,5,1,0.2,27,0.2,351,10,0.1,0,-0.00989895569280329
25,5,1,0.2,27,0.2,351,10,0.1,0,0.0195111974991183
25,5,1,0.2,27,0.2,351,10,0.1,0,0
25,5,1,0.2,27,0.2,351,10,0.1,0,1.49698158162725e-28
25,5,1,0.2,27,0.2,351,10,0.1,0,0.0374579885404727
25,5,1,0.2,27,0.2,351,10,0.1,0,0.0603561398494293
25,5,1,0.2,27,0.2,351,10,0.1,0,0
25,5,1,0.2,27,0.2,351,10,0.1,0,1.08642017899576
25,5,1,0.2,27,0.2,351,10,0.1,0,0.00677583172350313
25,5,1,0.2,27,0.2,351,10,0.1,0,-0.0102660716744257
25,5,1,0.2,27,0.2,351,10,0.1,0,-0.0718860292073116
25,5,1,0.2,27,0.2,351,10,0.1,0,0.142280711228014
25,5,1,0.2,27,0.2,351,10,0.1,0,0.0541565554856918
25,5,1,0.2,27,0.2,351,10,0.1,0,-0.000684552459376337
25,5,1,0.2,27,0.2,351,10,0.1,0,0.0720893045114816
25,5,1,0.2,27,0.2,351,10,0.1,0,-0.211808972202635
25,5,1,0.2,27,0.2,351,10,0.1,0,0.0563675133016351
25,5,1,0.2,27,0.2,351,10,0.1,0,-0.644690490004391
25,5,1,0.2,27,0.2,351,10,0.1,0,1.4796141370152
25,5,1,0.2,27,0.2,351,10,0.1,0,-0.00607185411616159
25,5,1,0.2,27,0.2,351,10,0.1,0,0.978888965679764
25,5,1,0.2,27,0.2,351,10,0.1,0,-3.18028452232094e-25
25,5,1,0.2,27,0.2,351,10,0.1,0,-0.0926189886957183
25,5,1,0.2,27,0.2,351,10,0.1,0,-0.524200854040192
25,5,1,0.2,27,0.2,351,10,0.1,0,-0.137775952105336
25,5,1,0.2,27,0.2,351,10,0.1,0,-0.0446612247055671
25,5,1,0.2,27,0.2,351,10,0.1,0,0.083667290522147
25,5,1,0.2,27,0.2,351,10,0.1,0,0.0351132059969983
25,5,1,0.2,27,0.2,351,10,0.1,0,-0.00650573587754341
25,5,1,0.2,27,0.2,351,10,0.1,0,-0.0320496158368705
25,5,1,0.2,27,0.2,351,10,0.1,0,0.271050271866758
25,5,1,0.2,27,0.2,351,10,0.1,0,-1.02673764565855e-27
25,5,1,0.2,27,0.2,351,10,0.1,0,0.140846859713848
25,5,1,0.2,27,0.2,351,10,0.1,0,-0.0151176054282349
25,5,1,0.2,27,0.2,351,10,0.1,0,0.0103742915893707
25,5,1,0.2,27,0.2,351,10,0.1,0,0.202751705852436
25,5,1,0.2,27,0.2,351,10,0.1,0,-7.35420185432865e-25
25,5,1,0.2,27,0.2,351,10,0.1,0,-0.0247419490860109
25,5,1,0.2,27,0.2,351,10,0.1,0,-0.122137159612478
25,5,1,0.2,27,0.2,351,10,0.1,0,0
25,5,1,0.2,27,0.2,351,10,0.1,0,-0.00275318752370115
25,5,1,0.2,27,0.2,351,10,0.1,0,-0.0355591326449915
25,5,1,0.2,27,0.2,351,10,0.1,0,-1.70556194117605e-25
25,5,1,0.2,27,0.2,351,10,0.1,0,0.0157810324593008
25,5,1,0.2,27,0.2,351,10,0.1,0,0
25,5,1,0.2,27,0.2,351,10,0.1,0,-0.0286765034165338
25,5,1,0.2,27,0.2,351,10,0.1,0,0
25,5,1,0.2,27,0.2,351,10,0.1,0,-0.133794008592711
25,5,1,0.2,27,0.2,351,10,0.1,0,0.35937349064259
25,5,1,0.2,27,0.2,351,10,0.1,0,-0.0614767192844971
25,5,1,0.2,27,0.2,351,10,0.1,0,0.00710120627599463
25,5,1,0.2,27,0.2,351,10,0.1,0,-0.269209649377369
25,5,1,0.2,27,0.2,351,10,0.1,0,0.00806825986919161
25,5,1,0.2,27,0.2,351,10,0.1,0,-0.00119701702706895
25,5,1,0.2,27,0.2,351,10,0.1,0,0
25,5,1,0.2,27,0.2,351,10,0.1,0,-0.0316983658835481
25,5,1,0.2,27,0.2,351,10,0.1,0,0
25,5,1,0.2,27,0.2,351,10,0.1,0,-0.00307317033451185
25,5,1,0.2,27,0.2,351,10,0.1,0,0.0959277546625414
25,5,1,0.2,27,0.2,351,10,0.1,0,0.224979985384717
25,5,1,0.2,27,0.2,351,10,0.1,0,0.25597313285202
25,5,1,0.2,27,0.2,351,10,0.1,0,-1.48922707097013e-27
25,5,1,0.2,27,0.2,351,10,0.1,0,-0.0995576880558244
25,5,1,0.2,27,0.2,351,10,0.1,0,-0.0076432029917924
25,5,1,0.2,27,0.2,351,10,0.1,0,0.256854395720397
25,5,1,0.2,27,0.2,351,10,0.1,0,-0.0463007688898999
25,5,1,0.2,27,0.2,351,10,0.1,0,-8.89361319797707e-26
25,5,1,0.2,27,0.2,351,10,0.1,0,0.00330675301642171
25,5,1,0.2,27,0.2,351,10,0.1,0,0.112327228942275
25,5,1,0.2,27,0.2,351,10,0.1,0,0.105872126342544
25,5,1,0.2,27,0.2,351,10,0.1,0,0.908616267642561
25,5,1,0.2,27,0.2,351,10,0.1,0,0.00185614059783621
25,5,1,0.2,27,0.2,351,10,0.1,0,0.0361382635898824
25,5,1,0.2,27,0.2,351,10,0.1,0,0
25,5,1,0.2,27,0.2,351,10,0.1,0,-0.319356501350996
25,5,1,0.2,27,0.2,351,10,0.1,0,0.909417019435301
25,5,1,0.2,27,0.2,351,10,0.1,0,0.692863506942826
25,5,1,0.2,27,0.2,351,10,0.1,0,-0.0208628613573831
25,5,1,0.2,27,0.2,351,10,0.1,0,0.409137714016969
25,5,1,0.2,27,0.2,351,10,0.1,0,-0.292385307303241
25,5,1,0.2,27,0.2,351,10,0.1,0,-0.137159435894823
25,5,1,0.2,27,0.2,351,10,0.1,0,0
25,5,1,0.2,27,0.2,351,10,0.1,0,0.0155266093369282
25,5,1,0.2,27,0.2,351,10,0.1,0,0.504931046539542
25,5,1,0.2,27,0.2,351,10,0.1,0,0.022383783379074
25,5,1,0.2,27,0.2,351,10,0.1,0,0
25,5,1,0.2,27,0.2,351,10,0.1,0,0.0414904348965722
25,5,1,0.2,27,0.2,351,10,0.1,0,0.382023680856852
25,5,1,0.2,27,0.2,351,10,0.1,0,-0.0446995960018918
25,5,1,0.2,27,0.2,351,10,0.1,0,0
25,5,1,0.2,27,0.2,351,10,0.1,0,-0.143711491916387
25,5,1,0.2,27,0.2,351,10,0.1,0,-1.30552990717351e-27
25,5,1,0.2,27,0.2,351,10,0.1,0,-0.0576364877880198
25,5,1,0.2,27,0.2,351,10,0.1,0,-2.39753288293821e-25
25,5,1,0.2,27,0.2,351,10,0.1,0,3.68860243811037
25,5,1,0.2,27,0.2,351,10,0.1,0,0.0263979067447555
25,5,1,0.2,27,0.2,351,10,0.1,0,5.61868157685837e-29
25,5,1,0.2,27,0.2,351,10,0.1,0,-0.0420697415752809
25,5,1,0.2,27,0.2,351,10,0.1,0,0.00195199703253229
25,5,1,0.2,27,0.2,351,10,0.1,0,-0.0137471443935693
25,5,1,0.2,27,0.2,351,10,0.1,0,1.63070445762131e-26
25,5,1,0.2,27,0.2,351,10,0.1,0,0.0230091570654685
25,5,1,0.2,27,0.2,351,10,0.1,0,-0.131486466797936
25,5,1,0.2,27,0.2,351,10,0.1,0,3.90979069477055e-25
25,5,1,0.2,27,0.2,351,10,0.1,0,0.0161977793966153
25,5,1,0.2,27,0.2,351,10,0.1,0,-0.0126780629979098
25,5,1,0.2,27,0.2,351,10,0.1,0,-0.0304945163016367
25,5,1,0.2,27,0.2,351,10,0.1,0,0
25,5,1,0.2,27,0.2,351,10,0.1,0,-7.74629354164687e-26
25,5,1,0.2,27,0.2,351,10,0.1,0,-0.0315375928615434
25,5,1,0.2,27,0.2,351,10,0.1,0,0.13463048475018
25,5,1,0.2,27,0.2,351,10,0.1,0,0.232889056352275
25,5,1,0.2,27,0.2,351,10,0.1,0,2.95759255440201
25,5,1,0.2,27,0.2,351,10,0.1,0,0.0644149947923479
25,5,1,0.2,27,0.2,351,10,0.1,0,0.0488049321212947
25,5,1,0.2,27,0.2,351,10,0.1,0,-0.0930736803340153
25,5,1,0.2,27,0.2,351,10,0.1,0,-0.00312255907953927
25,5,1,0.2,27,0.2,351,10,0.1,0,0.00860852626779944
25,5,1,0.2,27,0.2,351,10,0.1,0,0
25,5,1,0.2,27,0.2,351,10,0.1,0,-0.0441251770277852
25,5,1,0.2,27,0.2,351,10,0.1,0,-0.00532549225028524
25,5,1,0.2,27,0.2,351,10,0.1,0,0.0222534898210448
25,5,1,0.2,27,0.2,351,10,0.1,0,0.170171555636833
25,5,1,0.2,27,0.2,351,10,0.1,0,0.00444069323698501
25,5,1,0.2,27,0.2,351,10,0.1,0,-0.00366603417766629
25,5,1,0.2,27,0.2,351,10,0.1,0,-0.324182230831257
25,5,1,0.2,27,0.2,351,10,0.1,0,-1.10609030682579
25,5,1,0.2,27,0.2,351,10,0.1,0,-0.0314898830880408
25,5,1,0.2,27,0.2,351,10,0.1,0,-0.062538301478249
25,5,1,0.2,27,0.2,351,10,0.1,0,0.0866505864981789
25,5,1,0.2,27,0.2,351,10,0.1,0,0.500444747272085
25,5,1,0.2,27,0.2,351,10,0.1,0,-3.40663689327192e-24
25,5,1,0.2,27,0.2,351,10,0.1,0,0.127692915790708
25,5,1,0.2,27,0.2,351,10,0.1,0,0.011921435232189
25,5,1,0.2,27,0.2,351,10,0.1,0,0.351870643210103
25,5,1,0.2,27,0.2,351,10,0.1,0,2.06816230128362e-25
25,5,1,0.2,27,0.2,351,10,0.1,0,-0.0083071373473625
25,5,1,0.2,27,0.2,351,10,0.1,0,-0.0608294238454702
25,5,1,0.2,27,0.2,351,10,0.1,0,0.443614586194424
25,5,1,0.2,27,0.2,351,10,0.1,0,0
25,5,1,0.2,27,0.2,351,10,0.1,0,0.359394912491193
25,5,1,0.2,27,0.2,351,10,0.1,0,1.28736505121884
25,5,1,0.2,27,0.2,351,10,0.1,0,0.464190460442612
25,5,1,0.2,27,0.2,351,10,0.1,0,0.239565211636992
25,5,1,0.2,27,0.2,351,10,0.1,0,0.329869273729058
25,5,1,0.2,27,0.2,351,10,0.1,0,-0.00456874263740663
25,5,1,0.2,27,0.2,351,10,0.1,0,-0.0135533534389849
25,5,1,0.2,27,0.2,351,10,0.1,0,0.0573130720051373
25,5,1,0.2,27,0.2,351,10,0.1,0,-0.0574792049163762
25,5,1,0.2,27,0.2,351,10,0.1,0,0.0157044277620182
25,5,1,0.2,27,0.2,351,10,0.1,0,0.112164254543969
25,5,1,0.2,27,0.2,351,10,0.1,0,-7.00906385994901e-25
25,5,1,0.2,27,0.2,351,10,0.1,0,-0.0847730850157572
25,5,1,0.2,27,0.2,351,10,0.1,0,0
25,5,1,0.2,27,0.2,351,10,0.1,0,-6.19819123426453
25,5,1,0.2,27,0.2,351,10,0.1,0,-0.0136101533923152
25,5,1,0.2,27,0.2,351,10,0.1,0,3.46228403694065
25,5,1,0.2,27,0.2,351,10,0.1,0,0.996723564770088
25,5,1,0.2,27,0.2,351,10,0.1,0,0.00546399133716796
25,5,1,0.2,27,0.2,351,10,0.1,0,0.275953564582301
25,5,1,0.2,27,0.2,351,10,0.1,0,0
25,5,1,0.2,27,0.2,351,10,0.1,0,0
25,5,1,0.2,27,0.2,351,10,0.1,0,-0.00296596977368902
25,5,1,0.2,27,0.2,351,10,0.1,0,0.286364438431841
25,5,1,0.2,27,0.2,351,10,0.1,0,0
25,5,1,0.2,27,0.2,351,10,0.1,0,0.0560546564322622
25,5,1,0.2,27,0.2,351,10,0.1,0,-0.0924055658987734
25,5,1,0.2,27,0.2,351,10,0.1,0,0.0320073855106653
25,5,1,0.2,27,0.2,351,10,0.1,0,0.105887556778848
25,5,1,0.2,27,0.2,351,10,0.1,0,0.00945045402888708
25,5,1,0.2,27,0.2,351,10,0.1,0,-1.4053134845885e-27
25,5,1,0.2,27,0.2,351,10,0.1,0,-0.0526564828517249
25,5,1,0.2,27,0.2,351,10,0.1,0,0
25,5,1,0.2,27,0.2,351,10,0.1,0,0.540845177596504
25,5,1,0.2,27,0.2,351,10,0.1,0,0.088589355525145
25,5,1,0.2,27,0.2,351,10,0.1,0,0
25,5,1,0.2,27,0.2,351,10,0.1,0,0.0082802775211925
25,5,1,0.2,27,0.2,351,10,0.1,0,0
25,5,1,0.2,27,0.2,351,10,0.1,0,-0.108117066674975
25,5,1,0.2,27,0.2,351,10,0.1,0,0.00152537067356164
25,5,1,0.2,27,0.2,351,10,0.1,0,-0.019006757403104
25,5,1,0.2,27,0.2,351,10,0.1,0,-0.00678189089241444
25,5,1,0.2,27,0.2,351,10,0.1,0,0.669346297583956
25,5,1,0.2,27,0.2,351,10,0.1,0,0.0915114285574877
25,5,1,0.2,27,0.2,351,10,0.1,0,0
25,5,1,0.2,27,0.2,351,10,0.1,0,0.0388971059736783
25,5,1,0.2,27,0.2,351,10,0.1,0,0.0723180135108155
25,5,1,0.2,27,0.2,351,10,0.1,0,0.104064475451763
25,5,1,0.2,27,0.2,351,10,0.1,0,0.223480527901795
25,5,1,0.2,27,0.2,351,10,0.1,0,0.545034690950659
25,5,1,0.2,27,0.2,351,10,0.1,0,0.12259488352493
25,5,1,0.2,27,0.2,351,10,0.1,0,-0.144940899246414
25,5,1,0.2,27,0.2,351,10,0.1,0,-0.0197507437486769
25,5,1,0.2,27,0.2,351,10,0.1,0,0.110277975300156
25,5,1,0.2,27,0.2,351,10,0.1,0,0.452510830766758
25,5,1,0.2,27,0.2,351,10,0.1,0,0
25,5,1,0.2,27,0.2,351,10,0.1,0,0.0908991164458968
25,5,1,0.2,27,0.2,351,10,0.1,0,-0.0411639024129904
25,5,1,0.2,27,0.2,351,10,0.1,0,0.00687112069217635
25,5,1,0.2,27,0.2,351,10,0.1,0,0.00549115219254387
25,5,1,0.2,27,0.2,351,10,0.1,0,5.56657992411323e-26
25,5,1,0.2,27,0.2,351,10,0.1,0,0.0504850083895853
25,5,1,0.2,27,0.2,351,10,0.1,0,0.0892573757890551
25,5,1,0.2,27,0.2,351,10,0.1,0,-0.0434717901650332
25,5,1,0.2,27,0.2,351,10,0.1,0,0.0325506639690932
25,5,1,0.2,27,0.2,351,10,0.1,0,0
25,5,1,0.2,27,0.2,351,10,0.1,0,0.529168330971473
25,5,1,0.2,27,0.2,351,10,0.1,0,0.514933051964343
25,5,1,0.2,27,0.2,351,10,0.1,0,2.7872645790848e-27
25,5,1,0.2,27,0.2,351,10,0.1,0,-0.191026299785559
25,5,1,0.2,27,0.2,351,10,0.1,0,0.208202486108262
25,5,1,0.2,27,0.2,351,10,0.1,0,0.0446171708707572
25,5,1,0.2,27,0.2,351,10,0.1,0,0.0278036594193368
25,5,1,0.2,27,0.2,351,10,0.1,0,-0.0259305368467208
25,5,1,0.2,27,0.2,351,10,0.1,0,0.580592122809179
25,5,1,0.2,27,0.2,351,10,0.1,0,2.83429732364495e-25
25,5,1,0.2,27,0.2,351,10,0.1,0,0.133970966527826
25,5,1,0.2,27,0.2,351,10,0.1,0,0.0114028679652056
25,5,1,0.2,27,0.2,351,10,0.1,0,-0.0697323751498265
25,5,1,0.2,27,0.2,351,10,0.1,0,0.00499631380253248
25,5,1,0.2,27,0.2,351,10,0.1,0,0.681841292352489
25,5,1,0.2,27,0.2,351,10,0.1,0,0.0035102572199671
25,5,1,0.2,27,0.2,351,10,0.1,0,0.21493186541065
25,5,1,0.2,27,0.2,351,10,0.1,0,-0.462826938251097
25,5,1,0.2,27,0.2,351,10,0.1,0,0
25,5,1,0.2,27,0.2,351,10,0.1,0,0.0230037794898461
25,5,1,0.2,27,0.2,351,10,0.1,0,2.70299041741651e-28
25,5,1,0.2,27,0.2,351,10,0.1,0,-0.076307040637782
25,5,1,0.2,27,0.2,351,10,0.1,0,0.0159886203091081
25,5,1,0.2,27,0.2,351,10,0.1,0,0
25,5,1,0.2,27,0.2,351,10,0.1,0,0.0425085120125961
25,5,1,0.2,27,0.2,351,10,0.1,0,0.0586577764189682
25,5,1,0.2,27,0.2,351,10,0.1,0,-0.0197828941244185
25,5,1,0.2,27,0.2,351,10,0.1,0,-0.0328150583746131
25,5,1,0.2,27,0.2,351,10,0.1,0,0.252640422276796
25,5,1,0.2,27,0.2,351,10,0.1,0,-0.0175872815021489
25,5,1,0.2,27,0.2,351,10,0.1,0,0.816433307017087
25,5,1,0.2,27,0.2,351,10,0.1,0,-0.0119850309570508
25,5,1,0.2,27,0.2,351,10,0.1,0,-0.0201555605364725
25,5,1,0.2,27,0.2,351,10,0.1,0,2.93539076843285e-25
25,5,1,0.2,27,0.2,351,10,0.1,0,0
25,5,1,0.2,27,0.2,351,10,0.1,0,0.0817617491113096
25,5,1,0.2,27,0.2,351,10,0.1,0,-0.0606590842386042
25,5,1,0.2,27,0.2,351,10,0.1,0,0.037468129001298
25,5,1,0.2,27,0.2,351,10,0.1,0,0.303498744634426
25,5,1,0.2,27,0.2,351,10,0.1,0,0.0144078247030591
25,5,1,0.2,27,0.2,351,10,0.1,0,0.0152646074217504
25,5,1,0.2,27,0.2,351,10,0.1,0,-0.0486161402255213
25,5,1,0.2,27,0.2,351,10,0.1,0,0.168092058376643
25,5,1,0.2,27,0.2,351,10,0.1,0,0.0565196823419477
25,5,1,0.2,27,0.2,351,10,0.1,0,-0.00806465789627252
25,5,1,0.2,27,0.2,351,10,0.1,0,-0.0387765594621961
25,5,1,0.2,27,0.2,351,10,0.1,0,-0.322752892257682
25,5,1,0.2,27,0.2,351,10,0.1,0,-0.0365645871261972
25,5,1,0.2,27,0.2,351,10,0.1,0,-0.0983758314022961
25,5,1,0.2,27,0.2,351,10,0.1,0,0.0226836036721908
25,5,1,0.2,27,0.2,351,10,0.1,0,0.148581337006424
25,5,1,0.2,27,0.2,351,10,0.1,0,-1.58759447058918e-25
25,5,1,0.2,27,0.2,351,10,0.1,0,0.0306699615960151
25,5,1,0.2,27,0.2,351,10,0.1,0,0.303909036792202
25,5,1,0.2,27,0.2,351,10,0.1,0,-0.00563832493134389
25,5,1,0.2,27,0.2,351,10,0.1,0,1.33155550156434e-30
25,5,1,0.2,27,0.2,351,10,0.1,0,-0.00826913809487827
25,5,1,0.2,27,0.2,351,10,0.1,0,-0.00593334258043603
25,5,1,0.2,27,0.2,351,10,0.1,0,0.0192595922369389
25,5,1,0.2,27,0.2,351,10,0.1,0,1.47212688197902
25,5,1,0.2,27,0.2,351,10,0.1,0,-0.0297018622953814
25,5,1,0.2,27,0.2,351,10,0.1,0,0.15120810883011
25,5,1,0.2,27,0.2,351,10,0.1,0,0.162278387180493
25,5,1,0.2,27,0.2,351,10,0.1,0,0.243156961136625
25,5,1,0.2,27,0.2,351,10,0.1,0,0.069928372967703
25,5,1,0.2,27,0.2,351,10,0.1,0,0
25,5,1,0.2,27,0.2,351,10,0.1,0,-0.609695332782066
25,5,1,0.2,27,0.2,351,10,0.1,0,-0.0188301361687
25,5,1,0.2,27,0.2,351,10,0.1,0,-0.00177321105849305
25,5,1,0.2,27,0.2,351,10,0.1,0,0.205946568924986
25,5,1,0.2,27,0.2,351,10,0.1,0,0.795265264455246
25,5,1,0.2,27,0.2,351,10,0.1,0,-2.17288501905103
25,5,1,0.2,27,0.2,351,10,0.1,0,-0.041508746722274
25,5,1,0.2,27,0.2,351,10,0.1,0,0.0398788010667807
25,5,1,0.2,27,0.2,351,10,0.1,0,-0.0134266482986572
25,5,1,0.2,27,0.2,351,10,0.1,0,0.0870257939550739
25,5,1,0.2,27,0.2,351,10,0.1,0,-5.32142013024025e-27
25,5,1,0.2,27,0.2,351,10,0.1,0,-0.0096562458405965
25,5,1,0.2,27,0.2,351,10,0.1,0,2.06793037022442e-28
25,5,1,0.2,27,0.2,351,10,0.1,0,0.0930841888071538
25,5,1,0.2,27,0.2,351,10,0.1,0,-1.35057535000348e-25
25,5,1,0.2,27,0.2,351,10,0.1,0,-0.0628803142715335
25,5,1,0.2,27,0.2,351,10,0.1,0,-0.00743937665868431
25,5,1,0.2,27,0.2,351,10,0.1,0,0.0769877814166652
25,5,1,0.2,27,0.2,351,10,0.1,0,-0.0291590699288272
25,5,1,0.2,27,0.2,351,10,0.1,0,1.37062789974886e-27
25,5,1,0.2,27,0.2,351,10,0.1,0,-0.088797288635682
25,5,1,0.2,27,0.2,351,10,0.1,0,-0.222816921016301
25,5,1,0.2,27,0.2,351,10,0.1,0,0
25,5,1,0.2,27,0.2,351,10,0.1,0,-0.085218451889395
25,5,1,0.2,27,0.2,351,10,0.1,0,0.458104832426673
25,5,1,0.2,27,0.2,351,10,0.1,0,0.833011989285092
25,5,1,0.2,27,0.2,351,10,0.1,0,-0.0633134697550698
25,5,1,0.2,27,0.2,351,10,0.1,0,-0.035562498419181
25,5,1,0.2,27,0.2,351,10,0.1,0,0
25,5,1,0.2,27,0.2,351,10,0.1,0,0.362494643891689
25,5,1,0.2,27,0.2,351,10,0.1,0,-0.00839710918446676
25,5,1,0.2,27,0.2,351,10,0.1,0,0.0385627564740404
25,5,1,0.2,27,0.2,351,10,0.1,0,-0.0232616382897861
25,5,1,0.2,27,0.2,351,10,0.1,0,-0.00120720965304198
25,5,1,0.2,27,0.2,351,10,0.1,0,-0.0612061636302138
25,5,1,0.2,27,0.2,351,10,0.1,0,-0.0212901575964922
25,5,1,0.2,27,0.2,351,10,0.1,0,0.00140236586320514
25,5,1,0.2,27,0.2,351,10,0.1,0,0.0418199183641604
25,5,1,0.2,27,0.2,351,10,0.1,0,-0.00581305045647195
25,5,1,0.2,27,0.2,351,10,0.1,0,0.137227638322076
25,5,1,0.2,27,0.2,351,10,0.1,0,0.0743694675562917
25,5,1,0.2,27,0.2,351,10,0.1,0,0.218399804697547
25,5,1,0.2,27,0.2,351,10,0.1,0,0.160604463979503
25,5,1,0.2,27,0.2,351,10,0.1,0,0.148567831388372
25,5,1,0.2,27,0.2,351,10,0.1,0,0.107021735337634
25,5,1,0.2,27,0.2,351,10,0.1,0,1.37507199729271e-27
25,5,1,0.2,27,0.2,351,10,0.1,0,-0.578086257991505
25,5,1,0.2,27,0.2,351,10,0.1,0,0.0733550425412696
25,5,1,0.2,27,0.2,351,10,0.1,0,-0.857689914169043
25,5,1,0.2,27,0.2,351,10,0.1,0,0.216136120151912
25,5,1,0.2,27,0.2,351,10,0.1,0,-0.0170858724939636
25,5,1,0.2,27,0.2,351,10,0.1,0,0.214826489649239
25,5,1,0.2,27,0.2,351,10,0.1,0,0.0637918828627918
25,5,1,0.2,27,0.2,351,10,0.1,0,0.00425293631147293
25,5,1,0.2,27,0.2,351,10,0.1,0,0.164873089206271
25,5,1,0.2,27,0.2,351,10,0.1,0,0
25,5,1,0.2,27,0.2,351,10,0.1,0,0
25,5,1,0.2,27,0.2,351,10,0.1,0,0.0176726875315001
25,5,1,0.2,27,0.2,351,10,0.1,0,0
25,5,2,0.2,31,0.2,476,10,0.1,1,-1.67846713173657e-27
25,5,2,0.2,31,0.2,476,10,0.1,1,-1.38983273200138
25,5,2,0.2,31,0.2,476,10,0.1,1,0.214747239060724
25,5,2,0.2,31,0.2,476,10,0.1,1,0
25,5,2,0.2,31,0.2,476,10,0.1,1,-3.86753320332458e-24
25,5,2,0.2,31,0.2,476,10,0.1,1,5.5554753646587e-27
25,5,2,0.2,31,0.2,476,10,0.1,1,0.381368189023753
25,5,2,0.2,31,0.2,476,10,0.1,1,0.111495390226609
25,5,2,0.2,31,0.2,476,10,0.1,1,0.548345357824108
25,5,2,0.2,31,0.2,476,10,0.1,1,3.40816754112568
25,5,2,0.2,31,0.2,476,10,0.1,1,0.317600466176423
25,5,2,0.2,31,0.2,476,10,0.1,1,1.11627167876521
25,5,2,0.2,31,0.2,476,10,0.1,1,0.0972014343057511
25,5,2,0.2,31,0.2,476,10,0.1,1,0.00696796606038041
25,5,2,0.2,31,0.2,476,10,0.1,1,0.665605773478683
25,5,2,0.2,31,0.2,476,10,0.1,1,0
25,5,2,0.2,31,0.2,476,10,0.1,1,0
25,5,2,0.2,31,0.2,476,10,0.1,1,0
25,5,2,0.2,31,0.2,476,10,0.1,1,-0.463203124185053
25,5,2,0.2,31,0.2,476,10,0.1,1,0.0113207905040643
25,5,2,0.2,31,0.2,476,10,0.1,1,0.364361051548988
25,5,2,0.2,31,0.2,476,10,0.1,1,1.84355333409134
25,5,2,0.2,31,0.2,476,10,0.1,1,0.0937597732024644
25,5,2,0.2,31,0.2,476,10,0.1,1,-2.50938382834636
25,5,2,0.2,31,0.2,476,10,0.1,1,0.0597935864248859
25,5,2,0.2,31,0.2,476,10,0.1,1,-0.0202105295767645
25,5,2,0.2,31,0.2,476,10,0.1,1,0.0623006918182178
25,5,2,0.2,31,0.2,476,10,0.1,1,0
25,5,2,0.2,31,0.2,476,10,0.1,1,0
25,5,2,0.2,31,0.2,476,10,0.1,1,0.122649911987989
25,5,2,0.2,31,0.2,476,10,0.1,1,2.92204535580374e-17
25,5,2,0.2,31,0.2,476,10,0.1,0,0.0393032783554316
25,5,2,0.2,31,0.2,476,10,0.1,0,0.098959709206073
25,5,2,0.2,31,0.2,476,10,0.1,0,-0.0950155459389183
25,5,2,0.2,31,0.2,476,10,0.1,0,0.0594444103815703
25,5,2,0.2,31,0.2,476,10,0.1,0,0.00513795641745851
25,5,2,0.2,31,0.2,476,10,0.1,0,0.06461411748928
25,5,2,0.2,31,0.2,476,10,0.1,0,0.00732628355131072
25,5,2,0.2,31,0.2,476,10,0.1,0,0.0183591675461557
25,5,2,0.2,31,0.2,476,10,0.1,0,0.0326752688923743
25,5,2,0.2,31,0.2,476,10,0.1,0,0.447005286421419
25,5,2,0.2,31,0.2,476,10,0.1,0,0.00264686708300682
25,5,2,0.2,31,0.2,476,10,0.1,0,-0.466150428954135
25,5,2,0.2,31,0.2,476,10,0.1,0,-0.0654798497412123
25,5,2,0.2,31,0.2,476,10,0.1,0,0
25,5,2,0.2,31,0.2,476,10,0.1,0,-6.78994397403666e-24
25,5,2,0.2,31,0.2,476,10,0.1,0,-0.599849039472897
25,5,2,0.2,31,0.2,476,10,0.1,0,0
25,5,2,0.2,31,0.2,476,10,0.1,0,0.497153690860903
25,5,2,0.2,31,0.2,476,10,0.1,0,0
25,5,2,0.2,31,0.2,476,10,0.1,0,1.06971148993351
25,5,2,0.2,31,0.2,476,10,0.1,0,-0.0538998552104903
25,5,2,0.2,31,0.2,476,10,0.1,0,0.137418650133851
25,5,2,0.2,31,0.2,476,10,0.1,0,0.0427775565516259
25,5,2,0.2,31,0.2,476,10,0.1,0,0.223576626024845
25,5,2,0.2,31,0.2,476,10,0.1,0,0
25,5,2,0.2,31,0.2,476,10,0.1,0,-0.0883818027375299
25,5,2,0.2,31,0.2,476,10,0.1,0,0
25,5,2,0.2,31,0.2,476,10,0.1,0,1.1241147148611e-16
25,5,2,0.2,31,0.2,476,10,0.1,0,0.000294528110183408
25,5,2,0.2,31,0.2,476,10,0.1,0,-0.818234656367684
25,5,2,0.2,31,0.2,476,10,0.1,0,-1.90421244837179e-27
25,5,2,0.2,31,0.2,476,10,0.1,0,-0.0235488570683053
25,5,2,0.2,31,0.2,476,10,0.1,0,0.0487125684775063
25,5,2,0.2,31,0.2,476,10,0.1,0,0.179120971370729
25,5,2,0.2,31,0.2,476,10,0.1,0,0.0148960816687151
25,5,2,0.2,31,0.2,476,10,0.1,0,1.63487186265671
25,5,2,0.2,31,0.2,476,10,0.1,0,-6.46452747469533e-17
25,5,2,0.2,31,0.2,476,10,0.1,0,0.00125686363095978
25,5,2,0.2,31,0.2,476,10,0.1,0,-1.33487423657725
25,5,2,0.2,31,0.2,476,10,0.1,0,0.0558942709799222
25,5,2,0.2,31,0.2,476,10,0.1,0,0.0422064533637398
25,5,2,0.2,31,0.2,476,10,0.1,0,0.0257401329262305
25,5,2,0.2,31,0.2,476,10,0.1,0,0
25,5,2,0.2,31,0.2,476,10,0.1,0,-0.31952389038507
25,5,2,0.2,31,0.2,476,10,0.1,0,-0.165445117718647
25,5,2,0.2,31,0.2,476,10,0.1,0,0
25,5,2,0.2,31,0.2,476,10,0.1,0,0.133514299266348
25,5,2,0.2,31,0.2,476,10,0.1,0,0.0457474511480427
25,5,2,0.2,31,0.2,476,10,0.1,0,2.8831361426279e-24
25,5,2,0.2,31,0.2,476,10,0.1,0,0.0452686612990096
25,5,2,0.2,31,0.2,476,10,0.1,0,0.280989380738347
25,5,2,0.2,31,0.2,476,10,0.1,0,0.266968249436851
25,5,2,0.2,31,0.2,476,10,0.1,0,0.127332826234559
25,5,2,0.2,31,0.2,476,10,0.1,0,0.0430492880361232
25,5,2,0.2,31,0.2,476,10,0.1,0,-3.73540689753216e-16
25,5,2,0.2,31,0.2,476,10,0.1,0,-0.0932634406398676
25,5,2,0.2,31,0.2,476,10,0.1,0,0.129055147845898
25,5,2,0.2,31,0.2,476,10,0.1,0,0.0575199737543821
25,5,2,0.2,31,0.2,476,10,0.1,0,-0.0248236276469088
25,5,2,0.2,31,0.2,476,10,0.1,0,-0.0168061207403332
25,5,2,0.2,31,0.2,476,10,0.1,0,0.122748477073903
25,5,2,0.2,31,0.2,476,10,0.1,0,0.0155275340819558
25,5,2,0.2,31,0.2,476,10,0.1,0,0.0172817250958688
25,5,2,0.2,31,0.2,476,10,0.1,0,0.0101376769722858
25,5,2,0.2,31,0.2,476,10,0.1,0,0.197771011248017
25,5,2,0.2,31,0.2,476,10,0.1,0,1.14143922025919e-23
25,5,2,0.2,31,0.2,476,10,0.1,0,0
25,5,2,0.2,31,0.2,476,10,0.1,0,0
25,5,2,0.2,31,0.2,476,10,0.1,0,9.73121829509445e-17
25,5,2,0.2,31,0.2,476,10,0.1,0,0
25,5,2,0.2,31,0.2,476,10,0.1,0,-0.24822089376094
25,5,2,0.2,31,0.2,476,10,0.1,0,0.0166025585145304
25,5,2,0.2,31,0.2,476,10,0.1,0,0
25,5,2,0.2,31,0.2,476,10,0.1,0,0.0488398014460086
25,5,2,0.2,31,0.2,476,10,0.1,0,-0.00156214177252302
25,5,2,0.2,31,0.2,476,10,0.1,0,0.165546138024544
25,5,2,0.2,31,0.2,476,10,0.1,0,-0.0822779632523875
25,5,2,0.2,31,0.2,476,10,0.1,0,-0.856585168742133
25,5,2,0.2,31,0.2,476,10,0.1,0,0.189608134923067
25,5,2,0.2,31,0.2,476,10,0.1,0,-0.040996218496613
25,5,2,0.2,31,0.2,476,10,0.1,0,-0.044747613041579
25,5,2,0.2,31,0.2,476,10,0.1,0,-0.000888026069241202
25,5,2,0.2,31,0.2,476,10,0.1,0,-0.0243595201273962
25,5,2,0.2,31,0.2,476,10,0.1,0,-0.159853924888388
25,5,2,0.2,31,0.2,476,10,0.1,0,-0.000292713153460593
25,5,2,0.2,31,0.2,476,10,0.1,0,0
25,5,2,0.2,31,0.2,476,10,0.1,0,0
25,5,2,0.2,31,0.2,476,10,0.1,0,0.077070419208132
25,5,2,0.2,31,0.2,476,10,0.1,0,0
25,5,2,0.2,31,0.2,476,10,0.1,0,-5.37228631640094
25,5,2,0.2,31,0.2,476,10,0.1,0,0.126300291565455
25,5,2,0.2,31,0.2,476,10,0.1,0,0.070338975063929
25,5,2,0.2,31,0.2,476,10,0.1,0,0.0223666754853337
25,5,2,0.2,31,0.2,476,10,0.1,0,0.0984555827365881
25,5,2,0.2,31,0.2,476,10,0.1,0,0.11667128445318
25,5,2,0.2,31,0.2,476,10,0.1,0,-0.0174115968504754
25,5,2,0.2,31,0.2,476,10,0.1,0,0.0274302546854565
25,5,2,0.2,31,0.2,476,10,0.1,0,0.277902837549727
25,5,2,0.2,31,0.2,476,10,0.1,0,0.218324806057801
25,5,2,0.2,31,0.2,476,10,0.1,0,0.0314587615866048
25,5,2,0.2,31,0.2,476,10,0.1,0,5.35642491187315e-27
25,5,2,0.2,31,0.2,476,10,0.1,0,-0.0216879270555695
25,5,2,0.2,31,0.2,476,10,0.1,0,-0.0503540017144443
25,5,2,0.2,31,0.2,476,10,0.1,0,0.0585317161812501
25,5,2,0.2,31,0.2,476,10,0.1,0,-0.201117185488778
25,5,2,0.2,31,0.2,476,10,0.1,0,0.346634969809444
25,5,2,0.2,31,0.2,476,10,0.1,0,1.63648586440043e-24
25,5,2,0.2,31,0.2,476,10,0.1,0,-0.0893230057825848
25,5,2,0.2,31,0.2,476,10,0.1,0,1.47317388653547
25,5,2,0.2,31,0.2,476,10,0.1,0,0.00149863760735933
25,5,2,0.2,31,0.2,476,10,0.1,0,-0.167582403510336
25,5,2,0.2,31,0.2,476,10,0.1,0,-2.54325353942654
25,5,2,0.2,31,0.2,476,10,0.1,0,0.0955773450961264
25,5,2,0.2,31,0.2,476,10,0.1,0,0.00697288480789758
25,5,2,0.2,31,0.2,476,10,0.1,0,1.04524255480324
25,5,2,0.2,31,0.2,476,10,0.1,0,0.0463953982899174
25,5,2,0.2,31,0.2,476,10,0.1,0,0.200212354167745
25,5,2,0.2,31,0.2,476,10,0.1,0,0.0273327518592198
25,5,2,0.2,31,0.2,476,10,0.1,0,-0.0361500456955833
25,5,2,0.2,31,0.2,476,10,0.1,0,-0.255924970292101
25,5,2,0.2,31,0.2,476,10,0.1,0,0.00848417687500879
25,5,2,0.2,31,0.2,476,10,0.1,0,0
25,5,2,0.2,31,0.2,476,10,0.1,0,-0.0903683081365144
25,5,2,0.2,31,0.2,476,10,0.1,0,0.104829001661687
25,5,2,0.2,31,0.2,476,10,0.1,0,0
25,5,2,0.2,31,0.2,476,10,0.1,0,-3.69707057736817e-17
25,5,2,0.2,31,0.2,476,10,0.1,0,0
25,5,2,0.2,31,0.2,476,10,0.1,0,-0.0297874244216155
25,5,2,0.2,31,0.2,476,10,0.1,0,-1.0456028877261
25,5,2,0.2,31,0.2,476,10,0.1,0,-0.0776991930503399
25,5,2,0.2,31,0.2,476,10,0.1,0,0.134498638691848
25,5,2,0.2,31,0.2,476,10,0.1,0,0.0715681569020002
25,5,2,0.2,31,0.2,476,10,0.1,0,0.193155885618704
25,5,2,0.2,31,0.2,476,10,0.1,0,0.0228284494954915
25,5,2,0.2,31,0.2,476,10,0.1,0,-0.00672560100404514
25,5,2,0.2,31,0.2,476,10,0.1,0,-5.4862811915097e-16
25,5,2,0.2,31,0.2,476,10,0.1,0,-0.0627150268912366
25,5,2,0.2,31,0.2,476,10,0.1,0,2.12862937598409e-16
25,5,2,0.2,31,0.2,476,10,0.1,0,0.150253582557667
25,5,2,0.2,31,0.2,476,10,0.1,0,0
25,5,2,0.2,31,0.2,476,10,0.1,0,-2.61355184639928e-16
25,5,2,0.2,31,0.2,476,10,0.1,0,1.0147912604369
25,5,2,0.2,31,0.2,476,10,0.1,0,-5.3943015135506e-18
25,5,2,0.2,31,0.2,476,10,0.1,0,-1.97578202405424
25,5,2,0.2,31,0.2,476,10,0.1,0,0
25,5,2,0.2,31,0.2,476,10,0.1,0,0
25,5,2,0.2,31,0.2,476,10,0.1,0,-0.00352113190243573
25,5,2,0.2,31,0.2,476,10,0.1,0,6.64830895969638e-18
25,5,2,0.2,31,0.2,476,10,0.1,0,6.40211886610342e-27
25,5,2,0.2,31,0.2,476,10,0.1,0,0.169063453750391
25,5,2,0.2,31,0.2,476,10,0.1,0,-6.39872030766353e-17
25,5,2,0.2,31,0.2,476,10,0.1,0,-0.23916784340849
25,5,2,0.2,31,0.2,476,10,0.1,0,0.139410696962872
25,5,2,0.2,31,0.2,476,10,0.1,0,-0.00290620460039414
25,5,2,0.2,31,0.2,476,10,0.1,0,0.0131921374569523
25,5,2,0.2,31,0.2,476,10,0.1,0,-0.0224942296844807
25,5,2,0.2,31,0.2,476,10,0.1,0,0.220306438373365
25,5,2,0.2,31,0.2,476,10,0.1,0,0.954588799647424
25,5,2,0.2,31,0.2,476,10,0.1,0,0.0192145648730597
25,5,2,0.2,31,0.2,476,10,0.1,0,-0.0322894034763389
25,5,2,0.2,31,0.2,476,10,0.1,0,0.019283062961434
25,5,2,0.2,31,0.2,476,10,0.1,0,-3.4540924600406e-28
25,5,2,0.2,31,0.2,476,10,0.1,0,0.0688998328312879
25,5,2,0.2,31,0.2,476,10,0.1,0,-0.00236655981949065
25,5,2,0.2,31,0.2,476,10,0.1,0,0
25,5,2,0.2,31,0.2,476,10,0.1,0,-0.0255249192225086
25,5,2,0.2,31,0.2,476,10,0.1,0,0
25,5,2,0.2,31,0.2,476,10,0.1,0,0.364421016169964
25,5,2,0.2,31,0.2,476,10,0.1,0,0.132272242594863
25,5,2,0.2,31,0.2,476,10,0.1,0,0.00315396218284513
25,5,2,0.2,31,0.2,476,10,0.1,0,0.00799772519113925
25,5,2,0.2,31,0.2,476,10,0.1,0,-0.910480549293519
25,5,2,0.2,31,0.2,476,10,0.1,0,-1.9752469912936
25,5,2,0.2,31,0.2,476,10,0.1,0,0
25,5,2,0.2,31,0.2,476,10,0.1,0,0
25,5,2,0.2,31,0.2,476,10,0.1,0,0
25,5,2,0.2,31,0.2,476,10,0.1,0,0.472702866537281
25,5,2,0.2,31,0.2,476,10,0.1,0,6.8459482622679e-17
25,5,2,0.2,31,0.2,476,10,0.1,0,-4.82528759581329e-25
25,5,2,0.2,31,0.2,476,10,0.1,0,0
25,5,2,0.2,31,0.2,476,10,0.1,0,0.0592372438478051
25,5,2,0.2,31,0.2,476,10,0.1,0,0.0721861910259534
25,5,2,0.2,31,0.2,476,10,0.1,0,-0.09724539131289
25,5,2,0.2,31,0.2,476,10,0.1,0,0.0966591422317474
25,5,2,0.2,31,0.2,476,10,0.1,0,2.7057973600106e-16
25,5,2,0.2,31,0.2,476,10,0.1,0,0.0373004049645667
25,5,2,0.2,31,0.2,476,10,0.1,0,0.0974796714883915
25,5,2,0.2,31,0.2,476,10,0.1,0,-0.0295424588479477
25,5,2,0.2,31,0.2,476,10,0.1,0,-0.325360397604669
25,5,2,0.2,31,0.2,476,10,0.1,0,0.0308461910417494
25,5,2,0.2,31,0.2,476,10,0.1,0,0.00919417795866583
25,5,2,0.2,31,0.2,476,10,0.1,0,-0.0227681693304743
25,5,2,0.2,31,0.2,476,10,0.1,0,-0.0613788802090954
25,5,2,0.2,31,0.2,476,10,0.1,0,-0.627994586375652
25,5,2,0.2,31,0.2,476,10,0.1,0,7.19036078320946e-18
25,5,2,0.2,31,0.2,476,10,0.1,0,0.614358550939748
25,5,2,0.2,31,0.2,476,10,0.1,0,2.32025057973787e-23
25,5,2,0.2,31,0.2,476,10,0.1,0,0
25,5,2,0.2,31,0.2,476,10,0.1,0,-0.0865310931943836
25,5,2,0.2,31,0.2,476,10,0.1,0,0.168854067546355
25,5,2,0.2,31,0.2,476,10,0.1,0,0.128507682838047
25,5,2,0.2,31,0.2,476,10,0.1,0,-1.26423135148439e-16
25,5,2,0.2,31,0.2,476,10,0.1,0,-2.45255794030501e-16
25,5,2,0.2,31,0.2,476,10,0.1,0,-0.00729021640719416
25,5,2,0.2,31,0.2,476,10,0.1,0,-7.81279021676654e-05
25,5,2,0.2,31,0.2,476,10,0.1,0,0.945260690978649
25,5,2,0.2,31,0.2,476,10,0.1,0,-0.0062584703887079
25,5,2,0.2,31,0.2,476,10,0.1,0,-0.371232983515577
25,5,2,0.2,31,0.2,476,10,0.1,0,0
25,5,2,0.2,31,0.2,476,10,0.1,0,0
25,5,2,0.2,31,0.2,476,10,0.1,0,-2.49544297098386e-27
25,5,2,0.2,31,0.2,476,10,0.1,0,0.650239880000021
25,5,2,0.2,31,0.2,476,10,0.1,0,0.0132995584957502
25,5,2,0.2,31,0.2,476,10,0.1,0,2.89126441686131
25,5,2,0.2,31,0.2,476,10,0.1,0,-0.00639573520281136
25,5,2,0.2,31,0.2,476,10,0.1,0,-0.0227835439955223
25,5,2,0.2,31,0.2,476,10,0.1,0,2.10668113806481
25,5,2,0.2,31,0.2,476,10,0.1,0,0.0366737704116202
25,5,2,0.2,31,0.2,476,10,0.1,0,0.373965352221368
25,5,2,0.2,31,0.2,476,10,0.1,0,0
25,5,2,0.2,31,0.2,476,10,0.1,0,0.0214338160815991
25,5,2,0.2,31,0.2,476,10,0.1,0,0.0209152867206277
25,5,2,0.2,31,0.2,476,10,0.1,0,1.29419475813759e-16
25,5,2,0.2,31,0.2,476,10,0.1,0,-0.0426288567537214
25,5,2,0.2,31,0.2,476,10,0.1,0,-0.01917976210701
25,5,2,0.2,31,0.2,476,10,0.1,0,0
25,5,2,0.2,31,0.2,476,10,0.1,0,0.182349595582348
25,5,2,0.2,31,0.2,476,10,0.1,0,-0.3637620609161
25,5,2,0.2,31,0.2,476,10,0.1,0,-1.17525560699429e-24
25,5,2,0.2,31,0.2,476,10,0.1,0,0
25,5,2,0.2,31,0.2,476,10,0.1,0,-0.149738645769519
25,5,2,0.2,31,0.2,476,10,0.1,0,-0.0117534398694832
25,5,2,0.2,31,0.2,476,10,0.1,0,-0.00891109160865329
25,5,2,0.2,31,0.2,476,10,0.1,0,-0.0822603778627469
25,5,2,0.2,31,0.2,476,10,0.1,0,-0.792231343667101
25,5,2,0.2,31,0.2,476,10,0.1,0,7.02124407439616
25,5,2,0.2,31,0.2,476,10,0.1,0,0.0985203198562322
25,5,2,0.2,31,0.2,476,10,0.1,0,0.0526785754366394
25,5,2,0.2,31,0.2,476,10,0.1,0,-0.0316450602634571
25,5,2,0.2,31,0.2,476,10,0.1,0,-0.0286542801566187
25,5,2,0.2,31,0.2,476,10,0.1,0,0.0155493077452735
25,5,2,0.2,31,0.2,476,10,0.1,0,-0.0500257170266142
25,5,2,0.2,31,0.2,476,10,0.1,0,1.09867621468762e-26
25,5,2,0.2,31,0.2,476,10,0.1,0,0.0860583096871597
25,5,2,0.2,31,0.2,476,10,0.1,0,0.154276930356255
25,5,2,0.2,31,0.2,476,10,0.1,0,0.825795682864875
25,5,2,0.2,31,0.2,476,10,0.1,0,-0.0158426277462032
25,5,2,0.2,31,0.2,476,10,0.1,0,0.117599070386425
25,5,2,0.2,31,0.2,476,10,0.1,0,-0.0373501345392511
25,5,2,0.2,31,0.2,476,10,0.1,0,0
25,5,2,0.2,31,0.2,476,10,0.1,0,-0.0213904078056276
25,5,2,0.2,31,0.2,476,10,0.1,0,0.0147087565402194
25,5,2,0.2,31,0.2,476,10,0.1,0,0
25,5,2,0.2,31,0.2,476,10,0.1,0,0.0418422865043113
25,5,2,0.2,31,0.2,476,10,0.1,0,-0.0157803282104617
25,5,2,0.2,31,0.2,476,10,0.1,0,-0.0556476825379152
25,5,2,0.2,31,0.2,476,10,0.1,0,0.00634488381807329
25,5,2,0.2,31,0.2,476,10,0.1,0,0.254004778472487
25,5,2,0.2,31,0.2,476,10,0.1,0,0.0301407553183154
25,5,2,0.2,31,0.2,476,10,0.1,0,-0.0010945989805369
25,5,2,0.2,31,0.2,476,10,0.1,0,0.781666396617191
25,5,2,0.2,31,0.2,476,10,0.1,0,0.23803180272926
25,5,2,0.2,31,0.2,476,10,0.1,0,-1.43820432890811e-15
25,5,2,0.2,31,0.2,476,10,0.1,0,0.142064268394359
25,5,2,0.2,31,0.2,476,10,0.1,0,-0.0122625229620153
25,5,2,0.2,31,0.2,476,10,0.1,0,-0.0293316023291201
25,5,2,0.2,31,0.2,476,10,0.1,0,0
25,5,2,0.2,31,0.2,476,10,0.1,0,0.0140910600465582
25,5,2,0.2,31,0.2,476,10,0.1,0,0.0342043434310603
25,5,2,0.2,31,0.2,476,10,0.1,0,0.316406361691061
25,5,2,0.2,31,0.2,476,10,0.1,0,-0.0606467905619257
25,5,2,0.2,31,0.2,476,10,0.1,0,-0.0306047474635199
25,5,2,0.2,31,0.2,476,10,0.1,0,-0.020418166217795
25,5,2,0.2,31,0.2,476,10,0.1,0,0
25,5,2,0.2,31,0.2,476,10,0.1,0,-0.0542907598385876
25,5,2,0.2,31,0.2,476,10,0.1,0,4.62000387858247e-17
25,5,2,0.2,31,0.2,476,10,0.1,0,0
25,5,2,0.2,31,0.2,476,10,0.1,0,0.183211647339846
25,5,2,0.2,31,0.2,476,10,0.1,0,0.0134006124368601
25,5,2,0.2,31,0.2,476,10,0.1,0,0
25,5,2,0.2,31,0.2,476,10,0.1,0,-0.0166028200808666
25,5,2,0.2,31,0.2,476,10,0.1,0,1.02278904697859
25,5,2,0.2,31,0.2,476,10,0.1,0,-0.00472054053273698
25,5,2,0.2,31,0.2,476,10,0.1,0,0.0383020528115536
25,5,2,0.2,31,0.2,476,10,0.1,0,-1.74516756012826e-27
25,5,2,0.2,31,0.2,476,10,0.1,0,0.0300720401014669
25,5,2,0.2,31,0.2,476,10,0.1,0,4.86624708524772e-24
25,5,2,0.2,31,0.2,476,10,0.1,0,0.0102462358175855
25,5,2,0.2,31,0.2,476,10,0.1,0,5.13878188969779
25,5,2,0.2,31,0.2,476,10,0.1,0,-2.88252947534679e-27
25,5,2,0.2,31,0.2,476,10,0.1,0,-0.0229860840366643
25,5,2,0.2,31,0.2,476,10,0.1,0,1.05101233214619
25,5,2,0.2,31,0.2,476,10,0.1,0,0.041289779498152
25,5,2,0.2,31,0.2,476,10,0.1,0,-0.0339496679575334
25,5,2,0.2,31,0.2,476,10,0.1,0,-0.0248437363874439
25,5,2,0.2,31,0.2,476,10,0.1,0,0.0165385887061151
25,5,2,0.2,31,0.2,476,10,0.1,0,-0.0890110671684634
25,5,2,0.2,31,0.2,476,10,0.1,0,-0.00237535912652358
25,5,2,0.2,31,0.2,476,10,0.1,0,0.116347352434366
25,5,2,0.2,31,0.2,476,10,0.1,0,0.0158231794914372
25,5,2,0.2,31,0.2,476,10,0.1,0,-0.0180099173286556
25,5,2,0.2,31,0.2,476,10,0.1,0,0.0167670879901587
25,5,2,0.2,31,0.2,476,10,0.1,0,1.69552657878021
25,5,2,0.2,31,0.2,476,10,0.1,0,3.05371725800325e-06
25,5,2,0.2,31,0.2,476,10,0.1,0,-0.0302859756752771
25,5,2,0.2,31,0.2,476,10,0.1,0,-0.016049039980992
25,5,2,0.2,31,0.2,476,10,0.1,0,-0.0150873937714438
25,5,2,0.2,31,0.2,476,10,0.1,0,0.477814007930096
25,5,2,0.2,31,0.2,476,10,0.1,0,-0.0106029050992241
25,5,2,0.2,31,0.2,476,10,0.1,0,0.148999596947619
25,5,2,0.2,31,0.2,476,10,0.1,0,0.544721399217157
25,5,2,0.2,31,0.2,476,10,0.1,0,0.0292719129495101
25,5,2,0.2,31,0.2,476,10,0.1,0,0.127538470881131
25,5,2,0.2,31,0.2,476,10,0.1,0,0.00463308977411427
25,5,2,0.2,31,0.2,476,10,0.1,0,0.451336680448534
25,5,2,0.2,31,0.2,476,10,0.1,0,-0.515792376331346
25,5,2,0.2,31,0.2,476,10,0.1,0,-0.000745034550532937
25,5,2,0.2,31,0.2,476,10,0.1,0,0.264903389990927
25,5,2,0.2,31,0.2,476,10,0.1,0,0.074283335176037
25,5,2,0.2,31,0.2,476,10,0.1,0,-0.0547885501742342
25,5,2,0.2,31,0.2,476,10,0.1,0,-0.00582407247799604
25,5,2,0.2,31,0.2,476,10,0.1,0,-1.85584395976485e-27
25,5,2,0.2,31,0.2,476,10,0.1,0,-0.139485955731786
25,5,2,0.2,31,0.2,476,10,0.1,0,8.87318879781165e-28
25,5,2,0.2,31,0.2,476,10,0.1,0,0
25,5,2,0.2,31,0.2,476,10,0.1,0,-0.144733372839486
25,5,2,0.2,31,0.2,476,10,0.1,0,0.561679273677534
25,5,2,0.2,31,0.2,476,10,0.1,0,0.281765605044474
25,5,2,0.2,31,0.2,476,10,0.1,0,-0.00217888976519938
25,5,2,0.2,31,0.2,476,10,0.1,0,-0.0394038449929961
25,5,2,0.2,31,0.2,476,10,0.1,0,0
25,5,2,0.2,31,0.2,476,10,0.1,0,0
25,5,2,0.2,31,0.2,476,10,0.1,0,-0.610483617607638
25,5,2,0.2,31,0.2,476,10,0.1,0,-0.672734004948173
25,5,2,0.2,31,0.2,476,10,0.1,0,-4.91502171263241e-24
25,5,2,0.2,31,0.2,476,10,0.1,0,0.243595477931363
25,5,2,0.2,31,0.2,476,10,0.1,0,-0.168441954914197
25,5,2,0.2,31,0.2,476,10,0.1,0,0.797712898174441
25,5,2,0.2,31,0.2,476,10,0.1,0,0.297364861057839
25,5,2,0.2,31,0.2,476,10,0.1,0,0.00496505271963957
25,5,2,0.2,31,0.2,476,10,0.1,0,-0.0385899683451669
25,5,2,0.2,31,0.2,476,10,0.1,0,0.0270641671702497
25,5,2,0.2,31,0.2,476,10,0.1,0,0.373053331804463
25,5,2,0.2,31,0.2,476,10,0.1,0,-0.0925505642776988
25,5,2,0.2,31,0.2,476,10,0.1,0,0.0733013109748831
25,5,2,0.2,31,0.2,476,10,0.1,0,0
25,5,2,0.2,31,0.2,476,10,0.1,0,0.0185032062742142
25,5,2,0.2,31,0.2,476,10,0.1,0,0
25,5,2,0.2,31,0.2,476,10,0.1,0,0.3441550406887
25,5,2,0.2,31,0.2,476,10,0.1,0,-0.000746213604151273
25,5,2,0.2,31,0.2,476,10,0.1,0,0
25,5,2,0.2,31,0.2,476,10,0.1,0,0.0542361435517164
25,5,2,0.2,31,0.2,476,10,0.1,0,-0.198360250019043
25,5,2,0.2,31,0.2,476,10,0.1,0,0.485808501664931
25,5,2,0.2,31,0.2,476,10,0.1,0,0.0646674171581126
25,5,2,0.2,31,0.2,476,10,0.1,0,-5.44940253256443e-16
25,5,2,0.2,31,0.2,476,10,0.1,0,0
25,5,2,0.2,31,0.2,476,10,0.1,0,0.0219601655383658
25,5,2,0.2,31,0.2,476,10,0.1,0,0.00921946184491485
25,5,2,0.2,31,0.2,476,10,0.1,0,0.00932584635846335
25,5,2,0.2,31,0.2,476,10,0.1,0,-4.39468340226699e-27
25,5,2,0.2,31,0.2,476,10,0.1,0,-0.0301328898697138
25,5,2,0.2,31,0.2,476,10,0.1,0,0
25,5,2,0.2,31,0.2,476,10,0.1,0,-0.0423279139667844
25,5,2,0.2,31,0.2,476,10,0.1,0,0.193361427667543
25,5,2,0.2,31,0.2,476,10,0.1,0,0.0836326164596814
25,5,2,0.2,31,0.2,476,10,0.1,0,-0.176340973777912
25,5,2,0.2,31,0.2,476,10,0.1,0,-0.0462653792869896
25,5,2,0.2,31,0.2,476,10,0.1,0,-0.0557045530441166
25,5,2,0.2,31,0.2,476,10,0.1,0,-5.8089307309905e-16
25,5,2,0.2,31,0.2,476,10,0.1,0,-0.0206426080593356
25,5,2,0.2,31,0.2,476,10,0.1,0,0.0853969426941341
25,5,2,0.2,31,0.2,476,10,0.1,0,-2.13163726927572e-27
25,5,2,0.2,31,0.2,476,10,0.1,0,0
25,5,2,0.2,31,0.2,476,10,0.1,0,0.0209804701405012
25,5,2,0.2,31,0.2,476,10,0.1,0,0.0014657785971688
25,5,2,0.2,31,0.2,476,10,0.1,0,0.108038521755819
25,5,2,0.2,31,0.2,476,10,0.1,0,0.0209541100121062
25,5,2,0.2,31,0.2,476,10,0.1,0,0.0301817080698147
25,5,2,0.2,31,0.2,476,10,0.1,0,-0.126282710383653
25,5,2,0.2,31,0.2,476,10,0.1,0,0.498331188184632
25,5,2,0.2,31,0.2,476,10,0.1,0,-0.0432933863335355
25,5,2,0.2,31,0.2,476,10,0.1,0,-0.056987166711251
25,5,2,0.2,31,0.2,476,10,0.1,0,-0.125288150338855
25,5,2,0.2,31,0.2,476,10,0.1,0,2.07654876989683e-15
25,5,2,0.2,31,0.2,476,10,0.1,0,2.66371248898804
25,5,2,0.2,31,0.2,476,10,0.1,0,-0.146897457940306
25,5,2,0.2,31,0.2,476,10,0.1,0,0.183420153811097
25,5,2,0.2,31,0.2,476,10,0.1,0,-0.0317687372434756
25,5,2,0.2,31,0.2,476,10,0.1,0,-0.00532394161135553
25,5,2,0.2,31,0.2,476,10,0.1,0,0.0143131465703093
25,5,2,0.2,31,0.2,476,10,0.1,0,0
25,5,2,0.2,31,0.2,476,10,0.1,0,-0.011678131686071
25,5,2,0.2,31,0.2,476,10,0.1,0,-0.0275565931365758
25,5,2,0.2,31,0.2,476,10,0.1,0,0
25,5,2,0.2,31,0.2,476,10,0.1,0,-0.0125655705536292
25,5,2,0.2,31,0.2,476,10,0.1,0,0.25255985794157
25,5,2,0.2,31,0.2,476,10,0.1,0,-0.328382656548599
25,5,2,0.2,31,0.2,476,10,0.1,0,0.101517949131237
25,5,2,0.2,31,0.2,476,10,0.1,0,-0.10157366310128
25,5,2,0.2,31,0.2,476,10,0.1,0,-0.0251662708702993
25,5,2,0.2,31,0.2,476,10,0.1,0,-0.219687498850094
25,5,2,0.2,31,0.2,476,10,0.1,0,-0.859386213481633
25,5,2,0.2,31,0.2,476,10,0.1,0,9.93497590934506e-24
25,5,2,0.2,31,0.2,476,10,0.1,0,-0.0347809957202519
25,5,2,0.2,31,0.2,476,10,0.1,0,0
25,5,2,0.2,31,0.2,476,10,0.1,0,0
25,5,2,0.2,31,0.2,476,10,0.1,0,0
25,5,2,0.2,31,0.2,476,10,0.1,0,-0.0122149705023607
25,5,2,0.2,31,0.2,476,10,0.1,0,0.707629009401242
25,5,2,0.2,31,0.2,476,10,0.1,0,0.478634888403445
25,5,2,0.2,31,0.2,476,10,0.1,0,-0.0618119160196667
25,5,2,0.2,31,0.2,476,10,0.1,0,-5.41611854619242e-27
25,5,2,0.2,31,0.2,476,10,0.1,0,0.0351102014518811
25,5,2,0.2,31,0.2,476,10,0.1,0,-0.0174514190498399
25,5,2,0.2,31,0.2,476,10,0.1,0,0.00351955116340739
25,5,2,0.2,31,0.2,476,10,0.1,0,-0.0581633002544407
25,5,2,0.2,31,0.2,476,10,0.1,0,0.0333975780805299
25,5,2,0.2,31,0.2,476,10,0.1,0,-0.238839705497551
25,5,2,0.2,31,0.2,476,10,0.1,0,0.0532762002582584
25,5,2,0.2,31,0.2,476,10,0.1,0,-2.01478420908848e-27
25,5,2,0.2,31,0.2,476,10,0.1,0,0.00670700123895335
25,5,2,0.2,31,0.2,476,10,0.1,0,-0.0798228202566867
25,5,2,0.2,31,0.2,476,10,0.1,0,-0.209768627178744
25,5,2,0.2,31,0.2,476,10,0.1,0,-0.662030977232073
25,5,2,0.2,31,0.2,476,10,0.1,0,0
25,5,2,0.2,31,0.2,476,10,0.1,0,0.0362470167144481
25,5,2,0.2,31,0.2,476,10,0.1,0,-0.018093209321569
25,5,2,0.2,31,0.2,476,10,0.1,0,0.0389696734937842
25,5,2,0.2,31,0.2,476,10,0.1,0,0.0499116382721958
25,5,2,0.2,31,0.2,476,10,0.1,0,-5.21248317183558e-27
25,5,2,0.2,31,0.2,476,10,0.1,0,0
25,5,2,0.2,31,0.2,476,10,0.1,0,0.486333678144161
25,5,2,0.2,31,0.2,476,10,0.1,0,0
25,5,2,0.2,31,0.2,476,10,0.1,0,-0.176830078934379
25,5,2,0.2,31,0.2,476,10,0.1,0,0.0129697583845029
25,5,2,0.2,31,0.2,476,10,0.1,0,0.00829439146457022
25,5,2,0.2,31,0.2,476,10,0.1,0,1.65225272958665e-16
25,5,2,0.2,31,0.2,476,10,0.1,0,-0.0210236125723624
25,5,2,0.2,31,0.2,476,10,0.1,0,0.12073648636928
25,5,2,0.2,31,0.2,476,10,0.1,0,-0.187168447359177
25,5,2,0.2,31,0.2,476,10,0.1,0,0
25,5,2,0.2,31,0.2,476,10,0.1,0,-2.13284688462805e-24
25,5,2,0.2,31,0.2,476,10,0.1,0,0.0618421886734217
25,5,2,0.2,31,0.2,476,10,0.1,0,-0.802156329969319
25,5,2,0.2,31,0.2,476,10,0.1,0,0.0108237382050267
25,5,2,0.2,31,0.2,476,10,0.1,0,-0.0098196829601344
25,5,2,0.2,31,0.2,476,10,0.1,0,-0.0583437407282872
25,5,2,0.2,31,0.2,476,10,0.1,0,0.123527737836527
25,5,2,0.2,31,0.2,476,10,0.1,0,0.113812177906883
25,5,2,0.2,31,0.2,476,10,0.1,0,-0.106806449348699
25,5,2,0.2,31,0.2,476,10,0.1,0,0
25,5,2,0.2,31,0.2,476,10,0.1,0,0.0107500896739769
25,5,2,0.2,31,0.2,476,10,0.1,0,-0.0170145324939051
25,5,2,0.2,31,0.2,476,10,0.1,0,-0.451795985772739
25,5,2,0.2,31,0.2,476,10,0.1,0,0.065952554953889
25,5,2,0.2,31,0.2,476,10,0.1,0,1.72544838719016e-23
25,5,2,0.2,31,0.2,476,10,0.1,0,5.82150749300916e-18
25,5,2,0.2,31,0.2,476,10,0.1,0,0.490800322019711
25,5,2,0.2,31,0.2,476,10,0.1,0,-3.15955746818093e-16
25,5,2,0.2,31,0.2,476,10,0.1,0,-1.10858176610331e-16
25,5,2,0.2,31,0.2,476,10,0.1,0,0.506112592942816
25,5,2,0.2,31,0.2,476,10,0.1,0,-0.472566025193004
25,5,2,0.2,31,0.2,476,10,0.1,0,-0.0235317322559833
25,5,2,0.2,31,0.2,476,10,0.1,0,-0.0254782602537
25,5,2,0.2,31,0.2,476,10,0.1,0,0
25,5,2,0.2,31,0.2,476,10,0.1,0,-0.747160990389847
25,5,2,0.2,31,0.2,476,10,0.1,0,0.470006681102815
25,5,2,0.2,31,0.2,476,10,0.1,0,-0.0212033030610455
25,5,2,0.2,31,0.2,476,10,0.1,0,-0.00222142236134863
25,5,2,0.2,31,0.2,476,10,0.1,0,0.0299031003806408
25,5,2,0.2,31,0.2,476,10,0.1,0,0.0610881554508398
25,5,2,0.2,31,0.2,476,10,0.1,0,-1.9585568014514e-27
25,5,2,0.2,31,0.2,476,10,0.1,0,0.00848268491667221
25,5,2,0.2,31,0.2,476,10,0.1,0,-9.4650360107449e-05
25,5,2,0.2,31,0.2,476,10,0.1,0,-0.215420122099483
25,5,3,0.2,18,0.2,245,10,0.1,1,0
25,5,3,0.2,18,0.2,245,10,0.1,1,-1.17627097053805e-18
25,5,3,0.2,18,0.2,245,10,0.1,1,0
25,5,3,0.2,18,0.2,245,10,0.1,1,0.632137851354563
25,5,3,0.2,18,0.2,245,10,0.1,1,-0.137334678952686
25,5,3,0.2,18,0.2,245,10,0.1,1,-0.99603210611643
25,5,3,0.2,18,0.2,245,10,0.1,1,0
25,5,3,0.2,18,0.2,245,10,0.1,1,0.344188220311998
25,5,3,0.2,18,0.2,245,10,0.1,1,0.549552067895235
25,5,3,0.2,18,0.2,245,10,0.1,1,-0.164844946585055
25,5,3,0.2,18,0.2,245,10,0.1,1,1.90982115652807
25,5,3,0.2,18,0.2,245,10,0.1,1,0
25,5,3,0.2,18,0.2,245,10,0.1,1,0
25,5,3,0.2,18,0.2,245,10,0.1,1,-2.5675690878413
25,5,3,0.2,18,0.2,245,10,0.1,1,-0.0121087807779366
25,5,3,0.2,18,0.2,245,10,0.1,1,-0.115531783831343
25,5,3,0.2,18,0.2,245,10,0.1,1,7.01006507170582e-24
25,5,3,0.2,18,0.2,245,10,0.1,1,-1.41603204478047e-22
25,5,3,0.2,18,0.2,245,10,0.1,0,-0.00158131547766496
25,5,3,0.2,18,0.2,245,10,0.1,0,-0.168520052584622
25,5,3,0.2,18,0.2,245,10,0.1,0,0
25,5,3,0.2,18,0.2,245,10,0.1,0,0.129688727552011
25,5,3,0.2,18,0.2,245,10,0.1,0,0
25,5,3,0.2,18,0.2,245,10,0.1,0,0.110094209988041
25,5,3,0.2,18,0.2,245,10,0.1,0,-2.85405820135916
25,5,3,0.2,18,0.2,245,10,0.1,0,0.0143933028976205
25,5,3,0.2,18,0.2,245,10,0.1,0,-0.101892104749068
25,5,3,0.2,18,0.2,245,10,0.1,0,-0.0687255658992614
25,5,3,0.2,18,0.2,245,10,0.1,0,-0.0124440058872514
25,5,3,0.2,18,0.2,245,10,0.1,0,0.012277516969835
25,5,3,0.2,18,0.2,245,10,0.1,0,-0.0993260804568426
25,5,3,0.2,18,0.2,245,10,0.1,0,-1.75542423387793e-24
25,5,3,0.2,18,0.2,245,10,0.1,0,0.101146176470496
25,5,3,0.2,18,0.2,245,10,0.1,0,1.21578996087882
25,5,3,0.2,18,0.2,245,10,0.1,0,0.0418158797814016
25,5,3,0.2,18,0.2,245,10,0.1,0,-0.0652834925503835
25,5,3,0.2,18,0.2,245,10,0.1,0,0.185090443124371
25,5,3,0.2,18,0.2,245,10,0.1,0,0.180221174243797
25,5,3,0.2,18,0.2,245,10,0.1,0,0.205685985490235
25,5,3,0.2,18,0.2,245,10,0.1,0,0
25,5,3,0.2,18,0.2,245,10,0.1,0,0.24223103606576
25,5,3,0.2,18,0.2,245,10,0.1,0,0.0134619831413919
25,5,3,0.2,18,0.2,245,10,0.1,0,-0.0859786294320331
25,5,3,0.2,18,0.2,245,10,0.1,0,0.0433362762074593
25,5,3,0.2,18,0.2,245,10,0.1,0,-0.00529776862780606
25,5,3,0.2,18,0.2,245,10,0.1,0,0.469115832810566
25,5,3,0.2,18,0.2,245,10,0.1,0,0
25,5,3,0.2,18,0.2,245,10,0.1,0,-0.107739663278666
25,5,3,0.2,18,0.2,245,10,0.1,0,0.11533725052637
25,5,3,0.2,18,0.2,245,10,0.1,0,0.0104674891217049
25,5,3,0.2,18,0.2,245,10,0.1,0,-0.0252674282191739
25,5,3,0.2,18,0.2,245,10,0.1,0,0.0487536773130031
25,5,3,0.2,18,0.2,245,10,0.1,0,0.0931561999042505
25,5,3,0.2,18,0.2,245,10,0.1,0,0.417678286143034
25,5,3,0.2,18,0.2,245,10,0.1,0,0.0330159382174805
25,5,3,0.2,18,0.2,245,10,0.1,0,-0.215222917510308
25,5,3,0.2,18,0.2,245,10,0.1,0,-0.0551678223650502
25,5,3,0.2,18,0.2,245,10,0.1,0,0
25,5,3,0.2,18,0.2,245,10,0.1,0,-0.0319275009224656
25,5,3,0.2,18,0.2,245,10,0.1,0,-0.0951039219380785
25,5,3,0.2,18,0.2,245,10,0.1,0,0.0217992750092147
25,5,3,0.2,18,0.2,245,10,0.1,0,0.131570042780519
25,5,3,0.2,18,0.2,245,10,0.1,0,-1.00518215876072e-23
25,5,3,0.2,18,0.2,245,10,0.1,0,0.0268362022721811
25,5,3,0.2,18,0.2,245,10,0.1,0,0.0404310639640452
25,5,3,0.2,18,0.2,245,10,0.1,0,-0.133245055440731
25,5,3,0.2,18,0.2,245,10,0.1,0,0.0200794192529111
25,5,3,0.2,18,0.2,245,10,0.1,0,-0.0906784957687259
25,5,3,0.2,18,0.2,245,10,0.1,0,5.36844744342655e-22
25,5,3,0.2,18,0.2,245,10,0.1,0,-0.0316899946290251
25,5,3,0.2,18,0.2,245,10,0.1,0,0.0450447657276919
25,5,3,0.2,18,0.2,245,10,0.1,0,0.0914145302061137
25,5,3,0.2,18,0.2,245,10,0.1,0,0
25,5,3,0.2,18,0.2,245,10,0.1,0,-0.107979636108864
25,5,3,0.2,18,0.2,245,10,0.1,0,0.0131613504242969
25,5,3,0.2,18,0.2,245,10,0.1,0,-0.190624101121112
25,5,3,0.2,18,0.2,245,10,0.1,0,-0.0181971663683922
25,5,3,0.2,18,0.2,245,10,0.1,0,0
25,5,3,0.2,18,0.2,245,10,0.1,0,-2.10942323183808e-23
25,5,3,0.2,18,0.2,245,10,0.1,0,0.738659078234167
25,5,3,0.2,18,0.2,245,10,0.1,0,0.000103073307001267
25,5,3,0.2,18,0.2,245,10,0.1,0,-0.000301368785779965
25,5,3,0.2,18,0.2,245,10,0.1,0,0.356976715954911
25,5,3,0.2,18,0.2,245,10,0.1,0,0.0200661653048817
25,5,3,0.2,18,0.2,245,10,0.1,0,-1.60721771856835e-23
25,5,3,0.2,18,0.2,245,10,0.1,0,0.00414059351619143
25,5,3,0.2,18,0.2,245,10,0.1,0,-1.97880128167651
25,5,3,0.2,18,0.2,245,10,0.1,0,1.85968388668113e-19
25,5,3,0.2,18,0.2,245,10,0.1,0,0.00467627780163369
25,5,3,0.2,18,0.2,245,10,0.1,0,0.405623029861028
25,5,3,0.2,18,0.2,245,10,0.1,0,-0.0455850369359223
25,5,3,0.2,18,0.2,245,10,0.1,0,0.0149353367546328
25,5,3,0.2,18,0.2,245,10,0.1,0,0.0030858995972609
25,5,3,0.2,18,0.2,245,10,0.1,0,0.0998040256538931
25,5,3,0.2,18,0.2,245,10,0.1,0,3.97863266961023e-22
25,5,3,0.2,18,0.2,245,10,0.1,0,0.0295450048046616
25,5,3,0.2,18,0.2,245,10,0.1,0,0.613469527402375
25,5,3,0.2,18,0.2,245,10,0.1,0,0.0153376797358624
25,5,3,0.2,18,0.2,245,10,0.1,0,0.00732488947607411
25,5,3,0.2,18,0.2,245,10,0.1,0,-4.97798676693587e-20
25,5,3,0.2,18,0.2,245,10,0.1,0,-0.113959540534614
25,5,3,0.2,18,0.2,245,10,0.1,0,0.0355055879127067
25,5,3,0.2,18,0.2,245,10,0.1,0,0.471996671093711
25,5,3,0.2,18,0.2,245,10,0.1,0,0.0446952239520085
25,5,3,0.2,18,0.2,245,10,0.1,0,0.135491250663922
25,5,3,0.2,18,0.2,245,10,0.1,0,0.0324566953237957
25,5,3,0.2,18,0.2,245,10,0.1,0,0.0873567731293793
25,5,3,0.2,18,0.2,245,10,0.1,0,-0.00141758963477465
25,5,3,0.2,18,0.2,245,10,0.1,0,-0.0582759230604318
25,5,3,0.2,18,0.2,245,10,0.1,0,0.262334361187921
25,5,3,0.2,18,0.2,245,10,0.1,0,0.012562102421082
25,5,3,0.2,18,0.2,245,10,0.1,0,-0.0027940443083004
25,5,3,0.2,18,0.2,245,10,0.1,0,-0.416733466774465
25,5,3,0.2,18,0.2,245,10,0.1,0,1.59069408797408e-24
25,5,3,0.2,18,0.2,245,10,0.1,0,0.174041953469445
25,5,3,0.2,18,0.2,245,10,0.1,0,-0.0269141420962433
25,5,3,0.2,18,0.2,245,10,0.1,0,6.23439232131916e-24
25,5,3,0.2,18,0.2,245,10,0.1,0,0.149609528673328
25,5,3,0.2,18,0.2,245,10,0.1,0,0.017088532000877
25,5,3,0.2,18,0.2,245,10,0.1,0,-0.034192494337488
25,5,3,0.2,18,0.2,245,10,0.1,0,-9.11484583232368e-24
25,5,3,0.2,18,0.2,245,10,0.1,0,0.00347499407722472
25,5,3,0.2,18,0.2,245,10,0.1,0,-0.0019776481587317
25,5,3,0.2,18,0.2,245,10,0.1,0,0.296670641615833
25,5,3,0.2,18,0.2,245,10,0.1,0,-1.65780115504115e-23
25,5,3,0.2,18,0.2,245,10,0.1,0,0
25,5,3,0.2,18,0.2,245,10,0.1,0,0
25,5,3,0.2,18,0.2,245,10,0.1,0,0.047570516207034
25,5,3,0.2,18,0.2,245,10,0.1,0,-0.0284970289829525
25,5,3,0.2,18,0.2,245,10,0.1,0,-0.224675356075812
25,5,3,0.2,18,0.2,245,10,0.1,0,-0.0194451941571113
25,5,3,0.2,18,0.2,245,10,0.1,0,0.00942178997837305
25,5,3,0.2,18,0.2,245,10,0.1,0,-9.60932558142385e-24
25,5,3,0.2,18,0.2,245,10,0.1,0,0.311890887102759
25,5,3,0.2,18,0.2,245,10,0.1,0,0
25,5,3,0.2,18,0.2,245,10,0.1,0,-0.0273408101777009
25,5,3,0.2,18,0.2,245,10,0.1,0,-0.00736431879526749
25,5,3,0.2,18,0.2,245,10,0.1,0,-0.0411492839208462
25,5,3,0.2,18,0.2,245,10,0.1,0,-1.06722548305654e-23
25,5,3,0.2,18,0.2,245,10,0.1,0,0.0360640884424074
25,5,3,0.2,18,0.2,245,10,0.1,0,0.0472934259183346
25,5,3,0.2,18,0.2,245,10,0.1,0,0.0463009836213079
25,5,3,0.2,18,0.2,245,10,0.1,0,0.276697307012305
25,5,3,0.2,18,0.2,245,10,0.1,0,-0.0602754476597838
25,5,3,0.2,18,0.2,245,10,0.1,0,0.521008724021887
25,5,3,0.2,18,0.2,245,10,0.1,0,-5.65715222027822e-20
25,5,3,0.2,18,0.2,245,10,0.1,0,-5.43468071161277e-18
25,5,3,0.2,18,0.2,245,10,0.1,0,-2.86457426589047
25,5,3,0.2,18,0.2,245,10,0.1,0,0.0575585255981359
25,5,3,0.2,18,0.2,245,10,0.1,0,0.0153185862721897
25,5,3,0.2,18,0.2,245,10,0.1,0,-0.573213815068646
25,5,3,0.2,18,0.2,245,10,0.1,0,-0.00402719320442777
25,5,3,0.2,18,0.2,245,10,0.1,0,-0.112774434627325
25,5,3,0.2,18,0.2,245,10,0.1,0,-0.00694854413025025
25,5,3,0.2,18,0.2,245,10,0.1,0,-0.10115488715309
25,5,3,0.2,18,0.2,245,10,0.1,0,-0.00948697043819175
25,5,3,0.2,18,0.2,245,10,0.1,0,-0.0977333863508945
25,5,3,0.2,18,0.2,245,10,0.1,0,-0.0306672557047862
25,5,3,0.2,18,0.2,245,10,0.1,0,0.0752088581038206
25,5,3,0.2,18,0.2,245,10,0.1,0,0.00931892243523533
25,5,3,0.2,18,0.2,245,10,0.1,0,-0.0171516369721447
25,5,3,0.2,18,0.2,245,10,0.1,0,-0.0110036408226673
25,5,3,0.2,18,0.2,245,10,0.1,0,-5.76861417606663e-19
25,5,3,0.2,18,0.2,245,10,0.1,0,-0.0107350546842478
25,5,3,0.2,18,0.2,245,10,0.1,0,-0.126540454701501
25,5,3,0.2,18,0.2,245,10,0.1,0,0.80016178128999
25,5,3,0.2,18,0.2,245,10,0.1,0,-1.31956815347598
25,5,3,0.2,18,0.2,245,10,0.1,0,0.0187476069330375
25,5,3,0.2,18,0.2,245,10,0.1,0,-0.124472770504064
25,5,3,0.2,18,0.2,245,10,0.1,0,0
25,5,3,0.2,18,0.2,245,10,0.1,0,0
25,5,3,0.2,18,0.2,245,10,0.1,0,-1.57778223007198e-23
25,5,3,0.2,18,0.2,245,10,0.1,0,0.0810312628788558
25,5,3,0.2,18,0.2,245,10,0.1,0,-0.1264553070152
25,5,3,0.2,18,0.2,245,10,0.1,0,-3.07529692018507
25,5,3,0.2,18,0.2,245,10,0.1,0,-0.0457024221976188
25,5,3,0.2,18,0.2,245,10,0.1,0,0.0638414025569423
25,5,3,0.2,18,0.2,245,10,0.1,0,-0.0444730988657246
25,5,3,0.2,18,0.2,245,10,0.1,0,-0.000294155416200566
25,5,3,0.2,18,0.2,245,10,0.1,0,-0.00100430708627847
25,5,3,0.2,18,0.2,245,10,0.1,0,-0.0149951962490847
25,5,3,0.2,18,0.2,245,10,0.1,0,-0.0258402639280445
25,5,3,0.2,18,0.2,245,10,0.1,0,-0.071437064588493
25,5,3,0.2,18,0.2,245,10,0.1,0,0.147634640900673
25,5,3,0.2,18,0.2,245,10,0.1,0,0.00139361351876413
25,5,3,0.2,18,0.2,245,10,0.1,0,4.02408783394606e-24
25,5,3,0.2,18,0.2,245,10,0.1,0,-0.00051628070307784
25,5,3,0.2,18,0.2,245,10,0.1,0,-0.0118614539074224
25,5,3,0.2,18,0.2,245,10,0.1,0,-0.149804079556782
25,5,3,0.2,18,0.2,245,10,0.1,0,2.7555947175047
25,5,3,0.2,18,0.2,245,10,0.1,0,-0.0330784307043288
25,5,3,0.2,18,0.2,245,10,0.1,0,-1.36372888397695e-23
25,5,3,0.2,18,0.2,245,10,0.1,0,-0.0815384613162331
25,5,3,0.2,18,0.2,245,10,0.1,0,-4.61394148204375e-23
25,5,3,0.2,18,0.2,245,10,0.1,0,0.0479778585298584
25,5,3,0.2,18,0.2,245,10,0.1,0,0.00749384186457982
25,5,3,0.2,18,0.2,245,10,0.1,0,0.0133731610021694
25,5,3,0.2,18,0.2,245,10,0.1,0,0.220669805810369
25,5,3,0.2,18,0.2,245,10,0.1,0,0.00635367471287654
25,5,3,0.2,18,0.2,245,10,0.1,0,0
25,5,3,0.2,18,0.2,245,10,0.1,0,-0.0806164760404711
25,5,3,0.2,18,0.2,245,10,0.1,0,-0.00806248269358132
25,5,3,0.2,18,0.2,245,10,0.1,0,-0.0120312208537744
25,5,3,0.2,18,0.2,245,10,0.1,0,-0.0626589432523022
25,5,3,0.2,18,0.2,245,10,0.1,0,-0.109884695152251
25,5,3,0.2,18,0.2,245,10,0.1,0,0.00619401631854871
25,5,3,0.2,18,0.2,245,10,0.1,0,0.210503804479789
25,5,3,0.2,18,0.2,245,10,0.1,0,0
25,5,3,0.2,18,0.2,245,10,0.1,0,0.0239644390848174
25,5,3,0.2,18,0.2,245,10,0.1,0,0.0593774786776451
25,5,3,0.2,18,0.2,245,10,0.1,0,0.0245783083464811
25,5,3,0.2,18,0.2,245,10,0.1,0,0
25,5,3,0.2,18,0.2,245,10,0.1,0,0
25,5,3,0.2,18,0.2,245,10,0.1,0,2.36304143810804e-19
25,5,3,0.2,18,0.2,245,10,0.1,0,-5.21687824143889e-24
25,5,3,0.2,18,0.2,245,10,0.1,0,0.0412811067739422
25,5,3,0.2,18,0.2,245,10,0.1,0,0.0469858253654308
25,5,3,0.2,18,0.2,245,10,0.1,0,0.067360411175578
25,5,3,0.2,18,0.2,245,10,0.1,0,-0.0600694726971171
25,5,3,0.2,18,0.2,245,10,0.1,0,-1.31487598922259
25,5,3,0.2,18,0.2,245,10,0.1,0,-2.54208840379042e-24
25,5,3,0.2,18,0.2,245,10,0.1,0,0
25,5,3,0.2,18,0.2,245,10,0.1,0,1.03635326724137e-18
25,5,3,0.2,18,0.2,245,10,0.1,0,0
25,5,3,0.2,18,0.2,245,10,0.1,0,2.72308568014381e-23
25,5,3,0.2,18,0.2,245,10,0.1,0,0.00550612882420709
25,5,3,0.2,18,0.2,245,10,0.1,0,-0.0328509090785381
25,5,3,0.2,18,0.2,245,10,0.1,0,0.0128581211023748
25,5,3,0.2,18,0.2,245,10,0.1,0,-3.66885703040655e-23
25,5,3,0.2,18,0.2,245,10,0.1,0,-0.495541053810921
25,5,3,0.2,18,0.2,245,10,0.1,0,0.00666121444772023
25,5,3,0.2,18,0.2,245,10,0.1,0,2.05403414123654
25,5,3,0.2,18,0.2,245,10,0.1,0,0.0539573472280806
25,5,3,0.2,18,0.2,245,10,0.1,0,0.0243944103209362
25,5,3,0.2,18,0.2,245,10,0.1,0,-1.30570758686402e-23
25,5,3,0.2,18,0.2,245,10,0.1,0,1.14420006240077e-23
25,5,3,0.2,18,0.2,245,10,0.1,0,-1.09391888866541e-23
25,5,3,0.2,18,0.2,245,10,0.1,0,0
25,5,3,0.2,18,0.2,245,10,0.1,0,-0.00411005839483459
25,5,3,0.2,18,0.2,245,10,0.1,0,0.0223563708976928
25,5,3,0.2,18,0.2,245,10,0.1,0,-0.0183263318048368
25,5,3,0.2,18,0.2,245,10,0.1,0,-3.87763899244587e-24
25,5,3,0.2,18,0.2,245,10,0.1,0,-3.11744024668927e-23
25,5,3,0.2,18,0.2,245,10,0.1,0,-4.57919226100496
25,5,3,0.2,18,0.2,245,10,0.1,0,-0.091104716496394
25,5,3,0.2,18,0.2,245,10,0.1,0,-2.23278306173407e-22
25,5,3,0.2,18,0.2,245,10,0.1,0,-0.0867011743447225
25,5,3,0.2,18,0.2,245,10,0.1,0,-0.00322553806647624
25,5,3,0.2,18,0.2,245,10,0.1,0,0.00231583899681947
25,5,3,0.2,18,0.2,245,10,0.1,0,-0.0424528175198859
25,5,3,0.2,18,0.2,245,10,0.1,0,-0.0472580484851739
25,5,3,0.2,18,0.2,245,10,0.1,0,3.40805127830689e-23
25,5,3,0.2,18,0.2,245,10,0.1,0,-0.441927060420125
25,5,3,0.2,18,0.2,245,10,0.1,0,0.0233893931053592
25,5,3,0.2,18,0.2,245,10,0.1,0,0.0913922356801802
25,5,3,0.2,18,0.2,245,10,0.1,0,-1.21560752184304e-19
25,5,3,0.2,18,0.2,245,10,0.1,0,0.147355193502457
25,5,3,0.2,18,0.2,245,10,0.1,0,0.912645000590603
25,5,3,0.2,18,0.2,245,10,0.1,0,0.120401898829232
25,5,3,0.2,18,0.2,245,10,0.1,0,-0.0179103039455323
25,5,3,0.2,18,0.2,245,10,0.1,0,-0.0997524591108594
25,5,3,0.2,18,0.2,245,10,0.1,0,-0.101254234591478
25,5,3,0.2,18,0.2,245,10,0.1,0,-0.110702354540689
25,5,4,0.2,23,0.2,294,10,0.1,1,-0.290884747460847
25,5,4,0.2,23,0.2,294,10,0.1,1,-2.83336590335574
25,5,4,0.2,23,0.2,294,10,0.1,1,-0.0410226853671245
25,5,4,0.2,23,0.2,294,10,0.1,1,0
25,5,4,0.2,23,0.2,294,10,0.1,1,-8.99508072221163e-24
25,5,4,0.2,23,0.2,294,10,0.1,1,0.141442343145369
25,5,4,0.2,23,0.2,294,10,0.1,1,0
25,5,4,0.2,23,0.2,294,10,0.1,1,0.449680350450629
25,5,4,0.2,23,0.2,294,10,0.1,1,0.133904443438936
25,5,4,0.2,23,0.2,294,10,0.1,1,0
25,5,4,0.2,23,0.2,294,10,0.1,1,-0.337690406747562
25,5,4,0.2,23,0.2,294,10,0.1,1,-0.559304578607396
25,5,4,0.2,23,0.2,294,10,0.1,1,-2.88870961322146e-24
25,5,4,0.2,23,0.2,294,10,0.1,1,-0.286886746077075
25,5,4,0.2,23,0.2,294,10,0.1,1,-1.18885312347864e-22
25,5,4,0.2,23,0.2,294,10,0.1,1,0.340849750673946
25,5,4,0.2,23,0.2,294,10,0.1,1,0
25,5,4,0.2,23,0.2,294,10,0.1,1,0.0031873259156841
25,5,4,0.2,23,0.2,294,10,0.1,1,-0.00552740128208648
25,5,4,0.2,23,0.2,294,10,0.1,1,2.81405676884861
25,5,4,0.2,23,0.2,294,10,0.1,1,0
25,5,4,0.2,23,0.2,294,10,0.1,1,0
25,5,4,0.2,23,0.2,294,10,0.1,1,0.0140923431866574
25,5,4,0.2,23,0.2,294,10,0.1,0,0.2219181120622
25,5,4,0.2,23,0.2,294,10,0.1,0,-0.0248822815666495
25,5,4,0.2,23,0.2,294,10,0.1,0,0.0287062251211819
25,5,4,0.2,23,0.2,294,10,0.1,0,-0.117302789853801
25,5,4,0.2,23,0.2,294,10,0.1,0,-0.0732533720525631
25,5,4,0.2,23,0.2,294,10,0.1,0,-0.00908235109557678
25,5,4,0.2,23,0.2,294,10,0.1,0,0.0314306935318032
25,5,4,0.2,23,0.2,294,10,0.1,0,-0.181910704053857
25,5,4,0.2,23,0.2,294,10,0.1,0,0.117375670338945
25,5,4,0.2,23,0.2,294,10,0.1,0,0.0806845865300271
25,5,4,0.2,23,0.2,294,10,0.1,0,0.0131249851127157
25,5,4,0.2,23,0.2,294,10,0.1,0,0.0173862821093472
25,5,4,0.2,23,0.2,294,10,0.1,0,0.0176272550634383
25,5,4,0.2,23,0.2,294,10,0.1,0,-0.0189242400328983
25,5,4,0.2,23,0.2,294,10,0.1,0,-0.48833323064308
25,5,4,0.2,23,0.2,294,10,0.1,0,0
25,5,4,0.2,23,0.2,294,10,0.1,0,0.198880685417379
25,5,4,0.2,23,0.2,294,10,0.1,0,0.338283597509922
25,5,4,0.2,23,0.2,294,10,0.1,0,0.0351680692310319
25,5,4,0.2,23,0.2,294,10,0.1,0,-0.106868124302665
25,5,4,0.2,23,0.2,294,10,0.1,0,0.280159040126155
25,5,4,0.2,23,0.2,294,10,0.1,0,-0.0746786956537081
25,5,4,0.2,23,0.2,294,10,0.1,0,0.0101690930118154
25,5,4,0.2,23,0.2,294,10,0.1,0,-2.41243172980612
25,5,4,0.2,23,0.2,294,10,0.1,0,0.026216675962635
25,5,4,0.2,23,0.2,294,10,0.1,0,-0.0789780821106552
25,5,4,0.2,23,0.2,294,10,0.1,0,0.0589186221093331
25,5,4,0.2,23,0.2,294,10,0.1,0,-0.588608533744976
25,5,4,0.2,23,0.2,294,10,0.1,0,2.43502176380894
25,5,4,0.2,23,0.2,294,10,0.1,0,-0.501517422295389
25,5,4,0.2,23,0.2,294,10,0.1,0,-0.564960711298153
25,5,4,0.2,23,0.2,294,10,0.1,0,0.143529910275467
25,5,4,0.2,23,0.2,294,10,0.1,0,0.00112661489318416
25,5,4,0.2,23,0.2,294,10,0.1,0,1.17353129528069
25,5,4,0.2,23,0.2,294,10,0.1,0,0.462574214080581
25,5,4,0.2,23,0.2,294,10,0.1,0,0.183872824205489
25,5,4,0.2,23,0.2,294,10,0.1,0,0.79939616020664
25,5,4,0.2,23,0.2,294,10,0.1,0,0.0236312332708439
25,5,4,0.2,23,0.2,294,10,0.1,0,-0.0553263407491911
25,5,4,0.2,23,0.2,294,10,0.1,0,1.02502895348228
25,5,4,0.2,23,0.2,294,10,0.1,0,0
25,5,4,0.2,23,0.2,294,10,0.1,0,-0.095739600085472
25,5,4,0.2,23,0.2,294,10,0.1,0,0
25,5,4,0.2,23,0.2,294,10,0.1,0,-2.25627315348513
25,5,4,0.2,23,0.2,294,10,0.1,0,0.03762620267511
25,5,4,0.2,23,0.2,294,10,0.1,0,0.353806281696976
25,5,4,0.2,23,0.2,294,10,0.1,0,0.600122926082318
25,5,4,0.2,23,0.2,294,10,0.1,0,-0.0675630768828036
25,5,4,0.2,23,0.2,294,10,0.1,0,0
25,5,4,0.2,23,0.2,294,10,0.1,0,-0.13787774774691
25,5,4,0.2,23,0.2,294,10,0.1,0,-0.000696012069996728
25,5,4,0.2,23,0.2,294,10,0.1,0,-0.411108159860323
25,5,4,0.2,23,0.2,294,10,0.1,0,-0.485796992364466
25,5,4,0.2,23,0.2,294,10,0.1,0,-0.183350772779753
25,5,4,0.2,23,0.2,294,10,0.1,0,0
25,5,4,0.2,23,0.2,294,10,0.1,0,-0.0176250267816938
25,5,4,0.2,23,0.2,294,10,0.1,0,0.0638658553810786
25,5,4,0.2,23,0.2,294,10,0.1,0,0.0278844056276901
25,5,4,0.2,23,0.2,294,10,0.1,0,-0.31391281573215
25,5,4,0.2,23,0.2,294,10,0.1,0,-0.0371487047986935
25,5,4,0.2,23,0.2,294,10,0.1,0,-0.107392534297959
25,5,4,0.2,23,0.2,294,10,0.1,0,0
25,5,4,0.2,23,0.2,294,10,0.1,0,-0.0469368424417663
25,5,4,0.2,23,0.2,294,10,0.1,0,-0.392390218421282
25,5,4,0.2,23,0.2,294,10,0.1,0,-9.91247659010534e-25
25,5,4,0.2,23,0.2,294,10,0.1,0,-0.0416977151736727
25,5,4,0.2,23,0.2,294,10,0.1,0,0.0566167366992639
25,5,4,0.2,23,0.2,294,10,0.1,0,0.0504529988534101
25,5,4,0.2,23,0.2,294,10,0.1,0,-1.18326068375427e-24
25,5,4,0.2,23,0.2,294,10,0.1,0,-0.00757454558189128
25,5,4,0.2,23,0.2,294,10,0.1,0,0.417018111075898
25,5,4,0.2,23,0.2,294,10,0.1,0,0.0215207070937482
25,5,4,0.2,23,0.2,294,10,0.1,0,0.00718572111541309
25,5,4,0.2,23,0.2,294,10,0.1,0,0.0279627461902482
25,5,4,0.2,23,0.2,294,10,0.1,0,0.0326128204823249
25,5,4,0.2,23,0.2,294,10,0.1,0,0.0107501536139218
25,5,4,0.2,23,0.2,294,10,0.1,0,-6.11436467622151e-23
25,5,4,0.2,23,0.2,294,10,0.1,0,0
25,5,4,0.2,23,0.2,294,10,0.1,0,0.246443298922315
25,5,4,0.2,23,0.2,294,10,0.1,0,0.0155962322250494
25,5,4,0.2,23,0.2,294,10,0.1,0,0.418833156515863
25,5,4,0.2,23,0.2,294,10,0.1,0,-0.00108567996074213
25,5,4,0.2,23,0.2,294,10,0.1,0,0.323717408540654
25,5,4,0.2,23,0.2,294,10,0.1,0,0
25,5,4,0.2,23,0.2,294,10,0.1,0,0.0031580846249997
25,5,4,0.2,23,0.2,294,10,0.1,0,0
25,5,4,0.2,23,0.2,294,10,0.1,0,0
25,5,4,0.2,23,0.2,294,10,0.1,0,0.620732421434096
25,5,4,0.2,23,0.2,294,10,0.1,0,-0.858589059886586
25,5,4,0.2,23,0.2,294,10,0.1,0,-1.13494802779622
25,5,4,0.2,23,0.2,294,10,0.1,0,-0.0112301537890575
25,5,4,0.2,23,0.2,294,10,0.1,0,0.0141363541869315
25,5,4,0.2,23,0.2,294,10,0.1,0,0.0392888688510167
25,5,4,0.2,23,0.2,294,10,0.1,0,0.0262106315247487
25,5,4,0.2,23,0.2,294,10,0.1,0,0.0461359274983737
25,5,4,0.2,23,0.2,294,10,0.1,0,-5.62793875809396
25,5,4,0.2,23,0.2,294,10,0.1,0,0.0134416610786692
25,5,4,0.2,23,0.2,294,10,0.1,0,0
25,5,4,0.2,23,0.2,294,10,0.1,0,0.0280022730200469
25,5,4,0.2,23,0.2,294,10,0.1,0,1.34449747708606
25,5,4,0.2,23,0.2,294,10,0.1,0,-0.73059562150723
25,5,4,0.2,23,0.2,294,10,0.1,0,0.319826733774087
25,5,4,0.2,23,0.2,294,10,0.1,0,0.0188400137501642
25,5,4,0.2,23,0.2,294,10,0.1,0,0.0631380941792155
25,5,4,0.2,23,0.2,294,10,0.1,0,-0.445397386136216
25,5,4,0.2,23,0.2,294,10,0.1,0,-0.356898516900495
25,5,4,0.2,23,0.2,294,10,0.1,0,-0.00568230772421671
25,5,4,0.2,23,0.2,294,10,0.1,0,0.0303990582248933
25,5,4,0.2,23,0.2,294,10,0.1,0,0.0169074935642932
25,5,4,0.2,23,0.2,294,10,0.1,0,0
25,5,4,0.2,23,0.2,294,10,0.1,0,-1.1271007365304
25,5,4,0.2,23,0.2,294,10,0.1,0,0.0587952621970966
25,5,4,0.2,23,0.2,294,10,0.1,0,-5.02691637600496e-23
25,5,4,0.2,23,0.2,294,10,0.1,0,0.59941367405584
25,5,4,0.2,23,0.2,294,10,0.1,0,0.00691331389514372
25,5,4,0.2,23,0.2,294,10,0.1,0,0.150573599415267
25,5,4,0.2,23,0.2,294,10,0.1,0,0.0545674457121462
25,5,4,0.2,23,0.2,294,10,0.1,0,-0.00134995785293709
25,5,4,0.2,23,0.2,294,10,0.1,0,-0.0250339393825213
25,5,4,0.2,23,0.2,294,10,0.1,0,0.00295850341550924
25,5,4,0.2,23,0.2,294,10,0.1,0,4.47415100086411e-23
25,5,4,0.2,23,0.2,294,10,0.1,0,0.174775183875648
25,5,4,0.2,23,0.2,294,10,0.1,0,0.0234815822136823
25,5,4,0.2,23,0.2,294,10,0.1,0,0.149557454341079
25,5,4,0.2,23,0.2,294,10,0.1,0,-0.0459324724328651
25,5,4,0.2,23,0.2,294,10,0.1,0,0.113680745817762
25,5,4,0.2,23,0.2,294,10,0.1,0,0.136599440041295
25,5,4,0.2,23,0.2,294,10,0.1,0,-0.184695494189938
25,5,4,0.2,23,0.2,294,10,0.1,0,0.0564201273628678
25,5,4,0.2,23,0.2,294,10,0.1,0,0.0327543481372925
25,5,4,0.2,23,0.2,294,10,0.1,0,-0.232253619996723
25,5,4,0.2,23,0.2,294,10,0.1,0,4.49130619583057e-23
25,5,4,0.2,23,0.2,294,10,0.1,0,-0.0191085909156809
25,5,4,0.2,23,0.2,294,10,0.1,0,-0.0270946274497157
25,5,4,0.2,23,0.2,294,10,0.1,0,-0.562370637029461
25,5,4,0.2,23,0.2,294,10,0.1,0,0
25,5,4,0.2,23,0.2,294,10,0.1,0,-0.239898384615148
25,5,4,0.2,23,0.2,294,10,0.1,0,-0.237497590452462
25,5,4,0.2,23,0.2,294,10,0.1,0,-0.0141638360799091
25,5,4,0.2,23,0.2,294,10,0.1,0,0.0476165717723634
25,5,4,0.2,23,0.2,294,10,0.1,0,0.02469079976224
25,5,4,0.2,23,0.2,294,10,0.1,0,-0.910750238480518
25,5,4,0.2,23,0.2,294,10,0.1,0,-0.049356469988076
25,5,4,0.2,23,0.2,294,10,0.1,0,0.0766427164511628
25,5,4,0.2,23,0.2,294,10,0.1,0,0.013003472262116
25,5,4,0.2,23,0.2,294,10,0.1,0,-1.10824294202622
25,5,4,0.2,23,0.2,294,10,0.1,0,-0.00269254148268176
25,5,4,0.2,23,0.2,294,10,0.1,0,0.0037620122454247
25,5,4,0.2,23,0.2,294,10,0.1,0,0.502192416103013
25,5,4,0.2,23,0.2,294,10,0.1,0,0.3227857767587
25,5,4,0.2,23,0.2,294,10,0.1,0,0.0616863640881099
25,5,4,0.2,23,0.2,294,10,0.1,0,-0.0850884536748375
25,5,4,0.2,23,0.2,294,10,0.1,0,-0.445986635368272
25,5,4,0.2,23,0.2,294,10,0.1,0,2.72995993421653
25,5,4,0.2,23,0.2,294,10,0.1,0,-0.058261161907131
25,5,4,0.2,23,0.2,294,10,0.1,0,-0.0106295335703638
25,5,4,0.2,23,0.2,294,10,0.1,0,-0.00981899672023949
25,5,4,0.2,23,0.2,294,10,0.1,0,0.129646005912232
25,5,4,0.2,23,0.2,294,10,0.1,0,-0.229197288572332
25,5,4,0.2,23,0.2,294,10,0.1,0,0.0278492095837234
25,5,4,0.2,23,0.2,294,10,0.1,0,-0.0327170324468524
25,5,4,0.2,23,0.2,294,10,0.1,0,0.0989899544372019
25,5,4,0.2,23,0.2,294,10,0.1,0,0.187306998153245
25,5,4,0.2,23,0.2,294,10,0.1,0,8.64171622131432e-23
25,5,4,0.2,23,0.2,294,10,0.1,0,0.0334138288196638
25,5,4,0.2,23,0.2,294,10,0.1,0,-0.0248091408380896
25,5,4,0.2,23,0.2,294,10,0.1,0,-0.0691719242021
25,5,4,0.2,23,0.2,294,10,0.1,0,-0.0364534435484221
25,5,4,0.2,23,0.2,294,10,0.1,0,0.0300272921633248
25,5,4,0.2,23,0.2,294,10,0.1,0,0.030345260858294
25,5,4,0.2,23,0.2,294,10,0.1,0,-3.03254773466952e-23
25,5,4,0.2,23,0.2,294,10,0.1,0,2.52026895550922
25,5,4,0.2,23,0.2,294,10,0.1,0,1.14496716926745
25,5,4,0.2,23,0.2,294,10,0.1,0,-0.0829423144614848
25,5,4,0.2,23,0.2,294,10,0.1,0,0.00828388609965335
25,5,4,0.2,23,0.2,294,10,0.1,0,-0.908027317525003
25,5,4,0.2,23,0.2,294,10,0.1,0,-0.0135492113643693
25,5,4,0.2,23,0.2,294,10,0.1,0,-0.0480613845895305
25,5,4,0.2,23,0.2,294,10,0.1,0,0.0257238473799139
25,5,4,0.2,23,0.2,294,10,0.1,0,1.45310368224249
25,5,4,0.2,23,0.2,294,10,0.1,0,-0.00642756024897316
25,5,4,0.2,23,0.2,294,10,0.1,0,0.00471018774474315
25,5,4,0.2,23,0.2,294,10,0.1,0,0.113677285909136
25,5,4,0.2,23,0.2,294,10,0.1,0,0.537835298177984
25,5,4,0.2,23,0.2,294,10,0.1,0,0.0494270343950216
25,5,4,0.2,23,0.2,294,10,0.1,0,0.540006056713963
25,5,4,0.2,23,0.2,294,10,0.1,0,0.0156201953883109
25,5,4,0.2,23,0.2,294,10,0.1,0,-3.41142287754764e-22
25,5,4,0.2,23,0.2,294,10,0.1,0,-0.41148181656743
25,5,4,0.2,23,0.2,294,10,0.1,0,-0.411282118214535
25,5,4,0.2,23,0.2,294,10,0.1,0,-0.04092705870808
25,5,4,0.2,23,0.2,294,10,0.1,0,0.765809165002545
25,5,4,0.2,23,0.2,294,10,0.1,0,0
25,5,4,0.2,23,0.2,294,10,0.1,0,-0.180307652659793
25,5,4,0.2,23,0.2,294,10,0.1,0,0.284686182188963
25,5,4,0.2,23,0.2,294,10,0.1,0,0.0237753214586196
25,5,4,0.2,23,0.2,294,10,0.1,0,5.87456878596169
25,5,4,0.2,23,0.2,294,10,0.1,0,0
25,5,4,0.2,23,0.2,294,10,0.1,0,-0.0365930580396497
25,5,4,0.2,23,0.2,294,10,0.1,0,1.54181314396929
25,5,4,0.2,23,0.2,294,10,0.1,0,0.215014173460141
25,5,4,0.2,23,0.2,294,10,0.1,0,1.85596128240895
25,5,4,0.2,23,0.2,294,10,0.1,0,0
25,5,4,0.2,23,0.2,294,10,0.1,0,0.0877442351311995
25,5,4,0.2,23,0.2,294,10,0.1,0,-0.0128536887039487
25,5,4,0.2,23,0.2,294,10,0.1,0,-1.58614457810585
25,5,4,0.2,23,0.2,294,10,0.1,0,-2.27822496575787e-23
25,5,4,0.2,23,0.2,294,10,0.1,0,0.0821531898895442
25,5,4,0.2,23,0.2,294,10,0.1,0,-0.363789252256828
25,5,4,0.2,23,0.2,294,10,0.1,0,0.24835454939321
25,5,4,0.2,23,0.2,294,10,0.1,0,-0.00466737434960908
25,5,4,0.2,23,0.2,294,10,0.1,0,0.116262956048369
25,5,4,0.2,23,0.2,294,10,0.1,0,-0.069549306658218
25,5,4,0.2,23,0.2,294,10,0.1,0,0.315302666222592
25,5,4,0.2,23,0.2,294,10,0.1,0,0.0345288838616151
25,5,4,0.2,23,0.2,294,10,0.1,0,-0.234238101209049
25,5,4,0.2,23,0.2,294,10,0.1,0,0.292316581509232
25,5,4,0.2,23,0.2,294,10,0.1,0,-0.135576674796719
25,5,4,0.2,23,0.2,294,10,0.1,0,-0.0201052242749245
25,5,4,0.2,23,0.2,294,10,0.1,0,0.202245784721479
25,5,4,0.2,23,0.2,294,10,0.1,0,0
25,5,4,0.2,23,0.2,294,10,0.1,0,0.00725589575470257
25,5,4,0.2,23,0.2,294,10,0.1,0,0.223683867964167
25,5,4,0.2,23,0.2,294,10,0.1,0,0.178912081665084
25,5,4,0.2,23,0.2,294,10,0.1,0,-0.145949879223055
25,5,4,0.2,23,0.2,294,10,0.1,0,0.0101367864761724
25,5,4,0.2,23,0.2,294,10,0.1,0,0.0714909615941367
25,5,4,0.2,23,0.2,294,10,0.1,0,0.844908639906789
25,5,4,0.2,23,0.2,294,10,0.1,0,-0.146239201454792
25,5,4,0.2,23,0.2,294,10,0.1,0,0.0585339011393046
25,5,4,0.2,23,0.2,294,10,0.1,0,0.00966371956237208
25,5,4,0.2,23,0.2,294,10,0.1,0,0.00692226016480987
25,5,4,0.2,23,0.2,294,10,0.1,0,0.162739182077471
25,5,4,0.2,23,0.2,294,10,0.1,0,0
25,5,4,0.2,23,0.2,294,10,0.1,0,0.0153166935080113
25,5,4,0.2,23,0.2,294,10,0.1,0,0.037348896539291
25,5,4,0.2,23,0.2,294,10,0.1,0,0.0542048563698984
25,5,4,0.2,23,0.2,294,10,0.1,0,-0.0102047700048977
25,5,4,0.2,23,0.2,294,10,0.1,0,0.0109962903616163
25,5,4,0.2,23,0.2,294,10,0.1,0,0.768884268419683
25,5,4,0.2,23,0.2,294,10,0.1,0,0.0435240766066095
25,5,4,0.2,23,0.2,294,10,0.1,0,1.3886552481347
25,5,4,0.2,23,0.2,294,10,0.1,0,-0.00924961340055147
25,5,4,0.2,23,0.2,294,10,0.1,0,3.16662422785151
25,5,4,0.2,23,0.2,294,10,0.1,0,-0.973082195308809
25,5,4,0.2,23,0.2,294,10,0.1,0,-0.0125493648728172
25,5,4,0.2,23,0.2,294,10,0.1,0,-0.0172645962399474
25,5,4,0.2,23,0.2,294,10,0.1,0,0.399861223468461
25,5,4,0.2,23,0.2,294,10,0.1,0,-0.491199836297304
25,5,4,0.2,23,0.2,294,10,0.1,0,-0.0415046486572162
25,5,4,0.2,23,0.2,294,10,0.1,0,-0.171413886029874
25,5,4,0.2,23,0.2,294,10,0.1,0,0
25,5,4,0.2,23,0.2,294,10,0.1,0,-0.0163091453409332
25,5,4,0.2,23,0.2,294,10,0.1,0,0.293960058965287
25,5,4,0.2,23,0.2,294,10,0.1,0,-0.194726628651228
25,5,4,0.2,23,0.2,294,10,0.1,0,0.0202730276821892
25,5,4,0.2,23,0.2,294,10,0.1,0,0.575777471013677
25,5,4,0.2,23,0.2,294,10,0.1,0,1.36060314719464
25,5,4,0.2,23,0.2,294,10,0.1,0,-0.283718918635605
25,5,4,0.2,23,0.2,294,10,0.1,0,0
25,5,4,0.2,23,0.2,294,10,0.1,0,-0.0414299713832413
25,5,4,0.2,23,0.2,294,10,0.1,0,2.71661212444184e-24
25,5,4,0.2,23,0.2,294,10,0.1,0,1.64320272321559
25,5,4,0.2,23,0.2,294,10,0.1,0,-0.0317129908403551
25,5,4,0.2,23,0.2,294,10,0.1,0,-0.0101061306908691
25,5,4,0.2,23,0.2,294,10,0.1,0,-0.0591825841275351
25,5,4,0.2,23,0.2,294,10,0.1,0,0.067894183008431
25,5,4,0.2,23,0.2,294,10,0.1,0,0.11969973750194
25,5,4,0.2,23,0.2,294,10,0.1,0,-0.012660435084181
25,5,4,0.2,23,0.2,294,10,0.1,0,0.0526336363146767
25,5,4,0.2,23,0.2,294,10,0.1,0,0
25,5,4,0.2,23,0.2,294,10,0.1,0,-0.469236384082337
25,5,4,0.2,23,0.2,294,10,0.1,0,-0.056983611428938
25,5,4,0.2,23,0.2,294,10,0.1,0,-0.00516484065455257
25,5,4,0.2,23,0.2,294,10,0.1,0,0.231240194774079
25,5,4,0.2,23,0.2,294,10,0.1,0,0.139049340930503
25,5,4,0.2,23,0.2,294,10,0.1,0,0.00445516263004283
25,5,4,0.2,23,0.2,294,10,0.1,0,0.0580857118325448
25,5,4,0.2,23,0.2,294,10,0.1,0,-0.542845913184872
25,5,4,0.2,23,0.2,294,10,0.1,0,0.0479249439893864
25,5,4,0.2,23,0.2,294,10,0.1,0,0
25,5,4,0.2,23,0.2,294,10,0.1,0,-3.48822851511395e-24
25,5,4,0.2,23,0.2,294,10,0.1,0,5.36538748166548e-23
25,5,4,0.2,23,0.2,294,10,0.1,0,-0.299787628021286
25,5,4,0.2,23,0.2,294,10,0.1,0,-0.0196278267754433
25,5,4,0.2,23,0.2,294,10,0.1,0,-0.0167635582181277
25,5,4,0.2,23,0.2,294,10,0.1,0,0.842333394330545
25,5,4,0.2,23,0.2,294,10,0.1,0,0.0347785458640109
25,5,4,0.2,23,0.2,294,10,0.1,0,-0.0369107001648208
25,5,4,0.2,23,0.2,294,10,0.1,0,0.091837484122455
25,5,4,0.2,23,0.2,294,10,0.1,0,-0.00296421811132907
25,5,4,0.2,23,0.2,294,10,0.1,0,0.033049824899174
25,5,4,0.2,23,0.2,294,10,0.1,0,1.17574630019936
25,5,4,0.2,23,0.2,294,10,0.1,0,0.0262557956251995
25,5,5,0.2,35,0.2,414,10,0.1,1,1.54667062603124e-28
25,5,5,0.2,35,0.2,414,10,0.1,1,0
25,5,5,0.2,35,0.2,414,10,0.1,1,-3.29860406218786
25,5,5,0.2,35,0.2,414,10,0.1,1,1.90921364515068
25,5,5,0.2,35,0.2,414,10,0.1,1,1.48613572810666
25,5,5,0.2,35,0.2,414,10,0.1,1,0
25,5,5,0.2,35,0.2,414,10,0.1,1,1.32289706266531
25,5,5,0.2,35,0.2,414,10,0.1,1,0.425741530884489
25,5,5,0.2,35,0.2,414,10,0.1,1,0
25,5,5,0.2,35,0.2,414,10,0.1,1,-7.09417299614229
25,5,5,0.2,35,0.2,414,10,0.1,1,0.341549915162105
25,5,5,0.2,35,0.2,414,10,0.1,1,0
25,5,5,0.2,35,0.2,414,10,0.1,1,-0.0111242648476275
25,5,5,0.2,35,0.2,414,10,0.1,1,6.90096734173087
25,5,5,0.2,35,0.2,414,10,0.1,1,0.450135518571222
25,5,5,0.2,35,0.2,414,10,0.1,1,2.76945379878892
25,5,5,0.2,35,0.2,414,10,0.1,1,-1.10187368581131e-15
25,5,5,0.2,35,0.2,414,10,0.1,1,2.45372207185727e-15
25,5,5,0.2,35,0.2,414,10,0.1,1,-0.142643642053596
25,5,5,0.2,35,0.2,414,10,0.1,1,0
25,5,5,0.2,35,0.2,414,10,0.1,1,-0.795073965292523
25,5,5,0.2,35,0.2,414,10,0.1,1,0.868257262518946
25,5,5,0.2,35,0.2,414,10,0.1,1,0.714670654570343
25,5,5,0.2,35,0.2,414,10,0.1,1,0.019607293815004
25,5,5,0.2,35,0.2,414,10,0.1,1,-0.252829589363052
25,5,5,0.2,35,0.2,414,10,0.1,1,1.03261201560762
25,5,5,0.2,35,0.2,414,10,0.1,1,2.08997907733734
25,5,5,0.2,35,0.2,414,10,0.1,1,0
25,5,5,0.2,35,0.2,414,10,0.1,1,-0.360758914653745
25,5,5,0.2,35,0.2,414,10,0.1,1,2.92076151199215
25,5,5,0.2,35,0.2,414,10,0.1,1,-6.23701579149169
25,5,5,0.2,35,0.2,414,10,0.1,1,0
25,5,5,0.2,35,0.2,414,10,0.1,1,-8.35638211699825e-23
25,5,5,0.2,35,0.2,414,10,0.1,1,-0.655305827551375
25,5,5,0.2,35,0.2,414,10,0.1,1,0.6204221823389
25,5,5,0.2,35,0.2,414,10,0.1,0,1.05360236944166e-16
25,5,5,0.2,35,0.2,414,10,0.1,0,-0.600152939437871
25,5,5,0.2,35,0.2,414,10,0.1,0,0.0813415934808947
25,5,5,0.2,35,0.2,414,10,0.1,0,0.00617388637038678
25,5,5,0.2,35,0.2,414,10,0.1,0,1.20276433526333e-15
25,5,5,0.2,35,0.2,414,10,0.1,0,0.0928860577468629
25,5,5,0.2,35,0.2,414,10,0.1,0,0.0809293173818718
25,5,5,0.2,35,0.2,414,10,0.1,0,0
25,5,5,0.2,35,0.2,414,10,0.1,0,0.166152929515405
25,5,5,0.2,35,0.2,414,10,0.1,0,0.536065841308608
25,5,5,0.2,35,0.2,414,10,0.1,0,0.811128821921752
25,5,5,0.2,35,0.2,414,10,0.1,0,0.0437078284332113
25,5,5,0.2,35,0.2,414,10,0.1,0,0
25,5,5,0.2,35,0.2,414,10,0.1,0,1.68877366346216e-12
25,5,5,0.2,35,0.2,414,10,0.1,0,0
25,5,5,0.2,35,0.2,414,10,0.1,0,6.99065402482448
25,5,5,0.2,35,0.2,414,10,0.1,0,-0.025062232626076
25,5,5,0.2,35,0.2,414,10,0.1,0,0.000654106036883458
25,5,5,0.2,35,0.2,414,10,0.1,0,0.0620055509122077
25,5,5,0.2,35,0.2,414,10,0.1,0,-0.229924916870921
25,5,5,0.2,35,0.2,414,10,0.1,0,0.0443919878280997
25,5,5,0.2,35,0.2,414,10,0.1,0,-9.76587392993579e-13
25,5,5,0.2,35,0.2,414,10,0.1,0,-2.83983131477302e-16
25,5,5,0.2,35,0.2,414,10,0.1,0,0.0144776181891701
25,5,5,0.2,35,0.2,414,10,0.1,0,0.251677573690144
25,5,5,0.2,35,0.2,414,10,0.1,0,0.75311436177776
25,5,5,0.2,35,0.2,414,10,0.1,0,0.1157666595976
25,5,5,0.2,35,0.2,414,10,0.1,0,-0.0445536882565718
25,5,5,0.2,35,0.2,414,10,0.1,0,0.142019101738491
25,5,5,0.2,35,0.2,414,10,0.1,0,-0.0835042283414708
25,5,5,0.2,35,0.2,414,10,0.1,0,0.00547370518922165
25,5,5,0.2,35,0.2,414,10,0.1,0,3.02555312798834e-23
25,5,5,0.2,35,0.2,414,10,0.1,0,-5.94711584758411e-13
25,5,5,0.2,35,0.2,414,10,0.1,0,0.0880460668815887
25,5,5,0.2,35,0.2,414,10,0.1,0,-0.0587983586546626
25,5,5,0.2,35,0.2,414,10,0.1,0,-0.00634183613445814
25,5,5,0.2,35,0.2,414,10,0.1,0,0.250751187656907
25,5,5,0.2,35,0.2,414,10,0.1,0,0.434605392942863
25,5,5,0.2,35,0.2,414,10,0.1,0,0.500996165117291
25,5,5,0.2,35,0.2,414,10,0.1,0,-1.65436971931661
25,5,5,0.2,35,0.2,414,10,0.1,0,-8.08859681582799e-16
25,5,5,0.2,35,0.2,414,10,0.1,0,0.105280707143843
25,5,5,0.2,35,0.2,414,10,0.1,0,-3.4475598070674
25,5,5,0.2,35,0.2,414,10,0.1,0,-0.105951553006265
25,5,5,0.2,35,0.2,414,10,0.1,0,0.154224842638243
25,5,5,0.2,35,0.2,414,10,0.1,0,-9.91298408742311e-13
25,5,5,0.2,35,0.2,414,10,0.1,0,1.00195542758827
25,5,5,0.2,35,0.2,414,10,0.1,0,2.78643314773547e-23
25,5,5,0.2,35,0.2,414,10,0.1,0,0.29737372147329
25,5,5,0.2,35,0.2,414,10,0.1,0,2.0379012740557e-12
25,5,5,0.2,35,0.2,414,10,0.1,0,-0.0779911253558229
25,5,5,0.2,35,0.2,414,10,0.1,0,-0.361060160398602
25,5,5,0.2,35,0.2,414,10,0.1,0,-1.22920527273326
25,5,5,0.2,35,0.2,414,10,0.1,0,1.91819926743068
25,5,5,0.2,35,0.2,414,10,0.1,0,0
25,5,5,0.2,35,0.2,414,10,0.1,0,0.0736800227890296
25,5,5,0.2,35,0.2,414,10,0.1,0,0.146753508312152
25,5,5,0.2,35,0.2,414,10,0.1,0,0
25,5,5,0.2,35,0.2,414,10,0.1,0,0
25,5,5,0.2,35,0.2,414,10,0.1,0,1.78022309545735
25,5,5,0.2,35,0.2,414,10,0.1,0,0.00109728865572436
25,5,5,0.2,35,0.2,414,10,0.1,0,-0.040116138423501
25,5,5,0.2,35,0.2,414,10,0.1,0,0
25,5,5,0.2,35,0.2,414,10,0.1,0,0.121018005902709
25,5,5,0.2,35,0.2,414,10,0.1,0,0
25,5,5,0.2,35,0.2,414,10,0.1,0,8.04501691986191e-17
25,5,5,0.2,35,0.2,414,10,0.1,0,2.86554433453409e-23
25,5,5,0.2,35,0.2,414,10,0.1,0,-1.21308072756053e-12
25,5,5,0.2,35,0.2,414,10,0.1,0,0.128245046685269
25,5,5,0.2,35,0.2,414,10,0.1,0,-9.35338237147143e-16
25,5,5,0.2,35,0.2,414,10,0.1,0,-3.23479340580643e-15
25,5,5,0.2,35,0.2,414,10,0.1,0,-0.00481780745560851
25,5,5,0.2,35,0.2,414,10,0.1,0,0
25,5,5,0.2,35,0.2,414,10,0.1,0,0.398183225854507
25,5,5,0.2,35,0.2,414,10,0.1,0,-0.236975295281498
25,5,5,0.2,35,0.2,414,10,0.1,0,0.023392462449679
25,5,5,0.2,35,0.2,414,10,0.1,0,0.764293993859885
25,5,5,0.2,35,0.2,414,10,0.1,0,-0.037898028622816
25,5,5,0.2,35,0.2,414,10,0.1,0,-1.75077336264236
25,5,5,0.2,35,0.2,414,10,0.1,0,-0.0286118211463355
25,5,5,0.2,35,0.2,414,10,0.1,0,0.446892094709819
25,5,5,0.2,35,0.2,414,10,0.1,0,-0.480558011494018
25,5,5,0.2,35,0.2,414,10,0.1,0,1.60666746244694
25,5,5,0.2,35,0.2,414,10,0.1,0,0
25,5,5,0.2,35,0.2,414,10,0.1,0,-1.80697254378868e-15
25,5,5,0.2,35,0.2,414,10,0.1,0,0
25,5,5,0.2,35,0.2,414,10,0.1,0,-0.338307683862344
25,5,5,0.2,35,0.2,414,10,0.1,0,-1.07959779160072e-15
25,5,5,0.2,35,0.2,414,10,0.1,0,-1.51468678734651e-12
25,5,5,0.2,35,0.2,414,10,0.1,0,-0.348517940270335
25,5,5,0.2,35,0.2,414,10,0.1,0,-2.21792662499495e-14
25,5,5,0.2,35,0.2,414,10,0.1,0,0.619604480772388
25,5,5,0.2,35,0.2,414,10,0.1,0,3.91011249783646e-16
25,5,5,0.2,35,0.2,414,10,0.1,0,0.376521489759779
25,5,5,0.2,35,0.2,414,10,0.1,0,3.73159279003562e-13
25,5,5,0.2,35,0.2,414,10,0.1,0,-0.478059378875121
25,5,5,0.2,35,0.2,414,10,0.1,0,-0.160070821503989
25,5,5,0.2,35,0.2,414,10,0.1,0,0
25,5,5,0.2,35,0.2,414,10,0.1,0,0.353455219540936
25,5,5,0.2,35,0.2,414,10,0.1,0,0.447631974911017
25,5,5,0.2,35,0.2,414,10,0.1,0,-1.00421497711272
25,5,5,0.2,35,0.2,414,10,0.1,0,0.200521574651869
25,5,5,0.2,35,0.2,414,10,0.1,0,0.337907857022021
25,5,5,0.2,35,0.2,414,10,0.1,0,-3.99743635605311e-13
25,5,5,0.2,35,0.2,414,10,0.1,0,-1.68360487752503e-12
25,5,5,0.2,35,0.2,414,10,0.1,0,-0.112310215273114
25,5,5,0.2,35,0.2,414,10,0.1,0,-0.75533743543511
25,5,5,0.2,35,0.2,414,10,0.1,0,-0.398230866075234
25,5,5,0.2,35,0.2,414,10,0.1,0,0
25,5,5,0.2,35,0.2,414,10,0.1,0,0
25,5,5,0.2,35,0.2,414,10,0.1,0,0.199948022816816
25,5,5,0.2,35,0.2,414,10,0.1,0,0.0363945195551791
25,5,5,0.2,35,0.2,414,10,0.1,0,0.118516466307337
25,5,5,0.2,35,0.2,414,10,0.1,0,-1.28961198356779e-16
25,5,5,0.2,35,0.2,414,10,0.1,0,0.397472149489771
25,5,5,0.2,35,0.2,414,10,0.1,0,1.8918566911389e-12
25,5,5,0.2,35,0.2,414,10,0.1,0,4.69504392706959e-17
25,5,5,0.2,35,0.2,414,10,0.1,0,0.399538649101537
25,5,5,0.2,35,0.2,414,10,0.1,0,0
25,5,5,0.2,35,0.2,414,10,0.1,0,-0.095100635277087
25,5,5,0.2,35,0.2,414,10,0.1,0,-0.598951098688627
25,5,5,0.2,35,0.2,414,10,0.1,0,0.0441538347261698
25,5,5,0.2,35,0.2,414,10,0.1,0,1.07023042587515e-15
25,5,5,0.2,35,0.2,414,10,0.1,0,-0.419267505520801
25,5,5,0.2,35,0.2,414,10,0.1,0,1.59859756189819
25,5,5,0.2,35,0.2,414,10,0.1,0,0.423857168707313
25,5,5,0.2,35,0.2,414,10,0.1,0,-6.38353274455699e-16
25,5,5,0.2,35,0.2,414,10,0.1,0,1.43233719178535e-12
25,5,5,0.2,35,0.2,414,10,0.1,0,0.653259027460293
25,5,5,0.2,35,0.2,414,10,0.1,0,0.0855921278661098
25,5,5,0.2,35,0.2,414,10,0.1,0,-0.80879102390512
25,5,5,0.2,35,0.2,414,10,0.1,0,-3.88855538987372
25,5,5,0.2,35,0.2,414,10,0.1,0,0.170493664779754
25,5,5,0.2,35,0.2,414,10,0.1,0,-1.21414095900453e-15
25,5,5,0.2,35,0.2,414,10,0.1,0,-0.0982574952573816
25,5,5,0.2,35,0.2,414,10,0.1,0,-0.0597334663111054
25,5,5,0.2,35,0.2,414,10,0.1,0,0.0134585918680185
25,5,5,0.2,35,0.2,414,10,0.1,0,-5.79868485913473
25,5,5,0.2,35,0.2,414,10,0.1,0,-0.0467339723201116
25,5,5,0.2,35,0.2,414,10,0.1,0,0.0711025709772083
25,5,5,0.2,35,0.2,414,10,0.1,0,1.42593070587162
25,5,5,0.2,35,0.2,414,10,0.1,0,-0.822521874285901
25,5,5,0.2,35,0.2,414,10,0.1,0,-0.67403949857915
25,5,5,0.2,35,0.2,414,10,0.1,0,3.0052984412312
25,5,5,0.2,35,0.2,414,10,0.1,0,1.8613386110279
25,5,5,0.2,35,0.2,414,10,0.1,0,0
25,5,5,0.2,35,0.2,414,10,0.1,0,1.98434812604752e-12
25,5,5,0.2,35,0.2,414,10,0.1,0,0.0727294476392702
25,5,5,0.2,35,0.2,414,10,0.1,0,-0.0199150442120637
25,5,5,0.2,35,0.2,414,10,0.1,0,-6.94701604785365
25,5,5,0.2,35,0.2,414,10,0.1,0,-0.233353207440168
25,5,5,0.2,35,0.2,414,10,0.1,0,0.0486223404767364
25,5,5,0.2,35,0.2,414,10,0.1,0,0.543634172375872
25,5,5,0.2,35,0.2,414,10,0.1,0,0.103840209674698
25,5,5,0.2,35,0.2,414,10,0.1,0,0.240471682816967
25,5,5,0.2,35,0.2,414,10,0.1,0,6.37427131303456
25,5,5,0.2,35,0.2,414,10,0.1,0,1.21357310259459
25,5,5,0.2,35,0.2,414,10,0.1,0,0.0724287716267447
25,5,5,0.2,35,0.2,414,10,0.1,0,0.0115903400787463
25,5,5,0.2,35,0.2,414,10,0.1,0,-0.225406204788972
25,5,5,0.2,35,0.2,414,10,0.1,0,-0.00697160815209977
25,5,5,0.2,35,0.2,414,10,0.1,0,3.14264580803634e-15
25,5,5,0.2,35,0.2,414,10,0.1,0,-0.647022325844651
25,5,5,0.2,35,0.2,414,10,0.1,0,1.62720651248993e-22
25,5,5,0.2,35,0.2,414,10,0.1,0,0
25,5,5,0.2,35,0.2,414,10,0.1,0,0.0491413023409258
25,5,5,0.2,35,0.2,414,10,0.1,0,2.66263333039017e-23
25,5,5,0.2,35,0.2,414,10,0.1,0,-0.427011653934892
25,5,5,0.2,35,0.2,414,10,0.1,0,0
25,5,5,0.2,35,0.2,414,10,0.1,0,-1.30303765429617
25,5,5,0.2,35,0.2,414,10,0.1,0,-0.202658371378983
25,5,5,0.2,35,0.2,414,10,0.1,0,-0.0124920899068973
25,5,5,0.2,35,0.2,414,10,0.1,0,-3.67618176743957e-12
25,5,5,0.2,35,0.2,414,10,0.1,0,-0.423411704326933
25,5,5,0.2,35,0.2,414,10,0.1,0,0
25,5,5,0.2,35,0.2,414,10,0.1,0,0.134460618474575
25,5,5,0.2,35,0.2,414,10,0.1,0,-5.06655788230536e-16
25,5,5,0.2,35,0.2,414,10,0.1,0,0.174529629467894
25,5,5,0.2,35,0.2,414,10,0.1,0,1.85311811639241
25,5,5,0.2,35,0.2,414,10,0.1,0,-0.646607529114602
25,5,5,0.2,35,0.2,414,10,0.1,0,1.03890089063775
25,5,5,0.2,35,0.2,414,10,0.1,0,-0.790459822887702
25,5,5,0.2,35,0.2,414,10,0.1,0,0.0516137349783421
25,5,5,0.2,35,0.2,414,10,0.1,0,-0.1350606429302
25,5,5,0.2,35,0.2,414,10,0.1,0,0.00503789263318124
25,5,5,0.2,35,0.2,414,10,0.1,0,0.00248610752174964
25,5,5,0.2,35,0.2,414,10,0.1,0,0.382859998727231
25,5,5,0.2,35,0.2,414,10,0.1,0,-0.0802480371572989
25,5,5,0.2,35,0.2,414,10,0.1,0,0.560510609601514
25,5,5,0.2,35,0.2,414,10,0.1,0,3.04474082605648e-15
25,5,5,0.2,35,0.2,414,10,0.1,0,-0.0942400135778557
25,5,5,0.2,35,0.2,414,10,0.1,0,0.326627798370617
25,5,5,0.2,35,0.2,414,10,0.1,0,0.765180282710485
25,5,5,0.2,35,0.2,414,10,0.1,0,0.477097311217971
25,5,5,0.2,35,0.2,414,10,0.1,0,0.123090709449728
25,5,5,0.2,35,0.2,414,10,0.1,0,-1.39582283679438
25,5,5,0.2,35,0.2,414,10,0.1,0,-0.0497998849006317
25,5,5,0.2,35,0.2,414,10,0.1,0,9.98203597137597e-16
25,5,5,0.2,35,0.2,414,10,0.1,0,-1.42645117540008
25,5,5,0.2,35,0.2,414,10,0.1,0,-2.15291156025739e-22
25,5,5,0.2,35,0.2,414,10,0.1,0,-4.17857391199741e-15
25,5,5,0.2,35,0.2,414,10,0.1,0,-0.415028762579149
25,5,5,0.2,35,0.2,414,10,0.1,0,0.108982422085074
25,5,5,0.2,35,0.2,414,10,0.1,0,0.0195253995785316
25,5,5,0.2,35,0.2,414,10,0.1,0,1.24909237387022e-21
25,5,5,0.2,35,0.2,414,10,0.1,0,0.138059043839751
25,5,5,0.2,35,0.2,414,10,0.1,0,0.054817860523715
25,5,5,0.2,35,0.2,414,10,0.1,0,0.150900341575507
25,5,5,0.2,35,0.2,414,10,0.1,0,0.838737693048246
25,5,5,0.2,35,0.2,414,10,0.1,0,2.0885985678675e-12
25,5,5,0.2,35,0.2,414,10,0.1,0,-0.0896205668926258
25,5,5,0.2,35,0.2,414,10,0.1,0,-1.20763744586403e-13
25,5,5,0.2,35,0.2,414,10,0.1,0,-1.32693269489362
25,5,5,0.2,35,0.2,414,10,0.1,0,0.880116577562419
25,5,5,0.2,35,0.2,414,10,0.1,0,3.68477147531858e-13
25,5,5,0.2,35,0.2,414,10,0.1,0,-0.620170990793055
25,5,5,0.2,35,0.2,414,10,0.1,0,1.14963063990806
25,5,5,0.2,35,0.2,414,10,0.1,0,0.304830700077075
25,5,5,0.2,35,0.2,414,10,0.1,0,0
25,5,5,0.2,35,0.2,414,10,0.1,0,-0.513460296103091
25,5,5,0.2,35,0.2,414,10,0.1,0,0.216906070820736
25,5,5,0.2,35,0.2,414,10,0.1,0,-1.14795600070723
25,5,5,0.2,35,0.2,414,10,0.1,0,1.34744777944333
25,5,5,0.2,35,0.2,414,10,0.1,0,1.47221612659177
25,5,5,0.2,35,0.2,414,10,0.1,0,0.494851235477654
25,5,5,0.2,35,0.2,414,10,0.1,0,-2.08791006277315e-23
25,5,5,0.2,35,0.2,414,10,0.1,0,-1.37890719538175
25,5,5,0.2,35,0.2,414,10,0.1,0,0.3475992052201
25,5,5,0.2,35,0.2,414,10,0.1,0,-0.889038266924667
25,5,5,0.2,35,0.2,414,10,0.1,0,-1.28380266701939e-16
25,5,5,0.2,35,0.2,414,10,0.1,0,1.55415072457437
25,5,5,0.2,35,0.2,414,10,0.1,0,3.36261500556227e-15
25,5,5,0.2,35,0.2,414,10,0.1,0,-0.255139759719137
25,5,5,0.2,35,0.2,414,10,0.1,0,0.606684111984122
25,5,5,0.2,35,0.2,414,10,0.1,0,0.234015900483357
25,5,5,0.2,35,0.2,414,10,0.1,0,-0.279995911485708
25,5,5,0.2,35,0.2,414,10,0.1,0,-0.0405259280744251
25,5,5,0.2,35,0.2,414,10,0.1,0,-0.402375800221117
25,5,5,0.2,35,0.2,414,10,0.1,0,0.201405682194483
25,5,5,0.2,35,0.2,414,10,0.1,0,0.00902386486926587
25,5,5,0.2,35,0.2,414,10,0.1,0,-0.450190593661022
25,5,5,0.2,35,0.2,414,10,0.1,0,-0.0180491947589851
25,5,5,0.2,35,0.2,414,10,0.1,0,-0.686388569133259
25,5,5,0.2,35,0.2,414,10,0.1,0,-0.224001513258761
25,5,5,0.2,35,0.2,414,10,0.1,0,-8.01493217507702e-16
25,5,5,0.2,35,0.2,414,10,0.1,0,4.45297154069587e-12
25,5,5,0.2,35,0.2,414,10,0.1,0,-7.24983355307688e-12
25,5,5,0.2,35,0.2,414,10,0.1,0,0.794182623811471
25,5,5,0.2,35,0.2,414,10,0.1,0,0
25,5,5,0.2,35,0.2,414,10,0.1,0,0.23440054426994
25,5,5,0.2,35,0.2,414,10,0.1,0,0.110056308933844
25,5,5,0.2,35,0.2,414,10,0.1,0,-0.0546829514878298
25,5,5,0.2,35,0.2,414,10,0.1,0,-0.114761060414883
25,5,5,0.2,35,0.2,414,10,0.1,0,0.571901583099007
25,5,5,0.2,35,0.2,414,10,0.1,0,-2.22981618068602
25,5,5,0.2,35,0.2,414,10,0.1,0,-2.56417438442089
25,5,5,0.2,35,0.2,414,10,0.1,0,0.390250434170419
25,5,5,0.2,35,0.2,414,10,0.1,0,0
25,5,5,0.2,35,0.2,414,10,0.1,0,3.14089147707686e-12
25,5,5,0.2,35,0.2,414,10,0.1,0,-0.548563970290399
25,5,5,0.2,35,0.2,414,10,0.1,0,1.86765723661243e-11
25,5,5,0.2,35,0.2,414,10,0.1,0,-3.886094021538
25,5,5,0.2,35,0.2,414,10,0.1,0,0.109076571558573
25,5,5,0.2,35,0.2,414,10,0.1,0,0.0331349515829565
25,5,5,0.2,35,0.2,414,10,0.1,0,-0.925920869916361
25,5,5,0.2,35,0.2,414,10,0.1,0,3.46659128012761e-16
25,5,5,0.2,35,0.2,414,10,0.1,0,1.62330211155017e-21
25,5,5,0.2,35,0.2,414,10,0.1,0,1.62038383925777
25,5,5,0.2,35,0.2,414,10,0.1,0,-0.0954110158326658
25,5,5,0.2,35,0.2,414,10,0.1,0,0.122738523075983
25,5,5,0.2,35,0.2,414,10,0.1,0,0.374387723954071
25,5,5,0.2,35,0.2,414,10,0.1,0,0.13257786120641
25,5,5,0.2,35,0.2,414,10,0.1,0,-0.218990893396741
25,5,5,0.2,35,0.2,414,10,0.1,0,0.00834893855226597
25,5,5,0.2,35,0.2,414,10,0.1,0,0
25,5,5,0.2,35,0.2,414,10,0.1,0,0.0882032057136121
25,5,5,0.2,35,0.2,414,10,0.1,0,0.138998205524177
25,5,5,0.2,35,0.2,414,10,0.1,0,-0.210722013806566
25,5,5,0.2,35,0.2,414,10,0.1,0,0.190934526154603
25,5,5,0.2,35,0.2,414,10,0.1,0,-0.605276059398533
25,5,5,0.2,35,0.2,414,10,0.1,0,1.58014165330347e-12
25,5,5,0.2,35,0.2,414,10,0.1,0,-2.99790253512474e-16
25,5,5,0.2,35,0.2,414,10,0.1,0,-9.25214589469258e-13
25,5,5,0.2,35,0.2,414,10,0.1,0,1.0732812706269e-16
25,5,5,0.2,35,0.2,414,10,0.1,0,-0.0599529818954304
25,5,5,0.2,35,0.2,414,10,0.1,0,-0.0980140289405578
25,5,5,0.2,35,0.2,414,10,0.1,0,-0.213654486019603
25,5,5,0.2,35,0.2,414,10,0.1,0,0.269674891078764
25,5,5,0.2,35,0.2,414,10,0.1,0,-0.131157626537391
25,5,5,0.2,35,0.2,414,10,0.1,0,0.0104237623643944
25,5,5,0.2,35,0.2,414,10,0.1,0,-0.24989585398632
25,5,5,0.2,35,0.2,414,10,0.1,0,0.072589721620392
25,5,5,0.2,35,0.2,414,10,0.1,0,0.329279922731572
25,5,5,0.2,35,0.2,414,10,0.1,0,-1.26069339139658e-16
25,5,5,0.2,35,0.2,414,10,0.1,0,0.166427924639667
25,5,5,0.2,35,0.2,414,10,0.1,0,2.11339172637609e-15
25,5,5,0.2,35,0.2,414,10,0.1,0,-0.430974146788719
25,5,5,0.2,35,0.2,414,10,0.1,0,0.429227475569299
25,5,5,0.2,35,0.2,414,10,0.1,0,0.507304134234746
25,5,5,0.2,35,0.2,414,10,0.1,0,-0.132266798525163
25,5,5,0.2,35,0.2,414,10,0.1,0,1.66885959487586
25,5,5,0.2,35,0.2,414,10,0.1,0,0.692241516851142
25,5,5,0.2,35,0.2,414,10,0.1,0,-0.054293985237458
25,5,5,0.2,35,0.2,414,10,0.1,0,-0.476532866256217
25,5,5,0.2,35,0.2,414,10,0.1,0,0.403654188567864
25,5,5,0.2,35,0.2,414,10,0.1,0,0.481995604809551
25,5,5,0.2,35,0.2,414,10,0.1,0,4.63327151501633e-18
25,5,5,0.2,35,0.2,414,10,0.1,0,-0.249323562184184
25,5,5,0.2,35,0.2,414,10,0.1,0,0
25,5,5,0.2,35,0.2,414,10,0.1,0,0.114345468781084
25,5,5,0.2,35,0.2,414,10,0.1,0,2.29674975295364
25,5,5,0.2,35,0.2,414,10,0.1,0,2.96839493960714e-23
25,5,5,0.2,35,0.2,414,10,0.1,0,0.126545409843323
25,5,5,0.2,35,0.2,414,10,0.1,0,9.70471886987541e-31
25,5,5,0.2,35,0.2,414,10,0.1,0,0.0194413181984051
25,5,5,0.2,35,0.2,414,10,0.1,0,0.980096948316091
25,5,5,0.2,35,0.2,414,10,0.1,0,1.20569914791715
25,5,5,0.2,35,0.2,414,10,0.1,0,0.700183880933254
25,5,5,0.2,35,0.2,414,10,0.1,0,-0.0333919574383491
25,5,5,0.2,35,0.2,414,10,0.1,0,-5.10458843820625e-13
25,5,5,0.2,35,0.2,414,10,0.1,0,-0.36759189834035
25,5,5,0.2,35,0.2,414,10,0.1,0,-0.221066172035351
25,5,5,0.2,35,0.2,414,10,0.1,0,1.46709205544511e-13
25,5,5,0.2,35,0.2,414,10,0.1,0,0.213097636842839
25,5,5,0.2,35,0.2,414,10,0.1,0,0.169531067254331
25,5,5,0.2,35,0.2,414,10,0.1,0,3.94007708969959e-15
25,5,5,0.2,35,0.2,414,10,0.1,0,-0.0955711156523288
25,5,5,0.2,35,0.2,414,10,0.1,0,-1.08192128012114
25,5,5,0.2,35,0.2,414,10,0.1,0,-0.0232601951576692
25,5,5,0.2,35,0.2,414,10,0.1,0,-0.0338708356282738
25,5,5,0.2,35,0.2,414,10,0.1,0,-0.0985089997454523
25,5,5,0.2,35,0.2,414,10,0.1,0,-0.367361269404671
25,5,5,0.2,35,0.2,414,10,0.1,0,-0.00153576975658085
25,5,5,0.2,35,0.2,414,10,0.1,0,3.90601331607353e-16
25,5,5,0.2,35,0.2,414,10,0.1,0,-6.84307219650821
25,5,5,0.2,35,0.2,414,10,0.1,0,-0.42554022084792
25,5,5,0.2,35,0.2,414,10,0.1,0,0
25,5,5,0.2,35,0.2,414,10,0.1,0,0.324464339665113
25,5,5,0.2,35,0.2,414,10,0.1,0,-0.0173023582045402
25,5,5,0.2,35,0.2,414,10,0.1,0,-2.10949704168736
25,5,5,0.2,35,0.2,414,10,0.1,0,0.351367362183284
25,5,5,0.2,35,0.2,414,10,0.1,0,-0.00309945111490476
25,5,5,0.2,35,0.2,414,10,0.1,0,0.169712039862551
25,5,5,0.2,35,0.2,414,10,0.1,0,-6.2640525674344e-13
25,5,5,0.2,35,0.2,414,10,0.1,0,-0.0612924626062892
25,5,5,0.2,35,0.2,414,10,0.1,0,-0.141383138358947
25,5,5,0.2,35,0.2,414,10,0.1,0,0.54239253660885
25,5,5,0.2,35,0.2,414,10,0.1,0,0
25,5,5,0.2,35,0.2,414,10,0.1,0,-0.109535943115849
25,5,5,0.2,35,0.2,414,10,0.1,0,0.0165991137959878
25,5,5,0.2,35,0.2,414,10,0.1,0,1.8268599863643e-22
25,5,5,0.2,35,0.2,414,10,0.1,0,0.161484753553872
25,5,5,0.2,35,0.2,414,10,0.1,0,5.31002599071035
25,5,5,0.2,35,0.2,414,10,0.1,0,0
25,5,5,0.2,35,0.2,414,10,0.1,0,0.938313773287931
25,5,5,0.2,35,0.2,414,10,0.1,0,0.161456142228018
25,5,5,0.2,35,0.2,414,10,0.1,0,-1.96783091566e-15
25,5,5,0.2,35,0.2,414,10,0.1,0,-0.463872278034658
25,5,5,0.2,35,0.2,414,10,0.1,0,2.48569415911322
25,5,5,0.2,35,0.2,414,10,0.1,0,-4.18938836314529e-14
25,5,5,0.2,35,0.2,414,10,0.1,0,0
25,5,5,0.2,35,0.2,414,10,0.1,0,0.0510511188907235
25,5,5,0.2,35,0.2,414,10,0.1,0,-0.0629898919034706
25,5,5,0.2,35,0.2,414,10,0.1,0,0.738789884778439
25,5,5,0.2,35,0.2,414,10,0.1,0,0.495509223511019
25,5,5,0.2,35,0.2,414,10,0.1,0,0.227287852408881
25,5,5,0.2,35,0.2,414,10,0.1,0,-0.353666889103476
25,5,5,0.2,35,0.2,414,10,0.1,0,2.6477702580261e-13
25,5,5,0.2,35,0.2,414,10,0.1,0,0.0684978013505202
25,5,5,0.2,35,0.2,414,10,0.1,0,0.209994027310214
25,5,5,0.2,35,0.2,414,10,0.1,0,0
25,5,5,0.2,35,0.2,414,10,0.1,0,-3.96030208686928e-23
25,5,5,0.2,35,0.2,414,10,0.1,0,-2.83999437409763e-16
25,5,5,0.2,35,0.2,414,10,0.1,0,0.788316720144876
25,5,5,0.2,35,0.2,414,10,0.1,0,0
25,5,5,0.2,35,0.2,414,10,0.1,0,0.624198805769016
25,5,5,0.2,35,0.2,414,10,0.1,0,1.8113116458861
25,5,5,0.2,35,0.2,414,10,0.1,0,0.451277014920757
25,5,5,0.2,35,0.2,414,10,0.1,0,0.0290117034170313
25,5,5,0.2,35,0.2,414,10,0.1,0,0.412333778123839
25,5,5,0.2,35,0.2,414,10,0.1,0,0.0630104205982573
25,5,5,0.2,35,0.2,414,10,0.1,0,0.322199104554432
25,5,5,0.2,35,0.2,414,10,0.1,0,-0.184823141423506
25,5,5,0.2,35,0.2,414,10,0.1,0,0.606861614196896
25,5,5,0.2,35,0.2,414,10,0.1,0,0.283069415240859
25,5,5,0.2,35,0.2,414,10,0.1,0,0.122601935266347
25,5,5,0.2,35,0.2,414,10,0.1,0,-0.13885385087811
25,5,5,0.2,35,0.2,414,10,0.1,0,4.77239674204396e-23
25,5,5,0.2,35,0.2,414,10,0.1,0,0
25,5,5,0.2,35,0.2,414,10,0.1,0,-0.0112589622373642
25,5,5,0.2,35,0.2,414,10,0.1,0,0.799560086369602
25,5,5,0.2,35,0.2,414,10,0.1,0,4.81372266362173e-23
25,5,5,0.2,35,0.2,414,10,0.1,0,5.43468970927831
25,5,5,0.2,35,0.2,414,10,0.1,0,-0.309740383035062
25,5,5,0.2,35,0.2,414,10,0.1,0,-4.49206595625518e-17
25,5,5,0.2,35,0.2,414,10,0.1,0,0
25,5,5,0.2,35,0.2,414,10,0.1,0,-1.54199522595241e-14
25,5,5,0.2,35,0.2,414,10,0.1,0,3.3070830712965e-15
25,5,5,0.2,35,0.2,414,10,0.1,0,0.105995877051169
25,5,5,0.2,35,0.2,414,10,0.1,0,-2.6640834069999e-13
25,5,5,0.2,35,0.2,414,10,0.1,0,0
25,5,5,0.2,35,0.2,414,10,0.1,0,-0.423922076322815
25,5,5,0.2,35,0.2,414,10,0.1,0,-0.0417304243642546
25,5,5,0.2,35,0.2,414,10,0.1,0,-0.243981986630001
25,5,5,0.2,35,0.2,414,10,0.1,0,-8.76029405673942e-12
25,5,5,0.2,35,0.2,414,10,0.1,0,0.123062527701261
25,5,5,0.2,35,0.2,414,10,0.1,0,0.421452272530444
25,5,5,0.2,35,0.2,414,10,0.1,0,0.117715154888732
25,5,5,0.2,35,0.2,414,10,0.1,0,0.0202435890054443
25,5,5,0.2,35,0.2,414,10,0.1,0,-0.111885080643372
25,5,5,0.2,35,0.2,414,10,0.1,0,0
25,5,5,0.2,35,0.2,414,10,0.1,0,-0.664723763571351
25,5,5,0.2,35,0.2,414,10,0.1,0,-0.714808840946056
25,5,5,0.2,35,0.2,414,10,0.1,0,1.22459892656697e-16
25,5,6,0.2,31,0.2,414,10,0.1,1,-6.89914851540218e-27
25,5,6,0.2,31,0.2,414,10,0.1,1,0
25,5,6,0.2,31,0.2,414,10,0.1,1,0
25,5,6,0.2,31,0.2,414,10,0.1,1,0.00166396141264452
25,5,6,0.2,31,0.2,414,10,0.1,1,0
25,5,6,0.2,31,0.2,414,10,0.1,1,-0.314511548126853
25,5,6,0.2,31,0.2,414,10,0.1,1,0.745635411470824
25,5,6,0.2,31,0.2,414,10,0.1,1,0.344288672952231
25,5,6,0.2,31,0.2,414,10,0.1,1,0.0224916941141678
25,5,6,0.2,31,0.2,414,10,0.1,1,0.0395886161225646
25,5,6,0.2,31,0.2,414,10,0.1,1,-0.0101531655626181
25,5,6,0.2,31,0.2,414,10,0.1,1,-0.00243327545731513
25,5,6,0.2,31,0.2,414,10,0.1,1,0.270816973177573
25,5,6,0.2,31,0.2,414,10,0.1,1,0
25,5,6,0.2,31,0.2,414,10,0.1,1,-0.0943504568717596
25,5,6,0.2,31,0.2,414,10,0.1,1,2.61028703437451
25,5,6,0.2,31,0.2,414,10,0.1,1,-4.98001143808306e-28
25,5,6,0.2,31,0.2,414,10,0.1,1,0.184725815668215
25,5,6,0.2,31,0.2,414,10,0.1,1,-7.098631072802
25,5,6,0.2,31,0.2,414,10,0.1,1,0
25,5,6,0.2,31,0.2,414,10,0.1,1,-1.01071698421722
25,5,6,0.2,31,0.2,414,10,0.1,1,0.571868358298817
25,5,6,0.2,31,0.2,414,10,0.1,1,0
25,5,6,0.2,31,0.2,414,10,0.1,1,0
25,5,6,0.2,31,0.2,414,10,0.1,1,-0.201374044030258
25,5,6,0.2,31,0.2,414,10,0.1,1,-0.117857282828789
25,5,6,0.2,31,0.2,414,10,0.1,1,0.0881269318647716
25,5,6,0.2,31,0.2,414,10,0.1,1,0.0944207580653123
25,5,6,0.2,31,0.2,414,10,0.1,1,0.183863996841457
25,5,6,0.2,31,0.2,414,10,0.1,1,0.0768077502724734
25,5,6,0.2,31,0.2,414,10,0.1,1,0
25,5,6,0.2,31,0.2,414,10,0.1,0,0.0394503570845027
25,5,6,0.2,31,0.2,414,10,0.1,0,0.242069948898638
25,5,6,0.2,31,0.2,414,10,0.1,0,-0.0204687891108061
25,5,6,0.2,31,0.2,414,10,0.1,0,-0.00919150810684841
25,5,6,0.2,31,0.2,414,10,0.1,0,0.000431188986953854
25,5,6,0.2,31,0.2,414,10,0.1,0,-0.00385196787197207
25,5,6,0.2,31,0.2,414,10,0.1,0,0
25,5,6,0.2,31,0.2,414,10,0.1,0,0.00246181298010249
25,5,6,0.2,31,0.2,414,10,0.1,0,0.171445785581484
25,5,6,0.2,31,0.2,414,10,0.1,0,0.00172582469074809
25,5,6,0.2,31,0.2,414,10,0.1,0,0.0194762901612818
25,5,6,0.2,31,0.2,414,10,0.1,0,0
25,5,6,0.2,31,0.2,414,10,0.1,0,0.0294482797850876
25,5,6,0.2,31,0.2,414,10,0.1,0,0.0978210998310435
25,5,6,0.2,31,0.2,414,10,0.1,0,-0.0252683995056845
25,5,6,0.2,31,0.2,414,10,0.1,0,0.0530473728323952
25,5,6,0.2,31,0.2,414,10,0.1,0,0.34118894860469
25,5,6,0.2,31,0.2,414,10,0.1,0,0.127242768505634
25,5,6,0.2,31,0.2,414,10,0.1,0,0.12883534209388
25,5,6,0.2,31,0.2,414,10,0.1,0,0.042582828624014
25,5,6,0.2,31,0.2,414,10,0.1,0,0.0415056776747018
25,5,6,0.2,31,0.2,414,10,0.1,0,0.0399828814604675
25,5,6,0.2,31,0.2,414,10,0.1,0,-0.210508946502886
25,5,6,0.2,31,0.2,414,10,0.1,0,-7.66686651442317e-28
25,5,6,0.2,31,0.2,414,10,0.1,0,-0.0552929131813486
25,5,6,0.2,31,0.2,414,10,0.1,0,0.125384727882914
25,5,6,0.2,31,0.2,414,10,0.1,0,-0.0103155629857797
25,5,6,0.2,31,0.2,414,10,0.1,0,3.26910194159534e-28
25,5,6,0.2,31,0.2,414,10,0.1,0,0.0497438866917048
25,5,6,0.2,31,0.2,414,10,0.1,0,0.0666226740120082
25,5,6,0.2,31,0.2,414,10,0.1,0,-0.976173466384594
25,5,6,0.2,31,0.2,414,10,0.1,0,0
25,5,6,0.2,31,0.2,414,10,0.1,0,0.000139469297411597
25,5,6,0.2,31,0.2,414,10,0.1,0,0.000196227319044201
25,5,6,0.2,31,0.2,414,10,0.1,0,-0.00690848060882807
25,5,6,0.2,31,0.2,414,10,0.1,0,0.260092124516337
25,5,6,0.2,31,0.2,414,10,0.1,0,0.0367422021681719
25,5,6,0.2,31,0.2,414,10,0.1,0,0.0147713684358375
25,5,6,0.2,31,0.2,414,10,0.1,0,0
25,5,6,0.2,31,0.2,414,10,0.1,0,-0.116626040844977
25,5,6,0.2,31,0.2,414,10,0.1,0,0.316857407430093
25,5,6,0.2,31,0.2,414,10,0.1,0,0
25,5,6,0.2,31,0.2,414,10,0.1,0,0.00722324538549033
25,5,6,0.2,31,0.2,414,10,0.1,0,0.00481971296395391
25,5,6,0.2,31,0.2,414,10,0.1,0,-0.491554123011349
25,5,6,0.2,31,0.2,414,10,0.1,0,-0.00510380889153183
25,5,6,0.2,31,0.2,414,10,0.1,0,0.153653660514505
25,5,6,0.2,31,0.2,414,10,0.1,0,-0.0021987533573693
25,5,6,0.2,31,0.2,414,10,0.1,0,0.174582785797296
25,5,6,0.2,31,0.2,414,10,0.1,0,0
25,5,6,0.2,31,0.2,414,10,0.1,0,-0.104701327341506
25,5,6,0.2,31,0.2,414,10,0.1,0,0.171592898974245
25,5,6,0.2,31,0.2,414,10,0.1,0,0.000671509661267009
25,5,6,0.2,31,0.2,414,10,0.1,0,0.00865724879462373
25,5,6,0.2,31,0.2,414,10,0.1,0,3.29238277608492e-27
25,5,6,0.2,31,0.2,414,10,0.1,0,0
25,5,6,0.2,31,0.2,414,10,0.1,0,-0.155040512531845
25,5,6,0.2,31,0.2,414,10,0.1,0,0
25,5,6,0.2,31,0.2,414,10,0.1,0,0.400991298848812
25,5,6,0.2,31,0.2,414,10,0.1,0,-0.0104753369896064
25,5,6,0.2,31,0.2,414,10,0.1,0,0.0115769138296036
25,5,6,0.2,31,0.2,414,10,0.1,0,0
25,5,6,0.2,31,0.2,414,10,0.1,0,-0.0187327714128533
25,5,6,0.2,31,0.2,414,10,0.1,0,-0.0529092494331943
25,5,6,0.2,31,0.2,414,10,0.1,0,-0.000186165650883671
25,5,6,0.2,31,0.2,414,10,0.1,0,0.141275090328078
25,5,6,0.2,31,0.2,414,10,0.1,0,0.050599516236411
25,5,6,0.2,31,0.2,414,10,0.1,0,3.58895787044593
25,5,6,0.2,31,0.2,414,10,0.1,0,0.105792009396072
25,5,6,0.2,31,0.2,414,10,0.1,0,-5.64921780463982e-26
25,5,6,0.2,31,0.2,414,10,0.1,0,0.0963799697605893
25,5,6,0.2,31,0.2,414,10,0.1,0,0
25,5,6,0.2,31,0.2,414,10,0.1,0,-0.0574189687334575
25,5,6,0.2,31,0.2,414,10,0.1,0,0.0290343225731436
25,5,6,0.2,31,0.2,414,10,0.1,0,-0.00131831543332869
25,5,6,0.2,31,0.2,414,10,0.1,0,0.0722989768106771
25,5,6,0.2,31,0.2,414,10,0.1,0,-0.0776209799404313
25,5,6,0.2,31,0.2,414,10,0.1,0,-0.00428566960810052
25,5,6,0.2,31,0.2,414,10,0.1,0,-0.0676211715047853
25,5,6,0.2,31,0.2,414,10,0.1,0,0.0507965164414385
25,5,6,0.2,31,0.2,414,10,0.1,0,0.0948783018250401
25,5,6,0.2,31,0.2,414,10,0.1,0,-0.00334815266835442
25,5,6,0.2,31,0.2,414,10,0.1,0,0.132404005031997
25,5,6,0.2,31,0.2,414,10,0.1,0,0.0744556312255955
25,5,6,0.2,31,0.2,414,10,0.1,0,-0.0111729419884229
25,5,6,0.2,31,0.2,414,10,0.1,0,0.0158026254734441
25,5,6,0.2,31,0.2,414,10,0.1,0,-0.00271442193196687
25,5,6,0.2,31,0.2,414,10,0.1,0,0.331868057227857
25,5,6,0.2,31,0.2,414,10,0.1,0,-0.0231572326027533
25,5,6,0.2,31,0.2,414,10,0.1,0,0.12429099650183
25,5,6,0.2,31,0.2,414,10,0.1,0,0.0989532210810629
25,5,6,0.2,31,0.2,414,10,0.1,0,-0.0176153121643161
25,5,6,0.2,31,0.2,414,10,0.1,0,0.00589505104342966
25,5,6,0.2,31,0.2,414,10,0.1,0,0.181152866396252
25,5,6,0.2,31,0.2,414,10,0.1,0,0.0367947113540108
25,5,6,0.2,31,0.2,414,10,0.1,0,-0.0221949615934381
25,5,6,0.2,31,0.2,414,10,0.1,0,0.0736328789019736
25,5,6,0.2,31,0.2,414,10,0.1,0,0.0561456361596061
25,5,6,0.2,31,0.2,414,10,0.1,0,0.0605033798842596
25,5,6,0.2,31,0.2,414,10,0.1,0,-0.00340263446012974
25,5,6,0.2,31,0.2,414,10,0.1,0,-0.000797909348129831
25,5,6,0.2,31,0.2,414,10,0.1,0,-0.00378104612121797
25,5,6,0.2,31,0.2,414,10,0.1,0,-0.0494898699771458
25,5,6,0.2,31,0.2,414,10,0.1,0,0
25,5,6,0.2,31,0.2,414,10,0.1,0,0.420966482137016
25,5,6,0.2,31,0.2,414,10,0.1,0,-0.00132098569484414
25,5,6,0.2,31,0.2,414,10,0.1,0,-0.00429805597334126
25,5,6,0.2,31,0.2,414,10,0.1,0,-1.41260873095443e-27
25,5,6,0.2,31,0.2,414,10,0.1,0,-0.0176385991548672
25,5,6,0.2,31,0.2,414,10,0.1,0,-0.133079587263025
25,5,6,0.2,31,0.2,414,10,0.1,0,0.0962439389022847
25,5,6,0.2,31,0.2,414,10,0.1,0,-0.00743344990511093
25,5,6,0.2,31,0.2,414,10,0.1,0,-0.028560028068144
25,5,6,0.2,31,0.2,414,10,0.1,0,-0.00429270740370203
25,5,6,0.2,31,0.2,414,10,0.1,0,0.0420393150272953
25,5,6,0.2,31,0.2,414,10,0.1,0,0.0530561201368105
25,5,6,0.2,31,0.2,414,10,0.1,0,-0.00249214896998339
25,5,6,0.2,31,0.2,414,10,0.1,0,0
25,5,6,0.2,31,0.2,414,10,0.1,0,0.171360575064453
25,5,6,0.2,31,0.2,414,10,0.1,0,-0.00656720976605741
25,5,6,0.2,31,0.2,414,10,0.1,0,0.0797134186620122
25,5,6,0.2,31,0.2,414,10,0.1,0,0.0720201415293363
25,5,6,0.2,31,0.2,414,10,0.1,0,0
25,5,6,0.2,31,0.2,414,10,0.1,0,0.229028619756299
25,5,6,0.2,31,0.2,414,10,0.1,0,0.0734098747551729
25,5,6,0.2,31,0.2,414,10,0.1,0,0.00553568103533842
25,5,6,0.2,31,0.2,414,10,0.1,0,-0.00666589970315034
25,5,6,0.2,31,0.2,414,10,0.1,0,0.00564329979891536
25,5,6,0.2,31,0.2,414,10,0.1,0,3.30835864020398e-27
25,5,6,0.2,31,0.2,414,10,0.1,0,0.0603793936143063
25,5,6,0.2,31,0.2,414,10,0.1,0,0.0131976801124436
25,5,6,0.2,31,0.2,414,10,0.1,0,-0.00458055338928087
25,5,6,0.2,31,0.2,414,10,0.1,0,0.0279319296027087
25,5,6,0.2,31,0.2,414,10,0.1,0,0.0761326265817064
25,5,6,0.2,31,0.2,414,10,0.1,0,-0.00917634000628138
25,5,6,0.2,31,0.2,414,10,0.1,0,-0.0328645221953568
25,5,6,0.2,31,0.2,414,10,0.1,0,-0.0944087476637695
25,5,6,0.2,31,0.2,414,10,0.1,0,0.658336149491311
25,5,6,0.2,31,0.2,414,10,0.1,0,2.5204220571818
25,5,6,0.2,31,0.2,414,10,0.1,0,0.00219498361965482
25,5,6,0.2,31,0.2,414,10,0.1,0,0
25,5,6,0.2,31,0.2,414,10,0.1,0,0.0841356684346218
25,5,6,0.2,31,0.2,414,10,0.1,0,-0.00235125616174144
25,5,6,0.2,31,0.2,414,10,0.1,0,0.0885679035969925
25,5,6,0.2,31,0.2,414,10,0.1,0,-0.00489384694950871
25,5,6,0.2,31,0.2,414,10,0.1,0,3.4033049244691e-27
25,5,6,0.2,31,0.2,414,10,0.1,0,0.0755286307600121
25,5,6,0.2,31,0.2,414,10,0.1,0,-0.964051695035212
25,5,6,0.2,31,0.2,414,10,0.1,0,0.0738415855298098
25,5,6,0.2,31,0.2,414,10,0.1,0,0.0218898210380434
25,5,6,0.2,31,0.2,414,10,0.1,0,-0.0139860526176019
25,5,6,0.2,31,0.2,414,10,0.1,0,-1.7880371632598e-26
25,5,6,0.2,31,0.2,414,10,0.1,0,0.0118861431989182
25,5,6,0.2,31,0.2,414,10,0.1,0,0.0201047000023017
25,5,6,0.2,31,0.2,414,10,0.1,0,0.0168242516667163
25,5,6,0.2,31,0.2,414,10,0.1,0,0.11142947987834
25,5,6,0.2,31,0.2,414,10,0.1,0,-3.83949005255388e-27
25,5,6,0.2,31,0.2,414,10,0.1,0,0.0636914726220342
25,5,6,0.2,31,0.2,414,10,0.1,0,0.164642782403636
25,5,6,0.2,31,0.2,414,10,0.1,0,-0.0822359634417121
25,5,6,0.2,31,0.2,414,10,0.1,0,0.0138096225233787
25,5,6,0.2,31,0.2,414,10,0.1,0,0.329617463297406
25,5,6,0.2,31,0.2,414,10,0.1,0,0
25,5,6,0.2,31,0.2,414,10,0.1,0,-0.00410647815778143
25,5,6,0.2,31,0.2,414,10,0.1,0,0
25,5,6,0.2,31,0.2,414,10,0.1,0,0.328498911469791
25,5,6,0.2,31,0.2,414,10,0.1,0,-0.0362312629774928
25,5,6,0.2,31,0.2,414,10,0.1,0,0.254078134772147
25,5,6,0.2,31,0.2,414,10,0.1,0,-0.00112103347017482
25,5,6,0.2,31,0.2,414,10,0.1,0,-0.0153390597831825
25,5,6,0.2,31,0.2,414,10,0.1,0,-0.0220279529613948
25,5,6,0.2,31,0.2,414,10,0.1,0,0.0105909641734725
25,5,6,0.2,31,0.2,414,10,0.1,0,0.127647959828168
25,5,6,0.2,31,0.2,414,10,0.1,0,0.0800792238732451
25,5,6,0.2,31,0.2,414,10,0.1,0,-0.0514566385829693
25,5,6,0.2,31,0.2,414,10,0.1,0,0.113620594376625
25,5,6,0.2,31,0.2,414,10,0.1,0,0.122090864366329
25,5,6,0.2,31,0.2,414,10,0.1,0,0.05727977684198
25,5,6,0.2,31,0.2,414,10,0.1,0,-0.0482354786718994
25,5,6,0.2,31,0.2,414,10,0.1,0,-0.0388015924313534
25,5,6,0.2,31,0.2,414,10,0.1,0,-0.0242417899941656
25,5,6,0.2,31,0.2,414,10,0.1,0,0.00776362813099906
25,5,6,0.2,31,0.2,414,10,0.1,0,0.188915816376471
25,5,6,0.2,31,0.2,414,10,0.1,0,-0.0812224496448538
25,5,6,0.2,31,0.2,414,10,0.1,0,-0.63927188554309
25,5,6,0.2,31,0.2,414,10,0.1,0,0.0513954825614459
25,5,6,0.2,31,0.2,414,10,0.1,0,0.244589782238401
25,5,6,0.2,31,0.2,414,10,0.1,0,-0.0169424163080121
25,5,6,0.2,31,0.2,414,10,0.1,0,0.0156293812781567
25,5,6,0.2,31,0.2,414,10,0.1,0,0
25,5,6,0.2,31,0.2,414,10,0.1,0,-0.0325912420483949
25,5,6,0.2,31,0.2,414,10,0.1,0,-0.480000562810488
25,5,6,0.2,31,0.2,414,10,0.1,0,1.61306356417687
25,5,6,0.2,31,0.2,414,10,0.1,0,-0.0241354331284918
25,5,6,0.2,31,0.2,414,10,0.1,0,0.586887549837882
25,5,6,0.2,31,0.2,414,10,0.1,0,-0.0196698533154579
25,5,6,0.2,31,0.2,414,10,0.1,0,-0.00134099145442761
25,5,6,0.2,31,0.2,414,10,0.1,0,-1.04245202112438e-27
25,5,6,0.2,31,0.2,414,10,0.1,0,1.92340117102094e-27
25,5,6,0.2,31,0.2,414,10,0.1,0,0.0609328525937701
25,5,6,0.2,31,0.2,414,10,0.1,0,0
25,5,6,0.2,31,0.2,414,10,0.1,0,0.0124217324381767
25,5,6,0.2,31,0.2,414,10,0.1,0,0.256520700134915
25,5,6,0.2,31,0.2,414,10,0.1,0,-0.0181373010082215
25,5,6,0.2,31,0.2,414,10,0.1,0,0.0801099292733553
25,5,6,0.2,31,0.2,414,10,0.1,0,-0.0496241858967716
25,5,6,0.2,31,0.2,414,10,0.1,0,0.166274110742851
25,5,6,0.2,31,0.2,414,10,0.1,0,0.00056790783771883
25,5,6,0.2,31,0.2,414,10,0.1,0,-0.00349146741654208
25,5,6,0.2,31,0.2,414,10,0.1,0,-0.00206685076791327
25,5,6,0.2,31,0.2,414,10,0.1,0,-0.0114371080166218
25,5,6,0.2,31,0.2,414,10,0.1,0,0
25,5,6,0.2,31,0.2,414,10,0.1,0,0
25,5,6,0.2,31,0.2,414,10,0.1,0,-0.00187673030823754
25,5,6,0.2,31,0.2,414,10,0.1,0,0.0996423947596064
25,5,6,0.2,31,0.2,414,10,0.1,0,0.0435244171324618
25,5,6,0.2,31,0.2,414,10,0.1,0,0.0343430177765323
25,5,6,0.2,31,0.2,414,10,0.1,0,-0.018046427103261
25,5,6,0.2,31,0.2,414,10,0.1,0,-0.180164029844862
25,5,6,0.2,31,0.2,414,10,0.1,0,0.00292182592840572
25,5,6,0.2,31,0.2,414,10,0.1,0,0.0574888384647048
25,5,6,0.2,31,0.2,414,10,0.1,0,3.44480295273216e-27
25,5,6,0.2,31,0.2,414,10,0.1,0,0.00118288910880611
25,5,6,0.2,31,0.2,414,10,0.1,0,-0.183974316696926
25,5,6,0.2,31,0.2,414,10,0.1,0,0.0104081782811673
25,5,6,0.2,31,0.2,414,10,0.1,0,-0.0246796554634252
25,5,6,0.2,31,0.2,414,10,0.1,0,1.50433187927696e-26
25,5,6,0.2,31,0.2,414,10,0.1,0,0
25,5,6,0.2,31,0.2,414,10,0.1,0,0.100857516263311
25,5,6,0.2,31,0.2,414,10,0.1,0,0
25,5,6,0.2,31,0.2,414,10,0.1,0,0.00415801680271412
25,5,6,0.2,31,0.2,414,10,0.1,0,-0.00675596999039847
25,5,6,0.2,31,0.2,414,10,0.1,0,3.43750064200623e-27
25,5,6,0.2,31,0.2,414,10,0.1,0,0.0992286206025024
25,5,6,0.2,31,0.2,414,10,0.1,0,-0.0621105540131066
25,5,6,0.2,31,0.2,414,10,0.1,0,0
25,5,6,0.2,31,0.2,414,10,0.1,0,-0.309612157624815
25,5,6,0.2,31,0.2,414,10,0.1,0,-0.288941408720355
25,5,6,0.2,31,0.2,414,10,0.1,0,0.091845967411399
25,5,6,0.2,31,0.2,414,10,0.1,0,-4.45575817484339
25,5,6,0.2,31,0.2,414,10,0.1,0,0.00919680200811164
25,5,6,0.2,31,0.2,414,10,0.1,0,-0.00867629749666433
25,5,6,0.2,31,0.2,414,10,0.1,0,0.0920304856023883
25,5,6,0.2,31,0.2,414,10,0.1,0,-0.0628439698308668
25,5,6,0.2,31,0.2,414,10,0.1,0,0.0333510750152992
25,5,6,0.2,31,0.2,414,10,0.1,0,0.0923215780118739
25,5,6,0.2,31,0.2,414,10,0.1,0,5.12359408815278
25,5,6,0.2,31,0.2,414,10,0.1,0,-0.0220499803476902
25,5,6,0.2,31,0.2,414,10,0.1,0,0.275040560127057
25,5,6,0.2,31,0.2,414,10,0.1,0,0
25,5,6,0.2,31,0.2,414,10,0.1,0,0.028844189243174
25,5,6,0.2,31,0.2,414,10,0.1,0,0.0477798321527149
25,5,6,0.2,31,0.2,414,10,0.1,0,-0.0311665180805745
25,5,6,0.2,31,0.2,414,10,0.1,0,-0.0332387847146326
25,5,6,0.2,31,0.2,414,10,0.1,0,-0.00248959537689462
25,5,6,0.2,31,0.2,414,10,0.1,0,-0.134233519709507
25,5,6,0.2,31,0.2,414,10,0.1,0,0
25,5,6,0.2,31,0.2,414,10,0.1,0,0
25,5,6,0.2,31,0.2,414,10,0.1,0,-0.0129304348325034
25,5,6,0.2,31,0.2,414,10,0.1,0,0.0734989240382784
25,5,6,0.2,31,0.2,414,10,0.1,0,-0.0357020095545929
25,5,6,0.2,31,0.2,414,10,0.1,0,-0.00447579771399996
25,5,6,0.2,31,0.2,414,10,0.1,0,0.0825077359362547
25,5,6,0.2,31,0.2,414,10,0.1,0,0.0641940006242051
25,5,6,0.2,31,0.2,414,10,0.1,0,0.0253884854534191
25,5,6,0.2,31,0.2,414,10,0.1,0,-7.91188527513268e-27
25,5,6,0.2,31,0.2,414,10,0.1,0,-0.00225141197957786
25,5,6,0.2,31,0.2,414,10,0.1,0,0.0400293587696853
25,5,6,0.2,31,0.2,414,10,0.1,0,0.0229241739854415
25,5,6,0.2,31,0.2,414,10,0.1,0,-1.29407470947792e-27
25,5,6,0.2,31,0.2,414,10,0.1,0,-0.0157832185960142
25,5,6,0.2,31,0.2,414,10,0.1,0,-0.0300835732283944
25,5,6,0.2,31,0.2,414,10,0.1,0,-0.089958014779503
25,5,6,0.2,31,0.2,414,10,0.1,0,0.0125820225406789
25,5,6,0.2,31,0.2,414,10,0.1,0,0
25,5,6,0.2,31,0.2,414,10,0.1,0,0.0708347285454669
25,5,6,0.2,31,0.2,414,10,0.1,0,-0.0262466150884581
25,5,6,0.2,31,0.2,414,10,0.1,0,-0.0416229142698253
25,5,6,0.2,31,0.2,414,10,0.1,0,-0.0700784543137582
25,5,6,0.2,31,0.2,414,10,0.1,0,0
25,5,6,0.2,31,0.2,414,10,0.1,0,-0.00550818182028274
25,5,6,0.2,31,0.2,414,10,0.1,0,0.123722658033312
25,5,6,0.2,31,0.2,414,10,0.1,0,-1.0577283133466e-27
25,5,6,0.2,31,0.2,414,10,0.1,0,-0.00879260480785143
25,5,6,0.2,31,0.2,414,10,0.1,0,0.0073462741263593
25,5,6,0.2,31,0.2,414,10,0.1,0,0
25,5,6,0.2,31,0.2,414,10,0.1,0,0.134793123064453
25,5,6,0.2,31,0.2,414,10,0.1,0,0
25,5,6,0.2,31,0.2,414,10,0.1,0,0.0195548432973508
25,5,6,0.2,31,0.2,414,10,0.1,0,-0.0234883501301449
25,5,6,0.2,31,0.2,414,10,0.1,0,0.0271386439300578
25,5,6,0.2,31,0.2,414,10,0.1,0,0.0119419413117369
25,5,6,0.2,31,0.2,414,10,0.1,0,0.0610136586777635
25,5,6,0.2,31,0.2,414,10,0.1,0,-0.0247122367489874
25,5,6,0.2,31,0.2,414,10,0.1,0,-0.0406494474935896
25,5,6,0.2,31,0.2,414,10,0.1,0,-0.166576567062735
25,5,6,0.2,31,0.2,414,10,0.1,0,-0.0188605828451262
25,5,6,0.2,31,0.2,414,10,0.1,0,0.229663337190873
25,5,6,0.2,31,0.2,414,10,0.1,0,-0.000649998804553722
25,5,6,0.2,31,0.2,414,10,0.1,0,0.0133956331054538
25,5,6,0.2,31,0.2,414,10,0.1,0,-0.00880228801813923
25,5,6,0.2,31,0.2,414,10,0.1,0,0.437354096772549
25,5,6,0.2,31,0.2,414,10,0.1,0,0.177946085621262
25,5,6,0.2,31,0.2,414,10,0.1,0,-0.079548443121601
25,5,6,0.2,31,0.2,414,10,0.1,0,0.0367218587678771
25,5,6,0.2,31,0.2,414,10,0.1,0,-0.0425376843409694
25,5,6,0.2,31,0.2,414,10,0.1,0,0.0814245800880121
25,5,6,0.2,31,0.2,414,10,0.1,0,0.0821236128907359
25,5,6,0.2,31,0.2,414,10,0.1,0,-0.0263756889610282
25,5,6,0.2,31,0.2,414,10,0.1,0,0.00102302729865171
25,5,6,0.2,31,0.2,414,10,0.1,0,0.530195575353423
25,5,6,0.2,31,0.2,414,10,0.1,0,0.113992200340968
25,5,6,0.2,31,0.2,414,10,0.1,0,-1.52684634543877e-27
25,5,6,0.2,31,0.2,414,10,0.1,0,-0.0166558278582278
25,5,6,0.2,31,0.2,414,10,0.1,0,0.0501257643058445
25,5,6,0.2,31,0.2,414,10,0.1,0,-0.0588997312850012
25,5,6,0.2,31,0.2,414,10,0.1,0,0.0317328710764975
25,5,6,0.2,31,0.2,414,10,0.1,0,0.0936448971464522
25,5,6,0.2,31,0.2,414,10,0.1,0,-0.0798853315792652
25,5,6,0.2,31,0.2,414,10,0.1,0,0
25,5,6,0.2,31,0.2,414,10,0.1,0,-0.119221876010917
25,5,6,0.2,31,0.2,414,10,0.1,0,0.0548879280714105
25,5,6,0.2,31,0.2,414,10,0.1,0,0.0366976336010019
25,5,6,0.2,31,0.2,414,10,0.1,0,-0.0136801627452733
25,5,6,0.2,31,0.2,414,10,0.1,0,3.86511704795765e-26
25,5,6,0.2,31,0.2,414,10,0.1,0,0.00084821391672113
25,5,6,0.2,31,0.2,414,10,0.1,0,-0.0103084518870818
25,5,6,0.2,31,0.2,414,10,0.1,0,0
25,5,6,0.2,31,0.2,414,10,0.1,0,-0.0247440720313509
25,5,6,0.2,31,0.2,414,10,0.1,0,0.0217981935961057
25,5,6,0.2,31,0.2,414,10,0.1,0,-0.253535475706273
25,5,6,0.2,31,0.2,414,10,0.1,0,0
25,5,6,0.2,31,0.2,414,10,0.1,0,-0.0396292274611108
25,5,6,0.2,31,0.2,414,10,0.1,0,-0.0727521368534016
25,5,6,0.2,31,0.2,414,10,0.1,0,0
25,5,6,0.2,31,0.2,414,10,0.1,0,-0.0385981098298047
25,5,6,0.2,31,0.2,414,10,0.1,0,0.361959247455714
25,5,6,0.2,31,0.2,414,10,0.1,0,0
25,5,6,0.2,31,0.2,414,10,0.1,0,-0.0383132649616375
25,5,6,0.2,31,0.2,414,10,0.1,0,0.101611060119137
25,5,6,0.2,31,0.2,414,10,0.1,0,0.101417942392021
25,5,6,0.2,31,0.2,414,10,0.1,0,0.207137913067289
25,5,6,0.2,31,0.2,414,10,0.1,0,0.139360880017403
25,5,6,0.2,31,0.2,414,10,0.1,0,-0.071965424684735
25,5,6,0.2,31,0.2,414,10,0.1,0,0.102452516340704
25,5,6,0.2,31,0.2,414,10,0.1,0,0.0171906282394242
25,5,6,0.2,31,0.2,414,10,0.1,0,0.285547937691373
25,5,6,0.2,31,0.2,414,10,0.1,0,0.0479014044629569
25,5,6,0.2,31,0.2,414,10,0.1,0,0.0967552062288726
25,5,6,0.2,31,0.2,414,10,0.1,0,0.237220587089502
25,5,6,0.2,31,0.2,414,10,0.1,0,0.17555327867612
25,5,6,0.2,31,0.2,414,10,0.1,0,0.0217589000868272
25,5,6,0.2,31,0.2,414,10,0.1,0,0.119570196912313
25,5,6,0.2,31,0.2,414,10,0.1,0,0.0829945830143677
25,5,6,0.2,31,0.2,414,10,0.1,0,-0.00314998483958155
25,5,6,0.2,31,0.2,414,10,0.1,0,-0.228340866089019
25,5,6,0.2,31,0.2,414,10,0.1,0,-0.0680360911446287
25,5,6,0.2,31,0.2,414,10,0.1,0,0
25,5,6,0.2,31,0.2,414,10,0.1,0,-1.75266611131004e-26
25,5,6,0.2,31,0.2,414,10,0.1,0,-0.0182573204724079
25,5,6,0.2,31,0.2,414,10,0.1,0,0.0421293319329208
25,5,6,0.2,31,0.2,414,10,0.1,0,-0.0229106251569755
25,5,6,0.2,31,0.2,414,10,0.1,0,0.151540508932356
25,5,6,0.2,31,0.2,414,10,0.1,0,0.132473585507457
25,5,6,0.2,31,0.2,414,10,0.1,0,0.249989193159924
25,5,6,0.2,31,0.2,414,10,0.1,0,-0.0281967460121597
25,5,6,0.2,31,0.2,414,10,0.1,0,-0.253389460642475
25,5,6,0.2,31,0.2,414,10,0.1,0,0.229621757946169
25,5,6,0.2,31,0.2,414,10,0.1,0,-0.0330287159523209
25,5,6,0.2,31,0.2,414,10,0.1,0,0.18778493591798
25,5,6,0.2,31,0.2,414,10,0.1,0,0.0112111335619457
25,5,6,0.2,31,0.2,414,10,0.1,0,-0.106790532585159
25,5,6,0.2,31,0.2,414,10,0.1,0,0
25,5,6,0.2,31,0.2,414,10,0.1,0,0.000430083745564283
25,5,6,0.2,31,0.2,414,10,0.1,0,-0.656812367313797
25,5,6,0.2,31,0.2,414,10,0.1,0,0.0158821974486515
25,5,6,0.2,31,0.2,414,10,0.1,0,0
25,5,6,0.2,31,0.2,414,10,0.1,0,0.135082931978174
25,5,6,0.2,31,0.2,414,10,0.1,0,0.0271971616901744
25,5,6,0.2,31,0.2,414,10,0.1,0,0.144924218755164
25,5,6,0.2,31,0.2,414,10,0.1,0,0.145668533366039
25,5,6,0.2,31,0.2,414,10,0.1,0,-0.00273592977589149
25,5,6,0.2,31,0.2,414,10,0.1,0,0.284395375372725
25,5,6,0.2,31,0.2,414,10,0.1,0,8.87384395135485e-28
25,5,6,0.2,31,0.2,414,10,0.1,0,1.69361689953416
25,5,6,0.2,31,0.2,414,10,0.1,0,0.078397132887193
25,5,6,0.2,31,0.2,414,10,0.1,0,9.5505409884132e-27
25,5,6,0.2,31,0.2,414,10,0.1,0,-0.0278816184305893
25,5,6,0.2,31,0.2,414,10,0.1,0,-5.78008065206281e-27
25,5,6,0.2,31,0.2,414,10,0.1,0,0
25,5,6,0.2,31,0.2,414,10,0.1,0,0.0924262538840564
25,5,6,0.2,31,0.2,414,10,0.1,0,-0.0146633240899242
25,5,6,0.2,31,0.2,414,10,0.1,0,0.390430026523156
25,5,6,0.2,31,0.2,414,10,0.1,0,0
25,5,6,0.2,31,0.2,414,10,0.1,0,-4.59578791583296e-27
25,5,6,0.2,31,0.2,414,10,0.1,0,-0.0597879345331449
25,5,6,0.2,31,0.2,414,10,0.1,0,0.00182889235478537
25,5,6,0.2,31,0.2,414,10,0.1,0,0.000636559465495991
25,5,6,0.2,31,0.2,414,10,0.1,0,0.12551258168279
25,5,6,0.2,31,0.2,414,10,0.1,0,0.0989850088234907
25,5,6,0.2,31,0.2,414,10,0.1,0,-0.0685201392735858
25,5,6,0.2,31,0.2,414,10,0.1,0,0.0279254581637341
25,5,6,0.2,31,0.2,414,10,0.1,0,0
25,5,6,0.2,31,0.2,414,10,0.1,0,0
25,5,6,0.2,31,0.2,414,10,0.1,0,-0.012891846843333
25,5,6,0.2,31,0.2,414,10,0.1,0,-3.33503988121801e-27
25,5,6,0.2,31,0.2,414,10,0.1,0,-0.20732948542656
25,5,6,0.2,31,0.2,414,10,0.1,0,0.252492372350264
25,5,6,0.2,31,0.2,414,10,0.1,0,0
25,5,6,0.2,31,0.2,414,10,0.1,0,0
25,5,6,0.2,31,0.2,414,10,0.1,0,-0.0148574384619088
25,5,6,0.2,31,0.2,414,10,0.1,0,0.121343230773001
25,5,6,0.2,31,0.2,414,10,0.1,0,0.26682182910303
25,5,6,0.2,31,0.2,414,10,0.1,0,0.101453192547539
25,5,7,0.2,24,0.2,245,10,0.1,1,0.0143934049961566
25,5,7,0.2,24,0.2,245,10,0.1,1,-0.30058706712751
25,5,7,0.2,24,0.2,245,10,0.1,1,0.274406888425816
25,5,7,0.2,24,0.2,245,10,0.1,1,0.0847429322770346
25,5,7,0.2,24,0.2,245,10,0.1,1,0
25,5,7,0.2,24,0.2,245,10,0.1,1,0.136729040702572
25,5,7,0.2,24,0.2,245,10,0.1,1,0.192623008003457
25,5,7,0.2,24,0.2,245,10,0.1,1,0
25,5,7,0.2,24,0.2,245,10,0.1,1,1.09956784297682
25,5,7,0.2,24,0.2,245,10,0.1,1,0
25,5,7,0.2,24,0.2,245,10,0.1,1,-0.0297876725421264
25,5,7,0.2,24,0.2,245,10,0.1,1,-0.157594150651896
25,5,7,0.2,24,0.2,245,10,0.1,1,-1.13247295860161
25,5,7,0.2,24,0.2,245,10,0.1,1,0
25,5,7,0.2,24,0.2,245,10,0.1,1,0.258073828560403
25,5,7,0.2,24,0.2,245,10,0.1,1,-0.000421523072079871
25,5,7,0.2,24,0.2,245,10,0.1,1,0.164609929347926
25,5,7,0.2,24,0.2,245,10,0.1,1,0
25,5,7,0.2,24,0.2,245,10,0.1,1,0
25,5,7,0.2,24,0.2,245,10,0.1,1,0.0966754645093037
25,5,7,0.2,24,0.2,245,10,0.1,1,0
25,5,7,0.2,24,0.2,245,10,0.1,1,0.07460875099218
25,5,7,0.2,24,0.2,245,10,0.1,1,0
25,5,7,0.2,24,0.2,245,10,0.1,1,-3.59830827568155
25,5,7,0.2,24,0.2,245,10,0.1,0,-0.00555752672170104
25,5,7,0.2,24,0.2,245,10,0.1,0,0
25,5,7,0.2,24,0.2,245,10,0.1,0,-0.0146207950449806
25,5,7,0.2,24,0.2,245,10,0.1,0,6.16310725887521
25,5,7,0.2,24,0.2,245,10,0.1,0,-0.00389461223071489
25,5,7,0.2,24,0.2,245,10,0.1,0,-0.0225581613761978
25,5,7,0.2,24,0.2,245,10,0.1,0,0.0680220649014019
25,5,7,0.2,24,0.2,245,10,0.1,0,0.25028304215238
25,5,7,0.2,24,0.2,245,10,0.1,0,0.00746336324808384
25,5,7,0.2,24,0.2,245,10,0.1,0,-0.871484035505416
25,5,7,0.2,24,0.2,245,10,0.1,0,-0.0559949560904728
25,5,7,0.2,24,0.2,245,10,0.1,0,0.0145000690975957
25,5,7,0.2,24,0.2,245,10,0.1,0,0
25,5,7,0.2,24,0.2,245,10,0.1,0,0.0516194234898223
25,5,7,0.2,24,0.2,245,10,0.1,0,0.106658917468741
25,5,7,0.2,24,0.2,245,10,0.1,0,0.219531078051192
25,5,7,0.2,24,0.2,245,10,0.1,0,0.00609846810362983
25,5,7,0.2,24,0.2,245,10,0.1,0,0.108961338593442
25,5,7,0.2,24,0.2,245,10,0.1,0,0.0533128768118108
25,5,7,0.2,24,0.2,245,10,0.1,0,-0.0770407179341551
25,5,7,0.2,24,0.2,245,10,0.1,0,-0.044271320339339
25,5,7,0.2,24,0.2,245,10,0.1,0,0.104833096661305
25,5,7,0.2,24,0.2,245,10,0.1,0,-0.0994599528880578
25,5,7,0.2,24,0.2,245,10,0.1,0,0.014249991256258
25,5,7,0.2,24,0.2,245,10,0.1,0,1.50524192190954
25,5,7,0.2,24,0.2,245,10,0.1,0,0.00777459620116758
25,5,7,0.2,24,0.2,245,10,0.1,0,0.197916347654296
25,5,7,0.2,24,0.2,245,10,0.1,0,0
25,5,7,0.2,24,0.2,245,10,0.1,0,0.062860725570069
25,5,7,0.2,24,0.2,245,10,0.1,0,-0.00738508673927303
25,5,7,0.2,24,0.2,245,10,0.1,0,-2.26918109839591
25,5,7,0.2,24,0.2,245,10,0.1,0,0.0480382235118643
25,5,7,0.2,24,0.2,245,10,0.1,0,-0.221565041439524
25,5,7,0.2,24,0.2,245,10,0.1,0,0.0238310494371567
25,5,7,0.2,24,0.2,245,10,0.1,0,0.0578631579692665
25,5,7,0.2,24,0.2,245,10,0.1,0,-0.0132660477459089
25,5,7,0.2,24,0.2,245,10,0.1,0,-0.0450326238509073
25,5,7,0.2,24,0.2,245,10,0.1,0,0.0218266738960765
25,5,7,0.2,24,0.2,245,10,0.1,0,0
25,5,7,0.2,24,0.2,245,10,0.1,0,1.21777798075774
25,5,7,0.2,24,0.2,245,10,0.1,0,0.214423566764134
25,5,7,0.2,24,0.2,245,10,0.1,0,-0.0574099113049348
25,5,7,0.2,24,0.2,245,10,0.1,0,-0.0168938672228022
25,5,7,0.2,24,0.2,245,10,0.1,0,0.0794399644105571
25,5,7,0.2,24,0.2,245,10,0.1,0,0
25,5,7,0.2,24,0.2,245,10,0.1,0,0.0343110464760078
25,5,7,0.2,24,0.2,245,10,0.1,0,-0.00204999038463235
25,5,7,0.2,24,0.2,245,10,0.1,0,-0.000884289450529446
25,5,7,0.2,24,0.2,245,10,0.1,0,0.0226383622911342
25,5,7,0.2,24,0.2,245,10,0.1,0,0.0575928539130487
25,5,7,0.2,24,0.2,245,10,0.1,0,0.395121176131375
25,5,7,0.2,24,0.2,245,10,0.1,0,0.0305744704701835
25,5,7,0.2,24,0.2,245,10,0.1,0,0.0158191861121219
25,5,7,0.2,24,0.2,245,10,0.1,0,-0.140354691263925
25,5,7,0.2,24,0.2,245,10,0.1,0,0.0352819911200064
25,5,7,0.2,24,0.2,245,10,0.1,0,0.00782557983671438
25,5,7,0.2,24,0.2,245,10,0.1,0,-0.0412806385974864
25,5,7,0.2,24,0.2,245,10,0.1,0,0.506154612328495
25,5,7,0.2,24,0.2,245,10,0.1,0,-0.018235657138969
25,5,7,0.2,24,0.2,245,10,0.1,0,-0.122199941933206
25,5,7,0.2,24,0.2,245,10,0.1,0,0.0427786806015701
25,5,7,0.2,24,0.2,245,10,0.1,0,0.139143132671196
25,5,7,0.2,24,0.2,245,10,0.1,0,0.130754640541205
25,5,7,0.2,24,0.2,245,10,0.1,0,0.0500084189804231
25,5,7,0.2,24,0.2,245,10,0.1,0,0
25,5,7,0.2,24,0.2,245,10,0.1,0,0.0252887955681953
25,5,7,0.2,24,0.2,245,10,0.1,0,0.036295208525746
25,5,7,0.2,24,0.2,245,10,0.1,0,0
25,5,7,0.2,24,0.2,245,10,0.1,0,-0.0874296897099588
25,5,7,0.2,24,0.2,245,10,0.1,0,-2.20103382309174
25,5,7,0.2,24,0.2,245,10,0.1,0,3.4426815714532e-05
25,5,7,0.2,24,0.2,245,10,0.1,0,0
25,5,7,0.2,24,0.2,245,10,0.1,0,0
25,5,7,0.2,24,0.2,245,10,0.1,0,0.00674527880041237
25,5,7,0.2,24,0.2,245,10,0.1,0,0.00871198133420705
25,5,7,0.2,24,0.2,245,10,0.1,0,2.48684486067529
25,5,7,0.2,24,0.2,245,10,0.1,0,0.099691333626395
25,5,7,0.2,24,0.2,245,10,0.1,0,0.0189871842421087
25,5,7,0.2,24,0.2,245,10,0.1,0,0
25,5,7,0.2,24,0.2,245,10,0.1,0,0.0143402116774801
25,5,7,0.2,24,0.2,245,10,0.1,0,-0.013029851080958
25,5,7,0.2,24,0.2,245,10,0.1,0,0.225022405510925
25,5,7,0.2,24,0.2,245,10,0.1,0,2.3874629032476
25,5,7,0.2,24,0.2,245,10,0.1,0,0.176712012202874
25,5,7,0.2,24,0.2,245,10,0.1,0,0.251196142335273
25,5,7,0.2,24,0.2,245,10,0.1,0,0
25,5,7,0.2,24,0.2,245,10,0.1,0,-0.153651162435448
25,5,7,0.2,24,0.2,245,10,0.1,0,0.131360739779927
25,5,7,0.2,24,0.2,245,10,0.1,0,0.382859871600802
25,5,7,0.2,24,0.2,245,10,0.1,0,0.063955985215024
25,5,7,0.2,24,0.2,245,10,0.1,0,-0.00387970603503408
25,5,7,0.2,24,0.2,245,10,0.1,0,0
25,5,7,0.2,24,0.2,245,10,0.1,0,0.0198638029876776
25,5,7,0.2,24,0.2,245,10,0.1,0,0.107130604743598
25,5,7,0.2,24,0.2,245,10,0.1,0,-0.111134666879413
25,5,7,0.2,24,0.2,245,10,0.1,0,0.0485825493636776
25,5,7,0.2,24,0.2,245,10,0.1,0,-0.0933936229274345
25,5,7,0.2,24,0.2,245,10,0.1,0,0.000305311896557796
25,5,7,0.2,24,0.2,245,10,0.1,0,-0.0968822446288572
25,5,7,0.2,24,0.2,245,10,0.1,0,2.26875808505503
25,5,7,0.2,24,0.2,245,10,0.1,0,-0.0103064002051662
25,5,7,0.2,24,0.2,245,10,0.1,0,0.011141633407754
25,5,7,0.2,24,0.2,245,10,0.1,0,0.0339926493917188
25,5,7,0.2,24,0.2,245,10,0.1,0,0.156512175124904
25,5,7,0.2,24,0.2,245,10,0.1,0,-0.0500944494514901
25,5,7,0.2,24,0.2,245,10,0.1,0,-0.00141066444215181
25,5,7,0.2,24,0.2,245,10,0.1,0,0.571494368321418
25,5,7,0.2,24,0.2,245,10,0.1,0,0.0997486963247106
25,5,7,0.2,24,0.2,245,10,0.1,0,0
25,5,7,0.2,24,0.2,245,10,0.1,0,-0.0303929077881969
25,5,7,0.2,24,0.2,245,10,0.1,0,0
25,5,7,0.2,24,0.2,245,10,0.1,0,-0.000280380853888471
25,5,7,0.2,24,0.2,245,10,0.1,0,-0.0249946139009307
25,5,7,0.2,24,0.2,245,10,0.1,0,0.0060569985213082
25,5,7,0.2,24,0.2,245,10,0.1,0,0.211989495472644
25,5,7,0.2,24,0.2,245,10,0.1,0,0.178544619687703
25,5,7,0.2,24,0.2,245,10,0.1,0,0.0575789995649281
25,5,7,0.2,24,0.2,245,10,0.1,0,-0.0502133640698829
25,5,7,0.2,24,0.2,245,10,0.1,0,0.0524090025216649
25,5,7,0.2,24,0.2,245,10,0.1,0,-0.0362903012387796
25,5,7,0.2,24,0.2,245,10,0.1,0,0.0513367074187926
25,5,7,0.2,24,0.2,245,10,0.1,0,-0.00473004824677875
25,5,7,0.2,24,0.2,245,10,0.1,0,0
25,5,7,0.2,24,0.2,245,10,0.1,0,0.0677065476129604
25,5,7,0.2,24,0.2,245,10,0.1,0,0.0497965816013401
25,5,7,0.2,24,0.2,245,10,0.1,0,0.176104689210196
25,5,7,0.2,24,0.2,245,10,0.1,0,0.123510214487578
25,5,7,0.2,24,0.2,245,10,0.1,0,-0.000408044815442479
25,5,7,0.2,24,0.2,245,10,0.1,0,-0.148492024004089
25,5,7,0.2,24,0.2,245,10,0.1,0,0.0757575985945814
25,5,7,0.2,24,0.2,245,10,0.1,0,0
25,5,7,0.2,24,0.2,245,10,0.1,0,-0.00895827583953655
25,5,7,0.2,24,0.2,245,10,0.1,0,0.397521106801622
25,5,7,0.2,24,0.2,245,10,0.1,0,0.0587148346508098
25,5,7,0.2,24,0.2,245,10,0.1,0,0.00508272303301241
25,5,7,0.2,24,0.2,245,10,0.1,0,0
25,5,7,0.2,24,0.2,245,10,0.1,0,-0.0803032128980718
25,5,7,0.2,24,0.2,245,10,0.1,0,0
25,5,7,0.2,24,0.2,245,10,0.1,0,-0.0988819564688152
25,5,7,0.2,24,0.2,245,10,0.1,0,0
25,5,7,0.2,24,0.2,245,10,0.1,0,0
25,5,7,0.2,24,0.2,245,10,0.1,0,-0.0147828641646288
25,5,7,0.2,24,0.2,245,10,0.1,0,-0.0218640654876075
25,5,7,0.2,24,0.2,245,10,0.1,0,0.0503005360627291
25,5,7,0.2,24,0.2,245,10,0.1,0,-0.0230552011958394
25,5,7,0.2,24,0.2,245,10,0.1,0,0.30374844050494
25,5,7,0.2,24,0.2,245,10,0.1,0,-3.32961155031755
25,5,7,0.2,24,0.2,245,10,0.1,0,0.12743769954403
25,5,7,0.2,24,0.2,245,10,0.1,0,0.0859569962416063
25,5,7,0.2,24,0.2,245,10,0.1,0,0.00225951005507397
25,5,7,0.2,24,0.2,245,10,0.1,0,0.0708671466728608
25,5,7,0.2,24,0.2,245,10,0.1,0,-0.0107064856405745
25,5,7,0.2,24,0.2,245,10,0.1,0,0.186545900055061
25,5,7,0.2,24,0.2,245,10,0.1,0,0
25,5,7,0.2,24,0.2,245,10,0.1,0,0
25,5,7,0.2,24,0.2,245,10,0.1,0,0.00890251533803612
25,5,7,0.2,24,0.2,245,10,0.1,0,1.0951813550049
25,5,7,0.2,24,0.2,245,10,0.1,0,0
25,5,7,0.2,24,0.2,245,10,0.1,0,-0.000949918842694661
25,5,7,0.2,24,0.2,245,10,0.1,0,-5.78906824639747
25,5,7,0.2,24,0.2,245,10,0.1,0,-0.000951735018858114
25,5,7,0.2,24,0.2,245,10,0.1,0,0.0773008963841372
25,5,7,0.2,24,0.2,245,10,0.1,0,-0.3999997083967
25,5,7,0.2,24,0.2,245,10,0.1,0,0
25,5,7,0.2,24,0.2,245,10,0.1,0,-0.284861393102086
25,5,7,0.2,24,0.2,245,10,0.1,0,0.236764477735654
25,5,7,0.2,24,0.2,245,10,0.1,0,0.000368975021374229
25,5,7,0.2,24,0.2,245,10,0.1,0,0.0906153624819807
25,5,7,0.2,24,0.2,245,10,0.1,0,-0.0120551947420241
25,5,7,0.2,24,0.2,245,10,0.1,0,0.0192123158553978
25,5,7,0.2,24,0.2,245,10,0.1,0,0
25,5,7,0.2,24,0.2,245,10,0.1,0,-0.106699927434277
25,5,7,0.2,24,0.2,245,10,0.1,0,-0.00217273200553278
25,5,7,0.2,24,0.2,245,10,0.1,0,0
25,5,7,0.2,24,0.2,245,10,0.1,0,-0.127310361353582
25,5,7,0.2,24,0.2,245,10,0.1,0,1.51872420825513
25,5,7,0.2,24,0.2,245,10,0.1,0,0
25,5,7,0.2,24,0.2,245,10,0.1,0,-0.105163324581753
25,5,7,0.2,24,0.2,245,10,0.1,0,-0.0806497619882099
25,5,7,0.2,24,0.2,245,10,0.1,0,0
25,5,7,0.2,24,0.2,245,10,0.1,0,0.19283585916442
25,5,7,0.2,24,0.2,245,10,0.1,0,0.102933492825938
25,5,7,0.2,24,0.2,245,10,0.1,0,0
25,5,7,0.2,24,0.2,245,10,0.1,0,0.0398279147575706
25,5,7,0.2,24,0.2,245,10,0.1,0,-0.0703934037717848
25,5,7,0.2,24,0.2,245,10,0.1,0,0
25,5,7,0.2,24,0.2,245,10,0.1,0,0.0177803263548139
25,5,7,0.2,24,0.2,245,10,0.1,0,0.468849997676118
25,5,7,0.2,24,0.2,245,10,0.1,0,-0.116111983814537
25,5,7,0.2,24,0.2,245,10,0.1,0,0.109860084864294
25,5,7,0.2,24,0.2,245,10,0.1,0,0.146087347294732
25,5,7,0.2,24,0.2,245,10,0.1,0,-0.055376651141562
25,5,7,0.2,24,0.2,245,10,0.1,0,0.26642197015084
25,5,7,0.2,24,0.2,245,10,0.1,0,0.252465895946896
25,5,7,0.2,24,0.2,245,10,0.1,0,0.267426812333624
25,5,7,0.2,24,0.2,245,10,0.1,0,-0.0389284743224883
25,5,7,0.2,24,0.2,245,10,0.1,0,0.0190871077507034
25,5,7,0.2,24,0.2,245,10,0.1,0,0
25,5,7,0.2,24,0.2,245,10,0.1,0,0.331761889710612
25,5,7,0.2,24,0.2,245,10,0.1,0,-1.00154985991572
25,5,7,0.2,24,0.2,245,10,0.1,0,-0.00792310485646724
25,5,7,0.2,24,0.2,245,10,0.1,0,0
25,5,7,0.2,24,0.2,245,10,0.1,0,0.0481874924230286
25,5,7,0.2,24,0.2,245,10,0.1,0,0.209549899235857
25,5,7,0.2,24,0.2,245,10,0.1,0,0
25,5,7,0.2,24,0.2,245,10,0.1,0,-0.124127501493272
25,5,7,0.2,24,0.2,245,10,0.1,0,0.239469271138647
25,5,7,0.2,24,0.2,245,10,0.1,0,0.151564119300818
25,5,7,0.2,24,0.2,245,10,0.1,0,0.151652758796389
25,5,7,0.2,24,0.2,245,10,0.1,0,0.101776768157075
25,5,7,0.2,24,0.2,245,10,0.1,0,0.263132835371223
25,5,7,0.2,24,0.2,245,10,0.1,0,0.0688832547358978
25,5,7,0.2,24,0.2,245,10,0.1,0,0.00739769073650126
25,5,7,0.2,24,0.2,245,10,0.1,0,-2.74139605158016
25,5,7,0.2,24,0.2,245,10,0.1,0,1.35477060335095
25,5,7,0.2,24,0.2,245,10,0.1,0,0.00175669677508597
25,5,7,0.2,24,0.2,245,10,0.1,0,0
25,5,7,0.2,24,0.2,245,10,0.1,0,0.0167927437906194
25,5,7,0.2,24,0.2,245,10,0.1,0,0
25,5,7,0.2,24,0.2,245,10,0.1,0,-0.0594001426216323
25,5,7,0.2,24,0.2,245,10,0.1,0,0.0974638817791442
25,5,7,0.2,24,0.2,245,10,0.1,0,0.0171402221753346
25,5,7,0.2,24,0.2,245,10,0.1,0,0
25,5,7,0.2,24,0.2,245,10,0.1,0,0.0342211727856993
25,5,7,0.2,24,0.2,245,10,0.1,0,0.046391579066479
25,5,7,0.2,24,0.2,245,10,0.1,0,0.375817604463305
25,5,7,0.2,24,0.2,245,10,0.1,0,0.00490075175225243
25,5,7,0.2,24,0.2,245,10,0.1,0,0.0093305389957063
25,5,7,0.2,24,0.2,245,10,0.1,0,0.0974119496780301
25,5,7,0.2,24,0.2,245,10,0.1,0,0.00186854482228775
25,5,7,0.2,24,0.2,245,10,0.1,0,-0.103989555594754
25,5,7,0.2,24,0.2,245,10,0.1,0,0.0209090755160847
25,5,7,0.2,24,0.2,245,10,0.1,0,0.209881604210651
25,5,7,0.2,24,0.2,245,10,0.1,0,0.14223537056325
25,5,7,0.2,24,0.2,245,10,0.1,0,0.524640538675946
25,5,7,0.2,24,0.2,245,10,0.1,0,-0.0294299483027479
25,5,7,0.2,24,0.2,245,10,0.1,0,0
25,5,7,0.2,24,0.2,245,10,0.1,0,0.270258077883023
25,5,7,0.2,24,0.2,245,10,0.1,0,-0.133469180836027
25,5,7,0.2,24,0.2,245,10,0.1,0,0.0438427500257032
25,5,7,0.2,24,0.2,245,10,0.1,0,-0.00480234196818727
25,5,7,0.2,24,0.2,245,10,0.1,0,0.024269495139741
25,5,7,0.2,24,0.2,245,10,0.1,0,0.155768253764786
25,5,7,0.2,24,0.2,245,10,0.1,0,-0.0562362577293933
25,5,7,0.2,24,0.2,245,10,0.1,0,0.126547696772489
25,6,1,0.2,27,0.2,351,10,0.1,1,-0.122511701857623
25,6,1,0.2,27,0.2,351,10,0.1,1,3.53588235607419e-28
25,6,1,0.2,27,0.2,351,10,0.1,1,0.157179988518982
25,6,1,0.2,27,0.2,351,10,0.1,1,0.0802510320508067
25,6,1,0.2,27,0.2,351,10,0.1,1,-0.0643239758408195
25,6,1,0.2,27,0.2,351,10,0.1,1,0.266536858194791
25,6,1,0.2,27,0.2,351,10,0.1,1,0.113524000882215
25,6,1,0.2,27,0.2,351,10,0.1,1,0.101735048406146
25,6,1,0.2,27,0.2,351,10,0.1,1,0.231600451787149
25,6,1,0.2,27,0.2,351,10,0.1,1,0.159902344039349
25,6,1,0.2,27,0.2,351,10,0.1,1,0.306254500376929
25,6,1,0.2,27,0.2,351,10,0.1,1,0.140102627321794
25,6,1,0.2,27,0.2,351,10,0.1,1,0.25304706477302
25,6,1,0.2,27,0.2,351,10,0.1,1,0.0160858408172809
25,6,1,0.2,27,0.2,351,10,0.1,1,0
25,6,1,0.2,27,0.2,351,10,0.1,1,0.211828482404315
25,6,1,0.2,27,0.2,351,10,0.1,1,-1.80660640000898
25,6,1,0.2,27,0.2,351,10,0.1,1,-0.0500693659524151
25,6,1,0.2,27,0.2,351,10,0.1,1,0
25,6,1,0.2,27,0.2,351,10,0.1,1,1.15397844420066
25,6,1,0.2,27,0.2,351,10,0.1,1,0
25,6,1,0.2,27,0.2,351,10,0.1,1,0.11103809752646
25,6,1,0.2,27,0.2,351,10,0.1,1,-0.00824048651029434
25,6,1,0.2,27,0.2,351,10,0.1,1,-0.372851342717065
25,6,1,0.2,27,0.2,351,10,0.1,1,1.69846620088997
25,6,1,0.2,27,0.2,351,10,0.1,1,-0.000221703811121113
25,6,1,0.2,27,0.2,351,10,0.1,1,4.12773895582194
25,6,1,0.2,27,0.2,351,10,0.1,0,-0.0116712580068681
25,6,1,0.2,27,0.2,351,10,0.1,0,-0.0686486734924559
25,6,1,0.2,27,0.2,351,10,0.1,0,1.33647305578363
25,6,1,0.2,27,0.2,351,10,0.1,0,0.034163632362213
25,6,1,0.2,27,0.2,351,10,0.1,0,0.21884860018814
25,6,1,0.2,27,0.2,351,10,0.1,0,1.47728242451974e-28
25,6,1,0.2,27,0.2,351,10,0.1,0,0.00735786913485147
25,6,1,0.2,27,0.2,351,10,0.1,0,-0.209449750456184
25,6,1,0.2,27,0.2,351,10,0.1,0,-0.00241583651802461
25,6,1,0.2,27,0.2,351,10,0.1,0,-0.00657548757837523
25,6,1,0.2,27,0.2,351,10,0.1,0,0.608223092460781
25,6,1,0.2,27,0.2,351,10,0.1,0,0.0504652075039544
25,6,1,0.2,27,0.2,351,10,0.1,0,2.53862446683678
25,6,1,0.2,27,0.2,351,10,0.1,0,0.101705945873136
25,6,1,0.2,27,0.2,351,10,0.1,0,-0.0240845471442733
25,6,1,0.2,27,0.2,351,10,0.1,0,-0.07302734085693
25,6,1,0.2,27,0.2,351,10,0.1,0,0.00689170617189759
25,6,1,0.2,27,0.2,351,10,0.1,0,0.00951749345846283
25,6,1,0.2,27,0.2,351,10,0.1,0,0.0454792543108919
25,6,1,0.2,27,0.2,351,10,0.1,0,0.837691292469074
25,6,1,0.2,27,0.2,351,10,0.1,0,0.0140320398922575
25,6,1,0.2,27,0.2,351,10,0.1,0,0.160266136482803
25,6,1,0.2,27,0.2,351,10,0.1,0,0.00196179385270916
25,6,1,0.2,27,0.2,351,10,0.1,0,0.00384508359803363
25,6,1,0.2,27,0.2,351,10,0.1,0,-0.0122229408245508
25,6,1,0.2,27,0.2,351,10,0.1,0,0.0864438163413586
25,6,1,0.2,27,0.2,351,10,0.1,0,0.0325786112675196
25,6,1,0.2,27,0.2,351,10,0.1,0,0.182466053683409
25,6,1,0.2,27,0.2,351,10,0.1,0,0.169238598515877
25,6,1,0.2,27,0.2,351,10,0.1,0,0.10998482092493
25,6,1,0.2,27,0.2,351,10,0.1,0,-0.0898207159104877
25,6,1,0.2,27,0.2,351,10,0.1,0,0.0341437554917584
25,6,1,0.2,27,0.2,351,10,0.1,0,0.0128263327548967
25,6,1,0.2,27,0.2,351,10,0.1,0,0.0843971168167138
25,6,1,0.2,27,0.2,351,10,0.1,0,-0.0547364740484389
25,6,1,0.2,27,0.2,351,10,0.1,0,-2.88543660920732e-27
25,6,1,0.2,27,0.2,351,10,0.1,0,-0.0140706088508552
25,6,1,0.2,27,0.2,351,10,0.1,0,0.133617529532132
25,6,1,0.2,27,0.2,351,10,0.1,0,0.0202837729408626
25,6,1,0.2,27,0.2,351,10,0.1,0,0.0340437759438218
25,6,1,0.2,27,0.2,351,10,0.1,0,0.0463987829285808
25,6,1,0.2,27,0.2,351,10,0.1,0,0.087527387026081
25,6,1,0.2,27,0.2,351,10,0.1,0,-0.0141740303770558
25,6,1,0.2,27,0.2,351,10,0.1,0,0.102506068964987
25,6,1,0.2,27,0.2,351,10,0.1,0,-0.00187830472552467
25,6,1,0.2,27,0.2,351,10,0.1,0,0.0363187577739524
25,6,1,0.2,27,0.2,351,10,0.1,0,-0.00321024442585614
25,6,1,0.2,27,0.2,351,10,0.1,0,-0.321099949164119
25,6,1,0.2,27,0.2,351,10,0.1,0,-0.193131755224693
25,6,1,0.2,27,0.2,351,10,0.1,0,0.0552320567322021
25,6,1,0.2,27,0.2,351,10,0.1,0,-1.6481927795871e-27
25,6,1,0.2,27,0.2,351,10,0.1,0,-1.69590293225126
25,6,1,0.2,27,0.2,351,10,0.1,0,0.0152672091464146
25,6,1,0.2,27,0.2,351,10,0.1,0,0.0408136760283161
25,6,1,0.2,27,0.2,351,10,0.1,0,0.0501712234298841
25,6,1,0.2,27,0.2,351,10,0.1,0,0.00340944694792005
25,6,1,0.2,27,0.2,351,10,0.1,0,0.142329619992046
25,6,1,0.2,27,0.2,351,10,0.1,0,0.00925157419352708
25,6,1,0.2,27,0.2,351,10,0.1,0,-0.0254162297680321
25,6,1,0.2,27,0.2,351,10,0.1,0,-0.0246854661800907
25,6,1,0.2,27,0.2,351,10,0.1,0,-0.0130408364040421
25,6,1,0.2,27,0.2,351,10,0.1,0,0.0023873775437913
25,6,1,0.2,27,0.2,351,10,0.1,0,-0.0293188698558952
25,6,1,0.2,27,0.2,351,10,0.1,0,-0.0866143769639773
25,6,1,0.2,27,0.2,351,10,0.1,0,0.0854757529627058
25,6,1,0.2,27,0.2,351,10,0.1,0,0.00479455172370085
25,6,1,0.2,27,0.2,351,10,0.1,0,0.0535083723514573
25,6,1,0.2,27,0.2,351,10,0.1,0,-0.088279721038345
25,6,1,0.2,27,0.2,351,10,0.1,0,0.0135500720631571
25,6,1,0.2,27,0.2,351,10,0.1,0,-0.0277183866974711
25,6,1,0.2,27,0.2,351,10,0.1,0,0.0802964496953765
25,6,1,0.2,27,0.2,351,10,0.1,0,-0.262752453615039
25,6,1,0.2,27,0.2,351,10,0.1,0,0.0225965149711163
25,6,1,0.2,27,0.2,351,10,0.1,0,0.0273531469124272
25,6,1,0.2,27,0.2,351,10,0.1,0,0.0871585040213486
25,6,1,0.2,27,0.2,351,10,0.1,0,0.0267310554260599
25,6,1,0.2,27,0.2,351,10,0.1,0,0.0253545365239727
25,6,1,0.2,27,0.2,351,10,0.1,0,-0.0716040503876822
25,6,1,0.2,27,0.2,351,10,0.1,0,0.142712974729485
25,6,1,0.2,27,0.2,351,10,0.1,0,1.64853238321646
25,6,1,0.2,27,0.2,351,10,0.1,0,0.188197705056494
25,6,1,0.2,27,0.2,351,10,0.1,0,0.108787112395617
25,6,1,0.2,27,0.2,351,10,0.1,0,0.00360686804586509
25,6,1,0.2,27,0.2,351,10,0.1,0,1.09495169372237
25,6,1,0.2,27,0.2,351,10,0.1,0,0.0242561904098451
25,6,1,0.2,27,0.2,351,10,0.1,0,0.098882354698946
25,6,1,0.2,27,0.2,351,10,0.1,0,0.0156127628771434
25,6,1,0.2,27,0.2,351,10,0.1,0,-0.00733701138910032
25,6,1,0.2,27,0.2,351,10,0.1,0,0.992212932477435
25,6,1,0.2,27,0.2,351,10,0.1,0,0.0747557065318913
25,6,1,0.2,27,0.2,351,10,0.1,0,6.39119032409155e-27
25,6,1,0.2,27,0.2,351,10,0.1,0,0.0252276600008813
25,6,1,0.2,27,0.2,351,10,0.1,0,0.139269433193085
25,6,1,0.2,27,0.2,351,10,0.1,0,0.00400388161673983
25,6,1,0.2,27,0.2,351,10,0.1,0,-0.287879577629636
25,6,1,0.2,27,0.2,351,10,0.1,0,0.153399269957144
25,6,1,0.2,27,0.2,351,10,0.1,0,0.105818498264742
25,6,1,0.2,27,0.2,351,10,0.1,0,0.0033187355259869
25,6,1,0.2,27,0.2,351,10,0.1,0,-0.0104981736652831
25,6,1,0.2,27,0.2,351,10,0.1,0,-0.206180377257392
25,6,1,0.2,27,0.2,351,10,0.1,0,0.0503031619387062
25,6,1,0.2,27,0.2,351,10,0.1,0,0.454674227331629
25,6,1,0.2,27,0.2,351,10,0.1,0,0.00323739797211338
25,6,1,0.2,27,0.2,351,10,0.1,0,0.256812775183408
25,6,1,0.2,27,0.2,351,10,0.1,0,-0.0575427977335623
25,6,1,0.2,27,0.2,351,10,0.1,0,-0.028728716279712
25,6,1,0.2,27,0.2,351,10,0.1,0,-0.020336113859149
25,6,1,0.2,27,0.2,351,10,0.1,0,0.325707329762
25,6,1,0.2,27,0.2,351,10,0.1,0,2.91450438957571e-27
25,6,1,0.2,27,0.2,351,10,0.1,0,0.00644364531495604
25,6,1,0.2,27,0.2,351,10,0.1,0,-0.0214267284862915
25,6,1,0.2,27,0.2,351,10,0.1,0,-0.01878347713051
25,6,1,0.2,27,0.2,351,10,0.1,0,-1.95969154608666
25,6,1,0.2,27,0.2,351,10,0.1,0,0.00412464098216295
25,6,1,0.2,27,0.2,351,10,0.1,0,-0.0283061665983161
25,6,1,0.2,27,0.2,351,10,0.1,0,0.00985725425266108
25,6,1,0.2,27,0.2,351,10,0.1,0,0.00264566917720239
25,6,1,0.2,27,0.2,351,10,0.1,0,0
25,6,1,0.2,27,0.2,351,10,0.1,0,0
25,6,1,0.2,27,0.2,351,10,0.1,0,0.0170322922508525
25,6,1,0.2,27,0.2,351,10,0.1,0,0.0822061628747223
25,6,1,0.2,27,0.2,351,10,0.1,0,-0.0177711558086815
25,6,1,0.2,27,0.2,351,10,0.1,0,-0.112315394396725
25,6,1,0.2,27,0.2,351,10,0.1,0,6.53754669983141
25,6,1,0.2,27,0.2,351,10,0.1,0,0.0226380861767313
25,6,1,0.2,27,0.2,351,10,0.1,0,-0.0149947842461685
25,6,1,0.2,27,0.2,351,10,0.1,0,0.0322791502410666
25,6,1,0.2,27,0.2,351,10,0.1,0,0.0222414846097508
25,6,1,0.2,27,0.2,351,10,0.1,0,0.114372805789821
25,6,1,0.2,27,0.2,351,10,0.1,0,0.0223843369568808
25,6,1,0.2,27,0.2,351,10,0.1,0,-0.00540322200677883
25,6,1,0.2,27,0.2,351,10,0.1,0,0.0932264383733395
25,6,1,0.2,27,0.2,351,10,0.1,0,0
25,6,1,0.2,27,0.2,351,10,0.1,0,-0.480640091054597
25,6,1,0.2,27,0.2,351,10,0.1,0,-0.0278720842672989
25,6,1,0.2,27,0.2,351,10,0.1,0,-0.00093871780539038
25,6,1,0.2,27,0.2,351,10,0.1,0,-0.00997520761946203
25,6,1,0.2,27,0.2,351,10,0.1,0,0.00139560427740964
25,6,1,0.2,27,0.2,351,10,0.1,0,0.00385095862567671
25,6,1,0.2,27,0.2,351,10,0.1,0,0.0138290139479988
25,6,1,0.2,27,0.2,351,10,0.1,0,0.0232662954164792
25,6,1,0.2,27,0.2,351,10,0.1,0,-0.150208907432173
25,6,1,0.2,27,0.2,351,10,0.1,0,0.0717835766074483
25,6,1,0.2,27,0.2,351,10,0.1,0,0
25,6,1,0.2,27,0.2,351,10,0.1,0,-0.00414324655386289
25,6,1,0.2,27,0.2,351,10,0.1,0,0.502114993387265
25,6,1,0.2,27,0.2,351,10,0.1,0,-0.105794107900793
25,6,1,0.2,27,0.2,351,10,0.1,0,0.0589072984812039
25,6,1,0.2,27,0.2,351,10,0.1,0,0.131772244990168
25,6,1,0.2,27,0.2,351,10,0.1,0,-0.0909290666598167
25,6,1,0.2,27,0.2,351,10,0.1,0,0.0427998758168412
25,6,1,0.2,27,0.2,351,10,0.1,0,0.0187164090721458
25,6,1,0.2,27,0.2,351,10,0.1,0,0.253172476437562
25,6,1,0.2,27,0.2,351,10,0.1,0,0.0100935746877838
25,6,1,0.2,27,0.2,351,10,0.1,0,0.0325581762368596
25,6,1,0.2,27,0.2,351,10,0.1,0,1.84938027010665e-27
25,6,1,0.2,27,0.2,351,10,0.1,0,0.399337489544534
25,6,1,0.2,27,0.2,351,10,0.1,0,0.499491436129855
25,6,1,0.2,27,0.2,351,10,0.1,0,0.149496369619442
25,6,1,0.2,27,0.2,351,10,0.1,0,0.00470838953757493
25,6,1,0.2,27,0.2,351,10,0.1,0,1.11730424534879
25,6,1,0.2,27,0.2,351,10,0.1,0,0.0352150438907532
25,6,1,0.2,27,0.2,351,10,0.1,0,-0.469823162070425
25,6,1,0.2,27,0.2,351,10,0.1,0,0.129334609693511
25,6,1,0.2,27,0.2,351,10,0.1,0,0.0133134178073588
25,6,1,0.2,27,0.2,351,10,0.1,0,0.0920535084451946
25,6,1,0.2,27,0.2,351,10,0.1,0,0.0247100991970166
25,6,1,0.2,27,0.2,351,10,0.1,0,-0.0517029458716255
25,6,1,0.2,27,0.2,351,10,0.1,0,0.018254588208847
25,6,1,0.2,27,0.2,351,10,0.1,0,-0.0213320093203911
25,6,1,0.2,27,0.2,351,10,0.1,0,0.0306726735278604
25,6,1,0.2,27,0.2,351,10,0.1,0,0.0308035082943154
25,6,1,0.2,27,0.2,351,10,0.1,0,0.448487596834272
25,6,1,0.2,27,0.2,351,10,0.1,0,-2.05519621426665
25,6,1,0.2,27,0.2,351,10,0.1,0,-0.324563906425563
25,6,1,0.2,27,0.2,351,10,0.1,0,-0.00741023215330882
25,6,1,0.2,27,0.2,351,10,0.1,0,0.141304396981322
25,6,1,0.2,27,0.2,351,10,0.1,0,0.113928084963304
25,6,1,0.2,27,0.2,351,10,0.1,0,0.00897476856705878
25,6,1,0.2,27,0.2,351,10,0.1,0,5.18472326547139e-27
25,6,1,0.2,27,0.2,351,10,0.1,0,-1.34030564732686e-27
25,6,1,0.2,27,0.2,351,10,0.1,0,-0.0358773326142958
25,6,1,0.2,27,0.2,351,10,0.1,0,0.0173337900422733
25,6,1,0.2,27,0.2,351,10,0.1,0,0.0823130419441525
25,6,1,0.2,27,0.2,351,10,0.1,0,0.0203725845535949
25,6,1,0.2,27,0.2,351,10,0.1,0,-0.123614448347618
25,6,1,0.2,27,0.2,351,10,0.1,0,0.0242255623384852
25,6,1,0.2,27,0.2,351,10,0.1,0,0.0380419346998266
25,6,1,0.2,27,0.2,351,10,0.1,0,-0.028662851357345
25,6,1,0.2,27,0.2,351,10,0.1,0,-3.6994022054756e-28
25,6,1,0.2,27,0.2,351,10,0.1,0,-0.0318410106494327
25,6,1,0.2,27,0.2,351,10,0.1,0,-0.0149382104411857
25,6,1,0.2,27,0.2,351,10,0.1,0,0.189150753630815
25,6,1,0.2,27,0.2,351,10,0.1,0,0.0878618354926764
25,6,1,0.2,27,0.2,351,10,0.1,0,-0.283675428528395
25,6,1,0.2,27,0.2,351,10,0.1,0,0
25,6,1,0.2,27,0.2,351,10,0.1,0,-2.16833474642601
25,6,1,0.2,27,0.2,351,10,0.1,0,0.114398483395978
25,6,1,0.2,27,0.2,351,10,0.1,0,-0.0312867907730389
25,6,1,0.2,27,0.2,351,10,0.1,0,-0.00822989735916993
25,6,1,0.2,27,0.2,351,10,0.1,0,0.255365560985526
25,6,1,0.2,27,0.2,351,10,0.1,0,-0.0121328866558773
25,6,1,0.2,27,0.2,351,10,0.1,0,0.858116652695362
25,6,1,0.2,27,0.2,351,10,0.1,0,0.00747183171801005
25,6,1,0.2,27,0.2,351,10,0.1,0,0.0184698483939894
25,6,1,0.2,27,0.2,351,10,0.1,0,-0.0169577923280717
25,6,1,0.2,27,0.2,351,10,0.1,0,0.196446173477093
25,6,1,0.2,27,0.2,351,10,0.1,0,0.0794376342604658
25,6,1,0.2,27,0.2,351,10,0.1,0,0.324778940944327
25,6,1,0.2,27,0.2,351,10,0.1,0,-2.01079905615202
25,6,1,0.2,27,0.2,351,10,0.1,0,0.090294187899231
25,6,1,0.2,27,0.2,351,10,0.1,0,0.000987012454923795
25,6,1,0.2,27,0.2,351,10,0.1,0,0.00402990813919382
25,6,1,0.2,27,0.2,351,10,0.1,0,0.0147164012521369
25,6,1,0.2,27,0.2,351,10,0.1,0,0.00183201586127937
25,6,1,0.2,27,0.2,351,10,0.1,0,-2.94835086816756
25,6,1,0.2,27,0.2,351,10,0.1,0,0.0329341127776146
25,6,1,0.2,27,0.2,351,10,0.1,0,-0.0651760089113848
25,6,1,0.2,27,0.2,351,10,0.1,0,0.162359307822535
25,6,1,0.2,27,0.2,351,10,0.1,0,0.158051837991334
25,6,1,0.2,27,0.2,351,10,0.1,0,0.473694122190476
25,6,1,0.2,27,0.2,351,10,0.1,0,0.00208560095105363
25,6,1,0.2,27,0.2,351,10,0.1,0,-0.00603733129077453
25,6,1,0.2,27,0.2,351,10,0.1,0,0.0159767899946056
25,6,1,0.2,27,0.2,351,10,0.1,0,0.0664015957826469
25,6,1,0.2,27,0.2,351,10,0.1,0,2.18256226853984e-27
25,6,1,0.2,27,0.2,351,10,0.1,0,1.7207646265067e-27
25,6,1,0.2,27,0.2,351,10,0.1,0,0.0106156727415866
25,6,1,0.2,27,0.2,351,10,0.1,0,0.0101667278218015
25,6,1,0.2,27,0.2,351,10,0.1,0,-9.53022613985749e-27
25,6,1,0.2,27,0.2,351,10,0.1,0,0.23792993108055
25,6,1,0.2,27,0.2,351,10,0.1,0,0.11871420945676
25,6,1,0.2,27,0.2,351,10,0.1,0,0.0579385692862993
25,6,1,0.2,27,0.2,351,10,0.1,0,-0.00947714948155991
25,6,1,0.2,27,0.2,351,10,0.1,0,0.077101332463267
25,6,1,0.2,27,0.2,351,10,0.1,0,0.14798539227739
25,6,1,0.2,27,0.2,351,10,0.1,0,0.0909749994292876
25,6,1,0.2,27,0.2,351,10,0.1,0,0.179652632236014
25,6,1,0.2,27,0.2,351,10,0.1,0,0.26576088968617
25,6,1,0.2,27,0.2,351,10,0.1,0,-0.00433239005430054
25,6,1,0.2,27,0.2,351,10,0.1,0,0.0482271924296972
25,6,1,0.2,27,0.2,351,10,0.1,0,0.214260774791361
25,6,1,0.2,27,0.2,351,10,0.1,0,0.0198371408798297
25,6,1,0.2,27,0.2,351,10,0.1,0,0.00794410759596713
25,6,1,0.2,27,0.2,351,10,0.1,0,-0.22716536377484
25,6,1,0.2,27,0.2,351,10,0.1,0,0.0167213596478084
25,6,1,0.2,27,0.2,351,10,0.1,0,1.05292780297522
25,6,1,0.2,27,0.2,351,10,0.1,0,0.123871038464291
25,6,1,0.2,27,0.2,351,10,0.1,0,0.0819323877385021
25,6,1,0.2,27,0.2,351,10,0.1,0,-0.0558498676357988
25,6,1,0.2,27,0.2,351,10,0.1,0,0.18537077133195
25,6,1,0.2,27,0.2,351,10,0.1,0,0.19095931463378
25,6,1,0.2,27,0.2,351,10,0.1,0,0
25,6,1,0.2,27,0.2,351,10,0.1,0,0.0114823462345168
25,6,1,0.2,27,0.2,351,10,0.1,0,0.0690231772687662
25,6,1,0.2,27,0.2,351,10,0.1,0,-0.0507716767603439
25,6,1,0.2,27,0.2,351,10,0.1,0,0.0167181007698736
25,6,1,0.2,27,0.2,351,10,0.1,0,0.425551946317474
25,6,1,0.2,27,0.2,351,10,0.1,0,0.422093066196536
25,6,1,0.2,27,0.2,351,10,0.1,0,0.0678184754681492
25,6,1,0.2,27,0.2,351,10,0.1,0,-0.263394235999407
25,6,1,0.2,27,0.2,351,10,0.1,0,-0.0341416405689104
25,6,1,0.2,27,0.2,351,10,0.1,0,-0.0733999279425602
25,6,1,0.2,27,0.2,351,10,0.1,0,-2.28734094363828e-27
25,6,1,0.2,27,0.2,351,10,0.1,0,0.053355056798794
25,6,1,0.2,27,0.2,351,10,0.1,0,-0.0131247757185268
25,6,1,0.2,27,0.2,351,10,0.1,0,0.0133904005199654
25,6,1,0.2,27,0.2,351,10,0.1,0,0.00518416904151277
25,6,1,0.2,27,0.2,351,10,0.1,0,-8.10127824829326e-28
25,6,1,0.2,27,0.2,351,10,0.1,0,0.00102507291237606
25,6,1,0.2,27,0.2,351,10,0.1,0,0.0638646730982117
25,6,1,0.2,27,0.2,351,10,0.1,0,-0.0182599100414985
25,6,1,0.2,27,0.2,351,10,0.1,0,-0.709324456423895
25,6,1,0.2,27,0.2,351,10,0.1,0,0.00669303546489753
25,6,1,0.2,27,0.2,351,10,0.1,0,0.988553802567222
25,6,1,0.2,27,0.2,351,10,0.1,0,0.110823597546644
25,6,1,0.2,27,0.2,351,10,0.1,0,-0.0849788548989817
25,6,1,0.2,27,0.2,351,10,0.1,0,0.168209393537182
25,6,1,0.2,27,0.2,351,10,0.1,0,0.00325460632799277
25,6,1,0.2,27,0.2,351,10,0.1,0,0.058100656065268
25,6,1,0.2,27,0.2,351,10,0.1,0,0.104108444114934
25,6,1,0.2,27,0.2,351,10,0.1,0,3.74199269062123e-28
25,6,1,0.2,27,0.2,351,10,0.1,0,0.011855983958132
25,6,1,0.2,27,0.2,351,10,0.1,0,0.0856304932792274
25,6,1,0.2,27,0.2,351,10,0.1,0,0.228468941049988
25,6,1,0.2,27,0.2,351,10,0.1,0,-0.0223739239260429
25,6,1,0.2,27,0.2,351,10,0.1,0,-0.0696259334103295
25,6,1,0.2,27,0.2,351,10,0.1,0,-0.177237021444456
25,6,1,0.2,27,0.2,351,10,0.1,0,0.175733916006331
25,6,1,0.2,27,0.2,351,10,0.1,0,0.408836633835474
25,6,1,0.2,27,0.2,351,10,0.1,0,-0.264432011572439
25,6,1,0.2,27,0.2,351,10,0.1,0,-0.560948807771942
25,6,1,0.2,27,0.2,351,10,0.1,0,0.161622360247165
25,6,1,0.2,27,0.2,351,10,0.1,0,-0.488729842305622
25,6,1,0.2,27,0.2,351,10,0.1,0,0.015327719649299
25,6,1,0.2,27,0.2,351,10,0.1,0,0.0113138900530626
25,6,1,0.2,27,0.2,351,10,0.1,0,0.255810397925903
25,6,1,0.2,27,0.2,351,10,0.1,0,5.97283103244899e-27
25,6,1,0.2,27,0.2,351,10,0.1,0,0.031061209581694
25,6,1,0.2,27,0.2,351,10,0.1,0,0.0288233551659659
25,6,1,0.2,27,0.2,351,10,0.1,0,-2.49050011519124e-27
25,6,1,0.2,27,0.2,351,10,0.1,0,0.0080691092956184
25,6,1,0.2,27,0.2,351,10,0.1,0,1.34372286625536
25,6,1,0.2,27,0.2,351,10,0.1,0,-0.206602132288753
25,6,1,0.2,27,0.2,351,10,0.1,0,0.0368637426386033
25,6,1,0.2,27,0.2,351,10,0.1,0,0.113744760985375
25,6,1,0.2,27,0.2,351,10,0.1,0,-0.0342861682608702
25,6,1,0.2,27,0.2,351,10,0.1,0,0.1722267043221
25,6,1,0.2,27,0.2,351,10,0.1,0,-0.00419374116812198
25,6,1,0.2,27,0.2,351,10,0.1,0,0.758226069745182
25,6,1,0.2,27,0.2,351,10,0.1,0,-0.0854105859592296
25,6,1,0.2,27,0.2,351,10,0.1,0,0.331479671086391
25,6,1,0.2,27,0.2,351,10,0.1,0,-0.106635948378109
25,6,1,0.2,27,0.2,351,10,0.1,0,-0.155509287525415
25,6,1,0.2,27,0.2,351,10,0.1,0,-0.00959836747942065
25,6,1,0.2,27,0.2,351,10,0.1,0,-0.0823074170499005
25,6,1,0.2,27,0.2,351,10,0.1,0,-8.08697380140042e-28
25,6,1,0.2,27,0.2,351,10,0.1,0,0.0234793568821963
25,6,1,0.2,27,0.2,351,10,0.1,0,0.017831507331756
25,6,1,0.2,27,0.2,351,10,0.1,0,0.722854462117668
25,6,1,0.2,27,0.2,351,10,0.1,0,-0.00457508954780748
25,6,1,0.2,27,0.2,351,10,0.1,0,-0.116466800241422
25,6,1,0.2,27,0.2,351,10,0.1,0,0.0360835291068965
25,6,1,0.2,27,0.2,351,10,0.1,0,-0.0760109847274879
25,6,1,0.2,27,0.2,351,10,0.1,0,0.216558872247973
25,6,1,0.2,27,0.2,351,10,0.1,0,0.0457511887252583
25,6,1,0.2,27,0.2,351,10,0.1,0,0.0153507522221214
25,6,1,0.2,27,0.2,351,10,0.1,0,0.00699737749536674
25,6,1,0.2,27,0.2,351,10,0.1,0,-0.0352116644760605
25,6,1,0.2,27,0.2,351,10,0.1,0,0.0561178625343863
25,6,1,0.2,27,0.2,351,10,0.1,0,-0.00149726610054458
25,6,1,0.2,27,0.2,351,10,0.1,0,0.176176803919127
25,6,1,0.2,27,0.2,351,10,0.1,0,-0.0307976846684545
25,6,1,0.2,27,0.2,351,10,0.1,0,0.0525921077700823
25,6,1,0.2,27,0.2,351,10,0.1,0,-0.0848602846438418
25,6,1,0.2,27,0.2,351,10,0.1,0,0.0851374217062011
25,6,1,0.2,27,0.2,351,10,0.1,0,-0.0961444068697975
25,6,1,0.2,27,0.2,351,10,0.1,0,0.0772346028882655
25,6,1,0.2,27,0.2,351,10,0.1,0,-0.0212874050738361
25,6,1,0.2,27,0.2,351,10,0.1,0,-0.0215911935130344
25,6,1,0.2,27,0.2,351,10,0.1,0,0.112418334233863
25,6,1,0.2,27,0.2,351,10,0.1,0,-0.0109641578334152
25,6,1,0.2,27,0.2,351,10,0.1,0,0.00637215861659201
25,6,1,0.2,27,0.2,351,10,0.1,0,0.00439340843078425
25,6,1,0.2,27,0.2,351,10,0.1,0,-0.00316776550247801
25,6,1,0.2,27,0.2,351,10,0.1,0,0.0275533184918825
25,6,1,0.2,27,0.2,351,10,0.1,0,-0.0102411244760021
25,6,1,0.2,27,0.2,351,10,0.1,0,-0.203348902681304
25,6,1,0.2,27,0.2,351,10,0.1,0,-0.770614450371516
25,6,1,0.2,27,0.2,351,10,0.1,0,-0.00340104920155747
25,6,1,0.2,27,0.2,351,10,0.1,0,-0.00572958536228528
25,6,2,0.2,31,0.2,476,10,0.1,1,0.343769706615636
25,6,2,0.2,31,0.2,476,10,0.1,1,0
25,6,2,0.2,31,0.2,476,10,0.1,1,-0.0275868270166725
25,6,2,0.2,31,0.2,476,10,0.1,1,3.55406341514451
25,6,2,0.2,31,0.2,476,10,0.1,1,4.15003320013775e-29
25,6,2,0.2,31,0.2,476,10,0.1,1,0.101818504058978
25,6,2,0.2,31,0.2,476,10,0.1,1,1.85739442443373
25,6,2,0.2,31,0.2,476,10,0.1,1,0
25,6,2,0.2,31,0.2,476,10,0.1,1,1.18156465074624
25,6,2,0.2,31,0.2,476,10,0.1,1,0
25,6,2,0.2,31,0.2,476,10,0.1,1,0
25,6,2,0.2,31,0.2,476,10,0.1,1,-0.442819235109006
25,6,2,0.2,31,0.2,476,10,0.1,1,0.527839688924738
25,6,2,0.2,31,0.2,476,10,0.1,1,1.13034079026099e-28
25,6,2,0.2,31,0.2,476,10,0.1,1,5.51690852252386e-28
25,6,2,0.2,31,0.2,476,10,0.1,1,0.0631929669467448
25,6,2,0.2,31,0.2,476,10,0.1,1,0
25,6,2,0.2,31,0.2,476,10,0.1,1,-0.0343896848032217
25,6,2,0.2,31,0.2,476,10,0.1,1,0.367564610002905
25,6,2,0.2,31,0.2,476,10,0.1,1,0
25,6,2,0.2,31,0.2,476,10,0.1,1,-0.0202161474532888
25,6,2,0.2,31,0.2,476,10,0.1,1,0
25,6,2,0.2,31,0.2,476,10,0.1,1,0.0641296341939441
25,6,2,0.2,31,0.2,476,10,0.1,1,-1.04349414906841e-30
25,6,2,0.2,31,0.2,476,10,0.1,1,-0.0925835163877182
25,6,2,0.2,31,0.2,476,10,0.1,1,0.156176289605986
25,6,2,0.2,31,0.2,476,10,0.1,1,1.58874846301316
25,6,2,0.2,31,0.2,476,10,0.1,1,0.223277236466637
25,6,2,0.2,31,0.2,476,10,0.1,1,-0.0805280166873149
25,6,2,0.2,31,0.2,476,10,0.1,1,-0.0979726124886622
25,6,2,0.2,31,0.2,476,10,0.1,1,-0.0621429884371482
25,6,2,0.2,31,0.2,476,10,0.1,0,0.135055749297371
25,6,2,0.2,31,0.2,476,10,0.1,0,-9.61092546068102e-28
25,6,2,0.2,31,0.2,476,10,0.1,0,-8.11435915214654e-29
25,6,2,0.2,31,0.2,476,10,0.1,0,7.11132890566596e-28
25,6,2,0.2,31,0.2,476,10,0.1,0,2.69671520353772e-28
25,6,2,0.2,31,0.2,476,10,0.1,0,0.0721150650444103
25,6,2,0.2,31,0.2,476,10,0.1,0,0.00161503319680362
25,6,2,0.2,31,0.2,476,10,0.1,0,-0.0575834046482792
25,6,2,0.2,31,0.2,476,10,0.1,0,-0.382692554644929
25,6,2,0.2,31,0.2,476,10,0.1,0,0
25,6,2,0.2,31,0.2,476,10,0.1,0,0.9585460501301
25,6,2,0.2,31,0.2,476,10,0.1,0,0
25,6,2,0.2,31,0.2,476,10,0.1,0,-0.0694170828843503
25,6,2,0.2,31,0.2,476,10,0.1,0,-0.00126416376406782
25,6,2,0.2,31,0.2,476,10,0.1,0,-0.0356198652975558
25,6,2,0.2,31,0.2,476,10,0.1,0,0
25,6,2,0.2,31,0.2,476,10,0.1,0,0
25,6,2,0.2,31,0.2,476,10,0.1,0,0.000610760604424767
25,6,2,0.2,31,0.2,476,10,0.1,0,0.0056750357312085
25,6,2,0.2,31,0.2,476,10,0.1,0,0.271462854797336
25,6,2,0.2,31,0.2,476,10,0.1,0,3.44771425283966e-30
25,6,2,0.2,31,0.2,476,10,0.1,0,0.0282891510283186
25,6,2,0.2,31,0.2,476,10,0.1,0,0.0514820248260486
25,6,2,0.2,31,0.2,476,10,0.1,0,-5.67992462349308e-29
25,6,2,0.2,31,0.2,476,10,0.1,0,1.16876965085909e-27
25,6,2,0.2,31,0.2,476,10,0.1,0,0.00103186270871116
25,6,2,0.2,31,0.2,476,10,0.1,0,-0.102244481841399
25,6,2,0.2,31,0.2,476,10,0.1,0,-0.215383037302759
25,6,2,0.2,31,0.2,476,10,0.1,0,0.0255006758392112
25,6,2,0.2,31,0.2,476,10,0.1,0,-5.06628044635345e-29
25,6,2,0.2,31,0.2,476,10,0.1,0,0.119356296204157
25,6,2,0.2,31,0.2,476,10,0.1,0,1.2770099004625e-29
25,6,2,0.2,31,0.2,476,10,0.1,0,0
25,6,2,0.2,31,0.2,476,10,0.1,0,-0.148265872406561
25,6,2,0.2,31,0.2,476,10,0.1,0,0.0166523097402214
25,6,2,0.2,31,0.2,476,10,0.1,0,0.116990005241198
25,6,2,0.2,31,0.2,476,10,0.1,0,0.00135092705402386
25,6,2,0.2,31,0.2,476,10,0.1,0,-0.145900463057354
25,6,2,0.2,31,0.2,476,10,0.1,0,0.0224050042605941
25,6,2,0.2,31,0.2,476,10,0.1,0,0.0982255717810312
25,6,2,0.2,31,0.2,476,10,0.1,0,-0.0408172753665971
25,6,2,0.2,31,0.2,476,10,0.1,0,-0.014491283350939
25,6,2,0.2,31,0.2,476,10,0.1,0,0.0506238218666213
25,6,2,0.2,31,0.2,476,10,0.1,0,0
25,6,2,0.2,31,0.2,476,10,0.1,0,4.72483249329433e-28
25,6,2,0.2,31,0.2,476,10,0.1,0,0.10199685208414
25,6,2,0.2,31,0.2,476,10,0.1,0,6.12865338765606e-30
25,6,2,0.2,31,0.2,476,10,0.1,0,4.75164672311665e-28
25,6,2,0.2,31,0.2,476,10,0.1,0,-1.74689773785482
25,6,2,0.2,31,0.2,476,10,0.1,0,0.0266120044463492
25,6,2,0.2,31,0.2,476,10,0.1,0,-0.0108446055890496
25,6,2,0.2,31,0.2,476,10,0.1,0,0.00253793253315329
25,6,2,0.2,31,0.2,476,10,0.1,0,-0.0125113664459062
25,6,2,0.2,31,0.2,476,10,0.1,0,-3.5367618358721e-29
25,6,2,0.2,31,0.2,476,10,0.1,0,-0.0112054302113385
25,6,2,0.2,31,0.2,476,10,0.1,0,-0.0186340848209829
25,6,2,0.2,31,0.2,476,10,0.1,0,0.0586883820077744
25,6,2,0.2,31,0.2,476,10,0.1,0,0.204050428766523
25,6,2,0.2,31,0.2,476,10,0.1,0,0.0309870490360732
25,6,2,0.2,31,0.2,476,10,0.1,0,2.50522628447533
25,6,2,0.2,31,0.2,476,10,0.1,0,0.171197228546248
25,6,2,0.2,31,0.2,476,10,0.1,0,1.29695102979123e-29
25,6,2,0.2,31,0.2,476,10,0.1,0,0.00325220304846198
25,6,2,0.2,31,0.2,476,10,0.1,0,0
25,6,2,0.2,31,0.2,476,10,0.1,0,-0.20078166860758
25,6,2,0.2,31,0.2,476,10,0.1,0,0.609040256818762
25,6,2,0.2,31,0.2,476,10,0.1,0,0.0817248294043382
25,6,2,0.2,31,0.2,476,10,0.1,0,0
25,6,2,0.2,31,0.2,476,10,0.1,0,0.107281146750276
25,6,2,0.2,31,0.2,476,10,0.1,0,-0.020753215032968
25,6,2,0.2,31,0.2,476,10,0.1,0,0.0192332439654659
25,6,2,0.2,31,0.2,476,10,0.1,0,0.234686828174877
25,6,2,0.2,31,0.2,476,10,0.1,0,-0.0600808887743354
25,6,2,0.2,31,0.2,476,10,0.1,0,-0.0337158928145723
25,6,2,0.2,31,0.2,476,10,0.1,0,0.380218997600056
25,6,2,0.2,31,0.2,476,10,0.1,0,-0.0478904432428782
25,6,2,0.2,31,0.2,476,10,0.1,0,0.558045409134561
25,6,2,0.2,31,0.2,476,10,0.1,0,0
25,6,2,0.2,31,0.2,476,10,0.1,0,-2.90718846830478e-29
25,6,2,0.2,31,0.2,476,10,0.1,0,0.236848925629278
25,6,2,0.2,31,0.2,476,10,0.1,0,-0.013113344130776
25,6,2,0.2,31,0.2,476,10,0.1,0,0.126985624033547
25,6,2,0.2,31,0.2,476,10,0.1,0,0
25,6,2,0.2,31,0.2,476,10,0.1,0,0.0557377771695163
25,6,2,0.2,31,0.2,476,10,0.1,0,0.112796035963725
25,6,2,0.2,31,0.2,476,10,0.1,0,0.0997541990380205
25,6,2,0.2,31,0.2,476,10,0.1,0,0.103886510417714
25,6,2,0.2,31,0.2,476,10,0.1,0,-0.277924908493686
25,6,2,0.2,31,0.2,476,10,0.1,0,-0.00557244347452586
25,6,2,0.2,31,0.2,476,10,0.1,0,0.157135156801955
25,6,2,0.2,31,0.2,476,10,0.1,0,0.165646494962058
25,6,2,0.2,31,0.2,476,10,0.1,0,-0.00695870173952352
25,6,2,0.2,31,0.2,476,10,0.1,0,3.84900327181366e-28
25,6,2,0.2,31,0.2,476,10,0.1,0,0
25,6,2,0.2,31,0.2,476,10,0.1,0,0.833469467551344
25,6,2,0.2,31,0.2,476,10,0.1,0,-4.0158674874706e-28
25,6,2,0.2,31,0.2,476,10,0.1,0,0.0445226968500389
25,6,2,0.2,31,0.2,476,10,0.1,0,0.0821735044270709
25,6,2,0.2,31,0.2,476,10,0.1,0,0
25,6,2,0.2,31,0.2,476,10,0.1,0,-0.0159892256575842
25,6,2,0.2,31,0.2,476,10,0.1,0,-1.54477751471711e-28
25,6,2,0.2,31,0.2,476,10,0.1,0,-0.0128192847213827
25,6,2,0.2,31,0.2,476,10,0.1,0,-1.13042539537577
25,6,2,0.2,31,0.2,476,10,0.1,0,-0.0469936152751959
25,6,2,0.2,31,0.2,476,10,0.1,0,0
25,6,2,0.2,31,0.2,476,10,0.1,0,2.13429083797424
25,6,2,0.2,31,0.2,476,10,0.1,0,0.00357864287231419
25,6,2,0.2,31,0.2,476,10,0.1,0,0.121578351664015
25,6,2,0.2,31,0.2,476,10,0.1,0,-0.0469608829917374
25,6,2,0.2,31,0.2,476,10,0.1,0,-0.0542036976695845
25,6,2,0.2,31,0.2,476,10,0.1,0,-3.22048866543678e-29
25,6,2,0.2,31,0.2,476,10,0.1,0,-0.0334520492192256
25,6,2,0.2,31,0.2,476,10,0.1,0,-0.0767345349379512
25,6,2,0.2,31,0.2,476,10,0.1,0,0.114153639764309
25,6,2,0.2,31,0.2,476,10,0.1,0,-0.218854211434377
25,6,2,0.2,31,0.2,476,10,0.1,0,-0.0605337637352389
25,6,2,0.2,31,0.2,476,10,0.1,0,0.019954532776577
25,6,2,0.2,31,0.2,476,10,0.1,0,0.00117097469463099
25,6,2,0.2,31,0.2,476,10,0.1,0,0
25,6,2,0.2,31,0.2,476,10,0.1,0,0.122202008842359
25,6,2,0.2,31,0.2,476,10,0.1,0,-0.0389892627631888
25,6,2,0.2,31,0.2,476,10,0.1,0,1.11371801524866e-28
25,6,2,0.2,31,0.2,476,10,0.1,0,0.00482275204831715
25,6,2,0.2,31,0.2,476,10,0.1,0,0.114964465406047
25,6,2,0.2,31,0.2,476,10,0.1,0,1.53160626931499e-28
25,6,2,0.2,31,0.2,476,10,0.1,0,-0.184092887101634
25,6,2,0.2,31,0.2,476,10,0.1,0,-0.0995313070294336
25,6,2,0.2,31,0.2,476,10,0.1,0,0.0164184627073967
25,6,2,0.2,31,0.2,476,10,0.1,0,0.0439111463197476
25,6,2,0.2,31,0.2,476,10,0.1,0,-0.0331558086975146
25,6,2,0.2,31,0.2,476,10,0.1,0,0
25,6,2,0.2,31,0.2,476,10,0.1,0,0.0357550995237064
25,6,2,0.2,31,0.2,476,10,0.1,0,0.0999742976145572
25,6,2,0.2,31,0.2,476,10,0.1,0,0.25869402363724
25,6,2,0.2,31,0.2,476,10,0.1,0,3.92501520365522e-28
25,6,2,0.2,31,0.2,476,10,0.1,0,2.54361428718444e-29
25,6,2,0.2,31,0.2,476,10,0.1,0,0.0536748788620102
25,6,2,0.2,31,0.2,476,10,0.1,0,-0.0284739381085413
25,6,2,0.2,31,0.2,476,10,0.1,0,0.0200441989372251
25,6,2,0.2,31,0.2,476,10,0.1,0,-0.0284716975566104
25,6,2,0.2,31,0.2,476,10,0.1,0,0
25,6,2,0.2,31,0.2,476,10,0.1,0,0.0541603387687682
25,6,2,0.2,31,0.2,476,10,0.1,0,-0.017476566021708
25,6,2,0.2,31,0.2,476,10,0.1,0,7.69513162998564e-30
25,6,2,0.2,31,0.2,476,10,0.1,0,-0.00312331952411174
25,6,2,0.2,31,0.2,476,10,0.1,0,4.25270452345299e-29
25,6,2,0.2,31,0.2,476,10,0.1,0,0.00471997785480736
25,6,2,0.2,31,0.2,476,10,0.1,0,-0.253976763056471
25,6,2,0.2,31,0.2,476,10,0.1,0,-0.145796031039087
25,6,2,0.2,31,0.2,476,10,0.1,0,-1.1995410742367e-28
25,6,2,0.2,31,0.2,476,10,0.1,0,0.0212532101651619
25,6,2,0.2,31,0.2,476,10,0.1,0,-0.00708894846123216
25,6,2,0.2,31,0.2,476,10,0.1,0,-0.00956922989055857
25,6,2,0.2,31,0.2,476,10,0.1,0,0.0222827109900533
25,6,2,0.2,31,0.2,476,10,0.1,0,-0.0051679886758437
25,6,2,0.2,31,0.2,476,10,0.1,0,0
25,6,2,0.2,31,0.2,476,10,0.1,0,0.00797699867521709
25,6,2,0.2,31,0.2,476,10,0.1,0,-0.13349609583745
25,6,2,0.2,31,0.2,476,10,0.1,0,0.023313468256643
25,6,2,0.2,31,0.2,476,10,0.1,0,0
25,6,2,0.2,31,0.2,476,10,0.1,0,2.13020212488088e-29
25,6,2,0.2,31,0.2,476,10,0.1,0,0.208797937248049
25,6,2,0.2,31,0.2,476,10,0.1,0,0
25,6,2,0.2,31,0.2,476,10,0.1,0,0.161229771113724
25,6,2,0.2,31,0.2,476,10,0.1,0,0
25,6,2,0.2,31,0.2,476,10,0.1,0,0.0015373339414696
25,6,2,0.2,31,0.2,476,10,0.1,0,-0.111931467163888
25,6,2,0.2,31,0.2,476,10,0.1,0,-0.0997812376133896
25,6,2,0.2,31,0.2,476,10,0.1,0,4.80683837722924e-28
25,6,2,0.2,31,0.2,476,10,0.1,0,0.300936837847458
25,6,2,0.2,31,0.2,476,10,0.1,0,0.348313099076608
25,6,2,0.2,31,0.2,476,10,0.1,0,-0.01331035069961
25,6,2,0.2,31,0.2,476,10,0.1,0,2.65796361640298e-27
25,6,2,0.2,31,0.2,476,10,0.1,0,-0.0760014493838829
25,6,2,0.2,31,0.2,476,10,0.1,0,-9.05020612281722e-29
25,6,2,0.2,31,0.2,476,10,0.1,0,-0.0297398208746876
25,6,2,0.2,31,0.2,476,10,0.1,0,-0.0937290535137113
25,6,2,0.2,31,0.2,476,10,0.1,0,0.234084503894816
25,6,2,0.2,31,0.2,476,10,0.1,0,0.0245562536508165
25,6,2,0.2,31,0.2,476,10,0.1,0,0.0609509621132915
25,6,2,0.2,31,0.2,476,10,0.1,0,-0.0472546641765702
25,6,2,0.2,31,0.2,476,10,0.1,0,-0.198687947353564
25,6,2,0.2,31,0.2,476,10,0.1,0,-2.49922507554609
25,6,2,0.2,31,0.2,476,10,0.1,0,0
25,6,2,0.2,31,0.2,476,10,0.1,0,0.111594284444208
25,6,2,0.2,31,0.2,476,10,0.1,0,-1.01091281588497
25,6,2,0.2,31,0.2,476,10,0.1,0,0.0998315020952174
25,6,2,0.2,31,0.2,476,10,0.1,0,0.116012515735697
25,6,2,0.2,31,0.2,476,10,0.1,0,-0.0803949153416549
25,6,2,0.2,31,0.2,476,10,0.1,0,-0.12808917659005
25,6,2,0.2,31,0.2,476,10,0.1,0,-0.0245189512299567
25,6,2,0.2,31,0.2,476,10,0.1,0,0.0197879557083901
25,6,2,0.2,31,0.2,476,10,0.1,0,0
25,6,2,0.2,31,0.2,476,10,0.1,0,-0.00702994427550542
25,6,2,0.2,31,0.2,476,10,0.1,0,0.114597494392846
25,6,2,0.2,31,0.2,476,10,0.1,0,0
25,6,2,0.2,31,0.2,476,10,0.1,0,-0.148223917038048
25,6,2,0.2,31,0.2,476,10,0.1,0,-0.103568491453792
25,6,2,0.2,31,0.2,476,10,0.1,0,-0.14306972700397
25,6,2,0.2,31,0.2,476,10,0.1,0,-0.0408927357971656
25,6,2,0.2,31,0.2,476,10,0.1,0,0
25,6,2,0.2,31,0.2,476,10,0.1,0,0.0968073307632597
25,6,2,0.2,31,0.2,476,10,0.1,0,1.91146370403283e-28
25,6,2,0.2,31,0.2,476,10,0.1,0,0.210822594229545
25,6,2,0.2,31,0.2,476,10,0.1,0,-0.00431719524537016
25,6,2,0.2,31,0.2,476,10,0.1,0,-0.00776674229622245
25,6,2,0.2,31,0.2,476,10,0.1,0,0.0271589087826806
25,6,2,0.2,31,0.2,476,10,0.1,0,1.8644158671912e-28
25,6,2,0.2,31,0.2,476,10,0.1,0,-0.00502894012129137
25,6,2,0.2,31,0.2,476,10,0.1,0,-0.0318953829235812
25,6,2,0.2,31,0.2,476,10,0.1,0,0.0666150411459667
25,6,2,0.2,31,0.2,476,10,0.1,0,-0.249093858493051
25,6,2,0.2,31,0.2,476,10,0.1,0,-4.39319926625512e-29
25,6,2,0.2,31,0.2,476,10,0.1,0,0.10639575679058
25,6,2,0.2,31,0.2,476,10,0.1,0,0.229000715663082
25,6,2,0.2,31,0.2,476,10,0.1,0,-0.111820824128206
25,6,2,0.2,31,0.2,476,10,0.1,0,-0.0488977783032172
25,6,2,0.2,31,0.2,476,10,0.1,0,0.028562966224389
25,6,2,0.2,31,0.2,476,10,0.1,0,-0.00341724943617246
25,6,2,0.2,31,0.2,476,10,0.1,0,-0.00396961491114865
25,6,2,0.2,31,0.2,476,10,0.1,0,-0.052989149400489
25,6,2,0.2,31,0.2,476,10,0.1,0,0.0198674286535769
25,6,2,0.2,31,0.2,476,10,0.1,0,-0.0899816776087139
25,6,2,0.2,31,0.2,476,10,0.1,0,-0.338912507334546
25,6,2,0.2,31,0.2,476,10,0.1,0,-1.85822851807868e-29
25,6,2,0.2,31,0.2,476,10,0.1,0,3.47149422646768e-28
25,6,2,0.2,31,0.2,476,10,0.1,0,0.158414338604015
25,6,2,0.2,31,0.2,476,10,0.1,0,0.134925336015818
25,6,2,0.2,31,0.2,476,10,0.1,0,-5.17759898238953e-29
25,6,2,0.2,31,0.2,476,10,0.1,0,0
25,6,2,0.2,31,0.2,476,10,0.1,0,-2.6059918473857e-29
25,6,2,0.2,31,0.2,476,10,0.1,0,-0.153280387706781
25,6,2,0.2,31,0.2,476,10,0.1,0,0.0927827538266705
25,6,2,0.2,31,0.2,476,10,0.1,0,0
25,6,2,0.2,31,0.2,476,10,0.1,0,0.487588739288837
25,6,2,0.2,31,0.2,476,10,0.1,0,0.0121761392578641
25,6,2,0.2,31,0.2,476,10,0.1,0,0
25,6,2,0.2,31,0.2,476,10,0.1,0,0.00328652405539773
25,6,2,0.2,31,0.2,476,10,0.1,0,-0.00196146616859517
25,6,2,0.2,31,0.2,476,10,0.1,0,-0.00360196902107771
25,6,2,0.2,31,0.2,476,10,0.1,0,0.00871408702829952
25,6,2,0.2,31,0.2,476,10,0.1,0,0.000243940982789981
25,6,2,0.2,31,0.2,476,10,0.1,0,0.000240214647222987
25,6,2,0.2,31,0.2,476,10,0.1,0,-0.0752930637223958
25,6,2,0.2,31,0.2,476,10,0.1,0,0
25,6,2,0.2,31,0.2,476,10,0.1,0,-0.055643272818569
25,6,2,0.2,31,0.2,476,10,0.1,0,-0.0789481455299398
25,6,2,0.2,31,0.2,476,10,0.1,0,0
25,6,2,0.2,31,0.2,476,10,0.1,0,0.285704081860793
25,6,2,0.2,31,0.2,476,10,0.1,0,-0.00801297633668792
25,6,2,0.2,31,0.2,476,10,0.1,0,0.00235927981664513
25,6,2,0.2,31,0.2,476,10,0.1,0,-0.0211031223313611
25,6,2,0.2,31,0.2,476,10,0.1,0,0.092945995023605
25,6,2,0.2,31,0.2,476,10,0.1,0,-0.0193675777816591
25,6,2,0.2,31,0.2,476,10,0.1,0,-0.0067791849351144
25,6,2,0.2,31,0.2,476,10,0.1,0,1.48494994165459
25,6,2,0.2,31,0.2,476,10,0.1,0,0
25,6,2,0.2,31,0.2,476,10,0.1,0,-0.00308870527375351
25,6,2,0.2,31,0.2,476,10,0.1,0,-4.41635189462919e-29
25,6,2,0.2,31,0.2,476,10,0.1,0,8.50318154650526e-29
25,6,2,0.2,31,0.2,476,10,0.1,0,0.140246435214668
25,6,2,0.2,31,0.2,476,10,0.1,0,-0.00781674709999538
25,6,2,0.2,31,0.2,476,10,0.1,0,-0.01529769360651
25,6,2,0.2,31,0.2,476,10,0.1,0,0.0373568223325943
25,6,2,0.2,31,0.2,476,10,0.1,0,0
25,6,2,0.2,31,0.2,476,10,0.1,0,0.00122150544129187
25,6,2,0.2,31,0.2,476,10,0.1,0,0.684224208557695
25,6,2,0.2,31,0.2,476,10,0.1,0,-0.0180487106943542
25,6,2,0.2,31,0.2,476,10,0.1,0,-0.000833600708419837
25,6,2,0.2,31,0.2,476,10,0.1,0,-0.00488516607236229
25,6,2,0.2,31,0.2,476,10,0.1,0,0
25,6,2,0.2,31,0.2,476,10,0.1,0,-0.0215446750728175
25,6,2,0.2,31,0.2,476,10,0.1,0,-0.126842679950321
25,6,2,0.2,31,0.2,476,10,0.1,0,0.13885662173315
25,6,2,0.2,31,0.2,476,10,0.1,0,-0.32279405247309
25,6,2,0.2,31,0.2,476,10,0.1,0,-0.0217488111871634
25,6,2,0.2,31,0.2,476,10,0.1,0,-1.5617614009366
25,6,2,0.2,31,0.2,476,10,0.1,0,-0.105716424943466
25,6,2,0.2,31,0.2,476,10,0.1,0,0.654014346824993
25,6,2,0.2,31,0.2,476,10,0.1,0,0.00317933267000042
25,6,2,0.2,31,0.2,476,10,0.1,0,0.190500125434727
25,6,2,0.2,31,0.2,476,10,0.1,0,0.0186179875273793
25,6,2,0.2,31,0.2,476,10,0.1,0,0.0315531275227075
25,6,2,0.2,31,0.2,476,10,0.1,0,-6.47494028879114e-29
25,6,2,0.2,31,0.2,476,10,0.1,0,0.0229521046140083
25,6,2,0.2,31,0.2,476,10,0.1,0,8.0059727629029e-29
25,6,2,0.2,31,0.2,476,10,0.1,0,-0.0296368487642622
25,6,2,0.2,31,0.2,476,10,0.1,0,-0.155568542824673
25,6,2,0.2,31,0.2,476,10,0.1,0,0
25,6,2,0.2,31,0.2,476,10,0.1,0,0.0931455637748721
25,6,2,0.2,31,0.2,476,10,0.1,0,0.00751901212505203
25,6,2,0.2,31,0.2,476,10,0.1,0,-0.00369321777719886
25,6,2,0.2,31,0.2,476,10,0.1,0,0.179260352245501
25,6,2,0.2,31,0.2,476,10,0.1,0,0.0152123575852848
25,6,2,0.2,31,0.2,476,10,0.1,0,-4.9161418561735e-28
25,6,2,0.2,31,0.2,476,10,0.1,0,-0.0160547331824311
25,6,2,0.2,31,0.2,476,10,0.1,0,0
25,6,2,0.2,31,0.2,476,10,0.1,0,0.469514339748494
25,6,2,0.2,31,0.2,476,10,0.1,0,0.121908096851971
25,6,2,0.2,31,0.2,476,10,0.1,0,0.122831877707226
25,6,2,0.2,31,0.2,476,10,0.1,0,0.011209613660185
25,6,2,0.2,31,0.2,476,10,0.1,0,0.189575465832623
25,6,2,0.2,31,0.2,476,10,0.1,0,0.035326714590072
25,6,2,0.2,31,0.2,476,10,0.1,0,0.017772182698039
25,6,2,0.2,31,0.2,476,10,0.1,0,-0.00870698629994672
25,6,2,0.2,31,0.2,476,10,0.1,0,-0.0435326118579516
25,6,2,0.2,31,0.2,476,10,0.1,0,0.0111125307766246
25,6,2,0.2,31,0.2,476,10,0.1,0,-0.0582460532692466
25,6,2,0.2,31,0.2,476,10,0.1,0,0.134406462817514
25,6,2,0.2,31,0.2,476,10,0.1,0,0.0967011807788418
25,6,2,0.2,31,0.2,476,10,0.1,0,-0.00812550253369583
25,6,2,0.2,31,0.2,476,10,0.1,0,0.0965439217470222
25,6,2,0.2,31,0.2,476,10,0.1,0,1.32488700589497e-28
25,6,2,0.2,31,0.2,476,10,0.1,0,0
25,6,2,0.2,31,0.2,476,10,0.1,0,0.00441224396471453
25,6,2,0.2,31,0.2,476,10,0.1,0,0
25,6,2,0.2,31,0.2,476,10,0.1,0,0.143751862186693
25,6,2,0.2,31,0.2,476,10,0.1,0,0.0694898785468922
25,6,2,0.2,31,0.2,476,10,0.1,0,0.0113422247867556
25,6,2,0.2,31,0.2,476,10,0.1,0,0.0177171105346465
25,6,2,0.2,31,0.2,476,10,0.1,0,0.0744332428352958
25,6,2,0.2,31,0.2,476,10,0.1,0,0.112485271738545
25,6,2,0.2,31,0.2,476,10,0.1,0,0.229609477757779
25,6,2,0.2,31,0.2,476,10,0.1,0,0.116391516012655
25,6,2,0.2,31,0.2,476,10,0.1,0,-0.0373785630790842
25,6,2,0.2,31,0.2,476,10,0.1,0,0.0405973376629874
25,6,2,0.2,31,0.2,476,10,0.1,0,0.336568591395025
25,6,2,0.2,31,0.2,476,10,0.1,0,0.29314559088766
25,6,2,0.2,31,0.2,476,10,0.1,0,0.041631019731843
25,6,2,0.2,31,0.2,476,10,0.1,0,0.227624747006176
25,6,2,0.2,31,0.2,476,10,0.1,0,-0.0294591989148089
25,6,2,0.2,31,0.2,476,10,0.1,0,-0.00225365178760865
25,6,2,0.2,31,0.2,476,10,0.1,0,-0.0968464828088117
25,6,2,0.2,31,0.2,476,10,0.1,0,-0.0217647660381176
25,6,2,0.2,31,0.2,476,10,0.1,0,0.094880222686138
25,6,2,0.2,31,0.2,476,10,0.1,0,0.113619740069292
25,6,2,0.2,31,0.2,476,10,0.1,0,0.167040520599662
25,6,2,0.2,31,0.2,476,10,0.1,0,-0.135554787304051
25,6,2,0.2,31,0.2,476,10,0.1,0,0.277494102327157
25,6,2,0.2,31,0.2,476,10,0.1,0,1.0570722575588
25,6,2,0.2,31,0.2,476,10,0.1,0,-0.22143016195621
25,6,2,0.2,31,0.2,476,10,0.1,0,-0.0240948261158238
25,6,2,0.2,31,0.2,476,10,0.1,0,-2.77195035833855e-30
25,6,2,0.2,31,0.2,476,10,0.1,0,0.24542559196872
25,6,2,0.2,31,0.2,476,10,0.1,0,0.147437545836373
25,6,2,0.2,31,0.2,476,10,0.1,0,-1.46681232375635
25,6,2,0.2,31,0.2,476,10,0.1,0,0
25,6,2,0.2,31,0.2,476,10,0.1,0,0.0856160123498754
25,6,2,0.2,31,0.2,476,10,0.1,0,-0.00385849826035919
25,6,2,0.2,31,0.2,476,10,0.1,0,0.129054858349079
25,6,2,0.2,31,0.2,476,10,0.1,0,0.421496984734404
25,6,2,0.2,31,0.2,476,10,0.1,0,0.108860639049728
25,6,2,0.2,31,0.2,476,10,0.1,0,0.136733046701155
25,6,2,0.2,31,0.2,476,10,0.1,0,-1.9072668125502e-28
25,6,2,0.2,31,0.2,476,10,0.1,0,1.20466901536333e-29
25,6,2,0.2,31,0.2,476,10,0.1,0,-0.287011468502206
25,6,2,0.2,31,0.2,476,10,0.1,0,0.0403486022695655
25,6,2,0.2,31,0.2,476,10,0.1,0,0.174973739308768
25,6,2,0.2,31,0.2,476,10,0.1,0,0.0872413665685279
25,6,2,0.2,31,0.2,476,10,0.1,0,-0.0782613491934674
25,6,2,0.2,31,0.2,476,10,0.1,0,-0.0147951539337448
25,6,2,0.2,31,0.2,476,10,0.1,0,0.3374744506817
25,6,2,0.2,31,0.2,476,10,0.1,0,-0.15515707783548
25,6,2,0.2,31,0.2,476,10,0.1,0,-0.406020309246041
25,6,2,0.2,31,0.2,476,10,0.1,0,0.195481502864365
25,6,2,0.2,31,0.2,476,10,0.1,0,-7.59374315880999e-29
25,6,2,0.2,31,0.2,476,10,0.1,0,0.0748942561885652
25,6,2,0.2,31,0.2,476,10,0.1,0,0.0270828686743389
25,6,2,0.2,31,0.2,476,10,0.1,0,0.00193962171146137
25,6,2,0.2,31,0.2,476,10,0.1,0,-0.0158780728940443
25,6,2,0.2,31,0.2,476,10,0.1,0,0.0249917541378495
25,6,2,0.2,31,0.2,476,10,0.1,0,0.179284888645586
25,6,2,0.2,31,0.2,476,10,0.1,0,0
25,6,2,0.2,31,0.2,476,10,0.1,0,0.50478011405122
25,6,2,0.2,31,0.2,476,10,0.1,0,0.00536906437442825
25,6,2,0.2,31,0.2,476,10,0.1,0,0.12425318386666
25,6,2,0.2,31,0.2,476,10,0.1,0,2.89628625090521e-30
25,6,2,0.2,31,0.2,476,10,0.1,0,0
25,6,2,0.2,31,0.2,476,10,0.1,0,-0.281233435670579
25,6,2,0.2,31,0.2,476,10,0.1,0,-0.103797779083409
25,6,2,0.2,31,0.2,476,10,0.1,0,0.00765739071083643
25,6,2,0.2,31,0.2,476,10,0.1,0,-0.58914404428509
25,6,2,0.2,31,0.2,476,10,0.1,0,-0.237795831918075
25,6,2,0.2,31,0.2,476,10,0.1,0,0.49637364994108
25,6,2,0.2,31,0.2,476,10,0.1,0,-0.154660547414219
25,6,2,0.2,31,0.2,476,10,0.1,0,-0.20893583929877
25,6,2,0.2,31,0.2,476,10,0.1,0,0.448864825553515
25,6,2,0.2,31,0.2,476,10,0.1,0,0.0441087800116914
25,6,2,0.2,31,0.2,476,10,0.1,0,-0.0506040743169529
25,6,2,0.2,31,0.2,476,10,0.1,0,-0.358158849862457
25,6,2,0.2,31,0.2,476,10,0.1,0,-0.0619557864340078
25,6,2,0.2,31,0.2,476,10,0.1,0,0.0808766328248564
25,6,2,0.2,31,0.2,476,10,0.1,0,0.23816535785056
25,6,2,0.2,31,0.2,476,10,0.1,0,0.0995384774416212
25,6,2,0.2,31,0.2,476,10,0.1,0,-0.0563233485734228
25,6,2,0.2,31,0.2,476,10,0.1,0,-0.0120693040389509
25,6,2,0.2,31,0.2,476,10,0.1,0,-2.20947567211949
25,6,2,0.2,31,0.2,476,10,0.1,0,0.00939211471738778
25,6,2,0.2,31,0.2,476,10,0.1,0,0.0268995922549826
25,6,2,0.2,31,0.2,476,10,0.1,0,-0.0619995475119684
25,6,2,0.2,31,0.2,476,10,0.1,0,0.00681483541640287
25,6,2,0.2,31,0.2,476,10,0.1,0,0
25,6,2,0.2,31,0.2,476,10,0.1,0,0.177190671049103
25,6,2,0.2,31,0.2,476,10,0.1,0,0.396890539632189
25,6,2,0.2,31,0.2,476,10,0.1,0,0.0391431767227632
25,6,2,0.2,31,0.2,476,10,0.1,0,-0.535726575876393
25,6,2,0.2,31,0.2,476,10,0.1,0,0
25,6,2,0.2,31,0.2,476,10,0.1,0,2.04728730928575e-29
25,6,2,0.2,31,0.2,476,10,0.1,0,0
25,6,2,0.2,31,0.2,476,10,0.1,0,0.0734339559045969
25,6,2,0.2,31,0.2,476,10,0.1,0,9.75320052090066e-29
25,6,2,0.2,31,0.2,476,10,0.1,0,0.0170325565988733
25,6,2,0.2,31,0.2,476,10,0.1,0,-0.381520406095009
25,6,2,0.2,31,0.2,476,10,0.1,0,0.0081671777302758
25,6,2,0.2,31,0.2,476,10,0.1,0,-0.197127270380461
25,6,2,0.2,31,0.2,476,10,0.1,0,0.0463242510806961
25,6,2,0.2,31,0.2,476,10,0.1,0,0.265258722117185
25,6,2,0.2,31,0.2,476,10,0.1,0,-0.0151917205775897
25,6,2,0.2,31,0.2,476,10,0.1,0,0
25,6,2,0.2,31,0.2,476,10,0.1,0,0.059436679044354
25,6,2,0.2,31,0.2,476,10,0.1,0,0.236305937385665
25,6,2,0.2,31,0.2,476,10,0.1,0,0.0259081365762443
25,6,2,0.2,31,0.2,476,10,0.1,0,0.0317406485298398
25,6,2,0.2,31,0.2,476,10,0.1,0,-0.0476177942284161
25,6,2,0.2,31,0.2,476,10,0.1,0,0
25,6,2,0.2,31,0.2,476,10,0.1,0,-2.04659266018292e-29
25,6,2,0.2,31,0.2,476,10,0.1,0,0.189839095919346
25,6,2,0.2,31,0.2,476,10,0.1,0,-0.0652493995068536
25,6,2,0.2,31,0.2,476,10,0.1,0,2.34104451839185
25,6,2,0.2,31,0.2,476,10,0.1,0,-0.0488880223997524
25,6,2,0.2,31,0.2,476,10,0.1,0,0.19587988774695
25,6,2,0.2,31,0.2,476,10,0.1,0,0.0342036368301382
25,6,2,0.2,31,0.2,476,10,0.1,0,0
25,6,2,0.2,31,0.2,476,10,0.1,0,-0.287620904683739
25,6,2,0.2,31,0.2,476,10,0.1,0,-0.181897866070267
25,6,2,0.2,31,0.2,476,10,0.1,0,0.125900872410289
25,6,2,0.2,31,0.2,476,10,0.1,0,-0.0588619091152942
25,6,2,0.2,31,0.2,476,10,0.1,0,0.02176074316745
25,6,2,0.2,31,0.2,476,10,0.1,0,0.0674021759519407
25,6,2,0.2,31,0.2,476,10,0.1,0,-0.0457013019832966
25,6,2,0.2,31,0.2,476,10,0.1,0,-3.56292339798821e-28
25,6,2,0.2,31,0.2,476,10,0.1,0,0.234896377570144
25,6,2,0.2,31,0.2,476,10,0.1,0,0.656462655127922
25,6,2,0.2,31,0.2,476,10,0.1,0,0
25,6,2,0.2,31,0.2,476,10,0.1,0,0.0810701826181279
25,6,2,0.2,31,0.2,476,10,0.1,0,-0.0241349466070138
25,6,2,0.2,31,0.2,476,10,0.1,0,6.0975684816388
25,6,2,0.2,31,0.2,476,10,0.1,0,0.202757869258602
25,6,2,0.2,31,0.2,476,10,0.1,0,-4.44354172147291e-29
25,6,2,0.2,31,0.2,476,10,0.1,0,-0.37361211601955
25,6,2,0.2,31,0.2,476,10,0.1,0,-0.0650194398520101
25,6,2,0.2,31,0.2,476,10,0.1,0,0.00198530375142089
25,6,2,0.2,31,0.2,476,10,0.1,0,0
25,6,2,0.2,31,0.2,476,10,0.1,0,1.13731265476637
25,6,2,0.2,31,0.2,476,10,0.1,0,0.00219180505427142
25,6,2,0.2,31,0.2,476,10,0.1,0,0.00915177002114831
25,6,2,0.2,31,0.2,476,10,0.1,0,-0.0218616132064967
25,6,2,0.2,31,0.2,476,10,0.1,0,-1.57599167590261e-28
25,6,2,0.2,31,0.2,476,10,0.1,0,0.0166869059642644
25,6,2,0.2,31,0.2,476,10,0.1,0,-2.18683008003688e-28
25,6,2,0.2,31,0.2,476,10,0.1,0,0.0821663876556067
25,6,2,0.2,31,0.2,476,10,0.1,0,1.80811433230893
25,6,2,0.2,31,0.2,476,10,0.1,0,-0.0707429797749595
25,6,2,0.2,31,0.2,476,10,0.1,0,-0.117167060599147
25,6,2,0.2,31,0.2,476,10,0.1,0,-0.102429858209484
25,6,2,0.2,31,0.2,476,10,0.1,0,0.0106951267181367
25,6,2,0.2,31,0.2,476,10,0.1,0,3.3742294799789e-28
25,6,2,0.2,31,0.2,476,10,0.1,0,-2.08761665322624
25,6,2,0.2,31,0.2,476,10,0.1,0,-0.318661583094282
25,6,2,0.2,31,0.2,476,10,0.1,0,-0.0260874268263722
25,6,2,0.2,31,0.2,476,10,0.1,0,-0.117331458015005
25,6,2,0.2,31,0.2,476,10,0.1,0,-0.00882214331865941
25,6,2,0.2,31,0.2,476,10,0.1,0,0.149045078178615
25,6,2,0.2,31,0.2,476,10,0.1,0,0.620850891154634
25,6,2,0.2,31,0.2,476,10,0.1,0,-0.00274108562333945
25,6,2,0.2,31,0.2,476,10,0.1,0,0.0990179845155985
25,6,3,0.2,18,0.2,245,10,0.1,1,0.54818963378063
25,6,3,0.2,18,0.2,245,10,0.1,1,0.0810176709653947
25,6,3,0.2,18,0.2,245,10,0.1,1,0
25,6,3,0.2,18,0.2,245,10,0.1,1,0.13355374008293
25,6,3,0.2,18,0.2,245,10,0.1,1,0
25,6,3,0.2,18,0.2,245,10,0.1,1,0.0849903088833537
25,6,3,0.2,18,0.2,245,10,0.1,1,-0.590733785728067
25,6,3,0.2,18,0.2,245,10,0.1,1,0
25,6,3,0.2,18,0.2,245,10,0.1,1,0
25,6,3,0.2,18,0.2,245,10,0.1,1,0
25,6,3,0.2,18,0.2,245,10,0.1,1,0
25,6,3,0.2,18,0.2,245,10,0.1,1,-5.76558545523698e-20
25,6,3,0.2,18,0.2,245,10,0.1,1,-0.30934095467024
25,6,3,0.2,18,0.2,245,10,0.1,1,-0.163602373515962
25,6,3,0.2,18,0.2,245,10,0.1,1,0
25,6,3,0.2,18,0.2,245,10,0.1,1,0
25,6,3,0.2,18,0.2,245,10,0.1,1,-2.04439752808454
25,6,3,0.2,18,0.2,245,10,0.1,1,9.14615898172907e-21
25,6,3,0.2,18,0.2,245,10,0.1,0,0.155165753073527
25,6,3,0.2,18,0.2,245,10,0.1,0,4.70865665322649
25,6,3,0.2,18,0.2,245,10,0.1,0,0.138015425745171
25,6,3,0.2,18,0.2,245,10,0.1,0,0
25,6,3,0.2,18,0.2,245,10,0.1,0,-2.912826185874e-18
25,6,3,0.2,18,0.2,245,10,0.1,0,0.528533439585942
25,6,3,0.2,18,0.2,245,10,0.1,0,0.0766958506564211
25,6,3,0.2,18,0.2,245,10,0.1,0,1.02636138188506
25,6,3,0.2,18,0.2,245,10,0.1,0,-0.0102679493652994
25,6,3,0.2,18,0.2,245,10,0.1,0,-0.03424441034415
25,6,3,0.2,18,0.2,245,10,0.1,0,-0.0137857463214893
25,6,3,0.2,18,0.2,245,10,0.1,0,0.25049214072914
25,6,3,0.2,18,0.2,245,10,0.1,0,0
25,6,3,0.2,18,0.2,245,10,0.1,0,-2.5722878498009e-20
25,6,3,0.2,18,0.2,245,10,0.1,0,0
25,6,3,0.2,18,0.2,245,10,0.1,0,0.00373280486599937
25,6,3,0.2,18,0.2,245,10,0.1,0,0.0411025435998685
25,6,3,0.2,18,0.2,245,10,0.1,0,0.00831982269428279
25,6,3,0.2,18,0.2,245,10,0.1,0,-3.34867043346213e-20
25,6,3,0.2,18,0.2,245,10,0.1,0,0
25,6,3,0.2,18,0.2,245,10,0.1,0,0.0168364919940681
25,6,3,0.2,18,0.2,245,10,0.1,0,0.226052487435301
25,6,3,0.2,18,0.2,245,10,0.1,0,0.0163450276029729
25,6,3,0.2,18,0.2,245,10,0.1,0,-0.160259421747834
25,6,3,0.2,18,0.2,245,10,0.1,0,-0.0162726265103342
25,6,3,0.2,18,0.2,245,10,0.1,0,0.0731356337349963
25,6,3,0.2,18,0.2,245,10,0.1,0,0
25,6,3,0.2,18,0.2,245,10,0.1,0,-0.0157323527560382
25,6,3,0.2,18,0.2,245,10,0.1,0,0.123392630052145
25,6,3,0.2,18,0.2,245,10,0.1,0,2.23762610011844
25,6,3,0.2,18,0.2,245,10,0.1,0,0.00133944125751705
25,6,3,0.2,18,0.2,245,10,0.1,0,0
25,6,3,0.2,18,0.2,245,10,0.1,0,0.272877071082509
25,6,3,0.2,18,0.2,245,10,0.1,0,0
25,6,3,0.2,18,0.2,245,10,0.1,0,0.934813732151373
25,6,3,0.2,18,0.2,245,10,0.1,0,0.332369250818589
25,6,3,0.2,18,0.2,245,10,0.1,0,-0.00948279981993525
25,6,3,0.2,18,0.2,245,10,0.1,0,0.0499917702077646
25,6,3,0.2,18,0.2,245,10,0.1,0,-1.99143188489967e-20
25,6,3,0.2,18,0.2,245,10,0.1,0,0.00717543293698949
25,6,3,0.2,18,0.2,245,10,0.1,0,-3.83348326641858e-21
25,6,3,0.2,18,0.2,245,10,0.1,0,0.110495782576469
25,6,3,0.2,18,0.2,245,10,0.1,0,-0.0978716562449945
25,6,3,0.2,18,0.2,245,10,0.1,0,0
25,6,3,0.2,18,0.2,245,10,0.1,0,-0.00183988645295974
25,6,3,0.2,18,0.2,245,10,0.1,0,-0.0887281020172526
25,6,3,0.2,18,0.2,245,10,0.1,0,0.00366950516776801
25,6,3,0.2,18,0.2,245,10,0.1,0,-0.00166942074698896
25,6,3,0.2,18,0.2,245,10,0.1,0,0.00710688040458576
25,6,3,0.2,18,0.2,245,10,0.1,0,0
25,6,3,0.2,18,0.2,245,10,0.1,0,0.153169524237137
25,6,3,0.2,18,0.2,245,10,0.1,0,0.0374480076216578
25,6,3,0.2,18,0.2,245,10,0.1,0,0.175361994585393
25,6,3,0.2,18,0.2,245,10,0.1,0,0.127262678852084
25,6,3,0.2,18,0.2,245,10,0.1,0,1.46292855184031e-20
25,6,3,0.2,18,0.2,245,10,0.1,0,-2.27506205400968
25,6,3,0.2,18,0.2,245,10,0.1,0,0.117841210778673
25,6,3,0.2,18,0.2,245,10,0.1,0,0.130109010920125
25,6,3,0.2,18,0.2,245,10,0.1,0,3.82712649886602e-20
25,6,3,0.2,18,0.2,245,10,0.1,0,-0.00756703834806504
25,6,3,0.2,18,0.2,245,10,0.1,0,0
25,6,3,0.2,18,0.2,245,10,0.1,0,0
25,6,3,0.2,18,0.2,245,10,0.1,0,0
25,6,3,0.2,18,0.2,245,10,0.1,0,0.135517038469164
25,6,3,0.2,18,0.2,245,10,0.1,0,0
25,6,3,0.2,18,0.2,245,10,0.1,0,3.61834164934481
25,6,3,0.2,18,0.2,245,10,0.1,0,0.000949684468622642
25,6,3,0.2,18,0.2,245,10,0.1,0,0
25,6,3,0.2,18,0.2,245,10,0.1,0,0.0499275800598384
25,6,3,0.2,18,0.2,245,10,0.1,0,-0.197596603868876
25,6,3,0.2,18,0.2,245,10,0.1,0,0.00765092944462323
25,6,3,0.2,18,0.2,245,10,0.1,0,-0.015173066400763
25,6,3,0.2,18,0.2,245,10,0.1,0,0
25,6,3,0.2,18,0.2,245,10,0.1,0,0.0418937576522531
25,6,3,0.2,18,0.2,245,10,0.1,0,0.613337938272873
25,6,3,0.2,18,0.2,245,10,0.1,0,0
25,6,3,0.2,18,0.2,245,10,0.1,0,4.72880694586141e-20
25,6,3,0.2,18,0.2,245,10,0.1,0,0
25,6,3,0.2,18,0.2,245,10,0.1,0,3.69031229653091e-20
25,6,3,0.2,18,0.2,245,10,0.1,0,4.993734239065e-19
25,6,3,0.2,18,0.2,245,10,0.1,0,0
25,6,3,0.2,18,0.2,245,10,0.1,0,-0.0997629779122086
25,6,3,0.2,18,0.2,245,10,0.1,0,0
25,6,3,0.2,18,0.2,245,10,0.1,0,0
25,6,3,0.2,18,0.2,245,10,0.1,0,0.0594743298430426
25,6,3,0.2,18,0.2,245,10,0.1,0,0
25,6,3,0.2,18,0.2,245,10,0.1,0,0.068534956299695
25,6,3,0.2,18,0.2,245,10,0.1,0,-0.00339961443316197
25,6,3,0.2,18,0.2,245,10,0.1,0,-0.957056975312248
25,6,3,0.2,18,0.2,245,10,0.1,0,0
25,6,3,0.2,18,0.2,245,10,0.1,0,-1.81784087572683e-18
25,6,3,0.2,18,0.2,245,10,0.1,0,-0.0830312424456921
25,6,3,0.2,18,0.2,245,10,0.1,0,0
25,6,3,0.2,18,0.2,245,10,0.1,0,1.48789146119834e-17
25,6,3,0.2,18,0.2,245,10,0.1,0,0
25,6,3,0.2,18,0.2,245,10,0.1,0,0
25,6,3,0.2,18,0.2,245,10,0.1,0,-0.300248980295746
25,6,3,0.2,18,0.2,245,10,0.1,0,-0.00289455719254437
25,6,3,0.2,18,0.2,245,10,0.1,0,0
25,6,3,0.2,18,0.2,245,10,0.1,0,-0.089852307501006
25,6,3,0.2,18,0.2,245,10,0.1,0,0
25,6,3,0.2,18,0.2,245,10,0.1,0,-0.00538632349626932
25,6,3,0.2,18,0.2,245,10,0.1,0,0
25,6,3,0.2,18,0.2,245,10,0.1,0,0
25,6,3,0.2,18,0.2,245,10,0.1,0,-3.34350196526854e-21
25,6,3,0.2,18,0.2,245,10,0.1,0,-0.0919473914281187
25,6,3,0.2,18,0.2,245,10,0.1,0,8.29009700654095e-21
25,6,3,0.2,18,0.2,245,10,0.1,0,0
25,6,3,0.2,18,0.2,245,10,0.1,0,0.308625014529234
25,6,3,0.2,18,0.2,245,10,0.1,0,0
25,6,3,0.2,18,0.2,245,10,0.1,0,-0.0178274189342863
25,6,3,0.2,18,0.2,245,10,0.1,0,0.00663690131507731
25,6,3,0.2,18,0.2,245,10,0.1,0,-0.134636151888371
25,6,3,0.2,18,0.2,245,10,0.1,0,0.00262202379919311
25,6,3,0.2,18,0.2,245,10,0.1,0,0
25,6,3,0.2,18,0.2,245,10,0.1,0,0
25,6,3,0.2,18,0.2,245,10,0.1,0,-0.114689493880886
25,6,3,0.2,18,0.2,245,10,0.1,0,0.0496308078866251
25,6,3,0.2,18,0.2,245,10,0.1,0,0.137507356257908
25,6,3,0.2,18,0.2,245,10,0.1,0,-1.6699814801759e-20
25,6,3,0.2,18,0.2,245,10,0.1,0,1.85248472291477e-21
25,6,3,0.2,18,0.2,245,10,0.1,0,0.710309194639372
25,6,3,0.2,18,0.2,245,10,0.1,0,0.0180411595384054
25,6,3,0.2,18,0.2,245,10,0.1,0,-7.09738434229271e-21
25,6,3,0.2,18,0.2,245,10,0.1,0,0.0686614968468931
25,6,3,0.2,18,0.2,245,10,0.1,0,0
25,6,3,0.2,18,0.2,245,10,0.1,0,0.00163050526260997
25,6,3,0.2,18,0.2,245,10,0.1,0,1.99325195097413e-20
25,6,3,0.2,18,0.2,245,10,0.1,0,0.195055358871492
25,6,3,0.2,18,0.2,245,10,0.1,0,0.0559309405420562
25,6,3,0.2,18,0.2,245,10,0.1,0,0.0242155073827377
25,6,3,0.2,18,0.2,245,10,0.1,0,-0.0948280797794162
25,6,3,0.2,18,0.2,245,10,0.1,0,0.00561002923384956
25,6,3,0.2,18,0.2,245,10,0.1,0,0
25,6,3,0.2,18,0.2,245,10,0.1,0,-0.0698979661721498
25,6,3,0.2,18,0.2,245,10,0.1,0,0.0305348954204592
25,6,3,0.2,18,0.2,245,10,0.1,0,1.24229702361489e-19
25,6,3,0.2,18,0.2,245,10,0.1,0,0.0872523266714315
25,6,3,0.2,18,0.2,245,10,0.1,0,0
25,6,3,0.2,18,0.2,245,10,0.1,0,0
25,6,3,0.2,18,0.2,245,10,0.1,0,0
25,6,3,0.2,18,0.2,245,10,0.1,0,-0.0881092067327185
25,6,3,0.2,18,0.2,245,10,0.1,0,0
25,6,3,0.2,18,0.2,245,10,0.1,0,0.338118583050387
25,6,3,0.2,18,0.2,245,10,0.1,0,0.0038716103732306
25,6,3,0.2,18,0.2,245,10,0.1,0,0
25,6,3,0.2,18,0.2,245,10,0.1,0,0.151487708878519
25,6,3,0.2,18,0.2,245,10,0.1,0,0
25,6,3,0.2,18,0.2,245,10,0.1,0,0
25,6,3,0.2,18,0.2,245,10,0.1,0,0.117537599031872
25,6,3,0.2,18,0.2,245,10,0.1,0,-0.217861790461229
25,6,3,0.2,18,0.2,245,10,0.1,0,0
25,6,3,0.2,18,0.2,245,10,0.1,0,0.0135162381551133
25,6,3,0.2,18,0.2,245,10,0.1,0,0
25,6,3,0.2,18,0.2,245,10,0.1,0,0
25,6,3,0.2,18,0.2,245,10,0.1,0,-3.83890183641691
25,6,3,0.2,18,0.2,245,10,0.1,0,0.00113458114446045
25,6,3,0.2,18,0.2,245,10,0.1,0,-0.00494480462121627
25,6,3,0.2,18,0.2,245,10,0.1,0,-0.0753942266874616
25,6,3,0.2,18,0.2,245,10,0.1,0,-0.0439733522909898
25,6,3,0.2,18,0.2,245,10,0.1,0,-3.77990067527768e-20
25,6,3,0.2,18,0.2,245,10,0.1,0,0.289010456410845
25,6,3,0.2,18,0.2,245,10,0.1,0,0.120990457263008
25,6,3,0.2,18,0.2,245,10,0.1,0,0.0495291603892703
25,6,3,0.2,18,0.2,245,10,0.1,0,1.29529355233315e-18
25,6,3,0.2,18,0.2,245,10,0.1,0,0.00751792315232559
25,6,3,0.2,18,0.2,245,10,0.1,0,-6.96325125941167e-21
25,6,3,0.2,18,0.2,245,10,0.1,0,0.00395652210685187
25,6,3,0.2,18,0.2,245,10,0.1,0,4.30942532626081e-19
25,6,3,0.2,18,0.2,245,10,0.1,0,-0.116586475957776
25,6,3,0.2,18,0.2,245,10,0.1,0,4.78928402887133e-18
25,6,3,0.2,18,0.2,245,10,0.1,0,0.027612821270356
25,6,3,0.2,18,0.2,245,10,0.1,0,-9.71945420486059e-21
25,6,3,0.2,18,0.2,245,10,0.1,0,0
25,6,3,0.2,18,0.2,245,10,0.1,0,-0.167731857103024
25,6,3,0.2,18,0.2,245,10,0.1,0,-0.00629393314272786
25,6,3,0.2,18,0.2,245,10,0.1,0,5.64814179117155e-19
25,6,3,0.2,18,0.2,245,10,0.1,0,0.0283043004355585
25,6,3,0.2,18,0.2,245,10,0.1,0,0.0216275911576731
25,6,3,0.2,18,0.2,245,10,0.1,0,0.0241347246305756
25,6,3,0.2,18,0.2,245,10,0.1,0,3.96055558336977e-18
25,6,3,0.2,18,0.2,245,10,0.1,0,0
25,6,3,0.2,18,0.2,245,10,0.1,0,-5.03400624860489e-18
25,6,3,0.2,18,0.2,245,10,0.1,0,0.00264677805542506
25,6,3,0.2,18,0.2,245,10,0.1,0,0.0263796337696532
25,6,3,0.2,18,0.2,245,10,0.1,0,0.127942193740178
25,6,3,0.2,18,0.2,245,10,0.1,0,0.00898063357419148
25,6,3,0.2,18,0.2,245,10,0.1,0,0
25,6,3,0.2,18,0.2,245,10,0.1,0,0.000199688319994407
25,6,3,0.2,18,0.2,245,10,0.1,0,0.00307100364078273
25,6,3,0.2,18,0.2,245,10,0.1,0,-0.014152981127796
25,6,3,0.2,18,0.2,245,10,0.1,0,0
25,6,3,0.2,18,0.2,245,10,0.1,0,0
25,6,3,0.2,18,0.2,245,10,0.1,0,0
25,6,3,0.2,18,0.2,245,10,0.1,0,0.00310873134411106
25,6,3,0.2,18,0.2,245,10,0.1,0,0.0172098960850746
25,6,3,0.2,18,0.2,245,10,0.1,0,-1.39183328722553
25,6,3,0.2,18,0.2,245,10,0.1,0,8.36089983893593e-18
25,6,3,0.2,18,0.2,245,10,0.1,0,0.103620150548492
25,6,3,0.2,18,0.2,245,10,0.1,0,-2.71931164854603e-20
25,6,3,0.2,18,0.2,245,10,0.1,0,-0.00133570570498558
25,6,3,0.2,18,0.2,245,10,0.1,0,0
25,6,3,0.2,18,0.2,245,10,0.1,0,0
25,6,3,0.2,18,0.2,245,10,0.1,0,0
25,6,3,0.2,18,0.2,245,10,0.1,0,0
25,6,3,0.2,18,0.2,245,10,0.1,0,0.00620293798565799
25,6,3,0.2,18,0.2,245,10,0.1,0,0.10205307689493
25,6,3,0.2,18,0.2,245,10,0.1,0,0
25,6,3,0.2,18,0.2,245,10,0.1,0,0.000294807382300802
25,6,3,0.2,18,0.2,245,10,0.1,0,0
25,6,3,0.2,18,0.2,245,10,0.1,0,0
25,6,3,0.2,18,0.2,245,10,0.1,0,-0.0364380934012086
25,6,3,0.2,18,0.2,245,10,0.1,0,0
25,6,3,0.2,18,0.2,245,10,0.1,0,1.07156774462092e-20
25,6,3,0.2,18,0.2,245,10,0.1,0,0.01253579794845
25,6,3,0.2,18,0.2,245,10,0.1,0,0
25,6,3,0.2,18,0.2,245,10,0.1,0,0
25,6,3,0.2,18,0.2,245,10,0.1,0,0
25,6,3,0.2,18,0.2,245,10,0.1,0,0.104620654328024
25,6,3,0.2,18,0.2,245,10,0.1,0,0.0151259894527945
25,6,3,0.2,18,0.2,245,10,0.1,0,0
25,6,3,0.2,18,0.2,245,10,0.1,0,-0.00929862557125435
25,6,3,0.2,18,0.2,245,10,0.1,0,-3.86361685956589e-35
25,6,3,0.2,18,0.2,245,10,0.1,0,0
25,6,3,0.2,18,0.2,245,10,0.1,0,0
25,6,3,0.2,18,0.2,245,10,0.1,0,0.00255619164562275
25,6,3,0.2,18,0.2,245,10,0.1,0,-0.0857387617311251
25,6,3,0.2,18,0.2,245,10,0.1,0,-0.00943706131026595
25,6,3,0.2,18,0.2,245,10,0.1,0,1.23564283772576
25,6,3,0.2,18,0.2,245,10,0.1,0,-0.00835577427179572
25,6,3,0.2,18,0.2,245,10,0.1,0,0.0975077433488687
25,6,3,0.2,18,0.2,245,10,0.1,0,0.941238715991312
25,6,3,0.2,18,0.2,245,10,0.1,0,0.00468324876126787
25,6,3,0.2,18,0.2,245,10,0.1,0,0.00979611017256106
25,6,3,0.2,18,0.2,245,10,0.1,0,0.128059698431567
25,6,3,0.2,18,0.2,245,10,0.1,0,0
25,6,3,0.2,18,0.2,245,10,0.1,0,-2.26012860683262
25,6,3,0.2,18,0.2,245,10,0.1,0,0.0186488403901548
25,6,3,0.2,18,0.2,245,10,0.1,0,0
25,6,3,0.2,18,0.2,245,10,0.1,0,0.186058801177729
25,6,3,0.2,18,0.2,245,10,0.1,0,0
25,6,3,0.2,18,0.2,245,10,0.1,0,0.634478426865524
25,6,3,0.2,18,0.2,245,10,0.1,0,-0.0151528384823982
25,6,3,0.2,18,0.2,245,10,0.1,0,0.0405184327807741
25,6,3,0.2,18,0.2,245,10,0.1,0,-0.0621065472758304
25,6,4,0.2,23,0.2,294,10,0.1,1,0
25,6,4,0.2,23,0.2,294,10,0.1,1,0
25,6,4,0.2,23,0.2,294,10,0.1,1,-4.57580896516543
25,6,4,0.2,23,0.2,294,10,0.1,1,1.1757375344575
25,6,4,0.2,23,0.2,294,10,0.1,1,0
25,6,4,0.2,23,0.2,294,10,0.1,1,0
25,6,4,0.2,23,0.2,294,10,0.1,1,4.426109603145
25,6,4,0.2,23,0.2,294,10,0.1,1,0.02929366332377
25,6,4,0.2,23,0.2,294,10,0.1,1,0.0883574020969763
25,6,4,0.2,23,0.2,294,10,0.1,1,0.0953861836466471
25,6,4,0.2,23,0.2,294,10,0.1,1,-0.436936004004424
25,6,4,0.2,23,0.2,294,10,0.1,1,-0.0797448052363804
25,6,4,0.2,23,0.2,294,10,0.1,1,1.5851605802834
25,6,4,0.2,23,0.2,294,10,0.1,1,3.02132494796884e-25
25,6,4,0.2,23,0.2,294,10,0.1,1,-2.05959773187723e-24
25,6,4,0.2,23,0.2,294,10,0.1,1,-1.23850477719037e-25
25,6,4,0.2,23,0.2,294,10,0.1,1,-1.30793850426712
25,6,4,0.2,23,0.2,294,10,0.1,1,0.173246987286319
25,6,4,0.2,23,0.2,294,10,0.1,1,0
25,6,4,0.2,23,0.2,294,10,0.1,1,0
25,6,4,0.2,23,0.2,294,10,0.1,1,0
25,6,4,0.2,23,0.2,294,10,0.1,1,0.129423230680176
25,6,4,0.2,23,0.2,294,10,0.1,1,0.334263582013216
25,6,4,0.2,23,0.2,294,10,0.1,0,0
25,6,4,0.2,23,0.2,294,10,0.1,0,-0.0115103764657161
25,6,4,0.2,23,0.2,294,10,0.1,0,0.0370529074969425
25,6,4,0.2,23,0.2,294,10,0.1,0,0.0294824001275925
25,6,4,0.2,23,0.2,294,10,0.1,0,-2.25344410269017e-25
25,6,4,0.2,23,0.2,294,10,0.1,0,1.08578196854964
25,6,4,0.2,23,0.2,294,10,0.1,0,0.356526925997168
25,6,4,0.2,23,0.2,294,10,0.1,0,0
25,6,4,0.2,23,0.2,294,10,0.1,0,5.00365480024888e-25
25,6,4,0.2,23,0.2,294,10,0.1,0,0
25,6,4,0.2,23,0.2,294,10,0.1,0,0.158033883170779
25,6,4,0.2,23,0.2,294,10,0.1,0,0.225645185673424
25,6,4,0.2,23,0.2,294,10,0.1,0,2.39298943695185e-26
25,6,4,0.2,23,0.2,294,10,0.1,0,0.140141652733419
25,6,4,0.2,23,0.2,294,10,0.1,0,0.145906985425241
25,6,4,0.2,23,0.2,294,10,0.1,0,0
25,6,4,0.2,23,0.2,294,10,0.1,0,0
25,6,4,0.2,23,0.2,294,10,0.1,0,0.626314230219351
25,6,4,0.2,23,0.2,294,10,0.1,0,0
25,6,4,0.2,23,0.2,294,10,0.1,0,-0.0134264488292428
25,6,4,0.2,23,0.2,294,10,0.1,0,0.0317762163119326
25,6,4,0.2,23,0.2,294,10,0.1,0,0.0295145567304546
25,6,4,0.2,23,0.2,294,10,0.1,0,0.276523705983098
25,6,4,0.2,23,0.2,294,10,0.1,0,-0.245507342253799
25,6,4,0.2,23,0.2,294,10,0.1,0,0.0251015045708185
25,6,4,0.2,23,0.2,294,10,0.1,0,-0.00515155558483617
25,6,4,0.2,23,0.2,294,10,0.1,0,0
25,6,4,0.2,23,0.2,294,10,0.1,0,-0.933688010566486
25,6,4,0.2,23,0.2,294,10,0.1,0,0
25,6,4,0.2,23,0.2,294,10,0.1,0,0.0778054320644041
25,6,4,0.2,23,0.2,294,10,0.1,0,0
25,6,4,0.2,23,0.2,294,10,0.1,0,0
25,6,4,0.2,23,0.2,294,10,0.1,0,-9.40918042821859e-23
25,6,4,0.2,23,0.2,294,10,0.1,0,0
25,6,4,0.2,23,0.2,294,10,0.1,0,1.61526652470073
25,6,4,0.2,23,0.2,294,10,0.1,0,0.512943160231811
25,6,4,0.2,23,0.2,294,10,0.1,0,-0.00555250722926241
25,6,4,0.2,23,0.2,294,10,0.1,0,-4.8496390658916e-22
25,6,4,0.2,23,0.2,294,10,0.1,0,0.217117302585211
25,6,4,0.2,23,0.2,294,10,0.1,0,0
25,6,4,0.2,23,0.2,294,10,0.1,0,-0.0433489069903812
25,6,4,0.2,23,0.2,294,10,0.1,0,0.172227592427648
25,6,4,0.2,23,0.2,294,10,0.1,0,-1.12974129670304
25,6,4,0.2,23,0.2,294,10,0.1,0,-0.0316833177634269
25,6,4,0.2,23,0.2,294,10,0.1,0,-0.312777888561889
25,6,4,0.2,23,0.2,294,10,0.1,0,-0.0311758159326544
25,6,4,0.2,23,0.2,294,10,0.1,0,0.677395733434431
25,6,4,0.2,23,0.2,294,10,0.1,0,0.00401687155544266
25,6,4,0.2,23,0.2,294,10,0.1,0,2.66660666802379e-22
25,6,4,0.2,23,0.2,294,10,0.1,0,-0.10958703620922
25,6,4,0.2,23,0.2,294,10,0.1,0,0.0213691940699444
25,6,4,0.2,23,0.2,294,10,0.1,0,0.19673035749196
25,6,4,0.2,23,0.2,294,10,0.1,0,0.203282383916477
25,6,4,0.2,23,0.2,294,10,0.1,0,-0.0678459525886612
25,6,4,0.2,23,0.2,294,10,0.1,0,0.00188128311827368
25,6,4,0.2,23,0.2,294,10,0.1,0,-0.699850653309123
25,6,4,0.2,23,0.2,294,10,0.1,0,0
25,6,4,0.2,23,0.2,294,10,0.1,0,0
25,6,4,0.2,23,0.2,294,10,0.1,0,-0.000560090022270719
25,6,4,0.2,23,0.2,294,10,0.1,0,0.0267427810683262
25,6,4,0.2,23,0.2,294,10,0.1,0,1.470216543543e-23
25,6,4,0.2,23,0.2,294,10,0.1,0,-0.049658977667195
25,6,4,0.2,23,0.2,294,10,0.1,0,0.0973638800047673
25,6,4,0.2,23,0.2,294,10,0.1,0,0.0221069686020375
25,6,4,0.2,23,0.2,294,10,0.1,0,0.247234245499826
25,6,4,0.2,23,0.2,294,10,0.1,0,0
25,6,4,0.2,23,0.2,294,10,0.1,0,-0.0187577371290871
25,6,4,0.2,23,0.2,294,10,0.1,0,0.0904006599775511
25,6,4,0.2,23,0.2,294,10,0.1,0,-0.0690043029489217
25,6,4,0.2,23,0.2,294,10,0.1,0,0.0946226257395934
25,6,4,0.2,23,0.2,294,10,0.1,0,0.0596394772393954
25,6,4,0.2,23,0.2,294,10,0.1,0,-1.14360490411364
25,6,4,0.2,23,0.2,294,10,0.1,0,0.052332290717103
25,6,4,0.2,23,0.2,294,10,0.1,0,0.0767390626515344
25,6,4,0.2,23,0.2,294,10,0.1,0,0.190505338265871
25,6,4,0.2,23,0.2,294,10,0.1,0,-0.0801215608391431
25,6,4,0.2,23,0.2,294,10,0.1,0,0
25,6,4,0.2,23,0.2,294,10,0.1,0,0.0329524505115536
25,6,4,0.2,23,0.2,294,10,0.1,0,0
25,6,4,0.2,23,0.2,294,10,0.1,0,0
25,6,4,0.2,23,0.2,294,10,0.1,0,-0.0399485904998257
25,6,4,0.2,23,0.2,294,10,0.1,0,0
25,6,4,0.2,23,0.2,294,10,0.1,0,0.29217665884078
25,6,4,0.2,23,0.2,294,10,0.1,0,0.258950212081987
25,6,4,0.2,23,0.2,294,10,0.1,0,-0.0047978894835636
25,6,4,0.2,23,0.2,294,10,0.1,0,0
25,6,4,0.2,23,0.2,294,10,0.1,0,0.00516493393886808
25,6,4,0.2,23,0.2,294,10,0.1,0,0.0169835403136517
25,6,4,0.2,23,0.2,294,10,0.1,0,-0.0142285810921002
25,6,4,0.2,23,0.2,294,10,0.1,0,5.92792728766518e-25
25,6,4,0.2,23,0.2,294,10,0.1,0,0.0720070331859689
25,6,4,0.2,23,0.2,294,10,0.1,0,0.0344242250081147
25,6,4,0.2,23,0.2,294,10,0.1,0,-5.35380215038573e-26
25,6,4,0.2,23,0.2,294,10,0.1,0,-3.63036177222083e-25
25,6,4,0.2,23,0.2,294,10,0.1,0,-0.165198076531403
25,6,4,0.2,23,0.2,294,10,0.1,0,0.0843303975192059
25,6,4,0.2,23,0.2,294,10,0.1,0,0.907216577657526
25,6,4,0.2,23,0.2,294,10,0.1,0,-0.0466267772539889
25,6,4,0.2,23,0.2,294,10,0.1,0,-0.366115462533026
25,6,4,0.2,23,0.2,294,10,0.1,0,0
25,6,4,0.2,23,0.2,294,10,0.1,0,0
25,6,4,0.2,23,0.2,294,10,0.1,0,0.0179856898555044
25,6,4,0.2,23,0.2,294,10,0.1,0,0
25,6,4,0.2,23,0.2,294,10,0.1,0,-0.0455288055679706
25,6,4,0.2,23,0.2,294,10,0.1,0,-0.0564272054319586
25,6,4,0.2,23,0.2,294,10,0.1,0,0.136603261342593
25,6,4,0.2,23,0.2,294,10,0.1,0,0
25,6,4,0.2,23,0.2,294,10,0.1,0,0
25,6,4,0.2,23,0.2,294,10,0.1,0,-0.151937622996742
25,6,4,0.2,23,0.2,294,10,0.1,0,0.0476906897663229
25,6,4,0.2,23,0.2,294,10,0.1,0,-0.010533400662502
25,6,4,0.2,23,0.2,294,10,0.1,0,0.0894734813908774
25,6,4,0.2,23,0.2,294,10,0.1,0,0.0611156850661762
25,6,4,0.2,23,0.2,294,10,0.1,0,0.39004790542073
25,6,4,0.2,23,0.2,294,10,0.1,0,-0.0473870197811517
25,6,4,0.2,23,0.2,294,10,0.1,0,-1.06550602998146e-25
25,6,4,0.2,23,0.2,294,10,0.1,0,0.66664947549467
25,6,4,0.2,23,0.2,294,10,0.1,0,1.12404072618216
25,6,4,0.2,23,0.2,294,10,0.1,0,0
25,6,4,0.2,23,0.2,294,10,0.1,0,0.0787781439576387
25,6,4,0.2,23,0.2,294,10,0.1,0,-0.00245755627601235
25,6,4,0.2,23,0.2,294,10,0.1,0,0.00549603714204423
25,6,4,0.2,23,0.2,294,10,0.1,0,-0.0665323613147734
25,6,4,0.2,23,0.2,294,10,0.1,0,0
25,6,4,0.2,23,0.2,294,10,0.1,0,0.437506410330722
25,6,4,0.2,23,0.2,294,10,0.1,0,0.396694736337689
25,6,4,0.2,23,0.2,294,10,0.1,0,-6.88241926622131e-25
25,6,4,0.2,23,0.2,294,10,0.1,0,0.0915407075799309
25,6,4,0.2,23,0.2,294,10,0.1,0,0.00435700392185792
25,6,4,0.2,23,0.2,294,10,0.1,0,-1.0656145009112
25,6,4,0.2,23,0.2,294,10,0.1,0,-0.0683007923398468
25,6,4,0.2,23,0.2,294,10,0.1,0,-7.67997259598114e-23
25,6,4,0.2,23,0.2,294,10,0.1,0,-0.00675825190671705
25,6,4,0.2,23,0.2,294,10,0.1,0,-0.00896235481049918
25,6,4,0.2,23,0.2,294,10,0.1,0,0.0730719598645955
25,6,4,0.2,23,0.2,294,10,0.1,0,-1.83445185276724e-25
25,6,4,0.2,23,0.2,294,10,0.1,0,0.369468120768238
25,6,4,0.2,23,0.2,294,10,0.1,0,-0.107954301512988
25,6,4,0.2,23,0.2,294,10,0.1,0,-0.324157861278007
25,6,4,0.2,23,0.2,294,10,0.1,0,-0.0190639892827459
25,6,4,0.2,23,0.2,294,10,0.1,0,-0.029558324884919
25,6,4,0.2,23,0.2,294,10,0.1,0,-0.22427958394883
25,6,4,0.2,23,0.2,294,10,0.1,0,0.0622897859519671
25,6,4,0.2,23,0.2,294,10,0.1,0,0.0280691511699775
25,6,4,0.2,23,0.2,294,10,0.1,0,-2.17208572931629e-22
25,6,4,0.2,23,0.2,294,10,0.1,0,0.0236155745782934
25,6,4,0.2,23,0.2,294,10,0.1,0,0.112929254452617
25,6,4,0.2,23,0.2,294,10,0.1,0,0
25,6,4,0.2,23,0.2,294,10,0.1,0,0
25,6,4,0.2,23,0.2,294,10,0.1,0,2.77955804897356e-25
25,6,4,0.2,23,0.2,294,10,0.1,0,0
25,6,4,0.2,23,0.2,294,10,0.1,0,-0.0639414099810587
25,6,4,0.2,23,0.2,294,10,0.1,0,0
25,6,4,0.2,23,0.2,294,10,0.1,0,0.618556072277407
25,6,4,0.2,23,0.2,294,10,0.1,0,0.102557704356663
25,6,4,0.2,23,0.2,294,10,0.1,0,0.0269871887150672
25,6,4,0.2,23,0.2,294,10,0.1,0,0.0171100713405786
25,6,4,0.2,23,0.2,294,10,0.1,0,0
25,6,4,0.2,23,0.2,294,10,0.1,0,0
25,6,4,0.2,23,0.2,294,10,0.1,0,0.00975467707013768
25,6,4,0.2,23,0.2,294,10,0.1,0,-0.519574723084407
25,6,4,0.2,23,0.2,294,10,0.1,0,0.340011009111063
25,6,4,0.2,23,0.2,294,10,0.1,0,-1.17980672919506e-24
25,6,4,0.2,23,0.2,294,10,0.1,0,0.0196234734892728
25,6,4,0.2,23,0.2,294,10,0.1,0,0.137354149921737
25,6,4,0.2,23,0.2,294,10,0.1,0,0.751585827165677
25,6,4,0.2,23,0.2,294,10,0.1,0,0.529475874123417
25,6,4,0.2,23,0.2,294,10,0.1,0,-2.58888023478472e-21
25,6,4,0.2,23,0.2,294,10,0.1,0,-0.057028401355971
25,6,4,0.2,23,0.2,294,10,0.1,0,-0.149669402824303
25,6,4,0.2,23,0.2,294,10,0.1,0,0.0507808448895855
25,6,4,0.2,23,0.2,294,10,0.1,0,0.528836551926171
25,6,4,0.2,23,0.2,294,10,0.1,0,0
25,6,4,0.2,23,0.2,294,10,0.1,0,-0.118679717079399
25,6,4,0.2,23,0.2,294,10,0.1,0,-0.229625774889502
25,6,4,0.2,23,0.2,294,10,0.1,0,-7.63004178186084e-23
25,6,4,0.2,23,0.2,294,10,0.1,0,0.0230568897102298
25,6,4,0.2,23,0.2,294,10,0.1,0,0
25,6,4,0.2,23,0.2,294,10,0.1,0,0.218222026801404
25,6,4,0.2,23,0.2,294,10,0.1,0,0.186268240737289
25,6,4,0.2,23,0.2,294,10,0.1,0,-0.325538977420746
25,6,4,0.2,23,0.2,294,10,0.1,0,0
25,6,4,0.2,23,0.2,294,10,0.1,0,0.0183946805264787
25,6,4,0.2,23,0.2,294,10,0.1,0,-0.111495779213814
25,6,4,0.2,23,0.2,294,10,0.1,0,0
25,6,4,0.2,23,0.2,294,10,0.1,0,-0.975963290271234
25,6,4,0.2,23,0.2,294,10,0.1,0,3.62027651197837e-25
25,6,4,0.2,23,0.2,294,10,0.1,0,0.0482080793221958
25,6,4,0.2,23,0.2,294,10,0.1,0,0.0240216154508344
25,6,4,0.2,23,0.2,294,10,0.1,0,-0.0408000704427274
25,6,4,0.2,23,0.2,294,10,0.1,0,0.0817515795731669
25,6,4,0.2,23,0.2,294,10,0.1,0,-0.0975986389950849
25,6,4,0.2,23,0.2,294,10,0.1,0,0
25,6,4,0.2,23,0.2,294,10,0.1,0,0.0663906931251155
25,6,4,0.2,23,0.2,294,10,0.1,0,0
25,6,4,0.2,23,0.2,294,10,0.1,0,0
25,6,4,0.2,23,0.2,294,10,0.1,0,-3.78027343362941e-25
25,6,4,0.2,23,0.2,294,10,0.1,0,-0.0412683596270241
25,6,4,0.2,23,0.2,294,10,0.1,0,-0.0856655396823761
25,6,4,0.2,23,0.2,294,10,0.1,0,0.00523383442300303
25,6,4,0.2,23,0.2,294,10,0.1,0,0.0646937224583921
25,6,4,0.2,23,0.2,294,10,0.1,0,0.179447594689789
25,6,4,0.2,23,0.2,294,10,0.1,0,0.0532597565595356
25,6,4,0.2,23,0.2,294,10,0.1,0,-0.655322759416124
25,6,4,0.2,23,0.2,294,10,0.1,0,0.307391623419835
25,6,4,0.2,23,0.2,294,10,0.1,0,0.336185505249135
25,6,4,0.2,23,0.2,294,10,0.1,0,0
25,6,4,0.2,23,0.2,294,10,0.1,0,0
25,6,4,0.2,23,0.2,294,10,0.1,0,1.03149168740648
25,6,4,0.2,23,0.2,294,10,0.1,0,-0.00828706426127421
25,6,4,0.2,23,0.2,294,10,0.1,0,0
25,6,4,0.2,23,0.2,294,10,0.1,0,-8.6423106720571e-22
25,6,4,0.2,23,0.2,294,10,0.1,0,-0.0680808798988371
25,6,4,0.2,23,0.2,294,10,0.1,0,0.125589053300474
25,6,4,0.2,23,0.2,294,10,0.1,0,1.34993406459546
25,6,4,0.2,23,0.2,294,10,0.1,0,-8.02892978482595e-23
25,6,4,0.2,23,0.2,294,10,0.1,0,0.146920184210363
25,6,4,0.2,23,0.2,294,10,0.1,0,0.410720160009057
25,6,4,0.2,23,0.2,294,10,0.1,0,-0.00795175562932991
25,6,4,0.2,23,0.2,294,10,0.1,0,0.00387336814164085
25,6,4,0.2,23,0.2,294,10,0.1,0,1.56905389503763
25,6,4,0.2,23,0.2,294,10,0.1,0,1.33480625032507e-25
25,6,4,0.2,23,0.2,294,10,0.1,0,0
25,6,4,0.2,23,0.2,294,10,0.1,0,-0.0659754839471675
25,6,4,0.2,23,0.2,294,10,0.1,0,0.0911335856137235
25,6,4,0.2,23,0.2,294,10,0.1,0,0.124402363714334
25,6,4,0.2,23,0.2,294,10,0.1,0,0.0383740882584697
25,6,4,0.2,23,0.2,294,10,0.1,0,-0.863874022421645
25,6,4,0.2,23,0.2,294,10,0.1,0,0.040566252419921
25,6,4,0.2,23,0.2,294,10,0.1,0,-0.177930127079679
25,6,4,0.2,23,0.2,294,10,0.1,0,-2.20763094475182e-22
25,6,4,0.2,23,0.2,294,10,0.1,0,0.0404944922216055
25,6,4,0.2,23,0.2,294,10,0.1,0,-0.060495841891909
25,6,4,0.2,23,0.2,294,10,0.1,0,0.0321698484897633
25,6,4,0.2,23,0.2,294,10,0.1,0,0.197093246117116
25,6,4,0.2,23,0.2,294,10,0.1,0,0
25,6,4,0.2,23,0.2,294,10,0.1,0,0.0340721412398923
25,6,4,0.2,23,0.2,294,10,0.1,0,1.43496417111085e-25
25,6,4,0.2,23,0.2,294,10,0.1,0,0.0127528925396261
25,6,4,0.2,23,0.2,294,10,0.1,0,0.0869408618355087
25,6,4,0.2,23,0.2,294,10,0.1,0,0.396090825748905
25,6,4,0.2,23,0.2,294,10,0.1,0,-2.86828084047295e-22
25,6,4,0.2,23,0.2,294,10,0.1,0,0.443135482287514
25,6,4,0.2,23,0.2,294,10,0.1,0,0
25,6,4,0.2,23,0.2,294,10,0.1,0,0.0589586575022432
25,6,4,0.2,23,0.2,294,10,0.1,0,0.0694376199507911
25,6,4,0.2,23,0.2,294,10,0.1,0,0.0547451051672833
25,6,4,0.2,23,0.2,294,10,0.1,0,0
25,6,4,0.2,23,0.2,294,10,0.1,0,0.303294130868853
25,6,4,0.2,23,0.2,294,10,0.1,0,0.036013239372552
25,6,4,0.2,23,0.2,294,10,0.1,0,0.390842769115697
25,6,4,0.2,23,0.2,294,10,0.1,0,5.82285539326735e-26
25,6,4,0.2,23,0.2,294,10,0.1,0,-3.38949358449705e-22
25,6,4,0.2,23,0.2,294,10,0.1,0,-0.00542153852778799
25,6,4,0.2,23,0.2,294,10,0.1,0,0.0356805841694322
25,6,4,0.2,23,0.2,294,10,0.1,0,-0.0075126605556096
25,6,4,0.2,23,0.2,294,10,0.1,0,0.0239819778787203
25,6,4,0.2,23,0.2,294,10,0.1,0,0.0102627035378149
25,6,4,0.2,23,0.2,294,10,0.1,0,0.00407882940762235
25,6,4,0.2,23,0.2,294,10,0.1,0,0.137124409952892
25,6,4,0.2,23,0.2,294,10,0.1,0,0
25,6,4,0.2,23,0.2,294,10,0.1,0,0
25,6,4,0.2,23,0.2,294,10,0.1,0,0.00150271020227572
25,6,4,0.2,23,0.2,294,10,0.1,0,2.51908968546322e-22
25,6,4,0.2,23,0.2,294,10,0.1,0,0.0957859881819446
25,6,4,0.2,23,0.2,294,10,0.1,0,0
25,6,4,0.2,23,0.2,294,10,0.1,0,0.056917697465199
25,6,4,0.2,23,0.2,294,10,0.1,0,0
25,6,4,0.2,23,0.2,294,10,0.1,0,0.073332724556895
25,6,4,0.2,23,0.2,294,10,0.1,0,0.150840591280495
25,6,4,0.2,23,0.2,294,10,0.1,0,0.105394231218971
25,6,4,0.2,23,0.2,294,10,0.1,0,0
25,6,4,0.2,23,0.2,294,10,0.1,0,0
25,6,4,0.2,23,0.2,294,10,0.1,0,-0.067783328571086
25,6,4,0.2,23,0.2,294,10,0.1,0,0.688696264709569
25,6,4,0.2,23,0.2,294,10,0.1,0,0.14164417344177
25,6,4,0.2,23,0.2,294,10,0.1,0,1.65531789089316e-25
25,6,4,0.2,23,0.2,294,10,0.1,0,0
25,6,4,0.2,23,0.2,294,10,0.1,0,0.0332659550469174
25,6,4,0.2,23,0.2,294,10,0.1,0,-0.620413243715791
25,6,4,0.2,23,0.2,294,10,0.1,0,0.0147442820206179
25,6,4,0.2,23,0.2,294,10,0.1,0,0
25,6,4,0.2,23,0.2,294,10,0.1,0,0.0426593839287817
25,6,4,0.2,23,0.2,294,10,0.1,0,0
25,6,4,0.2,23,0.2,294,10,0.1,0,0.176245000893959
25,6,4,0.2,23,0.2,294,10,0.1,0,-0.265364782426165
25,6,4,0.2,23,0.2,294,10,0.1,0,0
25,6,4,0.2,23,0.2,294,10,0.1,0,1.44964734219123e-25
25,6,4,0.2,23,0.2,294,10,0.1,0,0.223858271143812
25,6,4,0.2,23,0.2,294,10,0.1,0,-0.0944683109311356
25,6,4,0.2,23,0.2,294,10,0.1,0,0.0232964612812384
25,6,4,0.2,23,0.2,294,10,0.1,0,6.46024639708911e-23
25,6,4,0.2,23,0.2,294,10,0.1,0,-0.0263376103105779
25,6,4,0.2,23,0.2,294,10,0.1,0,-0.00235167698151253
25,6,5,0.2,35,0.2,414,10,0.1,1,0
25,6,5,0.2,35,0.2,414,10,0.1,1,-0.0106936537310526
25,6,5,0.2,35,0.2,414,10,0.1,1,0
25,6,5,0.2,35,0.2,414,10,0.1,1,0.298527956511349
25,6,5,0.2,35,0.2,414,10,0.1,1,0
25,6,5,0.2,35,0.2,414,10,0.1,1,1.52171467723359e-52
25,6,5,0.2,35,0.2,414,10,0.1,1,0
25,6,5,0.2,35,0.2,414,10,0.1,1,0.180424153589338
25,6,5,0.2,35,0.2,414,10,0.1,1,0.298113424115678
25,6,5,0.2,35,0.2,414,10,0.1,1,0
25,6,5,0.2,35,0.2,414,10,0.1,1,0.151916300898624
25,6,5,0.2,35,0.2,414,10,0.1,1,0
25,6,5,0.2,35,0.2,414,10,0.1,1,1.58756060096447e-24
25,6,5,0.2,35,0.2,414,10,0.1,1,-0.0132353650825078
25,6,5,0.2,35,0.2,414,10,0.1,1,0
25,6,5,0.2,35,0.2,414,10,0.1,1,-4.78203692990815
25,6,5,0.2,35,0.2,414,10,0.1,1,-0.0643516193555308
25,6,5,0.2,35,0.2,414,10,0.1,1,0.0650200479881614
25,6,5,0.2,35,0.2,414,10,0.1,1,0.640524128279086
25,6,5,0.2,35,0.2,414,10,0.1,1,0
25,6,5,0.2,35,0.2,414,10,0.1,1,0.015366936164565
25,6,5,0.2,35,0.2,414,10,0.1,1,-0.160423405583563
25,6,5,0.2,35,0.2,414,10,0.1,1,0.798441043645835
25,6,5,0.2,35,0.2,414,10,0.1,1,0.00222482157995482
25,6,5,0.2,35,0.2,414,10,0.1,1,3.00108207165821
25,6,5,0.2,35,0.2,414,10,0.1,1,0
25,6,5,0.2,35,0.2,414,10,0.1,1,-1.2580985176666
25,6,5,0.2,35,0.2,414,10,0.1,1,0
25,6,5,0.2,35,0.2,414,10,0.1,1,1.8826755913531e-24
25,6,5,0.2,35,0.2,414,10,0.1,1,0.414210509835291
25,6,5,0.2,35,0.2,414,10,0.1,1,1.05085297335968
25,6,5,0.2,35,0.2,414,10,0.1,1,2.63152547522731
25,6,5,0.2,35,0.2,414,10,0.1,1,0
25,6,5,0.2,35,0.2,414,10,0.1,1,0.37530359262689
25,6,5,0.2,35,0.2,414,10,0.1,1,-0.0112547545744204
25,6,5,0.2,35,0.2,414,10,0.1,0,-0.0574518565033235
25,6,5,0.2,35,0.2,414,10,0.1,0,-0.00612808819536182
25,6,5,0.2,35,0.2,414,10,0.1,0,0
25,6,5,0.2,35,0.2,414,10,0.1,0,0.167394812769129
25,6,5,0.2,35,0.2,414,10,0.1,0,0.0126411802523421
25,6,5,0.2,35,0.2,414,10,0.1,0,0.567850847574189
25,6,5,0.2,35,0.2,414,10,0.1,0,0.0295921576497314
25,6,5,0.2,35,0.2,414,10,0.1,0,0
25,6,5,0.2,35,0.2,414,10,0.1,0,0
25,6,5,0.2,35,0.2,414,10,0.1,0,0.0804484547750926
25,6,5,0.2,35,0.2,414,10,0.1,0,1.33397611415266
25,6,5,0.2,35,0.2,414,10,0.1,0,0.0596819938229474
25,6,5,0.2,35,0.2,414,10,0.1,0,-0.0218876158858372
25,6,5,0.2,35,0.2,414,10,0.1,0,-0.00333664480434663
25,6,5,0.2,35,0.2,414,10,0.1,0,-0.0544827528222144
25,6,5,0.2,35,0.2,414,10,0.1,0,0.186137461620403
25,6,5,0.2,35,0.2,414,10,0.1,0,0.235651511897259
25,6,5,0.2,35,0.2,414,10,0.1,0,2.37526552124138e-25
25,6,5,0.2,35,0.2,414,10,0.1,0,0
25,6,5,0.2,35,0.2,414,10,0.1,0,-2.87037460580852e-28
25,6,5,0.2,35,0.2,414,10,0.1,0,0.0416742409336399
25,6,5,0.2,35,0.2,414,10,0.1,0,0
25,6,5,0.2,35,0.2,414,10,0.1,0,0.06862538099673
25,6,5,0.2,35,0.2,414,10,0.1,0,0.0186662422431492
25,6,5,0.2,35,0.2,414,10,0.1,0,0.0154206726162676
25,6,5,0.2,35,0.2,414,10,0.1,0,-0.0944177785157157
25,6,5,0.2,35,0.2,414,10,0.1,0,0.00879519003584092
25,6,5,0.2,35,0.2,414,10,0.1,0,0.0517147057369731
25,6,5,0.2,35,0.2,414,10,0.1,0,6.01264410378042e-24
25,6,5,0.2,35,0.2,414,10,0.1,0,0.246410182346781
25,6,5,0.2,35,0.2,414,10,0.1,0,-0.246805903845485
25,6,5,0.2,35,0.2,414,10,0.1,0,-0.586211346541834
25,6,5,0.2,35,0.2,414,10,0.1,0,-0.00712023361207718
25,6,5,0.2,35,0.2,414,10,0.1,0,4.11963795609023e-27
25,6,5,0.2,35,0.2,414,10,0.1,0,0.0338937872083259
25,6,5,0.2,35,0.2,414,10,0.1,0,0
25,6,5,0.2,35,0.2,414,10,0.1,0,-0.0241995274076466
25,6,5,0.2,35,0.2,414,10,0.1,0,-0.017912676807389
25,6,5,0.2,35,0.2,414,10,0.1,0,0
25,6,5,0.2,35,0.2,414,10,0.1,0,6.61120070266453e-25
25,6,5,0.2,35,0.2,414,10,0.1,0,-0.0152735245677328
25,6,5,0.2,35,0.2,414,10,0.1,0,-0.0137983251916754
25,6,5,0.2,35,0.2,414,10,0.1,0,0.224292795465211
25,6,5,0.2,35,0.2,414,10,0.1,0,-0.0218972407424144
25,6,5,0.2,35,0.2,414,10,0.1,0,-0.0839433850099841
25,6,5,0.2,35,0.2,414,10,0.1,0,-0.0167431260731684
25,6,5,0.2,35,0.2,414,10,0.1,0,0.0131954119901673
25,6,5,0.2,35,0.2,414,10,0.1,0,-3.13578441672217e-25
25,6,5,0.2,35,0.2,414,10,0.1,0,-0.0231128032291208
25,6,5,0.2,35,0.2,414,10,0.1,0,-0.00690361565904459
25,6,5,0.2,35,0.2,414,10,0.1,0,0.0737128159476452
25,6,5,0.2,35,0.2,414,10,0.1,0,-3.71946084670048e-27
25,6,5,0.2,35,0.2,414,10,0.1,0,0.0347385564684144
25,6,5,0.2,35,0.2,414,10,0.1,0,0.0134291975677726
25,6,5,0.2,35,0.2,414,10,0.1,0,0.162212838541318
25,6,5,0.2,35,0.2,414,10,0.1,0,0
25,6,5,0.2,35,0.2,414,10,0.1,0,0.0389359495732893
25,6,5,0.2,35,0.2,414,10,0.1,0,0.260882131198719
25,6,5,0.2,35,0.2,414,10,0.1,0,0.117804113622889
25,6,5,0.2,35,0.2,414,10,0.1,0,-0.101356523503774
25,6,5,0.2,35,0.2,414,10,0.1,0,-0.0337412680898146
25,6,5,0.2,35,0.2,414,10,0.1,0,0.624570512215824
25,6,5,0.2,35,0.2,414,10,0.1,0,-0.0108437730599112
25,6,5,0.2,35,0.2,414,10,0.1,0,0
25,6,5,0.2,35,0.2,414,10,0.1,0,0
25,6,5,0.2,35,0.2,414,10,0.1,0,0.884821016186569
25,6,5,0.2,35,0.2,414,10,0.1,0,0.873211482771256
25,6,5,0.2,35,0.2,414,10,0.1,0,0
25,6,5,0.2,35,0.2,414,10,0.1,0,0
25,6,5,0.2,35,0.2,414,10,0.1,0,-5.78955650986953e-26
25,6,5,0.2,35,0.2,414,10,0.1,0,-0.139892065226194
25,6,5,0.2,35,0.2,414,10,0.1,0,-0.0895092995054429
25,6,5,0.2,35,0.2,414,10,0.1,0,-0.0230852767804977
25,6,5,0.2,35,0.2,414,10,0.1,0,0.00208055223288988
25,6,5,0.2,35,0.2,414,10,0.1,0,-1.70754473502654e-27
25,6,5,0.2,35,0.2,414,10,0.1,0,1.8088274979587e-26
25,6,5,0.2,35,0.2,414,10,0.1,0,-8.97672843656687e-28
25,6,5,0.2,35,0.2,414,10,0.1,0,-0.0616119480608733
25,6,5,0.2,35,0.2,414,10,0.1,0,0.137059523985939
25,6,5,0.2,35,0.2,414,10,0.1,0,0.0221422503716339
25,6,5,0.2,35,0.2,414,10,0.1,0,1.71908822326744
25,6,5,0.2,35,0.2,414,10,0.1,0,-0.129779229393244
25,6,5,0.2,35,0.2,414,10,0.1,0,0.439373583114478
25,6,5,0.2,35,0.2,414,10,0.1,0,-0.012257273411688
25,6,5,0.2,35,0.2,414,10,0.1,0,-0.0221059591788532
25,6,5,0.2,35,0.2,414,10,0.1,0,-0.00157062590126654
25,6,5,0.2,35,0.2,414,10,0.1,0,0.0355533383709794
25,6,5,0.2,35,0.2,414,10,0.1,0,-0.0572546651955641
25,6,5,0.2,35,0.2,414,10,0.1,0,0.0309716148137803
25,6,5,0.2,35,0.2,414,10,0.1,0,1.56623500075404e-25
25,6,5,0.2,35,0.2,414,10,0.1,0,-1.68464697755232e-06
25,6,5,0.2,35,0.2,414,10,0.1,0,0.0378894475850131
25,6,5,0.2,35,0.2,414,10,0.1,0,3.08011650138138e-27
25,6,5,0.2,35,0.2,414,10,0.1,0,0
25,6,5,0.2,35,0.2,414,10,0.1,0,-0.100070620159517
25,6,5,0.2,35,0.2,414,10,0.1,0,0.0289367589983124
25,6,5,0.2,35,0.2,414,10,0.1,0,0.351443333239254
25,6,5,0.2,35,0.2,414,10,0.1,0,2.04915265836494e-25
25,6,5,0.2,35,0.2,414,10,0.1,0,0.0942658145809412
25,6,5,0.2,35,0.2,414,10,0.1,0,0.072920912241651
25,6,5,0.2,35,0.2,414,10,0.1,0,-0.0211207253978567
25,6,5,0.2,35,0.2,414,10,0.1,0,0.408794125247597
25,6,5,0.2,35,0.2,414,10,0.1,0,0.0366165811705429
25,6,5,0.2,35,0.2,414,10,0.1,0,0.138011737571313
25,6,5,0.2,35,0.2,414,10,0.1,0,1.75623898004447e-27
25,6,5,0.2,35,0.2,414,10,0.1,0,-2.24042752193699e-25
25,6,5,0.2,35,0.2,414,10,0.1,0,0.00262995667230751
25,6,5,0.2,35,0.2,414,10,0.1,0,0.407718353534958
25,6,5,0.2,35,0.2,414,10,0.1,0,-0.182253760189325
25,6,5,0.2,35,0.2,414,10,0.1,0,0.434828659766494
25,6,5,0.2,35,0.2,414,10,0.1,0,-0.204071311166807
25,6,5,0.2,35,0.2,414,10,0.1,0,-0.0774390615543937
25,6,5,0.2,35,0.2,414,10,0.1,0,0.0149950037818994
25,6,5,0.2,35,0.2,414,10,0.1,0,-0.703874799912437
25,6,5,0.2,35,0.2,414,10,0.1,0,1.98184389927735
25,6,5,0.2,35,0.2,414,10,0.1,0,0.044506348449034
25,6,5,0.2,35,0.2,414,10,0.1,0,0.667298240853455
25,6,5,0.2,35,0.2,414,10,0.1,0,0.579652508692684
25,6,5,0.2,35,0.2,414,10,0.1,0,0.0565607719182272
25,6,5,0.2,35,0.2,414,10,0.1,0,0.0294221331273741
25,6,5,0.2,35,0.2,414,10,0.1,0,0.00537021442986036
25,6,5,0.2,35,0.2,414,10,0.1,0,0
25,6,5,0.2,35,0.2,414,10,0.1,0,-0.00232104845230363
25,6,5,0.2,35,0.2,414,10,0.1,0,0.0124759539845125
25,6,5,0.2,35,0.2,414,10,0.1,0,0.47004382017039
25,6,5,0.2,35,0.2,414,10,0.1,0,-1.03904785920488e-25
25,6,5,0.2,35,0.2,414,10,0.1,0,-0.151605910352528
25,6,5,0.2,35,0.2,414,10,0.1,0,0.110718752456317
25,6,5,0.2,35,0.2,414,10,0.1,0,0
25,6,5,0.2,35,0.2,414,10,0.1,0,1.86255931243826
25,6,5,0.2,35,0.2,414,10,0.1,0,0
25,6,5,0.2,35,0.2,414,10,0.1,0,-0.142511119212029
25,6,5,0.2,35,0.2,414,10,0.1,0,1.32087310373534
25,6,5,0.2,35,0.2,414,10,0.1,0,1.68214003976224e-27
25,6,5,0.2,35,0.2,414,10,0.1,0,0.357120007275981
25,6,5,0.2,35,0.2,414,10,0.1,0,-0.222896206791301
25,6,5,0.2,35,0.2,414,10,0.1,0,0
25,6,5,0.2,35,0.2,414,10,0.1,0,-0.0160230111767101
25,6,5,0.2,35,0.2,414,10,0.1,0,0
25,6,5,0.2,35,0.2,414,10,0.1,0,-0.0114929526625466
25,6,5,0.2,35,0.2,414,10,0.1,0,0
25,6,5,0.2,35,0.2,414,10,0.1,0,0.222288188055957
25,6,5,0.2,35,0.2,414,10,0.1,0,-0.0603185519835292
25,6,5,0.2,35,0.2,414,10,0.1,0,-0.475864823185366
25,6,5,0.2,35,0.2,414,10,0.1,0,0.136082311491024
25,6,5,0.2,35,0.2,414,10,0.1,0,0.0877797430478662
25,6,5,0.2,35,0.2,414,10,0.1,0,0.189170412595455
25,6,5,0.2,35,0.2,414,10,0.1,0,0
25,6,5,0.2,35,0.2,414,10,0.1,0,1.52930609162741e-26
25,6,5,0.2,35,0.2,414,10,0.1,0,0.0441374578252623
25,6,5,0.2,35,0.2,414,10,0.1,0,-0.0144113370234973
25,6,5,0.2,35,0.2,414,10,0.1,0,0
25,6,5,0.2,35,0.2,414,10,0.1,0,-8.38269252800526e-25
25,6,5,0.2,35,0.2,414,10,0.1,0,2.70920244257795e-26
25,6,5,0.2,35,0.2,414,10,0.1,0,-0.189722722694801
25,6,5,0.2,35,0.2,414,10,0.1,0,1.59317020082579e-28
25,6,5,0.2,35,0.2,414,10,0.1,0,-0.0354882855625822
25,6,5,0.2,35,0.2,414,10,0.1,0,0
25,6,5,0.2,35,0.2,414,10,0.1,0,-0.0401425942768556
25,6,5,0.2,35,0.2,414,10,0.1,0,0
25,6,5,0.2,35,0.2,414,10,0.1,0,0.361562456078351
25,6,5,0.2,35,0.2,414,10,0.1,0,0.335390011781042
25,6,5,0.2,35,0.2,414,10,0.1,0,0.0978762158731657
25,6,5,0.2,35,0.2,414,10,0.1,0,0.21507222788428
25,6,5,0.2,35,0.2,414,10,0.1,0,3.91150423098265e-25
25,6,5,0.2,35,0.2,414,10,0.1,0,0
25,6,5,0.2,35,0.2,414,10,0.1,0,-0.0265318079760751
25,6,5,0.2,35,0.2,414,10,0.1,0,0
25,6,5,0.2,35,0.2,414,10,0.1,0,1.42180207244395
25,6,5,0.2,35,0.2,414,10,0.1,0,-0.0119220557174454
25,6,5,0.2,35,0.2,414,10,0.1,0,-0.0308095856708559
25,6,5,0.2,35,0.2,414,10,0.1,0,-0.00863392705643911
25,6,5,0.2,35,0.2,414,10,0.1,0,-0.0437732177795235
25,6,5,0.2,35,0.2,414,10,0.1,0,-0.0132493562115191
25,6,5,0.2,35,0.2,414,10,0.1,0,-0.0862783945811767
25,6,5,0.2,35,0.2,414,10,0.1,0,0
25,6,5,0.2,35,0.2,414,10,0.1,0,0.0455666866008757
25,6,5,0.2,35,0.2,414,10,0.1,0,3.08709831871477e-26
25,6,5,0.2,35,0.2,414,10,0.1,0,0.0280106980813656
25,6,5,0.2,35,0.2,414,10,0.1,0,0.00354130837676888
25,6,5,0.2,35,0.2,414,10,0.1,0,0.813322756372723
25,6,5,0.2,35,0.2,414,10,0.1,0,0.0487596678025606
25,6,5,0.2,35,0.2,414,10,0.1,0,0.00536987429183987
25,6,5,0.2,35,0.2,414,10,0.1,0,0.226626075534465
25,6,5,0.2,35,0.2,414,10,0.1,0,-0.0349977619772582
25,6,5,0.2,35,0.2,414,10,0.1,0,-1.34612785170975
25,6,5,0.2,35,0.2,414,10,0.1,0,0.41084189914183
25,6,5,0.2,35,0.2,414,10,0.1,0,9.32265503662636e-27
25,6,5,0.2,35,0.2,414,10,0.1,0,1.41968212955697
25,6,5,0.2,35,0.2,414,10,0.1,0,0.0713815862591693
25,6,5,0.2,35,0.2,414,10,0.1,0,0.0498701767557872
25,6,5,0.2,35,0.2,414,10,0.1,0,0
25,6,5,0.2,35,0.2,414,10,0.1,0,0.149276578631839
25,6,5,0.2,35,0.2,414,10,0.1,0,1.11440004962923e-27
25,6,5,0.2,35,0.2,414,10,0.1,0,0.191136923410753
25,6,5,0.2,35,0.2,414,10,0.1,0,-0.132569494660823
25,6,5,0.2,35,0.2,414,10,0.1,0,0.304875163202432
25,6,5,0.2,35,0.2,414,10,0.1,0,-5.82923121551357e-29
25,6,5,0.2,35,0.2,414,10,0.1,0,0
25,6,5,0.2,35,0.2,414,10,0.1,0,0.113889877376941
25,6,5,0.2,35,0.2,414,10,0.1,0,1.49898150519691
25,6,5,0.2,35,0.2,414,10,0.1,0,0.148783025733315
25,6,5,0.2,35,0.2,414,10,0.1,0,0.833266169472206
25,6,5,0.2,35,0.2,414,10,0.1,0,-0.0924343434105674
25,6,5,0.2,35,0.2,414,10,0.1,0,0.188196384028147
25,6,5,0.2,35,0.2,414,10,0.1,0,-0.171166435562177
25,6,5,0.2,35,0.2,414,10,0.1,0,0.0266241250378245
25,6,5,0.2,35,0.2,414,10,0.1,0,0.600290830938975
25,6,5,0.2,35,0.2,414,10,0.1,0,0
25,6,5,0.2,35,0.2,414,10,0.1,0,-0.00574757572660727
25,6,5,0.2,35,0.2,414,10,0.1,0,0
25,6,5,0.2,35,0.2,414,10,0.1,0,0.0269877180224226
25,6,5,0.2,35,0.2,414,10,0.1,0,0
25,6,5,0.2,35,0.2,414,10,0.1,0,-0.228223239482707
25,6,5,0.2,35,0.2,414,10,0.1,0,0.0233121604121971
25,6,5,0.2,35,0.2,414,10,0.1,0,0.10082580267024
25,6,5,0.2,35,0.2,414,10,0.1,0,-7.17229445852331e-28
25,6,5,0.2,35,0.2,414,10,0.1,0,0.0797667394430896
25,6,5,0.2,35,0.2,414,10,0.1,0,-0.0380849279061843
25,6,5,0.2,35,0.2,414,10,0.1,0,0
25,6,5,0.2,35,0.2,414,10,0.1,0,-0.0265571829795237
25,6,5,0.2,35,0.2,414,10,0.1,0,0.871535874394587
25,6,5,0.2,35,0.2,414,10,0.1,0,-0.0152988429075463
25,6,5,0.2,35,0.2,414,10,0.1,0,0
25,6,5,0.2,35,0.2,414,10,0.1,0,0.00342137276980278
25,6,5,0.2,35,0.2,414,10,0.1,0,0.400900761356839
25,6,5,0.2,35,0.2,414,10,0.1,0,0
25,6,5,0.2,35,0.2,414,10,0.1,0,0.0172329969689098
25,6,5,0.2,35,0.2,414,10,0.1,0,-0.0666952334697682
25,6,5,0.2,35,0.2,414,10,0.1,0,-0.162180735137135
25,6,5,0.2,35,0.2,414,10,0.1,0,0
25,6,5,0.2,35,0.2,414,10,0.1,0,-0.0146332511271311
25,6,5,0.2,35,0.2,414,10,0.1,0,-0.0479175346527987
25,6,5,0.2,35,0.2,414,10,0.1,0,0.0794905517585634
25,6,5,0.2,35,0.2,414,10,0.1,0,0
25,6,5,0.2,35,0.2,414,10,0.1,0,0.0710352901756986
25,6,5,0.2,35,0.2,414,10,0.1,0,0.121563781692478
25,6,5,0.2,35,0.2,414,10,0.1,0,0.139974932419968
25,6,5,0.2,35,0.2,414,10,0.1,0,0.173174325092956
25,6,5,0.2,35,0.2,414,10,0.1,0,0
25,6,5,0.2,35,0.2,414,10,0.1,0,0.0044992371658919
25,6,5,0.2,35,0.2,414,10,0.1,0,0
25,6,5,0.2,35,0.2,414,10,0.1,0,0.0456649903692408
25,6,5,0.2,35,0.2,414,10,0.1,0,0.511060681207057
25,6,5,0.2,35,0.2,414,10,0.1,0,-8.67648735165056e-27
25,6,5,0.2,35,0.2,414,10,0.1,0,0.00411516686190945
25,6,5,0.2,35,0.2,414,10,0.1,0,1.52296579689777
25,6,5,0.2,35,0.2,414,10,0.1,0,0
25,6,5,0.2,35,0.2,414,10,0.1,0,0.0601895142395441
25,6,5,0.2,35,0.2,414,10,0.1,0,-0.00179444665945824
25,6,5,0.2,35,0.2,414,10,0.1,0,-0.0054929035190659
25,6,5,0.2,35,0.2,414,10,0.1,0,0.85422135622329
25,6,5,0.2,35,0.2,414,10,0.1,0,0.104015220400982
25,6,5,0.2,35,0.2,414,10,0.1,0,-0.26617955434839
25,6,5,0.2,35,0.2,414,10,0.1,0,-0.00201955967235489
25,6,5,0.2,35,0.2,414,10,0.1,0,0
25,6,5,0.2,35,0.2,414,10,0.1,0,0.225037707543985
25,6,5,0.2,35,0.2,414,10,0.1,0,0.0291041975039016
25,6,5,0.2,35,0.2,414,10,0.1,0,0.0231550938224304
25,6,5,0.2,35,0.2,414,10,0.1,0,0.0135606556922589
25,6,5,0.2,35,0.2,414,10,0.1,0,-0.0943169840623431
25,6,5,0.2,35,0.2,414,10,0.1,0,0
25,6,5,0.2,35,0.2,414,10,0.1,0,-0.126047731763637
25,6,5,0.2,35,0.2,414,10,0.1,0,0.136300091927555
25,6,5,0.2,35,0.2,414,10,0.1,0,0.735725790986146
25,6,5,0.2,35,0.2,414,10,0.1,0,-0.0188883301824685
25,6,5,0.2,35,0.2,414,10,0.1,0,0.24564552407493
25,6,5,0.2,35,0.2,414,10,0.1,0,0
25,6,5,0.2,35,0.2,414,10,0.1,0,0
25,6,5,0.2,35,0.2,414,10,0.1,0,-0.0569325730352939
25,6,5,0.2,35,0.2,414,10,0.1,0,-0.0471941674230846
25,6,5,0.2,35,0.2,414,10,0.1,0,0
25,6,5,0.2,35,0.2,414,10,0.1,0,0
25,6,5,0.2,35,0.2,414,10,0.1,0,-0.0227682547565971
25,6,5,0.2,35,0.2,414,10,0.1,0,-0.015343887222539
25,6,5,0.2,35,0.2,414,10,0.1,0,-0.230988449344899
25,6,5,0.2,35,0.2,414,10,0.1,0,0.120058136802536
25,6,5,0.2,35,0.2,414,10,0.1,0,0.0696260903151822
25,6,5,0.2,35,0.2,414,10,0.1,0,0.0294565393537172
25,6,5,0.2,35,0.2,414,10,0.1,0,5.00426541687171
25,6,5,0.2,35,0.2,414,10,0.1,0,-0.0650617092502818
25,6,5,0.2,35,0.2,414,10,0.1,0,0
25,6,5,0.2,35,0.2,414,10,0.1,0,0.724860432210756
25,6,5,0.2,35,0.2,414,10,0.1,0,-0.000667314727270676
25,6,5,0.2,35,0.2,414,10,0.1,0,-0.2231437749292
25,6,5,0.2,35,0.2,414,10,0.1,0,0
25,6,5,0.2,35,0.2,414,10,0.1,0,0.0130133644781463
25,6,5,0.2,35,0.2,414,10,0.1,0,-0.0145049684818186
25,6,5,0.2,35,0.2,414,10,0.1,0,-0.0737235179525972
25,6,5,0.2,35,0.2,414,10,0.1,0,0.0119381590788512
25,6,5,0.2,35,0.2,414,10,0.1,0,0
25,6,5,0.2,35,0.2,414,10,0.1,0,0.0411177734285664
25,6,5,0.2,35,0.2,414,10,0.1,0,-0.156960222893596
25,6,5,0.2,35,0.2,414,10,0.1,0,0
25,6,5,0.2,35,0.2,414,10,0.1,0,-0.169925561346769
25,6,5,0.2,35,0.2,414,10,0.1,0,0.0487239271983336
25,6,5,0.2,35,0.2,414,10,0.1,0,0.443240724248485
25,6,5,0.2,35,0.2,414,10,0.1,0,5.90927321176145e-25
25,6,5,0.2,35,0.2,414,10,0.1,0,0.0156970561283648
25,6,5,0.2,35,0.2,414,10,0.1,0,0
25,6,5,0.2,35,0.2,414,10,0.1,0,0.00217267799116302
25,6,5,0.2,35,0.2,414,10,0.1,0,0.0335228440233651
25,6,5,0.2,35,0.2,414,10,0.1,0,-0.81381466109808
25,6,5,0.2,35,0.2,414,10,0.1,0,-0.0934745198190043
25,6,5,0.2,35,0.2,414,10,0.1,0,0
25,6,5,0.2,35,0.2,414,10,0.1,0,0.757899981802698
25,6,5,0.2,35,0.2,414,10,0.1,0,0
25,6,5,0.2,35,0.2,414,10,0.1,0,-0.0198148451389238
25,6,5,0.2,35,0.2,414,10,0.1,0,-2.99717688074963
25,6,5,0.2,35,0.2,414,10,0.1,0,-5.94661859512339e-26
25,6,5,0.2,35,0.2,414,10,0.1,0,4.13542934647068e-25
25,6,5,0.2,35,0.2,414,10,0.1,0,-0.103071080342909
25,6,5,0.2,35,0.2,414,10,0.1,0,-0.00111922123657856
25,6,5,0.2,35,0.2,414,10,0.1,0,0
25,6,5,0.2,35,0.2,414,10,0.1,0,-0.225486699126834
25,6,5,0.2,35,0.2,414,10,0.1,0,0.51623855057006
25,6,5,0.2,35,0.2,414,10,0.1,0,0.013251269928789
25,6,5,0.2,35,0.2,414,10,0.1,0,0.123609163853763
25,6,5,0.2,35,0.2,414,10,0.1,0,-0.115714530793388
25,6,5,0.2,35,0.2,414,10,0.1,0,0.00966683525149669
25,6,5,0.2,35,0.2,414,10,0.1,0,3.68686827277716e-25
25,6,5,0.2,35,0.2,414,10,0.1,0,-9.67741665894585e-26
25,6,5,0.2,35,0.2,414,10,0.1,0,-0.0129966334469464
25,6,5,0.2,35,0.2,414,10,0.1,0,-0.0277750137752486
25,6,5,0.2,35,0.2,414,10,0.1,0,0.00247932760183378
25,6,5,0.2,35,0.2,414,10,0.1,0,0.204593945152102
25,6,5,0.2,35,0.2,414,10,0.1,0,0.0135420863716911
25,6,5,0.2,35,0.2,414,10,0.1,0,8.2525823689235e-28
25,6,5,0.2,35,0.2,414,10,0.1,0,0.204170841616081
25,6,5,0.2,35,0.2,414,10,0.1,0,0.531975481335646
25,6,5,0.2,35,0.2,414,10,0.1,0,-0.00110808812993022
25,6,5,0.2,35,0.2,414,10,0.1,0,-0.0363385884049715
25,6,5,0.2,35,0.2,414,10,0.1,0,0.379137478440026
25,6,5,0.2,35,0.2,414,10,0.1,0,2.64645993369842e-24
25,6,5,0.2,35,0.2,414,10,0.1,0,-0.00218202904648688
25,6,5,0.2,35,0.2,414,10,0.1,0,8.25529508184399e-28
25,6,5,0.2,35,0.2,414,10,0.1,0,-0.255352244914124
25,6,5,0.2,35,0.2,414,10,0.1,0,3.91117943672917e-28
25,6,5,0.2,35,0.2,414,10,0.1,0,0
25,6,5,0.2,35,0.2,414,10,0.1,0,0.082043006141216
25,6,5,0.2,35,0.2,414,10,0.1,0,0
25,6,5,0.2,35,0.2,414,10,0.1,0,3.02088790610986e-25
25,6,5,0.2,35,0.2,414,10,0.1,0,0
25,6,5,0.2,35,0.2,414,10,0.1,0,-2.28762158953458e-28
25,6,5,0.2,35,0.2,414,10,0.1,0,0.629652276878534
25,6,5,0.2,35,0.2,414,10,0.1,0,0.0251397702668881
25,6,5,0.2,35,0.2,414,10,0.1,0,0.0296764861276383
25,6,5,0.2,35,0.2,414,10,0.1,0,0.0164259101025914
25,6,5,0.2,35,0.2,414,10,0.1,0,0.0344756838944066
25,6,5,0.2,35,0.2,414,10,0.1,0,0
25,6,5,0.2,35,0.2,414,10,0.1,0,-0.272499667729666
25,6,5,0.2,35,0.2,414,10,0.1,0,0.566207971471561
25,6,5,0.2,35,0.2,414,10,0.1,0,0
25,6,5,0.2,35,0.2,414,10,0.1,0,-0.0312946734420043
25,6,5,0.2,35,0.2,414,10,0.1,0,0.0959728833654015
25,6,5,0.2,35,0.2,414,10,0.1,0,1.99762874896346
25,6,5,0.2,35,0.2,414,10,0.1,0,-0.0694503053881972
25,6,5,0.2,35,0.2,414,10,0.1,0,1.0791214821838
25,6,5,0.2,35,0.2,414,10,0.1,0,2.23872245514122
25,6,5,0.2,35,0.2,414,10,0.1,0,0.927226926296237
25,6,5,0.2,35,0.2,414,10,0.1,0,-0.0235123307002268
25,6,5,0.2,35,0.2,414,10,0.1,0,0
25,6,5,0.2,35,0.2,414,10,0.1,0,-0.141174718571009
25,6,5,0.2,35,0.2,414,10,0.1,0,-0.0382022052977385
25,6,5,0.2,35,0.2,414,10,0.1,0,0.812507726867574
25,6,5,0.2,35,0.2,414,10,0.1,0,0.00657019625538713
25,6,5,0.2,35,0.2,414,10,0.1,0,0
25,6,5,0.2,35,0.2,414,10,0.1,0,0.233504096997414
25,6,5,0.2,35,0.2,414,10,0.1,0,-0.308492232611782
25,6,5,0.2,35,0.2,414,10,0.1,0,0.0145877434427354
25,6,5,0.2,35,0.2,414,10,0.1,0,0.0290183870880403
25,6,5,0.2,35,0.2,414,10,0.1,0,0.0371442281013783
25,6,5,0.2,35,0.2,414,10,0.1,0,0
25,6,5,0.2,35,0.2,414,10,0.1,0,-0.0717544254831415
25,6,5,0.2,35,0.2,414,10,0.1,0,-0.0168224641909501
25,6,5,0.2,35,0.2,414,10,0.1,0,0
25,6,5,0.2,35,0.2,414,10,0.1,0,0.151237587578871
25,6,5,0.2,35,0.2,414,10,0.1,0,2.09889493513727e-25
25,6,5,0.2,35,0.2,414,10,0.1,0,-0.0180080941424191
25,6,5,0.2,35,0.2,414,10,0.1,0,0.0252436419089983
25,6,5,0.2,35,0.2,414,10,0.1,0,-0.0615170676888621
25,6,5,0.2,35,0.2,414,10,0.1,0,0
25,6,5,0.2,35,0.2,414,10,0.1,0,-0.230024424295546
25,6,5,0.2,35,0.2,414,10,0.1,0,0.00792985578482485
25,6,5,0.2,35,0.2,414,10,0.1,0,0.0218614988310485
25,6,5,0.2,35,0.2,414,10,0.1,0,0.121419618903559
25,6,5,0.2,35,0.2,414,10,0.1,0,4.45760619034283e-26
25,6,5,0.2,35,0.2,414,10,0.1,0,-0.0213096903196721
25,6,5,0.2,35,0.2,414,10,0.1,0,0.0569882155560928
25,6,5,0.2,35,0.2,414,10,0.1,0,0.503163611422413
25,6,5,0.2,35,0.2,414,10,0.1,0,0.171606093072603
25,6,5,0.2,35,0.2,414,10,0.1,0,-0.0373514585579019
25,6,5,0.2,35,0.2,414,10,0.1,0,0
25,6,5,0.2,35,0.2,414,10,0.1,0,-0.0387534204750229
25,6,5,0.2,35,0.2,414,10,0.1,0,-0.0361828473145094
25,6,5,0.2,35,0.2,414,10,0.1,0,0.022693572963886
25,6,5,0.2,35,0.2,414,10,0.1,0,0.130848167349571
25,6,5,0.2,35,0.2,414,10,0.1,0,0.0235418889652197
25,6,5,0.2,35,0.2,414,10,0.1,0,-0.00995551447964966
25,6,5,0.2,35,0.2,414,10,0.1,0,-3.35158364339057e-28
25,6,5,0.2,35,0.2,414,10,0.1,0,0
25,6,5,0.2,35,0.2,414,10,0.1,0,0.68531341458407
25,6,5,0.2,35,0.2,414,10,0.1,0,1.71255299412287
25,6,5,0.2,35,0.2,414,10,0.1,0,0.00324845453203359
25,6,5,0.2,35,0.2,414,10,0.1,0,-5.33319566848825e-28
25,6,5,0.2,35,0.2,414,10,0.1,0,0
25,6,5,0.2,35,0.2,414,10,0.1,0,-0.0684390495968469
25,6,5,0.2,35,0.2,414,10,0.1,0,4.02563365420027e-25
25,6,5,0.2,35,0.2,414,10,0.1,0,0
25,6,5,0.2,35,0.2,414,10,0.1,0,-0.0161023157564639
25,6,5,0.2,35,0.2,414,10,0.1,0,0.173926307688357
25,6,5,0.2,35,0.2,414,10,0.1,0,0.0796872846708428
25,6,5,0.2,35,0.2,414,10,0.1,0,-0.00706415480241047
25,6,5,0.2,35,0.2,414,10,0.1,0,-0.13911633772517
25,6,6,0.2,31,0.2,414,10,0.1,1,2.6861533221282
25,6,6,0.2,31,0.2,414,10,0.1,1,-1.15398136139043e-22
25,6,6,0.2,31,0.2,414,10,0.1,1,0.0239099176597422
25,6,6,0.2,31,0.2,414,10,0.1,1,0
25,6,6,0.2,31,0.2,414,10,0.1,1,0
25,6,6,0.2,31,0.2,414,10,0.1,1,-0.346386650647515
25,6,6,0.2,31,0.2,414,10,0.1,1,5.96971443945349
25,6,6,0.2,31,0.2,414,10,0.1,1,-0.56769163808849
25,6,6,0.2,31,0.2,414,10,0.1,1,0
25,6,6,0.2,31,0.2,414,10,0.1,1,-2.95939981841241
25,6,6,0.2,31,0.2,414,10,0.1,1,-5.53529457810522e-25
25,6,6,0.2,31,0.2,414,10,0.1,1,2.60594371753941
25,6,6,0.2,31,0.2,414,10,0.1,1,-1.3673236926309
25,6,6,0.2,31,0.2,414,10,0.1,1,5.1030839041934
25,6,6,0.2,31,0.2,414,10,0.1,1,-0.000430290199390301
25,6,6,0.2,31,0.2,414,10,0.1,1,-3.01033245976834e-23
25,6,6,0.2,31,0.2,414,10,0.1,1,-6.21981954899002
25,6,6,0.2,31,0.2,414,10,0.1,1,1.35478266914949e-16
25,6,6,0.2,31,0.2,414,10,0.1,1,-0.494380444948822
25,6,6,0.2,31,0.2,414,10,0.1,1,0.226545259528881
25,6,6,0.2,31,0.2,414,10,0.1,1,0
25,6,6,0.2,31,0.2,414,10,0.1,1,-8.23067625037206
25,6,6,0.2,31,0.2,414,10,0.1,1,-0.628895294668637
25,6,6,0.2,31,0.2,414,10,0.1,1,2.02989225808353
25,6,6,0.2,31,0.2,414,10,0.1,1,2.50574455575123e-16
25,6,6,0.2,31,0.2,414,10,0.1,1,-2.68337985722913e-25
25,6,6,0.2,31,0.2,414,10,0.1,1,2.70409135293721e-23
25,6,6,0.2,31,0.2,414,10,0.1,1,0.879076803551219
25,6,6,0.2,31,0.2,414,10,0.1,1,0
25,6,6,0.2,31,0.2,414,10,0.1,1,-1.68084201814796
25,6,6,0.2,31,0.2,414,10,0.1,1,0.00131746468819125
25,6,6,0.2,31,0.2,414,10,0.1,0,0.379851166302984
25,6,6,0.2,31,0.2,414,10,0.1,0,-0.0557656986896152
25,6,6,0.2,31,0.2,414,10,0.1,0,0
25,6,6,0.2,31,0.2,414,10,0.1,0,-0.0255327659819635
25,6,6,0.2,31,0.2,414,10,0.1,0,-0.294139847068187
25,6,6,0.2,31,0.2,414,10,0.1,0,-4.82974333484071
25,6,6,0.2,31,0.2,414,10,0.1,0,5.6772784511903e-21
25,6,6,0.2,31,0.2,414,10,0.1,0,0.389145583548756
25,6,6,0.2,31,0.2,414,10,0.1,0,-0.392280024693975
25,6,6,0.2,31,0.2,414,10,0.1,0,-1.65353223280557
25,6,6,0.2,31,0.2,414,10,0.1,0,-0.134354802642301
25,6,6,0.2,31,0.2,414,10,0.1,0,-0.0309737779317869
25,6,6,0.2,31,0.2,414,10,0.1,0,-1.44858905189875
25,6,6,0.2,31,0.2,414,10,0.1,0,-0.154853144490522
25,6,6,0.2,31,0.2,414,10,0.1,0,-0.0681110045056605
25,6,6,0.2,31,0.2,414,10,0.1,0,4.13208980911424e-21
25,6,6,0.2,31,0.2,414,10,0.1,0,-1.79303640480142
25,6,6,0.2,31,0.2,414,10,0.1,0,-2.68604952695777
25,6,6,0.2,31,0.2,414,10,0.1,0,-0.000253099068642538
25,6,6,0.2,31,0.2,414,10,0.1,0,0.462532692663285
25,6,6,0.2,31,0.2,414,10,0.1,0,4.20203304563322e-23
25,6,6,0.2,31,0.2,414,10,0.1,0,0
25,6,6,0.2,31,0.2,414,10,0.1,0,1.96810141071781e-16
25,6,6,0.2,31,0.2,414,10,0.1,0,0.000298464168136315
25,6,6,0.2,31,0.2,414,10,0.1,0,0.0755629874325748
25,6,6,0.2,31,0.2,414,10,0.1,0,0
25,6,6,0.2,31,0.2,414,10,0.1,0,-0.100688739931909
25,6,6,0.2,31,0.2,414,10,0.1,0,0
25,6,6,0.2,31,0.2,414,10,0.1,0,-0.143643067807084
25,6,6,0.2,31,0.2,414,10,0.1,0,0
25,6,6,0.2,31,0.2,414,10,0.1,0,-0.0807974510969105
25,6,6,0.2,31,0.2,414,10,0.1,0,2.16348852854126
25,6,6,0.2,31,0.2,414,10,0.1,0,0
25,6,6,0.2,31,0.2,414,10,0.1,0,0.295093574031532
25,6,6,0.2,31,0.2,414,10,0.1,0,-1.16403287384056
25,6,6,0.2,31,0.2,414,10,0.1,0,-0.0661563108277077
25,6,6,0.2,31,0.2,414,10,0.1,0,-4.86208261596844e-21
25,6,6,0.2,31,0.2,414,10,0.1,0,0.566866690138489
25,6,6,0.2,31,0.2,414,10,0.1,0,0.0231408181121485
25,6,6,0.2,31,0.2,414,10,0.1,0,0.710136867165628
25,6,6,0.2,31,0.2,414,10,0.1,0,1.63852569724567e-16
25,6,6,0.2,31,0.2,414,10,0.1,0,0.532801514334499
25,6,6,0.2,31,0.2,414,10,0.1,0,-0.000259672751980366
25,6,6,0.2,31,0.2,414,10,0.1,0,5.07958186532699e-22
25,6,6,0.2,31,0.2,414,10,0.1,0,0.685814208442995
25,6,6,0.2,31,0.2,414,10,0.1,0,0
25,6,6,0.2,31,0.2,414,10,0.1,0,-1.10604354149101
25,6,6,0.2,31,0.2,414,10,0.1,0,0
25,6,6,0.2,31,0.2,414,10,0.1,0,-1.09474443804412e-23
25,6,6,0.2,31,0.2,414,10,0.1,0,1.00649730657485
25,6,6,0.2,31,0.2,414,10,0.1,0,7.86189072129597e-22
25,6,6,0.2,31,0.2,414,10,0.1,0,-0.742585851704661
25,6,6,0.2,31,0.2,414,10,0.1,0,1.97440693730171
25,6,6,0.2,31,0.2,414,10,0.1,0,-0.0901051252910469
25,6,6,0.2,31,0.2,414,10,0.1,0,0.0566911576727458
25,6,6,0.2,31,0.2,414,10,0.1,0,-3.65733217547428e-16
25,6,6,0.2,31,0.2,414,10,0.1,0,-2.41091810364244
25,6,6,0.2,31,0.2,414,10,0.1,0,0
25,6,6,0.2,31,0.2,414,10,0.1,0,0
25,6,6,0.2,31,0.2,414,10,0.1,0,0.195013529536497
25,6,6,0.2,31,0.2,414,10,0.1,0,0.0122260869768814
25,6,6,0.2,31,0.2,414,10,0.1,0,0.00117715965202217
25,6,6,0.2,31,0.2,414,10,0.1,0,0.0603837737487716
25,6,6,0.2,31,0.2,414,10,0.1,0,-2.12588964988377
25,6,6,0.2,31,0.2,414,10,0.1,0,0.031725157876984
25,6,6,0.2,31,0.2,414,10,0.1,0,0
25,6,6,0.2,31,0.2,414,10,0.1,0,0.0373391101921532
25,6,6,0.2,31,0.2,414,10,0.1,0,1.74161731161279e-21
25,6,6,0.2,31,0.2,414,10,0.1,0,0
25,6,6,0.2,31,0.2,414,10,0.1,0,0.000146607612241011
25,6,6,0.2,31,0.2,414,10,0.1,0,0.506350316319389
25,6,6,0.2,31,0.2,414,10,0.1,0,-1.07742290752194
25,6,6,0.2,31,0.2,414,10,0.1,0,0.630368946214882
25,6,6,0.2,31,0.2,414,10,0.1,0,0.0266481598311647
25,6,6,0.2,31,0.2,414,10,0.1,0,0.00376668074530383
25,6,6,0.2,31,0.2,414,10,0.1,0,-0.0296092768166861
25,6,6,0.2,31,0.2,414,10,0.1,0,-0.00343957879303157
25,6,6,0.2,31,0.2,414,10,0.1,0,0.163937317674957
25,6,6,0.2,31,0.2,414,10,0.1,0,0.354770396023255
25,6,6,0.2,31,0.2,414,10,0.1,0,-6.78332422563539e-05
25,6,6,0.2,31,0.2,414,10,0.1,0,0.136390891668725
25,6,6,0.2,31,0.2,414,10,0.1,0,0.197454736929641
25,6,6,0.2,31,0.2,414,10,0.1,0,-0.105762533612662
25,6,6,0.2,31,0.2,414,10,0.1,0,0.471421549598678
25,6,6,0.2,31,0.2,414,10,0.1,0,5.99259506330964
25,6,6,0.2,31,0.2,414,10,0.1,0,1.78837565323575e-21
25,6,6,0.2,31,0.2,414,10,0.1,0,0.0515974537942325
25,6,6,0.2,31,0.2,414,10,0.1,0,0.335001862027892
25,6,6,0.2,31,0.2,414,10,0.1,0,0.155781742324843
25,6,6,0.2,31,0.2,414,10,0.1,0,-4.50454076200328
25,6,6,0.2,31,0.2,414,10,0.1,0,0
25,6,6,0.2,31,0.2,414,10,0.1,0,0.0412371757801344
25,6,6,0.2,31,0.2,414,10,0.1,0,2.04195970624656e-23
25,6,6,0.2,31,0.2,414,10,0.1,0,-0.0836168567054115
25,6,6,0.2,31,0.2,414,10,0.1,0,0.144801209030259
25,6,6,0.2,31,0.2,414,10,0.1,0,-0.222840594473521
25,6,6,0.2,31,0.2,414,10,0.1,0,-0.0003383400630128
25,6,6,0.2,31,0.2,414,10,0.1,0,-0.195580622267547
25,6,6,0.2,31,0.2,414,10,0.1,0,-3.21135938155784
25,6,6,0.2,31,0.2,414,10,0.1,0,0.000939996420258
25,6,6,0.2,31,0.2,414,10,0.1,0,0.0350912248120779
25,6,6,0.2,31,0.2,414,10,0.1,0,0.227957370521292
25,6,6,0.2,31,0.2,414,10,0.1,0,0.106029497302383
25,6,6,0.2,31,0.2,414,10,0.1,0,-5.35448327805682e-22
25,6,6,0.2,31,0.2,414,10,0.1,0,-3.58249043773816e-17
25,6,6,0.2,31,0.2,414,10,0.1,0,0
25,6,6,0.2,31,0.2,414,10,0.1,0,0.00112160159536617
25,6,6,0.2,31,0.2,414,10,0.1,0,0
25,6,6,0.2,31,0.2,414,10,0.1,0,1.21695584132949
25,6,6,0.2,31,0.2,414,10,0.1,0,-0.249901499848052
25,6,6,0.2,31,0.2,414,10,0.1,0,-0.0681954145423979
25,6,6,0.2,31,0.2,414,10,0.1,0,-0.184910969169808
25,6,6,0.2,31,0.2,414,10,0.1,0,-0.86128835728259
25,6,6,0.2,31,0.2,414,10,0.1,0,0.125976121508925
25,6,6,0.2,31,0.2,414,10,0.1,0,0.299433404369408
25,6,6,0.2,31,0.2,414,10,0.1,0,0.245502504528743
25,6,6,0.2,31,0.2,414,10,0.1,0,3.23230129849534
25,6,6,0.2,31,0.2,414,10,0.1,0,-0.0450678477524724
25,6,6,0.2,31,0.2,414,10,0.1,0,0.101381611335534
25,6,6,0.2,31,0.2,414,10,0.1,0,2.31396158300171
25,6,6,0.2,31,0.2,414,10,0.1,0,-4.51042636695453
25,6,6,0.2,31,0.2,414,10,0.1,0,0.795857197949616
25,6,6,0.2,31,0.2,414,10,0.1,0,0
25,6,6,0.2,31,0.2,414,10,0.1,0,-1.11587861324246
25,6,6,0.2,31,0.2,414,10,0.1,0,0.195203698800236
25,6,6,0.2,31,0.2,414,10,0.1,0,0.385424163081164
25,6,6,0.2,31,0.2,414,10,0.1,0,-4.42256551647346e-22
25,6,6,0.2,31,0.2,414,10,0.1,0,0.000880157964275824
25,6,6,0.2,31,0.2,414,10,0.1,0,0.199661232256149
25,6,6,0.2,31,0.2,414,10,0.1,0,-1.07865810399211
25,6,6,0.2,31,0.2,414,10,0.1,0,-0.00317878072019157
25,6,6,0.2,31,0.2,414,10,0.1,0,-0.181089890856286
25,6,6,0.2,31,0.2,414,10,0.1,0,-0.31164575257909
25,6,6,0.2,31,0.2,414,10,0.1,0,0
25,6,6,0.2,31,0.2,414,10,0.1,0,1.17493701648698e-23
25,6,6,0.2,31,0.2,414,10,0.1,0,0
25,6,6,0.2,31,0.2,414,10,0.1,0,0.281030491627757
25,6,6,0.2,31,0.2,414,10,0.1,0,0.0676769265918658
25,6,6,0.2,31,0.2,414,10,0.1,0,0.0445493849882155
25,6,6,0.2,31,0.2,414,10,0.1,0,-0.223107453183294
25,6,6,0.2,31,0.2,414,10,0.1,0,-0.167799843941179
25,6,6,0.2,31,0.2,414,10,0.1,0,-0.00190648470580845
25,6,6,0.2,31,0.2,414,10,0.1,0,-0.0666280001622872
25,6,6,0.2,31,0.2,414,10,0.1,0,0.0497917023831929
25,6,6,0.2,31,0.2,414,10,0.1,0,0
25,6,6,0.2,31,0.2,414,10,0.1,0,-7.75897202804184e-17
25,6,6,0.2,31,0.2,414,10,0.1,0,2.66181963955167
25,6,6,0.2,31,0.2,414,10,0.1,0,-0.00016908987869662
25,6,6,0.2,31,0.2,414,10,0.1,0,0
25,6,6,0.2,31,0.2,414,10,0.1,0,-0.0599837440469883
25,6,6,0.2,31,0.2,414,10,0.1,0,-0.00010242101584529
25,6,6,0.2,31,0.2,414,10,0.1,0,0
25,6,6,0.2,31,0.2,414,10,0.1,0,2.05993509964497
25,6,6,0.2,31,0.2,414,10,0.1,0,-9.69341973685028e-16
25,6,6,0.2,31,0.2,414,10,0.1,0,1.25143278000674e-22
25,6,6,0.2,31,0.2,414,10,0.1,0,0
25,6,6,0.2,31,0.2,414,10,0.1,0,-0.571772432846639
25,6,6,0.2,31,0.2,414,10,0.1,0,-1.90057135654611
25,6,6,0.2,31,0.2,414,10,0.1,0,0.00277344166605893
25,6,6,0.2,31,0.2,414,10,0.1,0,-2.47115793848767e-24
25,6,6,0.2,31,0.2,414,10,0.1,0,-7.38870550395695e-06
25,6,6,0.2,31,0.2,414,10,0.1,0,-0.0218742621971581
25,6,6,0.2,31,0.2,414,10,0.1,0,0.00641689303645764
25,6,6,0.2,31,0.2,414,10,0.1,0,1.24220125193839
25,6,6,0.2,31,0.2,414,10,0.1,0,0.102413764901133
25,6,6,0.2,31,0.2,414,10,0.1,0,3.2324455671122
25,6,6,0.2,31,0.2,414,10,0.1,0,6.91899877464963e-22
25,6,6,0.2,31,0.2,414,10,0.1,0,0.390834553909529
25,6,6,0.2,31,0.2,414,10,0.1,0,0.054485235187977
25,6,6,0.2,31,0.2,414,10,0.1,0,2.1997367069268
25,6,6,0.2,31,0.2,414,10,0.1,0,1.54755272699923e-21
25,6,6,0.2,31,0.2,414,10,0.1,0,0
25,6,6,0.2,31,0.2,414,10,0.1,0,-0.000508744528578883
25,6,6,0.2,31,0.2,414,10,0.1,0,0.0232311442315633
25,6,6,0.2,31,0.2,414,10,0.1,0,-0.413223196919608
25,6,6,0.2,31,0.2,414,10,0.1,0,0
25,6,6,0.2,31,0.2,414,10,0.1,0,0
25,6,6,0.2,31,0.2,414,10,0.1,0,-0.0208000152304845
25,6,6,0.2,31,0.2,414,10,0.1,0,-1.87513016042077
25,6,6,0.2,31,0.2,414,10,0.1,0,0.188411026751456
25,6,6,0.2,31,0.2,414,10,0.1,0,1.44649554473867e-20
25,6,6,0.2,31,0.2,414,10,0.1,0,-0.364707246532756
25,6,6,0.2,31,0.2,414,10,0.1,0,0.190969103657602
25,6,6,0.2,31,0.2,414,10,0.1,0,0.12258524289341
25,6,6,0.2,31,0.2,414,10,0.1,0,0.215460234486782
25,6,6,0.2,31,0.2,414,10,0.1,0,0.190934786127721
25,6,6,0.2,31,0.2,414,10,0.1,0,0
25,6,6,0.2,31,0.2,414,10,0.1,0,0.0159403853124678
25,6,6,0.2,31,0.2,414,10,0.1,0,3.59001152545024
25,6,6,0.2,31,0.2,414,10,0.1,0,0
25,6,6,0.2,31,0.2,414,10,0.1,0,-0.219463722559718
25,6,6,0.2,31,0.2,414,10,0.1,0,1.23924616628283
25,6,6,0.2,31,0.2,414,10,0.1,0,0
25,6,6,0.2,31,0.2,414,10,0.1,0,-0.000167566139001245
25,6,6,0.2,31,0.2,414,10,0.1,0,0
25,6,6,0.2,31,0.2,414,10,0.1,0,0.0312669585447385
25,6,6,0.2,31,0.2,414,10,0.1,0,-0.0467786664460832
25,6,6,0.2,31,0.2,414,10,0.1,0,-3.36381330762207e-24
25,6,6,0.2,31,0.2,414,10,0.1,0,2.11588466982693
25,6,6,0.2,31,0.2,414,10,0.1,0,9.28407138135113e-23
25,6,6,0.2,31,0.2,414,10,0.1,0,-0.241925757242533
25,6,6,0.2,31,0.2,414,10,0.1,0,0.250089182863529
25,6,6,0.2,31,0.2,414,10,0.1,0,0.0584263628911326
25,6,6,0.2,31,0.2,414,10,0.1,0,-7.02652116045728e-21
25,6,6,0.2,31,0.2,414,10,0.1,0,0.444861661762255
25,6,6,0.2,31,0.2,414,10,0.1,0,-0.0148357076438414
25,6,6,0.2,31,0.2,414,10,0.1,0,-7.89901259722467e-17
25,6,6,0.2,31,0.2,414,10,0.1,0,-0.0934570101516715
25,6,6,0.2,31,0.2,414,10,0.1,0,-4.84507169508669e-22
25,6,6,0.2,31,0.2,414,10,0.1,0,-0.0154156335931216
25,6,6,0.2,31,0.2,414,10,0.1,0,0.0609796273256528
25,6,6,0.2,31,0.2,414,10,0.1,0,-1.96290848070587e-21
25,6,6,0.2,31,0.2,414,10,0.1,0,-0.334446307803526
25,6,6,0.2,31,0.2,414,10,0.1,0,0
25,6,6,0.2,31,0.2,414,10,0.1,0,0.106780889453197
25,6,6,0.2,31,0.2,414,10,0.1,0,0.596836183957293
25,6,6,0.2,31,0.2,414,10,0.1,0,-2.52901538411569e-22
25,6,6,0.2,31,0.2,414,10,0.1,0,0.0919605457923216
25,6,6,0.2,31,0.2,414,10,0.1,0,0.109117814811946
25,6,6,0.2,31,0.2,414,10,0.1,0,0.911118407951518
25,6,6,0.2,31,0.2,414,10,0.1,0,-0.297913478830523
25,6,6,0.2,31,0.2,414,10,0.1,0,0
25,6,6,0.2,31,0.2,414,10,0.1,0,1.76695619817213e-05
25,6,6,0.2,31,0.2,414,10,0.1,0,1.78461791069207e-17
25,6,6,0.2,31,0.2,414,10,0.1,0,0.700157156285324
25,6,6,0.2,31,0.2,414,10,0.1,0,1.94512150057751
25,6,6,0.2,31,0.2,414,10,0.1,0,-0.00864738503222271
25,6,6,0.2,31,0.2,414,10,0.1,0,0.18260806230254
25,6,6,0.2,31,0.2,414,10,0.1,0,0.125092627460976
25,6,6,0.2,31,0.2,414,10,0.1,0,-0.0416888364245317
25,6,6,0.2,31,0.2,414,10,0.1,0,3.46731027808474
25,6,6,0.2,31,0.2,414,10,0.1,0,-2.68781783228084
25,6,6,0.2,31,0.2,414,10,0.1,0,-0.0888573565598726
25,6,6,0.2,31,0.2,414,10,0.1,0,-0.023304838955798
25,6,6,0.2,31,0.2,414,10,0.1,0,1.63392972090802
25,6,6,0.2,31,0.2,414,10,0.1,0,-1.80719234169109e-23
25,6,6,0.2,31,0.2,414,10,0.1,0,-0.774721003276782
25,6,6,0.2,31,0.2,414,10,0.1,0,2.19258129128728
25,6,6,0.2,31,0.2,414,10,0.1,0,0.000807157906575844
25,6,6,0.2,31,0.2,414,10,0.1,0,0
25,6,6,0.2,31,0.2,414,10,0.1,0,-2.83866330367904
25,6,6,0.2,31,0.2,414,10,0.1,0,1.04522988628577e-20
25,6,6,0.2,31,0.2,414,10,0.1,0,-0.16119244833659
25,6,6,0.2,31,0.2,414,10,0.1,0,-0.00365522457583438
25,6,6,0.2,31,0.2,414,10,0.1,0,-3.61348419580606e-17
25,6,6,0.2,31,0.2,414,10,0.1,0,0.0657202950553116
25,6,6,0.2,31,0.2,414,10,0.1,0,-0.000161677351016074
25,6,6,0.2,31,0.2,414,10,0.1,0,0
25,6,6,0.2,31,0.2,414,10,0.1,0,0.385367976352444
25,6,6,0.2,31,0.2,414,10,0.1,0,0.0107871913350849
25,6,6,0.2,31,0.2,414,10,0.1,0,-0.285639568638677
25,6,6,0.2,31,0.2,414,10,0.1,0,-0.14912372083731
25,6,6,0.2,31,0.2,414,10,0.1,0,-0.102576379061491
25,6,6,0.2,31,0.2,414,10,0.1,0,-0.000110870305972966
25,6,6,0.2,31,0.2,414,10,0.1,0,0.10397791231969
25,6,6,0.2,31,0.2,414,10,0.1,0,1.46238201795689
25,6,6,0.2,31,0.2,414,10,0.1,0,-3.84848607037078
25,6,6,0.2,31,0.2,414,10,0.1,0,-0.0640122591550888
25,6,6,0.2,31,0.2,414,10,0.1,0,0.0118106638882736
25,6,6,0.2,31,0.2,414,10,0.1,0,0
25,6,6,0.2,31,0.2,414,10,0.1,0,-0.0203200744383294
25,6,6,0.2,31,0.2,414,10,0.1,0,1.4447706068023e-21
25,6,6,0.2,31,0.2,414,10,0.1,0,0.100245474084256
25,6,6,0.2,31,0.2,414,10,0.1,0,0.0397011560342512
25,6,6,0.2,31,0.2,414,10,0.1,0,-0.0240312326794141
25,6,6,0.2,31,0.2,414,10,0.1,0,1.84682623159523e-21
25,6,6,0.2,31,0.2,414,10,0.1,0,0
25,6,6,0.2,31,0.2,414,10,0.1,0,-0.68156344770067
25,6,6,0.2,31,0.2,414,10,0.1,0,-0.523297418620649
25,6,6,0.2,31,0.2,414,10,0.1,0,-0.0922605482641294
25,6,6,0.2,31,0.2,414,10,0.1,0,-1.42521575446199
25,6,6,0.2,31,0.2,414,10,0.1,0,-0.0146618485853516
25,6,6,0.2,31,0.2,414,10,0.1,0,0.0153429152583466
25,6,6,0.2,31,0.2,414,10,0.1,0,0.231115496535819
25,6,6,0.2,31,0.2,414,10,0.1,0,-0.406616766816365
25,6,6,0.2,31,0.2,414,10,0.1,0,3.19176294912506
25,6,6,0.2,31,0.2,414,10,0.1,0,0.000126247772337348
25,6,6,0.2,31,0.2,414,10,0.1,0,-0.0534718581662004
25,6,6,0.2,31,0.2,414,10,0.1,0,1.12316801475955e-21
25,6,6,0.2,31,0.2,414,10,0.1,0,-0.000118198823921619
25,6,6,0.2,31,0.2,414,10,0.1,0,-0.125841056017715
25,6,6,0.2,31,0.2,414,10,0.1,0,0.109265043201133
25,6,6,0.2,31,0.2,414,10,0.1,0,0.693978897406381
25,6,6,0.2,31,0.2,414,10,0.1,0,1.29103368076846
25,6,6,0.2,31,0.2,414,10,0.1,0,-0.0123219218678137
25,6,6,0.2,31,0.2,414,10,0.1,0,0
25,6,6,0.2,31,0.2,414,10,0.1,0,-0.0320302143539784
25,6,6,0.2,31,0.2,414,10,0.1,0,-0.205785388914398
25,6,6,0.2,31,0.2,414,10,0.1,0,-0.179469591189424
25,6,6,0.2,31,0.2,414,10,0.1,0,5.87897058063259
25,6,6,0.2,31,0.2,414,10,0.1,0,-0.373072195614997
25,6,6,0.2,31,0.2,414,10,0.1,0,0.488971930194084
25,6,6,0.2,31,0.2,414,10,0.1,0,0.00271064851808806
25,6,6,0.2,31,0.2,414,10,0.1,0,1.04704485345499e-16
25,6,6,0.2,31,0.2,414,10,0.1,0,1.01844138539018
25,6,6,0.2,31,0.2,414,10,0.1,0,-0.146726017614821
25,6,6,0.2,31,0.2,414,10,0.1,0,-0.0726302401463897
25,6,6,0.2,31,0.2,414,10,0.1,0,0.0407070247699562
25,6,6,0.2,31,0.2,414,10,0.1,0,0
25,6,6,0.2,31,0.2,414,10,0.1,0,0.139463228212257
25,6,6,0.2,31,0.2,414,10,0.1,0,0.156602597924878
25,6,6,0.2,31,0.2,414,10,0.1,0,-3.1276324606296e-21
25,6,6,0.2,31,0.2,414,10,0.1,0,2.03878919715886
25,6,6,0.2,31,0.2,414,10,0.1,0,-2.47941269534696
25,6,6,0.2,31,0.2,414,10,0.1,0,0
25,6,6,0.2,31,0.2,414,10,0.1,0,0.0391364229563112
25,6,6,0.2,31,0.2,414,10,0.1,0,-0.29174766091463
25,6,6,0.2,31,0.2,414,10,0.1,0,-7.0758986092131e-06
25,6,6,0.2,31,0.2,414,10,0.1,0,0.175943029777642
25,6,6,0.2,31,0.2,414,10,0.1,0,0.0710058948036581
25,6,6,0.2,31,0.2,414,10,0.1,0,0.0410158693332963
25,6,6,0.2,31,0.2,414,10,0.1,0,-5.98958682300732
25,6,6,0.2,31,0.2,414,10,0.1,0,0.00103188079195957
25,6,6,0.2,31,0.2,414,10,0.1,0,0.331056178879554
25,6,6,0.2,31,0.2,414,10,0.1,0,-0.000213617516639447
25,6,6,0.2,31,0.2,414,10,0.1,0,-0.000117846827967774
25,6,6,0.2,31,0.2,414,10,0.1,0,0.678061857385623
25,6,6,0.2,31,0.2,414,10,0.1,0,0.0639895172098328
25,6,6,0.2,31,0.2,414,10,0.1,0,0
25,6,6,0.2,31,0.2,414,10,0.1,0,0.213662264044099
25,6,6,0.2,31,0.2,414,10,0.1,0,-3.55813329941957e-17
25,6,6,0.2,31,0.2,414,10,0.1,0,-0.904070323021198
25,6,6,0.2,31,0.2,414,10,0.1,0,7.13558870758964e-17
25,6,6,0.2,31,0.2,414,10,0.1,0,0.186819779462166
25,6,6,0.2,31,0.2,414,10,0.1,0,2.0552348511029
25,6,6,0.2,31,0.2,414,10,0.1,0,0.0987356979131075
25,6,6,0.2,31,0.2,414,10,0.1,0,-0.000481901257184954
25,6,6,0.2,31,0.2,414,10,0.1,0,-0.510315472262277
25,6,6,0.2,31,0.2,414,10,0.1,0,0
25,6,6,0.2,31,0.2,414,10,0.1,0,0.262051569367286
25,6,6,0.2,31,0.2,414,10,0.1,0,-0.0466666089868021
25,6,6,0.2,31,0.2,414,10,0.1,0,0
25,6,6,0.2,31,0.2,414,10,0.1,0,0.66561830112469
25,6,6,0.2,31,0.2,414,10,0.1,0,-2.61579272298018e-17
25,6,6,0.2,31,0.2,414,10,0.1,0,3.02355068910231
25,6,6,0.2,31,0.2,414,10,0.1,0,-0.00221479777707841
25,6,6,0.2,31,0.2,414,10,0.1,0,0.506975924789363
25,6,6,0.2,31,0.2,414,10,0.1,0,-0.863060791796549
25,6,6,0.2,31,0.2,414,10,0.1,0,0.088604254625047
25,6,6,0.2,31,0.2,414,10,0.1,0,0.0288899332607521
25,6,6,0.2,31,0.2,414,10,0.1,0,0.317743762808512
25,6,6,0.2,31,0.2,414,10,0.1,0,-0.00174020815287811
25,6,6,0.2,31,0.2,414,10,0.1,0,-0.137670786061978
25,6,6,0.2,31,0.2,414,10,0.1,0,0.128716005697525
25,6,6,0.2,31,0.2,414,10,0.1,0,-0.000244474757619964
25,6,6,0.2,31,0.2,414,10,0.1,0,-1.84077488652237
25,6,6,0.2,31,0.2,414,10,0.1,0,1.03681554798882e-20
25,6,6,0.2,31,0.2,414,10,0.1,0,0.0702275468197765
25,6,6,0.2,31,0.2,414,10,0.1,0,-0.000359062015805338
25,6,6,0.2,31,0.2,414,10,0.1,0,-0.0177302749338486
25,6,6,0.2,31,0.2,414,10,0.1,0,-0.0715307860993981
25,6,6,0.2,31,0.2,414,10,0.1,0,-0.515467984183899
25,6,6,0.2,31,0.2,414,10,0.1,0,-0.18737680381171
25,6,6,0.2,31,0.2,414,10,0.1,0,0
25,6,6,0.2,31,0.2,414,10,0.1,0,1.07934118309914
25,6,6,0.2,31,0.2,414,10,0.1,0,1.99368577754492e-20
25,6,6,0.2,31,0.2,414,10,0.1,0,0.00413309257381927
25,6,6,0.2,31,0.2,414,10,0.1,0,0
25,6,6,0.2,31,0.2,414,10,0.1,0,4.53852312705112e-17
25,6,6,0.2,31,0.2,414,10,0.1,0,3.92980345165602e-17
25,6,6,0.2,31,0.2,414,10,0.1,0,-2.53786974185375e-21
25,6,6,0.2,31,0.2,414,10,0.1,0,0.0640999748097305
25,6,6,0.2,31,0.2,414,10,0.1,0,-0.215566358608199
25,6,6,0.2,31,0.2,414,10,0.1,0,9.1516625206554e-23
25,6,6,0.2,31,0.2,414,10,0.1,0,0.390474666685569
25,6,6,0.2,31,0.2,414,10,0.1,0,-8.2575104665889
25,6,6,0.2,31,0.2,414,10,0.1,0,0
25,6,6,0.2,31,0.2,414,10,0.1,0,-0.614108342557569
25,6,6,0.2,31,0.2,414,10,0.1,0,-0.341176125942013
25,6,6,0.2,31,0.2,414,10,0.1,0,-0.00992153201940435
25,6,6,0.2,31,0.2,414,10,0.1,0,0
25,6,6,0.2,31,0.2,414,10,0.1,0,0.00319328429723924
25,6,6,0.2,31,0.2,414,10,0.1,0,6.86773587876542e-17
25,6,6,0.2,31,0.2,414,10,0.1,0,-0.00022552404972609
25,6,6,0.2,31,0.2,414,10,0.1,0,0.000621860487184483
25,6,6,0.2,31,0.2,414,10,0.1,0,-0.248640472072092
25,6,6,0.2,31,0.2,414,10,0.1,0,0
25,6,6,0.2,31,0.2,414,10,0.1,0,0
25,6,6,0.2,31,0.2,414,10,0.1,0,0.276961613031896
25,6,6,0.2,31,0.2,414,10,0.1,0,1.79864602187115e-21
25,6,6,0.2,31,0.2,414,10,0.1,0,0.719670336641495
25,6,6,0.2,31,0.2,414,10,0.1,0,1.21755753438203e-16
25,6,6,0.2,31,0.2,414,10,0.1,0,0.00113991349292258
25,6,6,0.2,31,0.2,414,10,0.1,0,-0.175248436071201
25,6,6,0.2,31,0.2,414,10,0.1,0,0.613421398442487
25,6,6,0.2,31,0.2,414,10,0.1,0,0.063733201317692
25,6,6,0.2,31,0.2,414,10,0.1,0,0.0783335857753954
25,6,6,0.2,31,0.2,414,10,0.1,0,-0.00758651626878006
25,6,6,0.2,31,0.2,414,10,0.1,0,0.296765186926234
25,6,6,0.2,31,0.2,414,10,0.1,0,0.465926403919795
25,6,6,0.2,31,0.2,414,10,0.1,0,1.5858707420577
25,6,6,0.2,31,0.2,414,10,0.1,0,0.44186129787243
25,6,6,0.2,31,0.2,414,10,0.1,0,-1.45232095465331
25,6,6,0.2,31,0.2,414,10,0.1,0,-0.0365407662582061
25,6,6,0.2,31,0.2,414,10,0.1,0,-0.00874712435094477
25,6,6,0.2,31,0.2,414,10,0.1,0,-0.000128871439186458
25,6,6,0.2,31,0.2,414,10,0.1,0,-0.0329738746973167
25,6,6,0.2,31,0.2,414,10,0.1,0,-0.0896421349215211
25,6,6,0.2,31,0.2,414,10,0.1,0,-0.0296173170899645
25,6,6,0.2,31,0.2,414,10,0.1,0,-0.0436097667724282
25,6,6,0.2,31,0.2,414,10,0.1,0,2.46327833882805e-21
25,6,6,0.2,31,0.2,414,10,0.1,0,0.379699755112487
25,6,6,0.2,31,0.2,414,10,0.1,0,8.69324645516204e-23
25,6,6,0.2,31,0.2,414,10,0.1,0,3.62482220531791e-21
25,6,6,0.2,31,0.2,414,10,0.1,0,0
25,6,6,0.2,31,0.2,414,10,0.1,0,3.33708427834354e-20
25,6,6,0.2,31,0.2,414,10,0.1,0,0.0719797495413248
25,6,6,0.2,31,0.2,414,10,0.1,0,0.0785888880027166
25,6,6,0.2,31,0.2,414,10,0.1,0,0
25,6,6,0.2,31,0.2,414,10,0.1,0,0.639637091989741
25,6,6,0.2,31,0.2,414,10,0.1,0,-1.25320823207741
25,6,6,0.2,31,0.2,414,10,0.1,0,0
25,6,6,0.2,31,0.2,414,10,0.1,0,3.47827921966886e-17
25,6,6,0.2,31,0.2,414,10,0.1,0,0.868754233354071
25,6,7,0.2,24,0.2,245,10,0.1,1,-0.0340477336597771
25,6,7,0.2,24,0.2,245,10,0.1,1,-2.59843748549677
25,6,7,0.2,24,0.2,245,10,0.1,1,0.868003246213728
25,6,7,0.2,24,0.2,245,10,0.1,1,-0.168671226288563
25,6,7,0.2,24,0.2,245,10,0.1,1,4.94173514665313
25,6,7,0.2,24,0.2,245,10,0.1,1,0.0122557602814855
25,6,7,0.2,24,0.2,245,10,0.1,1,-0.0356072799288769
25,6,7,0.2,24,0.2,245,10,0.1,1,-2.23300376729882
25,6,7,0.2,24,0.2,245,10,0.1,1,1.81523183545633
25,6,7,0.2,24,0.2,245,10,0.1,1,0.513354197784873
25,6,7,0.2,24,0.2,245,10,0.1,1,0.853943391439565
25,6,7,0.2,24,0.2,245,10,0.1,1,0.723137122699265
25,6,7,0.2,24,0.2,245,10,0.1,1,0
25,6,7,0.2,24,0.2,245,10,0.1,1,2.43156019579329
25,6,7,0.2,24,0.2,245,10,0.1,1,0
25,6,7,0.2,24,0.2,245,10,0.1,1,0
25,6,7,0.2,24,0.2,245,10,0.1,1,0.179867908505185
25,6,7,0.2,24,0.2,245,10,0.1,1,0.697009179797365
25,6,7,0.2,24,0.2,245,10,0.1,1,1.57213095874362
25,6,7,0.2,24,0.2,245,10,0.1,1,0.111846053791855
25,6,7,0.2,24,0.2,245,10,0.1,1,2.38472084943774e-23
25,6,7,0.2,24,0.2,245,10,0.1,1,0.30647061219324
25,6,7,0.2,24,0.2,245,10,0.1,1,0
25,6,7,0.2,24,0.2,245,10,0.1,1,-0.0116359928823469
25,6,7,0.2,24,0.2,245,10,0.1,0,0.00194683885760968
25,6,7,0.2,24,0.2,245,10,0.1,0,-0.0151429905682435
25,6,7,0.2,24,0.2,245,10,0.1,0,0.0116038931949331
25,6,7,0.2,24,0.2,245,10,0.1,0,-0.00539430937193159
25,6,7,0.2,24,0.2,245,10,0.1,0,0.136391110145611
25,6,7,0.2,24,0.2,245,10,0.1,0,0.0433945319210806
25,6,7,0.2,24,0.2,245,10,0.1,0,-3.53729969227066e-23
25,6,7,0.2,24,0.2,245,10,0.1,0,0.346076736111106
25,6,7,0.2,24,0.2,245,10,0.1,0,0.02733614920232
25,6,7,0.2,24,0.2,245,10,0.1,0,0.0825811714415653
25,6,7,0.2,24,0.2,245,10,0.1,0,0
25,6,7,0.2,24,0.2,245,10,0.1,0,0.0536118573458685
25,6,7,0.2,24,0.2,245,10,0.1,0,9.36500040094422e-24
25,6,7,0.2,24,0.2,245,10,0.1,0,4.30417012807698e-22
25,6,7,0.2,24,0.2,245,10,0.1,0,-0.115271611582279
25,6,7,0.2,24,0.2,245,10,0.1,0,0.0136239026372742
25,6,7,0.2,24,0.2,245,10,0.1,0,-0.0428965764241054
25,6,7,0.2,24,0.2,245,10,0.1,0,0
25,6,7,0.2,24,0.2,245,10,0.1,0,0.00597530929273287
25,6,7,0.2,24,0.2,245,10,0.1,0,0.578343476522978
25,6,7,0.2,24,0.2,245,10,0.1,0,0.0736499144850738
25,6,7,0.2,24,0.2,245,10,0.1,0,0.032147277667372
25,6,7,0.2,24,0.2,245,10,0.1,0,0
25,6,7,0.2,24,0.2,245,10,0.1,0,-0.0605320567973984
25,6,7,0.2,24,0.2,245,10,0.1,0,0
25,6,7,0.2,24,0.2,245,10,0.1,0,-5.42697540487494e-21
25,6,7,0.2,24,0.2,245,10,0.1,0,0.00963939491844035
25,6,7,0.2,24,0.2,245,10,0.1,0,-0.10974103760041
25,6,7,0.2,24,0.2,245,10,0.1,0,0.00390951200877723
25,6,7,0.2,24,0.2,245,10,0.1,0,0.0521443592310345
25,6,7,0.2,24,0.2,245,10,0.1,0,0.811736689656105
25,6,7,0.2,24,0.2,245,10,0.1,0,0
25,6,7,0.2,24,0.2,245,10,0.1,0,0.0871248898252144
25,6,7,0.2,24,0.2,245,10,0.1,0,0.0280151462225081
25,6,7,0.2,24,0.2,245,10,0.1,0,0.118857244958307
25,6,7,0.2,24,0.2,245,10,0.1,0,-1.22396961836579
25,6,7,0.2,24,0.2,245,10,0.1,0,2.65499961387433
25,6,7,0.2,24,0.2,245,10,0.1,0,2.18902054795992e-23
25,6,7,0.2,24,0.2,245,10,0.1,0,-0.0112084403945769
25,6,7,0.2,24,0.2,245,10,0.1,0,1.40452043538849e-23
25,6,7,0.2,24,0.2,245,10,0.1,0,-0.158961708628558
25,6,7,0.2,24,0.2,245,10,0.1,0,3.02116980793319e-21
25,6,7,0.2,24,0.2,245,10,0.1,0,-0.00362644885153533
25,6,7,0.2,24,0.2,245,10,0.1,0,0.404663716859741
25,6,7,0.2,24,0.2,245,10,0.1,0,1.89349684821093e-21
25,6,7,0.2,24,0.2,245,10,0.1,0,-0.0445332703730142
25,6,7,0.2,24,0.2,245,10,0.1,0,-0.128658005744836
25,6,7,0.2,24,0.2,245,10,0.1,0,-6.08058260630915e-22
25,6,7,0.2,24,0.2,245,10,0.1,0,0.393905835726354
25,6,7,0.2,24,0.2,245,10,0.1,0,0.608485450106913
25,6,7,0.2,24,0.2,245,10,0.1,0,-0.0890410733286719
25,6,7,0.2,24,0.2,245,10,0.1,0,-0.126828182757505
25,6,7,0.2,24,0.2,245,10,0.1,0,-0.034114425212719
25,6,7,0.2,24,0.2,245,10,0.1,0,0.0324926656677952
25,6,7,0.2,24,0.2,245,10,0.1,0,0.581121495792615
25,6,7,0.2,24,0.2,245,10,0.1,0,0.00733387904081164
25,6,7,0.2,24,0.2,245,10,0.1,0,0.663147574936654
25,6,7,0.2,24,0.2,245,10,0.1,0,-0.176439509209978
25,6,7,0.2,24,0.2,245,10,0.1,0,0.300697512539165
25,6,7,0.2,24,0.2,245,10,0.1,0,-0.00238626800192776
25,6,7,0.2,24,0.2,245,10,0.1,0,-0.00649099049251283
25,6,7,0.2,24,0.2,245,10,0.1,0,-1.54525598621061
25,6,7,0.2,24,0.2,245,10,0.1,0,0.0305203560075581
25,6,7,0.2,24,0.2,245,10,0.1,0,0.442509318430474
25,6,7,0.2,24,0.2,245,10,0.1,0,-2.05402538490946
25,6,7,0.2,24,0.2,245,10,0.1,0,0.0680809844609711
25,6,7,0.2,24,0.2,245,10,0.1,0,-0.0204376906681482
25,6,7,0.2,24,0.2,245,10,0.1,0,0
25,6,7,0.2,24,0.2,245,10,0.1,0,1.85891385406717e-20
25,6,7,0.2,24,0.2,245,10,0.1,0,-0.246409810938504
25,6,7,0.2,24,0.2,245,10,0.1,0,0
25,6,7,0.2,24,0.2,245,10,0.1,0,0.028913675842987
25,6,7,0.2,24,0.2,245,10,0.1,0,0.0128880728827069
25,6,7,0.2,24,0.2,245,10,0.1,0,0.0514023655626447
25,6,7,0.2,24,0.2,245,10,0.1,0,0.060227960240744
25,6,7,0.2,24,0.2,245,10,0.1,0,-2.21099182168123
25,6,7,0.2,24,0.2,245,10,0.1,0,0.0682741328709311
25,6,7,0.2,24,0.2,245,10,0.1,0,0.0926682620596438
25,6,7,0.2,24,0.2,245,10,0.1,0,-0.117004635040545
25,6,7,0.2,24,0.2,245,10,0.1,0,0.0095126827871683
25,6,7,0.2,24,0.2,245,10,0.1,0,0.0482953304933033
25,6,7,0.2,24,0.2,245,10,0.1,0,-0.00419644656320321
25,6,7,0.2,24,0.2,245,10,0.1,0,0
25,6,7,0.2,24,0.2,245,10,0.1,0,0
25,6,7,0.2,24,0.2,245,10,0.1,0,0.00773630127471771
25,6,7,0.2,24,0.2,245,10,0.1,0,-0.000855340600198917
25,6,7,0.2,24,0.2,245,10,0.1,0,-1.18604122110364
25,6,7,0.2,24,0.2,245,10,0.1,0,0.0182505720093936
25,6,7,0.2,24,0.2,245,10,0.1,0,-0.0535034146970828
25,6,7,0.2,24,0.2,245,10,0.1,0,0.0429982035658557
25,6,7,0.2,24,0.2,245,10,0.1,0,-0.00486422670333625
25,6,7,0.2,24,0.2,245,10,0.1,0,0.0334385163244653
25,6,7,0.2,24,0.2,245,10,0.1,0,0.0153822304330404
25,6,7,0.2,24,0.2,245,10,0.1,0,-0.00205301126515922
25,6,7,0.2,24,0.2,245,10,0.1,0,-0.019516848302354
25,6,7,0.2,24,0.2,245,10,0.1,0,-0.622323554283622
25,6,7,0.2,24,0.2,245,10,0.1,0,0.0169243805863535
25,6,7,0.2,24,0.2,245,10,0.1,0,-1.10955040343083e-22
25,6,7,0.2,24,0.2,245,10,0.1,0,-0.0613521304339101
25,6,7,0.2,24,0.2,245,10,0.1,0,0.0245409228202628
25,6,7,0.2,24,0.2,245,10,0.1,0,0.0901518154061615
25,6,7,0.2,24,0.2,245,10,0.1,0,0.00171984742153244
25,6,7,0.2,24,0.2,245,10,0.1,0,0.0106002981516584
25,6,7,0.2,24,0.2,245,10,0.1,0,0.0136153053121368
25,6,7,0.2,24,0.2,245,10,0.1,0,0.0149827609611372
25,6,7,0.2,24,0.2,245,10,0.1,0,-0.0107430682087471
25,6,7,0.2,24,0.2,245,10,0.1,0,-0.158546710540961
25,6,7,0.2,24,0.2,245,10,0.1,0,0.0927797722379751
25,6,7,0.2,24,0.2,245,10,0.1,0,0.00989289863959618
25,6,7,0.2,24,0.2,245,10,0.1,0,-1.28428599362239
25,6,7,0.2,24,0.2,245,10,0.1,0,0.35531738809122
25,6,7,0.2,24,0.2,245,10,0.1,0,0.0200192396313588
25,6,7,0.2,24,0.2,245,10,0.1,0,0
25,6,7,0.2,24,0.2,245,10,0.1,0,0.0681933312794625
25,6,7,0.2,24,0.2,245,10,0.1,0,0.0422408773769528
25,6,7,0.2,24,0.2,245,10,0.1,0,-0.0572896019971575
25,6,7,0.2,24,0.2,245,10,0.1,0,-0.155328075198263
25,6,7,0.2,24,0.2,245,10,0.1,0,0.0105089183518972
25,6,7,0.2,24,0.2,245,10,0.1,0,0.0053478786467426
25,6,7,0.2,24,0.2,245,10,0.1,0,0.188581901744513
25,6,7,0.2,24,0.2,245,10,0.1,0,0.0120355367639332
25,6,7,0.2,24,0.2,245,10,0.1,0,0.0108664201840433
25,6,7,0.2,24,0.2,245,10,0.1,0,0.00133238698525998
25,6,7,0.2,24,0.2,245,10,0.1,0,-0.0130161090188911
25,6,7,0.2,24,0.2,245,10,0.1,0,3.44162680376001e-23
25,6,7,0.2,24,0.2,245,10,0.1,0,-0.0274287815095399
25,6,7,0.2,24,0.2,245,10,0.1,0,-0.0148719051190756
25,6,7,0.2,24,0.2,245,10,0.1,0,-0.00754968835887374
25,6,7,0.2,24,0.2,245,10,0.1,0,-0.0211680369805025
25,6,7,0.2,24,0.2,245,10,0.1,0,-0.109286312661086
25,6,7,0.2,24,0.2,245,10,0.1,0,-0.0295682623432986
25,6,7,0.2,24,0.2,245,10,0.1,0,0.0500583709639214
25,6,7,0.2,24,0.2,245,10,0.1,0,-0.00991902685879343
25,6,7,0.2,24,0.2,245,10,0.1,0,0
25,6,7,0.2,24,0.2,245,10,0.1,0,0.000774486716438057
25,6,7,0.2,24,0.2,245,10,0.1,0,-0.090871514743667
25,6,7,0.2,24,0.2,245,10,0.1,0,0.00583993967189755
25,6,7,0.2,24,0.2,245,10,0.1,0,0.0908187009736058
25,6,7,0.2,24,0.2,245,10,0.1,0,8.08581196599359e-21
25,6,7,0.2,24,0.2,245,10,0.1,0,0.0298737066664038
25,6,7,0.2,24,0.2,245,10,0.1,0,0.00502598220449038
25,6,7,0.2,24,0.2,245,10,0.1,0,0.130639435008425
25,6,7,0.2,24,0.2,245,10,0.1,0,0.169697608176314
25,6,7,0.2,24,0.2,245,10,0.1,0,0.0730890985157769
25,6,7,0.2,24,0.2,245,10,0.1,0,-0.0593456330366207
25,6,7,0.2,24,0.2,245,10,0.1,0,-0.124727862829146
25,6,7,0.2,24,0.2,245,10,0.1,0,2.26029851131918e-23
25,6,7,0.2,24,0.2,245,10,0.1,0,-0.918908244278305
25,6,7,0.2,24,0.2,245,10,0.1,0,0.00970867561287184
25,6,7,0.2,24,0.2,245,10,0.1,0,-0.0087282525732477
25,6,7,0.2,24,0.2,245,10,0.1,0,-0.0455499776908304
25,6,7,0.2,24,0.2,245,10,0.1,0,1.11116143000028e-20
25,6,7,0.2,24,0.2,245,10,0.1,0,1.54629318009795e-21
25,6,7,0.2,24,0.2,245,10,0.1,0,0.00522316209165158
25,6,7,0.2,24,0.2,245,10,0.1,0,-0.0172890650420323
25,6,7,0.2,24,0.2,245,10,0.1,0,7.55340571964652e-24
25,6,7,0.2,24,0.2,245,10,0.1,0,0
25,6,7,0.2,24,0.2,245,10,0.1,0,0
25,6,7,0.2,24,0.2,245,10,0.1,0,4.89295769303679e-24
25,6,7,0.2,24,0.2,245,10,0.1,0,-0.427456595984666
25,6,7,0.2,24,0.2,245,10,0.1,0,0.206689552576716
25,6,7,0.2,24,0.2,245,10,0.1,0,0.0111245865060897
25,6,7,0.2,24,0.2,245,10,0.1,0,1.00088762280311
25,6,7,0.2,24,0.2,245,10,0.1,0,0.430075387215217
25,6,7,0.2,24,0.2,245,10,0.1,0,0
25,6,7,0.2,24,0.2,245,10,0.1,0,-3.89146790519075e-22
25,6,7,0.2,24,0.2,245,10,0.1,0,0.0710607073607228
25,6,7,0.2,24,0.2,245,10,0.1,0,-0.0108918001172364
25,6,7,0.2,24,0.2,245,10,0.1,0,0.0736460871584738
25,6,7,0.2,24,0.2,245,10,0.1,0,0.263014451645824
25,6,7,0.2,24,0.2,245,10,0.1,0,-0.00847226501328922
25,6,7,0.2,24,0.2,245,10,0.1,0,0.0087552303215802
25,6,7,0.2,24,0.2,245,10,0.1,0,0.2394091442872
25,6,7,0.2,24,0.2,245,10,0.1,0,-0.00173180741971964
25,6,7,0.2,24,0.2,245,10,0.1,0,0.267823952160337
25,6,7,0.2,24,0.2,245,10,0.1,0,0.187363677735491
25,6,7,0.2,24,0.2,245,10,0.1,0,0.415597014228573
25,6,7,0.2,24,0.2,245,10,0.1,0,-0.0529866444810578
25,6,7,0.2,24,0.2,245,10,0.1,0,0.00997332594009827
25,6,7,0.2,24,0.2,245,10,0.1,0,0.109515271956952
25,6,7,0.2,24,0.2,245,10,0.1,0,-0.139008738353759
25,6,7,0.2,24,0.2,245,10,0.1,0,0.0109298659711637
25,6,7,0.2,24,0.2,245,10,0.1,0,0
25,6,7,0.2,24,0.2,245,10,0.1,0,0.459486816120944
25,6,7,0.2,24,0.2,245,10,0.1,0,-0.0441892462680335
25,6,7,0.2,24,0.2,245,10,0.1,0,-0.0285084205804361
25,6,7,0.2,24,0.2,245,10,0.1,0,-0.0334023593896203
25,6,7,0.2,24,0.2,245,10,0.1,0,-0.286301355159354
25,6,7,0.2,24,0.2,245,10,0.1,0,0.0264248105056207
25,6,7,0.2,24,0.2,245,10,0.1,0,-8.07363859408372e-21
25,6,7,0.2,24,0.2,245,10,0.1,0,0
25,6,7,0.2,24,0.2,245,10,0.1,0,-0.0067439412472391
25,6,7,0.2,24,0.2,245,10,0.1,0,0.0897235081324017
25,6,7,0.2,24,0.2,245,10,0.1,0,-0.0278936534327625
25,6,7,0.2,24,0.2,245,10,0.1,0,0.0129449795524574
25,6,7,0.2,24,0.2,245,10,0.1,0,-0.00462572459589215
25,6,7,0.2,24,0.2,245,10,0.1,0,-0.000274868401828601
25,6,7,0.2,24,0.2,245,10,0.1,0,-3.65875072654647e-22
25,6,7,0.2,24,0.2,245,10,0.1,0,-0.0060985730673241
25,6,7,0.2,24,0.2,245,10,0.1,0,0.0699960445912072
25,6,7,0.2,24,0.2,245,10,0.1,0,0.0670868826404154
25,6,7,0.2,24,0.2,245,10,0.1,0,-0.00348640844647111
25,6,7,0.2,24,0.2,245,10,0.1,0,0.202955894974189
25,6,7,0.2,24,0.2,245,10,0.1,0,0.0486446864714518
25,6,7,0.2,24,0.2,245,10,0.1,0,0.058683294087638
25,6,7,0.2,24,0.2,245,10,0.1,0,-0.0769491672237963
25,6,7,0.2,24,0.2,245,10,0.1,0,1.43440961267615
25,6,7,0.2,24,0.2,245,10,0.1,0,-0.00240932829446363
25,6,7,0.2,24,0.2,245,10,0.1,0,0.0107839389567355
25,6,7,0.2,24,0.2,245,10,0.1,0,1.03752445238172
25,6,7,0.2,24,0.2,245,10,0.1,0,0
25,6,7,0.2,24,0.2,245,10,0.1,0,-0.0843978319531917
25,6,7,0.2,24,0.2,245,10,0.1,0,0.193115113929494
25,6,7,0.2,24,0.2,245,10,0.1,0,0.215723478624116
25,6,7,0.2,24,0.2,245,10,0.1,0,-0.0131266867097529
25,6,7,0.2,24,0.2,245,10,0.1,0,0.0222255233426029
25,6,7,0.2,24,0.2,245,10,0.1,0,-0.0994137911939538
25,6,7,0.2,24,0.2,245,10,0.1,0,0
25,6,7,0.2,24,0.2,245,10,0.1,0,0.207064858120353
25,6,7,0.2,24,0.2,245,10,0.1,0,-0.010946223049231
25,6,7,0.2,24,0.2,245,10,0.1,0,0.144875202002982
25,6,7,0.2,24,0.2,245,10,0.1,0,1.2193447017036
25,6,7,0.2,24,0.2,245,10,0.1,0,-0.893285951116479
25,6,7,0.2,24,0.2,245,10,0.1,0,5.16345949190413e-20
25,6,7,0.2,24,0.2,245,10,0.1,0,0.199258315699609
25,6,7,0.2,24,0.2,245,10,0.1,0,-1.60403743109356e-20
25,6,7,0.2,24,0.2,245,10,0.1,0,0.0277220485274141
25,6,7,0.2,24,0.2,245,10,0.1,0,2.19473427485409e-23
25,6,7,0.2,24,0.2,245,10,0.1,0,-0.0103895436577728
25,6,7,0.2,24,0.2,245,10,0.1,0,0.0130447741056412
25,6,7,0.2,24,0.2,245,10,0.1,0,-0.043849115382905
25,6,7,0.2,24,0.2,245,10,0.1,0,-0.143498682114928
25,6,7,0.2,24,0.2,245,10,0.1,0,-0.741881638090915
25,6,7,0.2,24,0.2,245,10,0.1,0,-0.00144224774717649
25,6,7,0.2,24,0.2,245,10,0.1,0,1.59733270110173
25,6,7,0.2,24,0.2,245,10,0.1,0,0.0119738023684809
25,6,7,0.2,24,0.2,245,10,0.1,0,0.0286215327440491
25,6,7,0.2,24,0.2,245,10,0.1,0,-1.01516237163782e-23
25,6,7,0.2,24,0.2,245,10,0.1,0,0
25,6,7,0.2,24,0.2,245,10,0.1,0,0.0528395996007861
25,6,7,0.2,24,0.2,245,10,0.1,0,0.0779375195810853
25,6,7,0.2,24,0.2,245,10,0.1,0,0.904441440745063
25,6,7,0.2,24,0.2,245,10,0.1,0,0.548848269092434
25,6,7,0.2,24,0.2,245,10,0.1,0,-0.0110114240596245
25,6,7,0.2,24,0.2,245,10,0.1,0,0.173502636713733
25,7,1,0.2,27,0.2,351,10,0.1,1,0
25,7,1,0.2,27,0.2,351,10,0.1,1,0
25,7,1,0.2,27,0.2,351,10,0.1,1,-0.424332059613183
25,7,1,0.2,27,0.2,351,10,0.1,1,0
25,7,1,0.2,27,0.2,351,10,0.1,1,8.8530308475623e-15
25,7,1,0.2,27,0.2,351,10,0.1,1,0
25,7,1,0.2,27,0.2,351,10,0.1,1,0
25,7,1,0.2,27,0.2,351,10,0.1,1,0
25,7,1,0.2,27,0.2,351,10,0.1,1,0.0815518361201222
25,7,1,0.2,27,0.2,351,10,0.1,1,0.177738841307012
25,7,1,0.2,27,0.2,351,10,0.1,1,0
25,7,1,0.2,27,0.2,351,10,0.1,1,0.958626670254127
25,7,1,0.2,27,0.2,351,10,0.1,1,1.63297492669173e-24
25,7,1,0.2,27,0.2,351,10,0.1,1,0
25,7,1,0.2,27,0.2,351,10,0.1,1,0
25,7,1,0.2,27,0.2,351,10,0.1,1,-0.276010753962923
25,7,1,0.2,27,0.2,351,10,0.1,1,0
25,7,1,0.2,27,0.2,351,10,0.1,1,-0.293360803025301
25,7,1,0.2,27,0.2,351,10,0.1,1,0.69474923367501
25,7,1,0.2,27,0.2,351,10,0.1,1,0.0213920425959002
25,7,1,0.2,27,0.2,351,10,0.1,1,-0.073380303425616
25,7,1,0.2,27,0.2,351,10,0.1,1,-1.05391909281627e-16
25,7,1,0.2,27,0.2,351,10,0.1,1,0
25,7,1,0.2,27,0.2,351,10,0.1,1,-0.0129077476308626
25,7,1,0.2,27,0.2,351,10,0.1,1,-2.59453998615662
25,7,1,0.2,27,0.2,351,10,0.1,1,-1.49406965948404
25,7,1,0.2,27,0.2,351,10,0.1,1,0.0983935940705995
25,7,1,0.2,27,0.2,351,10,0.1,0,-2.89421716882919
25,7,1,0.2,27,0.2,351,10,0.1,0,0
25,7,1,0.2,27,0.2,351,10,0.1,0,0.240719782536137
25,7,1,0.2,27,0.2,351,10,0.1,0,-0.248667547056821
25,7,1,0.2,27,0.2,351,10,0.1,0,-0.0818176681403991
25,7,1,0.2,27,0.2,351,10,0.1,0,-0.0154449203369839
25,7,1,0.2,27,0.2,351,10,0.1,0,0
25,7,1,0.2,27,0.2,351,10,0.1,0,-0.21359868790085
25,7,1,0.2,27,0.2,351,10,0.1,0,-0.00646707956841723
25,7,1,0.2,27,0.2,351,10,0.1,0,0
25,7,1,0.2,27,0.2,351,10,0.1,0,1.42693244666519
25,7,1,0.2,27,0.2,351,10,0.1,0,0
25,7,1,0.2,27,0.2,351,10,0.1,0,0
25,7,1,0.2,27,0.2,351,10,0.1,0,0
25,7,1,0.2,27,0.2,351,10,0.1,0,-0.0965254243375132
25,7,1,0.2,27,0.2,351,10,0.1,0,0
25,7,1,0.2,27,0.2,351,10,0.1,0,-0.157403667899974
25,7,1,0.2,27,0.2,351,10,0.1,0,0
25,7,1,0.2,27,0.2,351,10,0.1,0,-0.166227392360457
25,7,1,0.2,27,0.2,351,10,0.1,0,0.314268282910421
25,7,1,0.2,27,0.2,351,10,0.1,0,-0.431765438828137
25,7,1,0.2,27,0.2,351,10,0.1,0,-0.166564149062405
25,7,1,0.2,27,0.2,351,10,0.1,0,-0.199068543022577
25,7,1,0.2,27,0.2,351,10,0.1,0,0.518333697690286
25,7,1,0.2,27,0.2,351,10,0.1,0,0
25,7,1,0.2,27,0.2,351,10,0.1,0,-0.0942846004602939
25,7,1,0.2,27,0.2,351,10,0.1,0,0.19645559729885
25,7,1,0.2,27,0.2,351,10,0.1,0,0.0765884121128408
25,7,1,0.2,27,0.2,351,10,0.1,0,-0.274305494881626
25,7,1,0.2,27,0.2,351,10,0.1,0,-0.00969132416958534
25,7,1,0.2,27,0.2,351,10,0.1,0,-8.70644311849969e-25
25,7,1,0.2,27,0.2,351,10,0.1,0,-0.0473859638187774
25,7,1,0.2,27,0.2,351,10,0.1,0,1.45845304336003
25,7,1,0.2,27,0.2,351,10,0.1,0,-0.117463045731636
25,7,1,0.2,27,0.2,351,10,0.1,0,0
25,7,1,0.2,27,0.2,351,10,0.1,0,0.528470441266777
25,7,1,0.2,27,0.2,351,10,0.1,0,0
25,7,1,0.2,27,0.2,351,10,0.1,0,-0.0394206407935491
25,7,1,0.2,27,0.2,351,10,0.1,0,0.248583115718828
25,7,1,0.2,27,0.2,351,10,0.1,0,0.0226921399519112
25,7,1,0.2,27,0.2,351,10,0.1,0,-0.117557728568298
25,7,1,0.2,27,0.2,351,10,0.1,0,-0.0126307229752297
25,7,1,0.2,27,0.2,351,10,0.1,0,0.0729344650914376
25,7,1,0.2,27,0.2,351,10,0.1,0,-0.214086739099667
25,7,1,0.2,27,0.2,351,10,0.1,0,0
25,7,1,0.2,27,0.2,351,10,0.1,0,-3.20635286877569
25,7,1,0.2,27,0.2,351,10,0.1,0,0
25,7,1,0.2,27,0.2,351,10,0.1,0,0
25,7,1,0.2,27,0.2,351,10,0.1,0,0.0710371178301131
25,7,1,0.2,27,0.2,351,10,0.1,0,-0.311930732389482
25,7,1,0.2,27,0.2,351,10,0.1,0,0
25,7,1,0.2,27,0.2,351,10,0.1,0,-0.124237890509234
25,7,1,0.2,27,0.2,351,10,0.1,0,0
25,7,1,0.2,27,0.2,351,10,0.1,0,0
25,7,1,0.2,27,0.2,351,10,0.1,0,0.0503750058675806
25,7,1,0.2,27,0.2,351,10,0.1,0,0.0328368651570452
25,7,1,0.2,27,0.2,351,10,0.1,0,-0.350492297456703
25,7,1,0.2,27,0.2,351,10,0.1,0,-0.0640645370383833
25,7,1,0.2,27,0.2,351,10,0.1,0,-0.134198505614685
25,7,1,0.2,27,0.2,351,10,0.1,0,0
25,7,1,0.2,27,0.2,351,10,0.1,0,0.845810919495779
25,7,1,0.2,27,0.2,351,10,0.1,0,0
25,7,1,0.2,27,0.2,351,10,0.1,0,-0.0385459658791316
25,7,1,0.2,27,0.2,351,10,0.1,0,0
25,7,1,0.2,27,0.2,351,10,0.1,0,-0.0155296025536835
25,7,1,0.2,27,0.2,351,10,0.1,0,0.138881932816801
25,7,1,0.2,27,0.2,351,10,0.1,0,-0.113372301042453
25,7,1,0.2,27,0.2,351,10,0.1,0,-0.0187329227169842
25,7,1,0.2,27,0.2,351,10,0.1,0,-1.10963508389216e-15
25,7,1,0.2,27,0.2,351,10,0.1,0,0.179136367236885
25,7,1,0.2,27,0.2,351,10,0.1,0,-0.574946585809609
25,7,1,0.2,27,0.2,351,10,0.1,0,0.0880500770239463
25,7,1,0.2,27,0.2,351,10,0.1,0,-0.0153190940620989
25,7,1,0.2,27,0.2,351,10,0.1,0,0.0596039736346726
25,7,1,0.2,27,0.2,351,10,0.1,0,-0.0756047094349463
25,7,1,0.2,27,0.2,351,10,0.1,0,0
25,7,1,0.2,27,0.2,351,10,0.1,0,0.107202415396344
25,7,1,0.2,27,0.2,351,10,0.1,0,-0.0080939777641809
25,7,1,0.2,27,0.2,351,10,0.1,0,1.58514882693391e-26
25,7,1,0.2,27,0.2,351,10,0.1,0,0.142175990860231
25,7,1,0.2,27,0.2,351,10,0.1,0,0.0775637544866718
25,7,1,0.2,27,0.2,351,10,0.1,0,-0.503157941810459
25,7,1,0.2,27,0.2,351,10,0.1,0,-0.0349580377605075
25,7,1,0.2,27,0.2,351,10,0.1,0,0.031921709074494
25,7,1,0.2,27,0.2,351,10,0.1,0,-0.114867347280552
25,7,1,0.2,27,0.2,351,10,0.1,0,0.128287237901087
25,7,1,0.2,27,0.2,351,10,0.1,0,1.91924745807762
25,7,1,0.2,27,0.2,351,10,0.1,0,-0.000314972071794781
25,7,1,0.2,27,0.2,351,10,0.1,0,0.054749669518106
25,7,1,0.2,27,0.2,351,10,0.1,0,-2.30355252609609
25,7,1,0.2,27,0.2,351,10,0.1,0,0.276637745990514
25,7,1,0.2,27,0.2,351,10,0.1,0,0.113802751445102
25,7,1,0.2,27,0.2,351,10,0.1,0,0
25,7,1,0.2,27,0.2,351,10,0.1,0,0.469447749893405
25,7,1,0.2,27,0.2,351,10,0.1,0,0.596743827516288
25,7,1,0.2,27,0.2,351,10,0.1,0,-0.0608224625754167
25,7,1,0.2,27,0.2,351,10,0.1,0,-0.165628643562509
25,7,1,0.2,27,0.2,351,10,0.1,0,0.561850571782746
25,7,1,0.2,27,0.2,351,10,0.1,0,-0.764581345238165
25,7,1,0.2,27,0.2,351,10,0.1,0,0.0650714647042488
25,7,1,0.2,27,0.2,351,10,0.1,0,0.0468365267506246
25,7,1,0.2,27,0.2,351,10,0.1,0,0.212321326924469
25,7,1,0.2,27,0.2,351,10,0.1,0,0.0706825017762757
25,7,1,0.2,27,0.2,351,10,0.1,0,-0.0249840031865491
25,7,1,0.2,27,0.2,351,10,0.1,0,0.106400024376543
25,7,1,0.2,27,0.2,351,10,0.1,0,0.516988494539136
25,7,1,0.2,27,0.2,351,10,0.1,0,-0.0267531385519869
25,7,1,0.2,27,0.2,351,10,0.1,0,0.310039916418456
25,7,1,0.2,27,0.2,351,10,0.1,0,0.0449355040361364
25,7,1,0.2,27,0.2,351,10,0.1,0,0.0125033496771205
25,7,1,0.2,27,0.2,351,10,0.1,0,-0.0378504369459279
25,7,1,0.2,27,0.2,351,10,0.1,0,-0.19145657707618
25,7,1,0.2,27,0.2,351,10,0.1,0,0.868368325951925
25,7,1,0.2,27,0.2,351,10,0.1,0,0.0123220961243761
25,7,1,0.2,27,0.2,351,10,0.1,0,-0.324546764869053
25,7,1,0.2,27,0.2,351,10,0.1,0,0.0314341702210661
25,7,1,0.2,27,0.2,351,10,0.1,0,0.166403497542264
25,7,1,0.2,27,0.2,351,10,0.1,0,0.00633287161632892
25,7,1,0.2,27,0.2,351,10,0.1,0,0.0078944934790486
25,7,1,0.2,27,0.2,351,10,0.1,0,1.00404277621682e-24
25,7,1,0.2,27,0.2,351,10,0.1,0,0.530379753948537
25,7,1,0.2,27,0.2,351,10,0.1,0,0.034166454805357
25,7,1,0.2,27,0.2,351,10,0.1,0,-0.235275290824475
25,7,1,0.2,27,0.2,351,10,0.1,0,0
25,7,1,0.2,27,0.2,351,10,0.1,0,-0.00395154923428994
25,7,1,0.2,27,0.2,351,10,0.1,0,0.632413684229426
25,7,1,0.2,27,0.2,351,10,0.1,0,1.28044312762892e-26
25,7,1,0.2,27,0.2,351,10,0.1,0,-0.0881071789416637
25,7,1,0.2,27,0.2,351,10,0.1,0,-0.04254926469847
25,7,1,0.2,27,0.2,351,10,0.1,0,-0.0150603302207797
25,7,1,0.2,27,0.2,351,10,0.1,0,-0.0465043215796691
25,7,1,0.2,27,0.2,351,10,0.1,0,0.553704913992037
25,7,1,0.2,27,0.2,351,10,0.1,0,0.0542306813995597
25,7,1,0.2,27,0.2,351,10,0.1,0,1.18590050294674
25,7,1,0.2,27,0.2,351,10,0.1,0,0
25,7,1,0.2,27,0.2,351,10,0.1,0,0.0983639987709086
25,7,1,0.2,27,0.2,351,10,0.1,0,-0.000803623298629199
25,7,1,0.2,27,0.2,351,10,0.1,0,-0.000201262363149391
25,7,1,0.2,27,0.2,351,10,0.1,0,-0.693236825050727
25,7,1,0.2,27,0.2,351,10,0.1,0,-0.00636594372859735
25,7,1,0.2,27,0.2,351,10,0.1,0,-0.00370359478885053
25,7,1,0.2,27,0.2,351,10,0.1,0,0
25,7,1,0.2,27,0.2,351,10,0.1,0,7.08028741663844e-26
25,7,1,0.2,27,0.2,351,10,0.1,0,-1.74504777499011
25,7,1,0.2,27,0.2,351,10,0.1,0,0.183614139354835
25,7,1,0.2,27,0.2,351,10,0.1,0,-0.971698864402528
25,7,1,0.2,27,0.2,351,10,0.1,0,-0.347710083027477
25,7,1,0.2,27,0.2,351,10,0.1,0,0.328178300310198
25,7,1,0.2,27,0.2,351,10,0.1,0,0.628049216274499
25,7,1,0.2,27,0.2,351,10,0.1,0,0.0241728639835226
25,7,1,0.2,27,0.2,351,10,0.1,0,1.43258416279824
25,7,1,0.2,27,0.2,351,10,0.1,0,3.18081612858524e-25
25,7,1,0.2,27,0.2,351,10,0.1,0,0.318142054630567
25,7,1,0.2,27,0.2,351,10,0.1,0,-0.201992100519488
25,7,1,0.2,27,0.2,351,10,0.1,0,0.388426663745692
25,7,1,0.2,27,0.2,351,10,0.1,0,1.60970238347262
25,7,1,0.2,27,0.2,351,10,0.1,0,2.24041013925044e-26
25,7,1,0.2,27,0.2,351,10,0.1,0,-0.0211680602308297
25,7,1,0.2,27,0.2,351,10,0.1,0,-0.0287090904745004
25,7,1,0.2,27,0.2,351,10,0.1,0,0.0362117335937677
25,7,1,0.2,27,0.2,351,10,0.1,0,0.0337290016800102
25,7,1,0.2,27,0.2,351,10,0.1,0,-0.0123470730957022
25,7,1,0.2,27,0.2,351,10,0.1,0,0
25,7,1,0.2,27,0.2,351,10,0.1,0,0.00368129866088817
25,7,1,0.2,27,0.2,351,10,0.1,0,4.81507114278044e-15
25,7,1,0.2,27,0.2,351,10,0.1,0,-0.0668034424921321
25,7,1,0.2,27,0.2,351,10,0.1,0,-0.0613395185019114
25,7,1,0.2,27,0.2,351,10,0.1,0,0.0277015254369574
25,7,1,0.2,27,0.2,351,10,0.1,0,0
25,7,1,0.2,27,0.2,351,10,0.1,0,0.00157406515765897
25,7,1,0.2,27,0.2,351,10,0.1,0,0
25,7,1,0.2,27,0.2,351,10,0.1,0,0.364973705163321
25,7,1,0.2,27,0.2,351,10,0.1,0,-1.26968127330757
25,7,1,0.2,27,0.2,351,10,0.1,0,-0.358388761888643
25,7,1,0.2,27,0.2,351,10,0.1,0,0
25,7,1,0.2,27,0.2,351,10,0.1,0,-1.52036067103234e-27
25,7,1,0.2,27,0.2,351,10,0.1,0,-0.137739094570221
25,7,1,0.2,27,0.2,351,10,0.1,0,0.0602082579434741
25,7,1,0.2,27,0.2,351,10,0.1,0,0.0223883933888391
25,7,1,0.2,27,0.2,351,10,0.1,0,0.0745004265954964
25,7,1,0.2,27,0.2,351,10,0.1,0,1.86354854489952
25,7,1,0.2,27,0.2,351,10,0.1,0,-0.0212657430364048
25,7,1,0.2,27,0.2,351,10,0.1,0,-2.7597313874172
25,7,1,0.2,27,0.2,351,10,0.1,0,0.021919183718453
25,7,1,0.2,27,0.2,351,10,0.1,0,0.135339090292817
25,7,1,0.2,27,0.2,351,10,0.1,0,0.53545008498449
25,7,1,0.2,27,0.2,351,10,0.1,0,-0.170308074509263
25,7,1,0.2,27,0.2,351,10,0.1,0,0.120987023438158
25,7,1,0.2,27,0.2,351,10,0.1,0,0.0823996528113906
25,7,1,0.2,27,0.2,351,10,0.1,0,-0.0116701820593508
25,7,1,0.2,27,0.2,351,10,0.1,0,-0.0426507768435794
25,7,1,0.2,27,0.2,351,10,0.1,0,0.382817007473657
25,7,1,0.2,27,0.2,351,10,0.1,0,-0.967407323249484
25,7,1,0.2,27,0.2,351,10,0.1,0,5.89681854312231e-26
25,7,1,0.2,27,0.2,351,10,0.1,0,0
25,7,1,0.2,27,0.2,351,10,0.1,0,0
25,7,1,0.2,27,0.2,351,10,0.1,0,-0.00904316834256262
25,7,1,0.2,27,0.2,351,10,0.1,0,0.167139776736565
25,7,1,0.2,27,0.2,351,10,0.1,0,0.0104063636404472
25,7,1,0.2,27,0.2,351,10,0.1,0,0.0455803243166577
25,7,1,0.2,27,0.2,351,10,0.1,0,0.184778454170831
25,7,1,0.2,27,0.2,351,10,0.1,0,1.72401112365616e-25
25,7,1,0.2,27,0.2,351,10,0.1,0,0.0442756682475517
25,7,1,0.2,27,0.2,351,10,0.1,0,0
25,7,1,0.2,27,0.2,351,10,0.1,0,2.4473847552562e-25
25,7,1,0.2,27,0.2,351,10,0.1,0,0.950256446414376
25,7,1,0.2,27,0.2,351,10,0.1,0,-0.0702223343316304
25,7,1,0.2,27,0.2,351,10,0.1,0,-0.0271802407005793
25,7,1,0.2,27,0.2,351,10,0.1,0,0
25,7,1,0.2,27,0.2,351,10,0.1,0,0.0290985215587574
25,7,1,0.2,27,0.2,351,10,0.1,0,-0.613524841721455
25,7,1,0.2,27,0.2,351,10,0.1,0,0.076110242923627
25,7,1,0.2,27,0.2,351,10,0.1,0,-5.67182165169431
25,7,1,0.2,27,0.2,351,10,0.1,0,-0.035219155843468
25,7,1,0.2,27,0.2,351,10,0.1,0,-0.429401897085436
25,7,1,0.2,27,0.2,351,10,0.1,0,0.0478738370691597
25,7,1,0.2,27,0.2,351,10,0.1,0,0
25,7,1,0.2,27,0.2,351,10,0.1,0,0.0490996703727831
25,7,1,0.2,27,0.2,351,10,0.1,0,0.0257301693228854
25,7,1,0.2,27,0.2,351,10,0.1,0,-0.0181442676669715
25,7,1,0.2,27,0.2,351,10,0.1,0,0.116364863837133
25,7,1,0.2,27,0.2,351,10,0.1,0,0.0482427112535884
25,7,1,0.2,27,0.2,351,10,0.1,0,-0.281589133341583
25,7,1,0.2,27,0.2,351,10,0.1,0,-0.139412884301393
25,7,1,0.2,27,0.2,351,10,0.1,0,-0.140495946900524
25,7,1,0.2,27,0.2,351,10,0.1,0,-1.119376210913e-25
25,7,1,0.2,27,0.2,351,10,0.1,0,-0.0257700884084346
25,7,1,0.2,27,0.2,351,10,0.1,0,0.0351460290451322
25,7,1,0.2,27,0.2,351,10,0.1,0,-1.0482647248208
25,7,1,0.2,27,0.2,351,10,0.1,0,-0.102330413156845
25,7,1,0.2,27,0.2,351,10,0.1,0,0.000905672350485994
25,7,1,0.2,27,0.2,351,10,0.1,0,0.0129955250080841
25,7,1,0.2,27,0.2,351,10,0.1,0,-0.0210261715467396
25,7,1,0.2,27,0.2,351,10,0.1,0,0.576900581299889
25,7,1,0.2,27,0.2,351,10,0.1,0,0.0227090197384952
25,7,1,0.2,27,0.2,351,10,0.1,0,-0.0741904952157773
25,7,1,0.2,27,0.2,351,10,0.1,0,1.50142170747257e-25
25,7,1,0.2,27,0.2,351,10,0.1,0,0.46173655685311
25,7,1,0.2,27,0.2,351,10,0.1,0,0.124052853467747
25,7,1,0.2,27,0.2,351,10,0.1,0,0.085091446659596
25,7,1,0.2,27,0.2,351,10,0.1,0,0
25,7,1,0.2,27,0.2,351,10,0.1,0,-0.260236073558487
25,7,1,0.2,27,0.2,351,10,0.1,0,0.340072317045147
25,7,1,0.2,27,0.2,351,10,0.1,0,0
25,7,1,0.2,27,0.2,351,10,0.1,0,-1.59496865260193e-15
25,7,1,0.2,27,0.2,351,10,0.1,0,1.8951721089568e-16
25,7,1,0.2,27,0.2,351,10,0.1,0,-0.169233052398619
25,7,1,0.2,27,0.2,351,10,0.1,0,0.0402410666182763
25,7,1,0.2,27,0.2,351,10,0.1,0,0.32567661284837
25,7,1,0.2,27,0.2,351,10,0.1,0,-0.288865289874867
25,7,1,0.2,27,0.2,351,10,0.1,0,0.356446866591457
25,7,1,0.2,27,0.2,351,10,0.1,0,0
25,7,1,0.2,27,0.2,351,10,0.1,0,0
25,7,1,0.2,27,0.2,351,10,0.1,0,0.522005763702693
25,7,1,0.2,27,0.2,351,10,0.1,0,0.114195029584995
25,7,1,0.2,27,0.2,351,10,0.1,0,-3.90676993717929e-24
25,7,1,0.2,27,0.2,351,10,0.1,0,0.106508044778353
25,7,1,0.2,27,0.2,351,10,0.1,0,-0.0279973878104213
25,7,1,0.2,27,0.2,351,10,0.1,0,0.141887202870224
25,7,1,0.2,27,0.2,351,10,0.1,0,-0.0626763100751969
25,7,1,0.2,27,0.2,351,10,0.1,0,7.84404042385813e-26
25,7,1,0.2,27,0.2,351,10,0.1,0,-0.0442314103428668
25,7,1,0.2,27,0.2,351,10,0.1,0,0.209114088021686
25,7,1,0.2,27,0.2,351,10,0.1,0,-0.0135368602401808
25,7,1,0.2,27,0.2,351,10,0.1,0,0.122284934539459
25,7,1,0.2,27,0.2,351,10,0.1,0,0.01375639396409
25,7,1,0.2,27,0.2,351,10,0.1,0,0.105665057733947
25,7,1,0.2,27,0.2,351,10,0.1,0,-0.00660623082742141
25,7,1,0.2,27,0.2,351,10,0.1,0,-0.42989522384462
25,7,1,0.2,27,0.2,351,10,0.1,0,0
25,7,1,0.2,27,0.2,351,10,0.1,0,-0.264826871890513
25,7,1,0.2,27,0.2,351,10,0.1,0,0.0721029284835498
25,7,1,0.2,27,0.2,351,10,0.1,0,-0.0456013915969788
25,7,1,0.2,27,0.2,351,10,0.1,0,0.0124629844599274
25,7,1,0.2,27,0.2,351,10,0.1,0,-0.0378948825904634
25,7,1,0.2,27,0.2,351,10,0.1,0,0.0656925851882154
25,7,1,0.2,27,0.2,351,10,0.1,0,0
25,7,1,0.2,27,0.2,351,10,0.1,0,-0.138263947007095
25,7,1,0.2,27,0.2,351,10,0.1,0,0.184206087858102
25,7,1,0.2,27,0.2,351,10,0.1,0,0
25,7,1,0.2,27,0.2,351,10,0.1,0,5.95702609358244e-26
25,7,1,0.2,27,0.2,351,10,0.1,0,-0.0339593005254303
25,7,1,0.2,27,0.2,351,10,0.1,0,0.180469474149297
25,7,1,0.2,27,0.2,351,10,0.1,0,0.111573963906151
25,7,1,0.2,27,0.2,351,10,0.1,0,-0.105642770736184
25,7,1,0.2,27,0.2,351,10,0.1,0,0.0462768431740764
25,7,1,0.2,27,0.2,351,10,0.1,0,-0.220977779118592
25,7,1,0.2,27,0.2,351,10,0.1,0,0
25,7,1,0.2,27,0.2,351,10,0.1,0,-0.00646799159148579
25,7,1,0.2,27,0.2,351,10,0.1,0,1.11284704544198e-14
25,7,1,0.2,27,0.2,351,10,0.1,0,0.00575012290372043
25,7,1,0.2,27,0.2,351,10,0.1,0,0.0291970451959927
25,7,1,0.2,27,0.2,351,10,0.1,0,2.34506964723689
25,7,1,0.2,27,0.2,351,10,0.1,0,2.30747364462288
25,7,1,0.2,27,0.2,351,10,0.1,0,-0.471503506049627
25,7,1,0.2,27,0.2,351,10,0.1,0,0.0549915105487355
25,7,1,0.2,27,0.2,351,10,0.1,0,-0.210475104754774
25,7,1,0.2,27,0.2,351,10,0.1,0,0.00661289110528581
25,7,1,0.2,27,0.2,351,10,0.1,0,0.022597672984051
25,7,1,0.2,27,0.2,351,10,0.1,0,-0.0775698862729545
25,7,1,0.2,27,0.2,351,10,0.1,0,0
25,7,1,0.2,27,0.2,351,10,0.1,0,0.733500576006349
25,7,1,0.2,27,0.2,351,10,0.1,0,0
25,7,1,0.2,27,0.2,351,10,0.1,0,0.0244344228165661
25,7,1,0.2,27,0.2,351,10,0.1,0,-0.220029167119128
25,7,1,0.2,27,0.2,351,10,0.1,0,0
25,7,1,0.2,27,0.2,351,10,0.1,0,0.108801092972499
25,7,1,0.2,27,0.2,351,10,0.1,0,5.99501359571171e-26
25,7,1,0.2,27,0.2,351,10,0.1,0,-0.010490606669501
25,7,1,0.2,27,0.2,351,10,0.1,0,0
25,7,1,0.2,27,0.2,351,10,0.1,0,0.154563467182846
25,7,1,0.2,27,0.2,351,10,0.1,0,-1.98473414924212
25,7,1,0.2,27,0.2,351,10,0.1,0,0
25,7,1,0.2,27,0.2,351,10,0.1,0,-0.0948299996076332
25,7,1,0.2,27,0.2,351,10,0.1,0,0.0469065413898754
25,7,1,0.2,27,0.2,351,10,0.1,0,-0.0453740598928639
25,7,1,0.2,27,0.2,351,10,0.1,0,-0.0258486260224979
25,7,1,0.2,27,0.2,351,10,0.1,0,-0.00879830328920414
25,7,1,0.2,27,0.2,351,10,0.1,0,0.0311919497832831
25,7,1,0.2,27,0.2,351,10,0.1,0,-7.36954676664895e-15
25,7,1,0.2,27,0.2,351,10,0.1,0,-0.245155142447091
25,7,1,0.2,27,0.2,351,10,0.1,0,0.172025500284494
25,7,1,0.2,27,0.2,351,10,0.1,0,-0.295884086165323
25,7,1,0.2,27,0.2,351,10,0.1,0,0.0567128383082046
25,7,1,0.2,27,0.2,351,10,0.1,0,1.75391142947798e-15
25,7,1,0.2,27,0.2,351,10,0.1,0,0.196796847809293
25,7,1,0.2,27,0.2,351,10,0.1,0,0.489632266398152
25,7,1,0.2,27,0.2,351,10,0.1,0,-0.171822891494868
25,7,1,0.2,27,0.2,351,10,0.1,0,1.78026998612945
25,7,1,0.2,27,0.2,351,10,0.1,0,0
25,7,1,0.2,27,0.2,351,10,0.1,0,-0.0990998010542179
25,7,1,0.2,27,0.2,351,10,0.1,0,-0.0355587027146265
25,7,1,0.2,27,0.2,351,10,0.1,0,-0.000553938236190041
25,7,1,0.2,27,0.2,351,10,0.1,0,-0.176134484926036
25,7,1,0.2,27,0.2,351,10,0.1,0,7.07919060693594e-26
25,7,1,0.2,27,0.2,351,10,0.1,0,0.00498147489680759
25,7,1,0.2,27,0.2,351,10,0.1,0,-0.122587608050396
25,7,1,0.2,27,0.2,351,10,0.1,0,0
25,7,1,0.2,27,0.2,351,10,0.1,0,0
25,7,1,0.2,27,0.2,351,10,0.1,0,0
25,7,1,0.2,27,0.2,351,10,0.1,0,0.0168568688321839
25,7,1,0.2,27,0.2,351,10,0.1,0,0
25,7,1,0.2,27,0.2,351,10,0.1,0,0.149099008425574
25,7,1,0.2,27,0.2,351,10,0.1,0,0.043799604818674
25,7,1,0.2,27,0.2,351,10,0.1,0,-0.968897346191085
25,7,1,0.2,27,0.2,351,10,0.1,0,-0.0329470802728566
25,7,1,0.2,27,0.2,351,10,0.1,0,-0.0743367504532595
25,7,1,0.2,27,0.2,351,10,0.1,0,0.223317892969601
25,7,1,0.2,27,0.2,351,10,0.1,0,1.19978695982815
25,7,1,0.2,27,0.2,351,10,0.1,0,-0.103930926014523
25,7,1,0.2,27,0.2,351,10,0.1,0,5.59796826481325e-16
25,7,2,0.2,31,0.2,476,10,0.1,1,-4.10026171826059
25,7,2,0.2,31,0.2,476,10,0.1,1,0.727355947058742
25,7,2,0.2,31,0.2,476,10,0.1,1,-0.729690480891296
25,7,2,0.2,31,0.2,476,10,0.1,1,-0.0441104749093186
25,7,2,0.2,31,0.2,476,10,0.1,1,0.67122293742107
25,7,2,0.2,31,0.2,476,10,0.1,1,-0.681971845390366
25,7,2,0.2,31,0.2,476,10,0.1,1,2.55024934522246
25,7,2,0.2,31,0.2,476,10,0.1,1,-8.00887214176314e-28
25,7,2,0.2,31,0.2,476,10,0.1,1,0.0624548320662905
25,7,2,0.2,31,0.2,476,10,0.1,1,-0.0373050745342633
25,7,2,0.2,31,0.2,476,10,0.1,1,0.180466892328177
25,7,2,0.2,31,0.2,476,10,0.1,1,-0.536769882370416
25,7,2,0.2,31,0.2,476,10,0.1,1,-3.26419254186359
25,7,2,0.2,31,0.2,476,10,0.1,1,0
25,7,2,0.2,31,0.2,476,10,0.1,1,-1.65811433693491
25,7,2,0.2,31,0.2,476,10,0.1,1,0
25,7,2,0.2,31,0.2,476,10,0.1,1,0
25,7,2,0.2,31,0.2,476,10,0.1,1,0.417805116975186
25,7,2,0.2,31,0.2,476,10,0.1,1,-0.0724714010991043
25,7,2,0.2,31,0.2,476,10,0.1,1,0
25,7,2,0.2,31,0.2,476,10,0.1,1,0
25,7,2,0.2,31,0.2,476,10,0.1,1,-0.162989675517869
25,7,2,0.2,31,0.2,476,10,0.1,1,0.11702140736668
25,7,2,0.2,31,0.2,476,10,0.1,1,1.04770353848432
25,7,2,0.2,31,0.2,476,10,0.1,1,-2.39608690824859e-28
25,7,2,0.2,31,0.2,476,10,0.1,1,0.0121654302705379
25,7,2,0.2,31,0.2,476,10,0.1,1,0.029044027848401
25,7,2,0.2,31,0.2,476,10,0.1,1,0
25,7,2,0.2,31,0.2,476,10,0.1,1,0
25,7,2,0.2,31,0.2,476,10,0.1,1,3.83143050232584
25,7,2,0.2,31,0.2,476,10,0.1,1,-4.89582752695372e-28
25,7,2,0.2,31,0.2,476,10,0.1,0,-2.90933466570588e-28
25,7,2,0.2,31,0.2,476,10,0.1,0,0.374095244799449
25,7,2,0.2,31,0.2,476,10,0.1,0,0
25,7,2,0.2,31,0.2,476,10,0.1,0,0.0284880175366285
25,7,2,0.2,31,0.2,476,10,0.1,0,0
25,7,2,0.2,31,0.2,476,10,0.1,0,0.629046585531473
25,7,2,0.2,31,0.2,476,10,0.1,0,-0.0210108057057643
25,7,2,0.2,31,0.2,476,10,0.1,0,0
25,7,2,0.2,31,0.2,476,10,0.1,0,0.0513341940537158
25,7,2,0.2,31,0.2,476,10,0.1,0,0.0407288968157139
25,7,2,0.2,31,0.2,476,10,0.1,0,0
25,7,2,0.2,31,0.2,476,10,0.1,0,0.218184286927257
25,7,2,0.2,31,0.2,476,10,0.1,0,8.1137936796898e-29
25,7,2,0.2,31,0.2,476,10,0.1,0,0.0312329821079834
25,7,2,0.2,31,0.2,476,10,0.1,0,-0.0152749045831089
25,7,2,0.2,31,0.2,476,10,0.1,0,0.00450440273493706
25,7,2,0.2,31,0.2,476,10,0.1,0,0.011951859926279
25,7,2,0.2,31,0.2,476,10,0.1,0,3.72371135249139
25,7,2,0.2,31,0.2,476,10,0.1,0,0
25,7,2,0.2,31,0.2,476,10,0.1,0,0.144141391472023
25,7,2,0.2,31,0.2,476,10,0.1,0,-0.103955918517942
25,7,2,0.2,31,0.2,476,10,0.1,0,0.631029001774959
25,7,2,0.2,31,0.2,476,10,0.1,0,-2.17187933668699e-28
25,7,2,0.2,31,0.2,476,10,0.1,0,-0.0988290098835007
25,7,2,0.2,31,0.2,476,10,0.1,0,-0.209283022114853
25,7,2,0.2,31,0.2,476,10,0.1,0,-4.91214804197223e-29
25,7,2,0.2,31,0.2,476,10,0.1,0,0.14166364543561
25,7,2,0.2,31,0.2,476,10,0.1,0,0.966907453115861
25,7,2,0.2,31,0.2,476,10,0.1,0,-1.20821931043779e-28
25,7,2,0.2,31,0.2,476,10,0.1,0,-0.0939407008149415
25,7,2,0.2,31,0.2,476,10,0.1,0,0.293028767397756
25,7,2,0.2,31,0.2,476,10,0.1,0,0.244046002353456
25,7,2,0.2,31,0.2,476,10,0.1,0,0.0454457149856346
25,7,2,0.2,31,0.2,476,10,0.1,0,-2.34976866362281
25,7,2,0.2,31,0.2,476,10,0.1,0,0.0143843311373714
25,7,2,0.2,31,0.2,476,10,0.1,0,0.0193916397987942
25,7,2,0.2,31,0.2,476,10,0.1,0,0.332012143145445
25,7,2,0.2,31,0.2,476,10,0.1,0,0
25,7,2,0.2,31,0.2,476,10,0.1,0,0.11617703193466
25,7,2,0.2,31,0.2,476,10,0.1,0,-3.94013595436626e-28
25,7,2,0.2,31,0.2,476,10,0.1,0,-0.248787512565522
25,7,2,0.2,31,0.2,476,10,0.1,0,0
25,7,2,0.2,31,0.2,476,10,0.1,0,-0.00556822960627396
25,7,2,0.2,31,0.2,476,10,0.1,0,0.0934148842134539
25,7,2,0.2,31,0.2,476,10,0.1,0,0.00120185494906124
25,7,2,0.2,31,0.2,476,10,0.1,0,0.0617527208881733
25,7,2,0.2,31,0.2,476,10,0.1,0,-0.265538475055038
25,7,2,0.2,31,0.2,476,10,0.1,0,0.0255376184002013
25,7,2,0.2,31,0.2,476,10,0.1,0,-0.0299074263349115
25,7,2,0.2,31,0.2,476,10,0.1,0,0
25,7,2,0.2,31,0.2,476,10,0.1,0,0
25,7,2,0.2,31,0.2,476,10,0.1,0,0.584366535428347
25,7,2,0.2,31,0.2,476,10,0.1,0,-0.0422270757959629
25,7,2,0.2,31,0.2,476,10,0.1,0,0.0338415804102665
25,7,2,0.2,31,0.2,476,10,0.1,0,-0.03436675025743
25,7,2,0.2,31,0.2,476,10,0.1,0,-0.00504138214927692
25,7,2,0.2,31,0.2,476,10,0.1,0,0.958166920718911
25,7,2,0.2,31,0.2,476,10,0.1,0,-0.699793470940055
25,7,2,0.2,31,0.2,476,10,0.1,0,-0.135807163129615
25,7,2,0.2,31,0.2,476,10,0.1,0,-8.65505802436696e-28
25,7,2,0.2,31,0.2,476,10,0.1,0,0
25,7,2,0.2,31,0.2,476,10,0.1,0,-0.0283451898092023
25,7,2,0.2,31,0.2,476,10,0.1,0,0.114304926647202
25,7,2,0.2,31,0.2,476,10,0.1,0,-1.73907046821426e-28
25,7,2,0.2,31,0.2,476,10,0.1,0,-8.89070424355494e-29
25,7,2,0.2,31,0.2,476,10,0.1,0,0
25,7,2,0.2,31,0.2,476,10,0.1,0,0
25,7,2,0.2,31,0.2,476,10,0.1,0,6.83965055083118e-29
25,7,2,0.2,31,0.2,476,10,0.1,0,0
25,7,2,0.2,31,0.2,476,10,0.1,0,-0.163678438123544
25,7,2,0.2,31,0.2,476,10,0.1,0,0.0905828894977101
25,7,2,0.2,31,0.2,476,10,0.1,0,0.0164571767119185
25,7,2,0.2,31,0.2,476,10,0.1,0,-0.0199791196076841
25,7,2,0.2,31,0.2,476,10,0.1,0,-0.0237216023955871
25,7,2,0.2,31,0.2,476,10,0.1,0,0.00920643905509767
25,7,2,0.2,31,0.2,476,10,0.1,0,1.55978836980871
25,7,2,0.2,31,0.2,476,10,0.1,0,0.0317867191317962
25,7,2,0.2,31,0.2,476,10,0.1,0,-0.0632692892084082
25,7,2,0.2,31,0.2,476,10,0.1,0,0.00419071554727947
25,7,2,0.2,31,0.2,476,10,0.1,0,0.0730635668459011
25,7,2,0.2,31,0.2,476,10,0.1,0,0.156200611456183
25,7,2,0.2,31,0.2,476,10,0.1,0,-0.0380033203611383
25,7,2,0.2,31,0.2,476,10,0.1,0,-6.11103946897123
25,7,2,0.2,31,0.2,476,10,0.1,0,0.137330496949556
25,7,2,0.2,31,0.2,476,10,0.1,0,-0.108947438221985
25,7,2,0.2,31,0.2,476,10,0.1,0,-0.0213744302009581
25,7,2,0.2,31,0.2,476,10,0.1,0,-0.365036168289267
25,7,2,0.2,31,0.2,476,10,0.1,0,-0.16508597274455
25,7,2,0.2,31,0.2,476,10,0.1,0,6.25987603197114e-29
25,7,2,0.2,31,0.2,476,10,0.1,0,5.00866733852134e-28
25,7,2,0.2,31,0.2,476,10,0.1,0,0.0791815963331955
25,7,2,0.2,31,0.2,476,10,0.1,0,0.0181176138730399
25,7,2,0.2,31,0.2,476,10,0.1,0,-0.0226481785326318
25,7,2,0.2,31,0.2,476,10,0.1,0,-0.0483347922353647
25,7,2,0.2,31,0.2,476,10,0.1,0,0.0992176164391336
25,7,2,0.2,31,0.2,476,10,0.1,0,0.131248744938856
25,7,2,0.2,31,0.2,476,10,0.1,0,-0.0465798807271373
25,7,2,0.2,31,0.2,476,10,0.1,0,0.00472402208114718
25,7,2,0.2,31,0.2,476,10,0.1,0,0
25,7,2,0.2,31,0.2,476,10,0.1,0,0.432246104728559
25,7,2,0.2,31,0.2,476,10,0.1,0,3.2068242249309e-29
25,7,2,0.2,31,0.2,476,10,0.1,0,0.0927788207819605
25,7,2,0.2,31,0.2,476,10,0.1,0,1.52920695212639
25,7,2,0.2,31,0.2,476,10,0.1,0,0.0035191263014505
25,7,2,0.2,31,0.2,476,10,0.1,0,-0.050900224696641
25,7,2,0.2,31,0.2,476,10,0.1,0,-4.43300170548143e-29
25,7,2,0.2,31,0.2,476,10,0.1,0,0.0341090937298019
25,7,2,0.2,31,0.2,476,10,0.1,0,0.880641586543125
25,7,2,0.2,31,0.2,476,10,0.1,0,2.32464449516352
25,7,2,0.2,31,0.2,476,10,0.1,0,0.0513875973654905
25,7,2,0.2,31,0.2,476,10,0.1,0,0.803683665670982
25,7,2,0.2,31,0.2,476,10,0.1,0,1.36179999509279
25,7,2,0.2,31,0.2,476,10,0.1,0,0
25,7,2,0.2,31,0.2,476,10,0.1,0,0
25,7,2,0.2,31,0.2,476,10,0.1,0,0.0672851134389699
25,7,2,0.2,31,0.2,476,10,0.1,0,-0.301000803879253
25,7,2,0.2,31,0.2,476,10,0.1,0,-1.15581878950824
25,7,2,0.2,31,0.2,476,10,0.1,0,0.208614377731137
25,7,2,0.2,31,0.2,476,10,0.1,0,-0.21700623413728
25,7,2,0.2,31,0.2,476,10,0.1,0,0
25,7,2,0.2,31,0.2,476,10,0.1,0,0.00595187334349325
25,7,2,0.2,31,0.2,476,10,0.1,0,0.429476720212894
25,7,2,0.2,31,0.2,476,10,0.1,0,0.00552715059004224
25,7,2,0.2,31,0.2,476,10,0.1,0,-0.00753827549554192
25,7,2,0.2,31,0.2,476,10,0.1,0,-7.35300462939977e-29
25,7,2,0.2,31,0.2,476,10,0.1,0,0.14778430762468
25,7,2,0.2,31,0.2,476,10,0.1,0,-0.0166980666593518
25,7,2,0.2,31,0.2,476,10,0.1,0,-0.61515048381074
25,7,2,0.2,31,0.2,476,10,0.1,0,-0.116737885932571
25,7,2,0.2,31,0.2,476,10,0.1,0,-0.182436264850999
25,7,2,0.2,31,0.2,476,10,0.1,0,0.0763946911485519
25,7,2,0.2,31,0.2,476,10,0.1,0,-0.0409086393490954
25,7,2,0.2,31,0.2,476,10,0.1,0,-0.0326616657541466
25,7,2,0.2,31,0.2,476,10,0.1,0,0
25,7,2,0.2,31,0.2,476,10,0.1,0,0.111195711241761
25,7,2,0.2,31,0.2,476,10,0.1,0,0
25,7,2,0.2,31,0.2,476,10,0.1,0,-0.30827334219045
25,7,2,0.2,31,0.2,476,10,0.1,0,9.00260974012022e-29
25,7,2,0.2,31,0.2,476,10,0.1,0,-0.349955299511564
25,7,2,0.2,31,0.2,476,10,0.1,0,0.130916348649391
25,7,2,0.2,31,0.2,476,10,0.1,0,1.13045462554079
25,7,2,0.2,31,0.2,476,10,0.1,0,0.285106575546279
25,7,2,0.2,31,0.2,476,10,0.1,0,0.0663197302803086
25,7,2,0.2,31,0.2,476,10,0.1,0,-0.928359225576527
25,7,2,0.2,31,0.2,476,10,0.1,0,0.0162428207457109
25,7,2,0.2,31,0.2,476,10,0.1,0,0.0175308343243193
25,7,2,0.2,31,0.2,476,10,0.1,0,0
25,7,2,0.2,31,0.2,476,10,0.1,0,-0.0363690983669501
25,7,2,0.2,31,0.2,476,10,0.1,0,0.0278266751668606
25,7,2,0.2,31,0.2,476,10,0.1,0,0.127066466611365
25,7,2,0.2,31,0.2,476,10,0.1,0,2.10228488792955e-30
25,7,2,0.2,31,0.2,476,10,0.1,0,0.00346758078448133
25,7,2,0.2,31,0.2,476,10,0.1,0,-0.0145470845912626
25,7,2,0.2,31,0.2,476,10,0.1,0,0
25,7,2,0.2,31,0.2,476,10,0.1,0,0.164754949349255
25,7,2,0.2,31,0.2,476,10,0.1,0,0
25,7,2,0.2,31,0.2,476,10,0.1,0,-0.0804189321072615
25,7,2,0.2,31,0.2,476,10,0.1,0,0.0278970249541522
25,7,2,0.2,31,0.2,476,10,0.1,0,0
25,7,2,0.2,31,0.2,476,10,0.1,0,0.113318653094029
25,7,2,0.2,31,0.2,476,10,0.1,0,0.926085512395732
25,7,2,0.2,31,0.2,476,10,0.1,0,-0.0348689649069048
25,7,2,0.2,31,0.2,476,10,0.1,0,-0.0442975976234822
25,7,2,0.2,31,0.2,476,10,0.1,0,-2.07439251470461
25,7,2,0.2,31,0.2,476,10,0.1,0,0.144499984944126
25,7,2,0.2,31,0.2,476,10,0.1,0,0.109950986122109
25,7,2,0.2,31,0.2,476,10,0.1,0,0.0343462730444861
25,7,2,0.2,31,0.2,476,10,0.1,0,0.0327468314039833
25,7,2,0.2,31,0.2,476,10,0.1,0,2.74600984429122e-28
25,7,2,0.2,31,0.2,476,10,0.1,0,0.690057437751513
25,7,2,0.2,31,0.2,476,10,0.1,0,0.265052039539639
25,7,2,0.2,31,0.2,476,10,0.1,0,0.177931451924806
25,7,2,0.2,31,0.2,476,10,0.1,0,-0.811019288805252
25,7,2,0.2,31,0.2,476,10,0.1,0,0
25,7,2,0.2,31,0.2,476,10,0.1,0,0
25,7,2,0.2,31,0.2,476,10,0.1,0,0.0791688492445021
25,7,2,0.2,31,0.2,476,10,0.1,0,-9.89961671852385e-29
25,7,2,0.2,31,0.2,476,10,0.1,0,-3.42370806940647e-28
25,7,2,0.2,31,0.2,476,10,0.1,0,-0.0746657449878563
25,7,2,0.2,31,0.2,476,10,0.1,0,-0.000905445116881446
25,7,2,0.2,31,0.2,476,10,0.1,0,-0.0540268215900207
25,7,2,0.2,31,0.2,476,10,0.1,0,0.0155737897179303
25,7,2,0.2,31,0.2,476,10,0.1,0,0
25,7,2,0.2,31,0.2,476,10,0.1,0,-0.0321851899506786
25,7,2,0.2,31,0.2,476,10,0.1,0,0.0425068698361339
25,7,2,0.2,31,0.2,476,10,0.1,0,-0.530810552219338
25,7,2,0.2,31,0.2,476,10,0.1,0,0.0314556026948377
25,7,2,0.2,31,0.2,476,10,0.1,0,0.0277955998896395
25,7,2,0.2,31,0.2,476,10,0.1,0,0.179473207005631
25,7,2,0.2,31,0.2,476,10,0.1,0,0.146094823045413
25,7,2,0.2,31,0.2,476,10,0.1,0,0.0499478012296142
25,7,2,0.2,31,0.2,476,10,0.1,0,-0.126385879799385
25,7,2,0.2,31,0.2,476,10,0.1,0,0
25,7,2,0.2,31,0.2,476,10,0.1,0,0.43667339100038
25,7,2,0.2,31,0.2,476,10,0.1,0,0.162975121627569
25,7,2,0.2,31,0.2,476,10,0.1,0,0
25,7,2,0.2,31,0.2,476,10,0.1,0,0.618881431394552
25,7,2,0.2,31,0.2,476,10,0.1,0,1.07882014866032
25,7,2,0.2,31,0.2,476,10,0.1,0,0
25,7,2,0.2,31,0.2,476,10,0.1,0,0.00587426424681092
25,7,2,0.2,31,0.2,476,10,0.1,0,-0.00353589452700289
25,7,2,0.2,31,0.2,476,10,0.1,0,-5.98881989055051e-29
25,7,2,0.2,31,0.2,476,10,0.1,0,-0.210886832906114
25,7,2,0.2,31,0.2,476,10,0.1,0,0
25,7,2,0.2,31,0.2,476,10,0.1,0,0.0443250084656243
25,7,2,0.2,31,0.2,476,10,0.1,0,0
25,7,2,0.2,31,0.2,476,10,0.1,0,0.052649499545009
25,7,2,0.2,31,0.2,476,10,0.1,0,0.229189046783717
25,7,2,0.2,31,0.2,476,10,0.1,0,-0.039851625488269
25,7,2,0.2,31,0.2,476,10,0.1,0,-0.00568874934295656
25,7,2,0.2,31,0.2,476,10,0.1,0,4.30186363028693
25,7,2,0.2,31,0.2,476,10,0.1,0,-0.452191290290959
25,7,2,0.2,31,0.2,476,10,0.1,0,-0.0220084676594039
25,7,2,0.2,31,0.2,476,10,0.1,0,-0.0075091827141044
25,7,2,0.2,31,0.2,476,10,0.1,0,-0.100760314021309
25,7,2,0.2,31,0.2,476,10,0.1,0,-6.68790557284159e-29
25,7,2,0.2,31,0.2,476,10,0.1,0,-0.00613563679576658
25,7,2,0.2,31,0.2,476,10,0.1,0,7.31980032431386e-29
25,7,2,0.2,31,0.2,476,10,0.1,0,0.0743580800524626
25,7,2,0.2,31,0.2,476,10,0.1,0,0.398530505922747
25,7,2,0.2,31,0.2,476,10,0.1,0,0
25,7,2,0.2,31,0.2,476,10,0.1,0,0.243438871375439
25,7,2,0.2,31,0.2,476,10,0.1,0,-3.66465605214078
25,7,2,0.2,31,0.2,476,10,0.1,0,-0.144259844848143
25,7,2,0.2,31,0.2,476,10,0.1,0,0
25,7,2,0.2,31,0.2,476,10,0.1,0,1.0090113871372e-28
25,7,2,0.2,31,0.2,476,10,0.1,0,0.0102761680341055
25,7,2,0.2,31,0.2,476,10,0.1,0,0.0381823745638869
25,7,2,0.2,31,0.2,476,10,0.1,0,0
25,7,2,0.2,31,0.2,476,10,0.1,0,0.0185577440388955
25,7,2,0.2,31,0.2,476,10,0.1,0,-0.173700940399257
25,7,2,0.2,31,0.2,476,10,0.1,0,-0.170673291114376
25,7,2,0.2,31,0.2,476,10,0.1,0,-0.0868691936461477
25,7,2,0.2,31,0.2,476,10,0.1,0,0
25,7,2,0.2,31,0.2,476,10,0.1,0,0.0395520444181314
25,7,2,0.2,31,0.2,476,10,0.1,0,-0.0586104096380008
25,7,2,0.2,31,0.2,476,10,0.1,0,1.19347575783334e-28
25,7,2,0.2,31,0.2,476,10,0.1,0,7.77848803400127e-29
25,7,2,0.2,31,0.2,476,10,0.1,0,0.0452600582734395
25,7,2,0.2,31,0.2,476,10,0.1,0,-0.0265218494396359
25,7,2,0.2,31,0.2,476,10,0.1,0,1.66960960075628
25,7,2,0.2,31,0.2,476,10,0.1,0,0.889032642760838
25,7,2,0.2,31,0.2,476,10,0.1,0,-0.393596496948355
25,7,2,0.2,31,0.2,476,10,0.1,0,1.54386137580615
25,7,2,0.2,31,0.2,476,10,0.1,0,0.270371320441469
25,7,2,0.2,31,0.2,476,10,0.1,0,-0.0794019185493785
25,7,2,0.2,31,0.2,476,10,0.1,0,0
25,7,2,0.2,31,0.2,476,10,0.1,0,0
25,7,2,0.2,31,0.2,476,10,0.1,0,-2.46920762263705e-29
25,7,2,0.2,31,0.2,476,10,0.1,0,-0.00430092924914686
25,7,2,0.2,31,0.2,476,10,0.1,0,-0.00288316481228444
25,7,2,0.2,31,0.2,476,10,0.1,0,-0.0437213823432771
25,7,2,0.2,31,0.2,476,10,0.1,0,-0.00418446519084171
25,7,2,0.2,31,0.2,476,10,0.1,0,0.01371466337934
25,7,2,0.2,31,0.2,476,10,0.1,0,0
25,7,2,0.2,31,0.2,476,10,0.1,0,-0.15273656043569
25,7,2,0.2,31,0.2,476,10,0.1,0,-0.0925764032693476
25,7,2,0.2,31,0.2,476,10,0.1,0,-0.139204086308246
25,7,2,0.2,31,0.2,476,10,0.1,0,0.0521019035029682
25,7,2,0.2,31,0.2,476,10,0.1,0,1.33154413865104
25,7,2,0.2,31,0.2,476,10,0.1,0,-1.87856889250016
25,7,2,0.2,31,0.2,476,10,0.1,0,-1.0085347695828
25,7,2,0.2,31,0.2,476,10,0.1,0,0.0140556433592367
25,7,2,0.2,31,0.2,476,10,0.1,0,0
25,7,2,0.2,31,0.2,476,10,0.1,0,0
25,7,2,0.2,31,0.2,476,10,0.1,0,-0.118174395061717
25,7,2,0.2,31,0.2,476,10,0.1,0,3.93903233295755e-28
25,7,2,0.2,31,0.2,476,10,0.1,0,0.0368582451676636
25,7,2,0.2,31,0.2,476,10,0.1,0,3.54404174718824e-28
25,7,2,0.2,31,0.2,476,10,0.1,0,-0.372028465995822
25,7,2,0.2,31,0.2,476,10,0.1,0,-0.0514781692692665
25,7,2,0.2,31,0.2,476,10,0.1,0,-0.0393970562513097
25,7,2,0.2,31,0.2,476,10,0.1,0,-0.106764866864931
25,7,2,0.2,31,0.2,476,10,0.1,0,0
25,7,2,0.2,31,0.2,476,10,0.1,0,0
25,7,2,0.2,31,0.2,476,10,0.1,0,-0.0920118636668713
25,7,2,0.2,31,0.2,476,10,0.1,0,0.710793997224543
25,7,2,0.2,31,0.2,476,10,0.1,0,0.061076472904717
25,7,2,0.2,31,0.2,476,10,0.1,0,3.4843570302647e-28
25,7,2,0.2,31,0.2,476,10,0.1,0,0.075557210886917
25,7,2,0.2,31,0.2,476,10,0.1,0,-2.93274457531999e-28
25,7,2,0.2,31,0.2,476,10,0.1,0,0
25,7,2,0.2,31,0.2,476,10,0.1,0,0.148423286019923
25,7,2,0.2,31,0.2,476,10,0.1,0,0.0199857687833778
25,7,2,0.2,31,0.2,476,10,0.1,0,0.0404389103811636
25,7,2,0.2,31,0.2,476,10,0.1,0,2.98286010517483
25,7,2,0.2,31,0.2,476,10,0.1,0,0.871075246179751
25,7,2,0.2,31,0.2,476,10,0.1,0,0.0713063344775361
25,7,2,0.2,31,0.2,476,10,0.1,0,0.320848690069538
25,7,2,0.2,31,0.2,476,10,0.1,0,-0.0446987312921643
25,7,2,0.2,31,0.2,476,10,0.1,0,0.0219364812874306
25,7,2,0.2,31,0.2,476,10,0.1,0,-0.0271328042908392
25,7,2,0.2,31,0.2,476,10,0.1,0,-0.144013753163998
25,7,2,0.2,31,0.2,476,10,0.1,0,0.0125068024972309
25,7,2,0.2,31,0.2,476,10,0.1,0,-0.250800880463659
25,7,2,0.2,31,0.2,476,10,0.1,0,0.143087178163758
25,7,2,0.2,31,0.2,476,10,0.1,0,-0.0505151157719864
25,7,2,0.2,31,0.2,476,10,0.1,0,0.123491988900519
25,7,2,0.2,31,0.2,476,10,0.1,0,0
25,7,2,0.2,31,0.2,476,10,0.1,0,0
25,7,2,0.2,31,0.2,476,10,0.1,0,0.0383871735643774
25,7,2,0.2,31,0.2,476,10,0.1,0,-0.155253996409229
25,7,2,0.2,31,0.2,476,10,0.1,0,0.051041703253332
25,7,2,0.2,31,0.2,476,10,0.1,0,0
25,7,2,0.2,31,0.2,476,10,0.1,0,-0.0464153819605654
25,7,2,0.2,31,0.2,476,10,0.1,0,0.0593523553583687
25,7,2,0.2,31,0.2,476,10,0.1,0,-0.159856395007485
25,7,2,0.2,31,0.2,476,10,0.1,0,7.26028233031991e-28
25,7,2,0.2,31,0.2,476,10,0.1,0,-1.36445484489947
25,7,2,0.2,31,0.2,476,10,0.1,0,0
25,7,2,0.2,31,0.2,476,10,0.1,0,-0.00404438231269443
25,7,2,0.2,31,0.2,476,10,0.1,0,-0.154810027254541
25,7,2,0.2,31,0.2,476,10,0.1,0,0.261467852945607
25,7,2,0.2,31,0.2,476,10,0.1,0,-8.82431661038511e-29
25,7,2,0.2,31,0.2,476,10,0.1,0,-0.00411665498276718
25,7,2,0.2,31,0.2,476,10,0.1,0,0.0160599203869348
25,7,2,0.2,31,0.2,476,10,0.1,0,6.72154008257769e-29
25,7,2,0.2,31,0.2,476,10,0.1,0,1.17936658674798
25,7,2,0.2,31,0.2,476,10,0.1,0,0
25,7,2,0.2,31,0.2,476,10,0.1,0,0.0309388741026203
25,7,2,0.2,31,0.2,476,10,0.1,0,0.140832948594597
25,7,2,0.2,31,0.2,476,10,0.1,0,0.0373804803472359
25,7,2,0.2,31,0.2,476,10,0.1,0,0.0154057845345751
25,7,2,0.2,31,0.2,476,10,0.1,0,0.044920544153812
25,7,2,0.2,31,0.2,476,10,0.1,0,0.108490162808681
25,7,2,0.2,31,0.2,476,10,0.1,0,0.00309822324219636
25,7,2,0.2,31,0.2,476,10,0.1,0,-0.078729678890529
25,7,2,0.2,31,0.2,476,10,0.1,0,-2.69891630196054e-28
25,7,2,0.2,31,0.2,476,10,0.1,0,0.0648020367153545
25,7,2,0.2,31,0.2,476,10,0.1,0,0.0132213279556228
25,7,2,0.2,31,0.2,476,10,0.1,0,-0.0244662187507592
25,7,2,0.2,31,0.2,476,10,0.1,0,0.16374633138804
25,7,2,0.2,31,0.2,476,10,0.1,0,-0.0318948955370644
25,7,2,0.2,31,0.2,476,10,0.1,0,-3.10458791054208e-28
25,7,2,0.2,31,0.2,476,10,0.1,0,0.0170828320945285
25,7,2,0.2,31,0.2,476,10,0.1,0,-0.906120767722846
25,7,2,0.2,31,0.2,476,10,0.1,0,0.027382051587226
25,7,2,0.2,31,0.2,476,10,0.1,0,-2.80674084285765e-28
25,7,2,0.2,31,0.2,476,10,0.1,0,0
25,7,2,0.2,31,0.2,476,10,0.1,0,-0.101899229953077
25,7,2,0.2,31,0.2,476,10,0.1,0,-0.0104408816623098
25,7,2,0.2,31,0.2,476,10,0.1,0,0.017330557576649
25,7,2,0.2,31,0.2,476,10,0.1,0,0.0389842641842386
25,7,2,0.2,31,0.2,476,10,0.1,0,0.0453747999521091
25,7,2,0.2,31,0.2,476,10,0.1,0,-0.279106618035849
25,7,2,0.2,31,0.2,476,10,0.1,0,0.00312611718906181
25,7,2,0.2,31,0.2,476,10,0.1,0,0.0769851037237495
25,7,2,0.2,31,0.2,476,10,0.1,0,1.06488013134942e-28
25,7,2,0.2,31,0.2,476,10,0.1,0,-3.22223467514362e-29
25,7,2,0.2,31,0.2,476,10,0.1,0,-0.52760566493722
25,7,2,0.2,31,0.2,476,10,0.1,0,0.021036517817393
25,7,2,0.2,31,0.2,476,10,0.1,0,-3.34404908408394e-28
25,7,2,0.2,31,0.2,476,10,0.1,0,0.240924389358687
25,7,2,0.2,31,0.2,476,10,0.1,0,0.118188318568971
25,7,2,0.2,31,0.2,476,10,0.1,0,-0.053117203779867
25,7,2,0.2,31,0.2,476,10,0.1,0,0.949887993702753
25,7,2,0.2,31,0.2,476,10,0.1,0,0.490633753171252
25,7,2,0.2,31,0.2,476,10,0.1,0,-0.0947837133817107
25,7,2,0.2,31,0.2,476,10,0.1,0,0.0141996854691706
25,7,2,0.2,31,0.2,476,10,0.1,0,-2.8717398330346
25,7,2,0.2,31,0.2,476,10,0.1,0,0
25,7,2,0.2,31,0.2,476,10,0.1,0,0.0106729217951779
25,7,2,0.2,31,0.2,476,10,0.1,0,0.00527321671839664
25,7,2,0.2,31,0.2,476,10,0.1,0,0.759111303191123
25,7,2,0.2,31,0.2,476,10,0.1,0,0.138540622590415
25,7,2,0.2,31,0.2,476,10,0.1,0,-1.79194155752277
25,7,2,0.2,31,0.2,476,10,0.1,0,0.0704044672464176
25,7,2,0.2,31,0.2,476,10,0.1,0,0.180850134352446
25,7,2,0.2,31,0.2,476,10,0.1,0,-0.041027075511993
25,7,2,0.2,31,0.2,476,10,0.1,0,0.133216292013055
25,7,2,0.2,31,0.2,476,10,0.1,0,0.00139112622613538
25,7,2,0.2,31,0.2,476,10,0.1,0,0.0622072122899456
25,7,2,0.2,31,0.2,476,10,0.1,0,0.0873214683353629
25,7,2,0.2,31,0.2,476,10,0.1,0,0.171888584007305
25,7,2,0.2,31,0.2,476,10,0.1,0,0.0754467277239441
25,7,2,0.2,31,0.2,476,10,0.1,0,0
25,7,2,0.2,31,0.2,476,10,0.1,0,-0.148099672311282
25,7,2,0.2,31,0.2,476,10,0.1,0,0.00131898128368198
25,7,2,0.2,31,0.2,476,10,0.1,0,-0.0270861929562695
25,7,2,0.2,31,0.2,476,10,0.1,0,-0.292675293624395
25,7,2,0.2,31,0.2,476,10,0.1,0,0.0440404206770757
25,7,2,0.2,31,0.2,476,10,0.1,0,0.00753293220237379
25,7,2,0.2,31,0.2,476,10,0.1,0,2.42509712812325
25,7,2,0.2,31,0.2,476,10,0.1,0,-0.0611870674615327
25,7,2,0.2,31,0.2,476,10,0.1,0,-1.05914888715709
25,7,2,0.2,31,0.2,476,10,0.1,0,1.11064647611323
25,7,2,0.2,31,0.2,476,10,0.1,0,-0.372718269796594
25,7,2,0.2,31,0.2,476,10,0.1,0,-0.207696829840041
25,7,2,0.2,31,0.2,476,10,0.1,0,0
25,7,2,0.2,31,0.2,476,10,0.1,0,-0.0154864805714642
25,7,2,0.2,31,0.2,476,10,0.1,0,0
25,7,2,0.2,31,0.2,476,10,0.1,0,0.0166449075647328
25,7,2,0.2,31,0.2,476,10,0.1,0,-0.0333833336099941
25,7,2,0.2,31,0.2,476,10,0.1,0,-0.0334463941754119
25,7,2,0.2,31,0.2,476,10,0.1,0,0
25,7,2,0.2,31,0.2,476,10,0.1,0,0
25,7,2,0.2,31,0.2,476,10,0.1,0,3.11734416182658e-29
25,7,2,0.2,31,0.2,476,10,0.1,0,-2.52808301975581e-29
25,7,2,0.2,31,0.2,476,10,0.1,0,-0.145629801254439
25,7,2,0.2,31,0.2,476,10,0.1,0,-0.00638185251443862
25,7,2,0.2,31,0.2,476,10,0.1,0,-0.114824060737001
25,7,2,0.2,31,0.2,476,10,0.1,0,0.109177322891474
25,7,2,0.2,31,0.2,476,10,0.1,0,0.523399584023437
25,7,2,0.2,31,0.2,476,10,0.1,0,0
25,7,2,0.2,31,0.2,476,10,0.1,0,0
25,7,2,0.2,31,0.2,476,10,0.1,0,0.0867916207129266
25,7,2,0.2,31,0.2,476,10,0.1,0,-0.659124082710431
25,7,2,0.2,31,0.2,476,10,0.1,0,0.00149662712673422
25,7,2,0.2,31,0.2,476,10,0.1,0,0.077333578012858
25,7,2,0.2,31,0.2,476,10,0.1,0,9.84859488088542e-29
25,7,2,0.2,31,0.2,476,10,0.1,0,-0.0965620243962011
25,7,2,0.2,31,0.2,476,10,0.1,0,-0.0166436027236756
25,7,2,0.2,31,0.2,476,10,0.1,0,-0.0186379187145767
25,7,2,0.2,31,0.2,476,10,0.1,0,-0.063995877557373
25,7,2,0.2,31,0.2,476,10,0.1,0,0.0457744153489547
25,7,2,0.2,31,0.2,476,10,0.1,0,0
25,7,2,0.2,31,0.2,476,10,0.1,0,-0.0242524651474196
25,7,2,0.2,31,0.2,476,10,0.1,0,-0.00191276234923394
25,7,2,0.2,31,0.2,476,10,0.1,0,-0.0428293972312085
25,7,2,0.2,31,0.2,476,10,0.1,0,0.0284970239704714
25,7,2,0.2,31,0.2,476,10,0.1,0,0.0846715065572946
25,7,2,0.2,31,0.2,476,10,0.1,0,-0.206425555600739
25,7,2,0.2,31,0.2,476,10,0.1,0,-0.208443283813742
25,7,2,0.2,31,0.2,476,10,0.1,0,0.110534183493507
25,7,2,0.2,31,0.2,476,10,0.1,0,1.25415816216393
25,7,2,0.2,31,0.2,476,10,0.1,0,0
25,7,2,0.2,31,0.2,476,10,0.1,0,-0.100238217322685
25,7,2,0.2,31,0.2,476,10,0.1,0,0
25,7,2,0.2,31,0.2,476,10,0.1,0,-0.00840384945174346
25,7,2,0.2,31,0.2,476,10,0.1,0,0.419207777826913
25,7,2,0.2,31,0.2,476,10,0.1,0,0.0569862028934791
25,7,2,0.2,31,0.2,476,10,0.1,0,-0.288079256611008
25,7,2,0.2,31,0.2,476,10,0.1,0,0
25,7,2,0.2,31,0.2,476,10,0.1,0,0.00353745009078087
25,7,2,0.2,31,0.2,476,10,0.1,0,-0.0434867799405295
25,7,2,0.2,31,0.2,476,10,0.1,0,-8.75919323864651e-28
25,7,2,0.2,31,0.2,476,10,0.1,0,0.154935989938181
25,7,2,0.2,31,0.2,476,10,0.1,0,-4.84880255800097e-29
25,7,2,0.2,31,0.2,476,10,0.1,0,-0.0705812331754035
25,7,2,0.2,31,0.2,476,10,0.1,0,-0.0229186924663757
25,7,2,0.2,31,0.2,476,10,0.1,0,0.0521232584955352
25,7,2,0.2,31,0.2,476,10,0.1,0,0.0784823256911454
25,7,2,0.2,31,0.2,476,10,0.1,0,0.128435359251202
25,7,2,0.2,31,0.2,476,10,0.1,0,1.53413272133298e-27
25,7,2,0.2,31,0.2,476,10,0.1,0,-0.494550058155903
25,7,2,0.2,31,0.2,476,10,0.1,0,-1.56151475856608e-28
25,7,2,0.2,31,0.2,476,10,0.1,0,0.458489668021385
25,7,2,0.2,31,0.2,476,10,0.1,0,0.102275238114
25,7,2,0.2,31,0.2,476,10,0.1,0,-0.123145414330413
25,7,2,0.2,31,0.2,476,10,0.1,0,-3.1975184516117e-29
25,7,2,0.2,31,0.2,476,10,0.1,0,-0.154996764389588
25,7,2,0.2,31,0.2,476,10,0.1,0,-0.0367844100452115
25,7,2,0.2,31,0.2,476,10,0.1,0,0
25,7,2,0.2,31,0.2,476,10,0.1,0,0.00354410516328632
25,7,2,0.2,31,0.2,476,10,0.1,0,-0.136505124548024
25,7,2,0.2,31,0.2,476,10,0.1,0,5.95496629844038e-29
25,7,2,0.2,31,0.2,476,10,0.1,0,0.00854729759309116
25,7,2,0.2,31,0.2,476,10,0.1,0,0.0487979335980443
25,7,2,0.2,31,0.2,476,10,0.1,0,0.529682602579325
25,7,2,0.2,31,0.2,476,10,0.1,0,0.0765078548992022
25,7,2,0.2,31,0.2,476,10,0.1,0,1.90467880817944
25,7,2,0.2,31,0.2,476,10,0.1,0,-0.0963289208758844
25,7,2,0.2,31,0.2,476,10,0.1,0,-0.3974498735164
25,7,2,0.2,31,0.2,476,10,0.1,0,-2.96824867961439e-29
25,7,2,0.2,31,0.2,476,10,0.1,0,0
25,7,2,0.2,31,0.2,476,10,0.1,0,2.28301954559793e-05
25,7,2,0.2,31,0.2,476,10,0.1,0,0.0548267109238384
25,7,2,0.2,31,0.2,476,10,0.1,0,0
25,7,2,0.2,31,0.2,476,10,0.1,0,-1.56919382758487
25,7,2,0.2,31,0.2,476,10,0.1,0,0
25,7,2,0.2,31,0.2,476,10,0.1,0,-0.392486025593073
25,7,2,0.2,31,0.2,476,10,0.1,0,-0.0049381236393764
25,7,2,0.2,31,0.2,476,10,0.1,0,-0.123968267073486
25,7,2,0.2,31,0.2,476,10,0.1,0,0
25,7,2,0.2,31,0.2,476,10,0.1,0,-0.287668329128976
25,7,2,0.2,31,0.2,476,10,0.1,0,-0.586137259907139
25,7,3,0.2,18,0.2,245,10,0.1,1,0
25,7,3,0.2,18,0.2,245,10,0.1,1,0
25,7,3,0.2,18,0.2,245,10,0.1,1,0
25,7,3,0.2,18,0.2,245,10,0.1,1,0.140794816929789
25,7,3,0.2,18,0.2,245,10,0.1,1,0.599750639314082
25,7,3,0.2,18,0.2,245,10,0.1,1,-0.33896471424274
25,7,3,0.2,18,0.2,245,10,0.1,1,1.03427216352033
25,7,3,0.2,18,0.2,245,10,0.1,1,-1.44528485666017
25,7,3,0.2,18,0.2,245,10,0.1,1,0
25,7,3,0.2,18,0.2,245,10,0.1,1,-0.417117871222758
25,7,3,0.2,18,0.2,245,10,0.1,1,0.224274194473095
25,7,3,0.2,18,0.2,245,10,0.1,1,-0.454833133690816
25,7,3,0.2,18,0.2,245,10,0.1,1,0
25,7,3,0.2,18,0.2,245,10,0.1,1,4.47436945505296e-21
25,7,3,0.2,18,0.2,245,10,0.1,1,1.53191461707734
25,7,3,0.2,18,0.2,245,10,0.1,1,0
25,7,3,0.2,18,0.2,245,10,0.1,1,0.214366002400051
25,7,3,0.2,18,0.2,245,10,0.1,1,0
25,7,3,0.2,18,0.2,245,10,0.1,0,0.0659726711136066
25,7,3,0.2,18,0.2,245,10,0.1,0,0.0368805183198203
25,7,3,0.2,18,0.2,245,10,0.1,0,0
25,7,3,0.2,18,0.2,245,10,0.1,0,-0.00535654940624708
25,7,3,0.2,18,0.2,245,10,0.1,0,0
25,7,3,0.2,18,0.2,245,10,0.1,0,0.103018083677986
25,7,3,0.2,18,0.2,245,10,0.1,0,0.0121928072846377
25,7,3,0.2,18,0.2,245,10,0.1,0,0.0645269491297692
25,7,3,0.2,18,0.2,245,10,0.1,0,0
25,7,3,0.2,18,0.2,245,10,0.1,0,-0.00240694974122235
25,7,3,0.2,18,0.2,245,10,0.1,0,0.023587874106592
25,7,3,0.2,18,0.2,245,10,0.1,0,-2.1924393884021
25,7,3,0.2,18,0.2,245,10,0.1,0,-0.132144265620528
25,7,3,0.2,18,0.2,245,10,0.1,0,9.88960821907996e-22
25,7,3,0.2,18,0.2,245,10,0.1,0,0
25,7,3,0.2,18,0.2,245,10,0.1,0,0.0233048742105862
25,7,3,0.2,18,0.2,245,10,0.1,0,-0.00971613310919791
25,7,3,0.2,18,0.2,245,10,0.1,0,-4.78090816329441e-20
25,7,3,0.2,18,0.2,245,10,0.1,0,3.39703900320631e-20
25,7,3,0.2,18,0.2,245,10,0.1,0,0.0204994886143372
25,7,3,0.2,18,0.2,245,10,0.1,0,-0.0474065467235276
25,7,3,0.2,18,0.2,245,10,0.1,0,3.19146540283162
25,7,3,0.2,18,0.2,245,10,0.1,0,-0.0824557153700706
25,7,3,0.2,18,0.2,245,10,0.1,0,0
25,7,3,0.2,18,0.2,245,10,0.1,0,-1.15068782501878e-19
25,7,3,0.2,18,0.2,245,10,0.1,0,1.05788856735965
25,7,3,0.2,18,0.2,245,10,0.1,0,-6.52716624324763e-21
25,7,3,0.2,18,0.2,245,10,0.1,0,0
25,7,3,0.2,18,0.2,245,10,0.1,0,0
25,7,3,0.2,18,0.2,245,10,0.1,0,0.0121584403630701
25,7,3,0.2,18,0.2,245,10,0.1,0,-0.0298288583394589
25,7,3,0.2,18,0.2,245,10,0.1,0,0.122666203688608
25,7,3,0.2,18,0.2,245,10,0.1,0,0.111052411697809
25,7,3,0.2,18,0.2,245,10,0.1,0,-0.0237705552859581
25,7,3,0.2,18,0.2,245,10,0.1,0,1.65036673608422
25,7,3,0.2,18,0.2,245,10,0.1,0,-1.71822394034648
25,7,3,0.2,18,0.2,245,10,0.1,0,0.114124101208879
25,7,3,0.2,18,0.2,245,10,0.1,0,-2.17946785330566
25,7,3,0.2,18,0.2,245,10,0.1,0,-0.032806306975349
25,7,3,0.2,18,0.2,245,10,0.1,0,0.0525850999520284
25,7,3,0.2,18,0.2,245,10,0.1,0,-1.09040527823446
25,7,3,0.2,18,0.2,245,10,0.1,0,-0.336825496623774
25,7,3,0.2,18,0.2,245,10,0.1,0,0.0920217037038724
25,7,3,0.2,18,0.2,245,10,0.1,0,-0.201633656843517
25,7,3,0.2,18,0.2,245,10,0.1,0,0.0141827002089127
25,7,3,0.2,18,0.2,245,10,0.1,0,0.0280192720313383
25,7,3,0.2,18,0.2,245,10,0.1,0,-0.00719813733004313
25,7,3,0.2,18,0.2,245,10,0.1,0,0
25,7,3,0.2,18,0.2,245,10,0.1,0,0.122706010295419
25,7,3,0.2,18,0.2,245,10,0.1,0,0.120981756939246
25,7,3,0.2,18,0.2,245,10,0.1,0,-0.00625206243692068
25,7,3,0.2,18,0.2,245,10,0.1,0,-0.0432493719911266
25,7,3,0.2,18,0.2,245,10,0.1,0,0.719909877130589
25,7,3,0.2,18,0.2,245,10,0.1,0,0.264195986911826
25,7,3,0.2,18,0.2,245,10,0.1,0,-0.028956527943612
25,7,3,0.2,18,0.2,245,10,0.1,0,0.129287382165759
25,7,3,0.2,18,0.2,245,10,0.1,0,-0.00409765250372262
25,7,3,0.2,18,0.2,245,10,0.1,0,0.229870974276169
25,7,3,0.2,18,0.2,245,10,0.1,0,-0.107162976089924
25,7,3,0.2,18,0.2,245,10,0.1,0,0.279616793948355
25,7,3,0.2,18,0.2,245,10,0.1,0,0
25,7,3,0.2,18,0.2,245,10,0.1,0,0.0180263112644381
25,7,3,0.2,18,0.2,245,10,0.1,0,-1.16552137236218
25,7,3,0.2,18,0.2,245,10,0.1,0,0
25,7,3,0.2,18,0.2,245,10,0.1,0,-0.104431774016942
25,7,3,0.2,18,0.2,245,10,0.1,0,-0.00687558215713052
25,7,3,0.2,18,0.2,245,10,0.1,0,0
25,7,3,0.2,18,0.2,245,10,0.1,0,-0.0683992186674952
25,7,3,0.2,18,0.2,245,10,0.1,0,0.083745315555996
25,7,3,0.2,18,0.2,245,10,0.1,0,0
25,7,3,0.2,18,0.2,245,10,0.1,0,0.926922018409081
25,7,3,0.2,18,0.2,245,10,0.1,0,0
25,7,3,0.2,18,0.2,245,10,0.1,0,0
25,7,3,0.2,18,0.2,245,10,0.1,0,-1.03065524462899e-20
25,7,3,0.2,18,0.2,245,10,0.1,0,-0.0182431094363787
25,7,3,0.2,18,0.2,245,10,0.1,0,4.55750889433784
25,7,3,0.2,18,0.2,245,10,0.1,0,-0.44293143673574
25,7,3,0.2,18,0.2,245,10,0.1,0,-2.29051117817984
25,7,3,0.2,18,0.2,245,10,0.1,0,-0.0736722166365484
25,7,3,0.2,18,0.2,245,10,0.1,0,0
25,7,3,0.2,18,0.2,245,10,0.1,0,0.0465048895835012
25,7,3,0.2,18,0.2,245,10,0.1,0,0.0135035952978783
25,7,3,0.2,18,0.2,245,10,0.1,0,-0.390819491970282
25,7,3,0.2,18,0.2,245,10,0.1,0,0.0253308188746624
25,7,3,0.2,18,0.2,245,10,0.1,0,0
25,7,3,0.2,18,0.2,245,10,0.1,0,-0.0137921363870735
25,7,3,0.2,18,0.2,245,10,0.1,0,2.70499272990122e-22
25,7,3,0.2,18,0.2,245,10,0.1,0,-0.0509900554028069
25,7,3,0.2,18,0.2,245,10,0.1,0,0.0194067200263102
25,7,3,0.2,18,0.2,245,10,0.1,0,5.9830901810499e-21
25,7,3,0.2,18,0.2,245,10,0.1,0,-0.257028384683776
25,7,3,0.2,18,0.2,245,10,0.1,0,0.0219749678410593
25,7,3,0.2,18,0.2,245,10,0.1,0,-0.014595362720513
25,7,3,0.2,18,0.2,245,10,0.1,0,2.39634651824938e-19
25,7,3,0.2,18,0.2,245,10,0.1,0,-1.51813137817709
25,7,3,0.2,18,0.2,245,10,0.1,0,0.0160031391792108
25,7,3,0.2,18,0.2,245,10,0.1,0,7.96508072121548e-20
25,7,3,0.2,18,0.2,245,10,0.1,0,-0.00926095582613829
25,7,3,0.2,18,0.2,245,10,0.1,0,0.158561971885108
25,7,3,0.2,18,0.2,245,10,0.1,0,0.0133201392085139
25,7,3,0.2,18,0.2,245,10,0.1,0,-5.35693135419813e-20
25,7,3,0.2,18,0.2,245,10,0.1,0,-0.0793658448728869
25,7,3,0.2,18,0.2,245,10,0.1,0,-0.0847764205936092
25,7,3,0.2,18,0.2,245,10,0.1,0,1.32296560270211
25,7,3,0.2,18,0.2,245,10,0.1,0,0.0108285460966435
25,7,3,0.2,18,0.2,245,10,0.1,0,0.0132670589665506
25,7,3,0.2,18,0.2,245,10,0.1,0,-0.0177561736753591
25,7,3,0.2,18,0.2,245,10,0.1,0,0
25,7,3,0.2,18,0.2,245,10,0.1,0,0
25,7,3,0.2,18,0.2,245,10,0.1,0,-0.0444633891481769
25,7,3,0.2,18,0.2,245,10,0.1,0,0.128851286366091
25,7,3,0.2,18,0.2,245,10,0.1,0,0.0351024163545215
25,7,3,0.2,18,0.2,245,10,0.1,0,0.389577848669243
25,7,3,0.2,18,0.2,245,10,0.1,0,-0.0136344340967364
25,7,3,0.2,18,0.2,245,10,0.1,0,0.040585654644735
25,7,3,0.2,18,0.2,245,10,0.1,0,0
25,7,3,0.2,18,0.2,245,10,0.1,0,0.055568982561811
25,7,3,0.2,18,0.2,245,10,0.1,0,-0.0715073860162304
25,7,3,0.2,18,0.2,245,10,0.1,0,-0.104404520182928
25,7,3,0.2,18,0.2,245,10,0.1,0,-0.00539870699577108
25,7,3,0.2,18,0.2,245,10,0.1,0,0
25,7,3,0.2,18,0.2,245,10,0.1,0,0
25,7,3,0.2,18,0.2,245,10,0.1,0,-5.56048776480468e-19
25,7,3,0.2,18,0.2,245,10,0.1,0,-0.0234512657259047
25,7,3,0.2,18,0.2,245,10,0.1,0,0.0102307961015422
25,7,3,0.2,18,0.2,245,10,0.1,0,0.100012248955462
25,7,3,0.2,18,0.2,245,10,0.1,0,0
25,7,3,0.2,18,0.2,245,10,0.1,0,6.0632521937572e-20
25,7,3,0.2,18,0.2,245,10,0.1,0,-0.00545900301034017
25,7,3,0.2,18,0.2,245,10,0.1,0,0.0109563365528819
25,7,3,0.2,18,0.2,245,10,0.1,0,0.000259342406334246
25,7,3,0.2,18,0.2,245,10,0.1,0,0.130525237307528
25,7,3,0.2,18,0.2,245,10,0.1,0,-0.0120876342899027
25,7,3,0.2,18,0.2,245,10,0.1,0,-0.14008282110307
25,7,3,0.2,18,0.2,245,10,0.1,0,-0.0107513979284898
25,7,3,0.2,18,0.2,245,10,0.1,0,0.113168983295234
25,7,3,0.2,18,0.2,245,10,0.1,0,-0.0242214256385552
25,7,3,0.2,18,0.2,245,10,0.1,0,-0.00283905099588098
25,7,3,0.2,18,0.2,245,10,0.1,0,-0.441645160913242
25,7,3,0.2,18,0.2,245,10,0.1,0,1.13275659877182e-19
25,7,3,0.2,18,0.2,245,10,0.1,0,-0.0313829851637589
25,7,3,0.2,18,0.2,245,10,0.1,0,0.0127110473834891
25,7,3,0.2,18,0.2,245,10,0.1,0,0.123254697200083
25,7,3,0.2,18,0.2,245,10,0.1,0,-0.138550917139783
25,7,3,0.2,18,0.2,245,10,0.1,0,-0.223493067668229
25,7,3,0.2,18,0.2,245,10,0.1,0,-0.282618330783999
25,7,3,0.2,18,0.2,245,10,0.1,0,0.0155529726698617
25,7,3,0.2,18,0.2,245,10,0.1,0,1.10127801675027e-20
25,7,3,0.2,18,0.2,245,10,0.1,0,0.0583690767470825
25,7,3,0.2,18,0.2,245,10,0.1,0,0.0225660841052223
25,7,3,0.2,18,0.2,245,10,0.1,0,-0.0492563175274169
25,7,3,0.2,18,0.2,245,10,0.1,0,-0.0346638316122639
25,7,3,0.2,18,0.2,245,10,0.1,0,0
25,7,3,0.2,18,0.2,245,10,0.1,0,-0.2142362881347
25,7,3,0.2,18,0.2,245,10,0.1,0,-2.9331762785154
25,7,3,0.2,18,0.2,245,10,0.1,0,0.00197691751789201
25,7,3,0.2,18,0.2,245,10,0.1,0,4.0396572374756
25,7,3,0.2,18,0.2,245,10,0.1,0,0.0121940562518267
25,7,3,0.2,18,0.2,245,10,0.1,0,-1.42373225006909e-21
25,7,3,0.2,18,0.2,245,10,0.1,0,0.0070390250401888
25,7,3,0.2,18,0.2,245,10,0.1,0,-0.0701073959009236
25,7,3,0.2,18,0.2,245,10,0.1,0,2.40001427023903e-20
25,7,3,0.2,18,0.2,245,10,0.1,0,-0.394980160114894
25,7,3,0.2,18,0.2,245,10,0.1,0,0.129129086601997
25,7,3,0.2,18,0.2,245,10,0.1,0,0.0265096162217407
25,7,3,0.2,18,0.2,245,10,0.1,0,-0.00722530962187876
25,7,3,0.2,18,0.2,245,10,0.1,0,0.128889027854956
25,7,3,0.2,18,0.2,245,10,0.1,0,-0.00713452924562926
25,7,3,0.2,18,0.2,245,10,0.1,0,0.0187686211691158
25,7,3,0.2,18,0.2,245,10,0.1,0,0.0248375890965622
25,7,3,0.2,18,0.2,245,10,0.1,0,-1.05279868606493
25,7,3,0.2,18,0.2,245,10,0.1,0,0.00477120026207426
25,7,3,0.2,18,0.2,245,10,0.1,0,-0.00196939936361672
25,7,3,0.2,18,0.2,245,10,0.1,0,5.09456929022131
25,7,3,0.2,18,0.2,245,10,0.1,0,0
25,7,3,0.2,18,0.2,245,10,0.1,0,1.87305661747719e-21
25,7,3,0.2,18,0.2,245,10,0.1,0,-0.00808363543528462
25,7,3,0.2,18,0.2,245,10,0.1,0,-0.0283536380342394
25,7,3,0.2,18,0.2,245,10,0.1,0,-0.120137035875522
25,7,3,0.2,18,0.2,245,10,0.1,0,2.33709538669993
25,7,3,0.2,18,0.2,245,10,0.1,0,-0.0888864497719046
25,7,3,0.2,18,0.2,245,10,0.1,0,0.0621467089457555
25,7,3,0.2,18,0.2,245,10,0.1,0,0.432758932025355
25,7,3,0.2,18,0.2,245,10,0.1,0,0
25,7,3,0.2,18,0.2,245,10,0.1,0,0.232179581308303
25,7,3,0.2,18,0.2,245,10,0.1,0,0.0782417340389976
25,7,3,0.2,18,0.2,245,10,0.1,0,-0.0728756785603178
25,7,3,0.2,18,0.2,245,10,0.1,0,2.8589814619037e-20
25,7,3,0.2,18,0.2,245,10,0.1,0,0.159251822539425
25,7,3,0.2,18,0.2,245,10,0.1,0,2.06760988481327
25,7,3,0.2,18,0.2,245,10,0.1,0,-1.30648759655207
25,7,3,0.2,18,0.2,245,10,0.1,0,-0.0732852307048306
25,7,3,0.2,18,0.2,245,10,0.1,0,-0.0271000904079409
25,7,3,0.2,18,0.2,245,10,0.1,0,0.106194226590106
25,7,3,0.2,18,0.2,245,10,0.1,0,-0.0244277775988684
25,7,3,0.2,18,0.2,245,10,0.1,0,0
25,7,3,0.2,18,0.2,245,10,0.1,0,0.128463887297606
25,7,3,0.2,18,0.2,245,10,0.1,0,0
25,7,3,0.2,18,0.2,245,10,0.1,0,-0.0239454624392427
25,7,3,0.2,18,0.2,245,10,0.1,0,-0.511203691015958
25,7,3,0.2,18,0.2,245,10,0.1,0,-0.018169817365915
25,7,3,0.2,18,0.2,245,10,0.1,0,-1.93297573972876
25,7,3,0.2,18,0.2,245,10,0.1,0,0.0121598507611353
25,7,3,0.2,18,0.2,245,10,0.1,0,0.193532749060092
25,7,3,0.2,18,0.2,245,10,0.1,0,2.68896934324654e-20
25,7,3,0.2,18,0.2,245,10,0.1,0,0.0137351567149035
25,7,3,0.2,18,0.2,245,10,0.1,0,-0.142156818295796
25,7,3,0.2,18,0.2,245,10,0.1,0,0.0476327063085863
25,7,3,0.2,18,0.2,245,10,0.1,0,-0.00591071867005895
25,7,3,0.2,18,0.2,245,10,0.1,0,0
25,7,3,0.2,18,0.2,245,10,0.1,0,-0.00573455823429927
25,7,3,0.2,18,0.2,245,10,0.1,0,-0.000933051056398094
25,7,3,0.2,18,0.2,245,10,0.1,0,0.311700605121128
25,7,3,0.2,18,0.2,245,10,0.1,0,0
25,7,3,0.2,18,0.2,245,10,0.1,0,-0.294211215652739
25,7,3,0.2,18,0.2,245,10,0.1,0,0.0649106796980291
25,7,3,0.2,18,0.2,245,10,0.1,0,-0.196199389078039
25,7,3,0.2,18,0.2,245,10,0.1,0,0.0246959803629155
25,7,3,0.2,18,0.2,245,10,0.1,0,-0.0347463060812242
25,7,3,0.2,18,0.2,245,10,0.1,0,0.45247829194117
25,7,3,0.2,18,0.2,245,10,0.1,0,0.0125427861506952
25,7,3,0.2,18,0.2,245,10,0.1,0,-2.44595311695151e-19
25,7,3,0.2,18,0.2,245,10,0.1,0,2.25876907527509e-21
25,7,3,0.2,18,0.2,245,10,0.1,0,-0.0316809340008461
25,7,3,0.2,18,0.2,245,10,0.1,0,-0.0163185164236316
25,7,3,0.2,18,0.2,245,10,0.1,0,-0.0209695157019428
25,7,3,0.2,18,0.2,245,10,0.1,0,-0.352317597070908
25,7,3,0.2,18,0.2,245,10,0.1,0,-0.263118565598988
25,7,3,0.2,18,0.2,245,10,0.1,0,-0.507400455210628
25,7,3,0.2,18,0.2,245,10,0.1,0,0.0256836319622726
25,7,3,0.2,18,0.2,245,10,0.1,0,-0.0815660421266058
25,7,3,0.2,18,0.2,245,10,0.1,0,-0.000306888176922503
25,7,3,0.2,18,0.2,245,10,0.1,0,1.48119270244495e-19
25,7,3,0.2,18,0.2,245,10,0.1,0,2.70043443247641e-22
25,7,3,0.2,18,0.2,245,10,0.1,0,0
25,7,3,0.2,18,0.2,245,10,0.1,0,0
25,7,3,0.2,18,0.2,245,10,0.1,0,0
25,7,3,0.2,18,0.2,245,10,0.1,0,0.0111906453182727
25,7,3,0.2,18,0.2,245,10,0.1,0,2.24973587914559
25,7,3,0.2,18,0.2,245,10,0.1,0,0
25,7,3,0.2,18,0.2,245,10,0.1,0,2.54382542913395e-22
25,7,3,0.2,18,0.2,245,10,0.1,0,0.0184470662231854
25,7,3,0.2,18,0.2,245,10,0.1,0,-0.477724727958304
25,7,3,0.2,18,0.2,245,10,0.1,0,-2.80157115049883e-19
25,7,3,0.2,18,0.2,245,10,0.1,0,0.0186956264529359
25,7,4,0.2,23,0.2,294,10,0.1,1,0
25,7,4,0.2,23,0.2,294,10,0.1,1,0.0894648403043583
25,7,4,0.2,23,0.2,294,10,0.1,1,0
25,7,4,0.2,23,0.2,294,10,0.1,1,1.89928574421817
25,7,4,0.2,23,0.2,294,10,0.1,1,0.31557087438303
25,7,4,0.2,23,0.2,294,10,0.1,1,1.49927276500606
25,7,4,0.2,23,0.2,294,10,0.1,1,0
25,7,4,0.2,23,0.2,294,10,0.1,1,-1.32274093178545
25,7,4,0.2,23,0.2,294,10,0.1,1,-0.333487690070935
25,7,4,0.2,23,0.2,294,10,0.1,1,-0.415210338035152
25,7,4,0.2,23,0.2,294,10,0.1,1,0
25,7,4,0.2,23,0.2,294,10,0.1,1,3.53155516362236
25,7,4,0.2,23,0.2,294,10,0.1,1,0.704939778399432
25,7,4,0.2,23,0.2,294,10,0.1,1,0
25,7,4,0.2,23,0.2,294,10,0.1,1,0
25,7,4,0.2,23,0.2,294,10,0.1,1,0
25,7,4,0.2,23,0.2,294,10,0.1,1,-0.132461419904377
25,7,4,0.2,23,0.2,294,10,0.1,1,0.90148525854403
25,7,4,0.2,23,0.2,294,10,0.1,1,0.407460617254107
25,7,4,0.2,23,0.2,294,10,0.1,1,0.0431517621343554
25,7,4,0.2,23,0.2,294,10,0.1,1,0.148439082561535
25,7,4,0.2,23,0.2,294,10,0.1,1,0.145534592164673
25,7,4,0.2,23,0.2,294,10,0.1,1,0
25,7,4,0.2,23,0.2,294,10,0.1,0,0.0392171633860886
25,7,4,0.2,23,0.2,294,10,0.1,0,0.383476737895249
25,7,4,0.2,23,0.2,294,10,0.1,0,1.68557138642763
25,7,4,0.2,23,0.2,294,10,0.1,0,0.102411301702682
25,7,4,0.2,23,0.2,294,10,0.1,0,0.102702733942281
25,7,4,0.2,23,0.2,294,10,0.1,0,-0.066592758783918
25,7,4,0.2,23,0.2,294,10,0.1,0,0.0265735433479832
25,7,4,0.2,23,0.2,294,10,0.1,0,-0.012330778474099
25,7,4,0.2,23,0.2,294,10,0.1,0,1.84419678555924
25,7,4,0.2,23,0.2,294,10,0.1,0,0.0340296850939054
25,7,4,0.2,23,0.2,294,10,0.1,0,0
25,7,4,0.2,23,0.2,294,10,0.1,0,0.246763832158251
25,7,4,0.2,23,0.2,294,10,0.1,0,-0.0703421603723578
25,7,4,0.2,23,0.2,294,10,0.1,0,0.160393209671818
25,7,4,0.2,23,0.2,294,10,0.1,0,0
25,7,4,0.2,23,0.2,294,10,0.1,0,0.30462518502728
25,7,4,0.2,23,0.2,294,10,0.1,0,-0.20514902846842
25,7,4,0.2,23,0.2,294,10,0.1,0,0.191690122551301
25,7,4,0.2,23,0.2,294,10,0.1,0,0
25,7,4,0.2,23,0.2,294,10,0.1,0,0
25,7,4,0.2,23,0.2,294,10,0.1,0,0
25,7,4,0.2,23,0.2,294,10,0.1,0,-0.146538734520126
25,7,4,0.2,23,0.2,294,10,0.1,0,-0.166722652906941
25,7,4,0.2,23,0.2,294,10,0.1,0,-0.123957543113125
25,7,4,0.2,23,0.2,294,10,0.1,0,0.0872031457111777
25,7,4,0.2,23,0.2,294,10,0.1,0,-0.00262703483200102
25,7,4,0.2,23,0.2,294,10,0.1,0,0.00981556321428918
25,7,4,0.2,23,0.2,294,10,0.1,0,0.341778999415991
25,7,4,0.2,23,0.2,294,10,0.1,0,0.294756732386754
25,7,4,0.2,23,0.2,294,10,0.1,0,0
25,7,4,0.2,23,0.2,294,10,0.1,0,-1.07363708411892
25,7,4,0.2,23,0.2,294,10,0.1,0,0.00617460558157092
25,7,4,0.2,23,0.2,294,10,0.1,0,-0.257327854808299
25,7,4,0.2,23,0.2,294,10,0.1,0,-0.14181155224727
25,7,4,0.2,23,0.2,294,10,0.1,0,3.91196521338133
25,7,4,0.2,23,0.2,294,10,0.1,0,-0.227892501259195
25,7,4,0.2,23,0.2,294,10,0.1,0,0
25,7,4,0.2,23,0.2,294,10,0.1,0,0.180258473355708
25,7,4,0.2,23,0.2,294,10,0.1,0,-1.54300292368129
25,7,4,0.2,23,0.2,294,10,0.1,0,-0.0660409542354369
25,7,4,0.2,23,0.2,294,10,0.1,0,0
25,7,4,0.2,23,0.2,294,10,0.1,0,0.0047640727878171
25,7,4,0.2,23,0.2,294,10,0.1,0,0.0286414193769922
25,7,4,0.2,23,0.2,294,10,0.1,0,-4.09609352083265
25,7,4,0.2,23,0.2,294,10,0.1,0,-0.0212246982484647
25,7,4,0.2,23,0.2,294,10,0.1,0,-0.0214124192685276
25,7,4,0.2,23,0.2,294,10,0.1,0,-0.0590717070975249
25,7,4,0.2,23,0.2,294,10,0.1,0,-0.106824801058653
25,7,4,0.2,23,0.2,294,10,0.1,0,-0.000661228810166228
25,7,4,0.2,23,0.2,294,10,0.1,0,-0.136000520262413
25,7,4,0.2,23,0.2,294,10,0.1,0,0.424207098057142
25,7,4,0.2,23,0.2,294,10,0.1,0,0.0396330305906943
25,7,4,0.2,23,0.2,294,10,0.1,0,0.150673730447102
25,7,4,0.2,23,0.2,294,10,0.1,0,-0.000619321067851115
25,7,4,0.2,23,0.2,294,10,0.1,0,-0.0771839753710691
25,7,4,0.2,23,0.2,294,10,0.1,0,0.124564365649162
25,7,4,0.2,23,0.2,294,10,0.1,0,-0.0113772051296522
25,7,4,0.2,23,0.2,294,10,0.1,0,-0.0115500528615148
25,7,4,0.2,23,0.2,294,10,0.1,0,-0.0935338110402916
25,7,4,0.2,23,0.2,294,10,0.1,0,-0.00811390559789908
25,7,4,0.2,23,0.2,294,10,0.1,0,-0.00206633013082464
25,7,4,0.2,23,0.2,294,10,0.1,0,-3.83091263256791
25,7,4,0.2,23,0.2,294,10,0.1,0,-0.00314575129711332
25,7,4,0.2,23,0.2,294,10,0.1,0,-0.00793645616274991
25,7,4,0.2,23,0.2,294,10,0.1,0,0.0738781855548824
25,7,4,0.2,23,0.2,294,10,0.1,0,-0.142112154847259
25,7,4,0.2,23,0.2,294,10,0.1,0,0
25,7,4,0.2,23,0.2,294,10,0.1,0,-1.0185023520072
25,7,4,0.2,23,0.2,294,10,0.1,0,0
25,7,4,0.2,23,0.2,294,10,0.1,0,-0.00729153230888463
25,7,4,0.2,23,0.2,294,10,0.1,0,-0.62496915994594
25,7,4,0.2,23,0.2,294,10,0.1,0,-0.0446655733937837
25,7,4,0.2,23,0.2,294,10,0.1,0,-0.0356536684373486
25,7,4,0.2,23,0.2,294,10,0.1,0,0.312475119389583
25,7,4,0.2,23,0.2,294,10,0.1,0,-0.00670746677693173
25,7,4,0.2,23,0.2,294,10,0.1,0,0.00129361429058569
25,7,4,0.2,23,0.2,294,10,0.1,0,0
25,7,4,0.2,23,0.2,294,10,0.1,0,-0.0590752695304099
25,7,4,0.2,23,0.2,294,10,0.1,0,0.0854848018465799
25,7,4,0.2,23,0.2,294,10,0.1,0,-0.00800772919520664
25,7,4,0.2,23,0.2,294,10,0.1,0,0
25,7,4,0.2,23,0.2,294,10,0.1,0,0.0153949808375941
25,7,4,0.2,23,0.2,294,10,0.1,0,-0.0168207930801891
25,7,4,0.2,23,0.2,294,10,0.1,0,2.54405125443641
25,7,4,0.2,23,0.2,294,10,0.1,0,-0.0069118440430919
25,7,4,0.2,23,0.2,294,10,0.1,0,1.42718352056721
25,7,4,0.2,23,0.2,294,10,0.1,0,0.272474963213576
25,7,4,0.2,23,0.2,294,10,0.1,0,0
25,7,4,0.2,23,0.2,294,10,0.1,0,-0.00228588570327554
25,7,4,0.2,23,0.2,294,10,0.1,0,0.000994158392758636
25,7,4,0.2,23,0.2,294,10,0.1,0,-0.0409643206655063
25,7,4,0.2,23,0.2,294,10,0.1,0,0.281619509637225
25,7,4,0.2,23,0.2,294,10,0.1,0,-0.0856074437956132
25,7,4,0.2,23,0.2,294,10,0.1,0,-0.00169362602490743
25,7,4,0.2,23,0.2,294,10,0.1,0,0
25,7,4,0.2,23,0.2,294,10,0.1,0,-0.473985308767357
25,7,4,0.2,23,0.2,294,10,0.1,0,-0.0313956188932681
25,7,4,0.2,23,0.2,294,10,0.1,0,0.314565747891071
25,7,4,0.2,23,0.2,294,10,0.1,0,-0.339843766080484
25,7,4,0.2,23,0.2,294,10,0.1,0,-0.010559806331211
25,7,4,0.2,23,0.2,294,10,0.1,0,0.0347583148638805
25,7,4,0.2,23,0.2,294,10,0.1,0,0.0398479963636251
25,7,4,0.2,23,0.2,294,10,0.1,0,1.91894696705816
25,7,4,0.2,23,0.2,294,10,0.1,0,-0.0886467092059236
25,7,4,0.2,23,0.2,294,10,0.1,0,0.00933851866901956
25,7,4,0.2,23,0.2,294,10,0.1,0,-0.0104903114259781
25,7,4,0.2,23,0.2,294,10,0.1,0,0.0768485365962412
25,7,4,0.2,23,0.2,294,10,0.1,0,-0.465804598839971
25,7,4,0.2,23,0.2,294,10,0.1,0,0.0210985060390278
25,7,4,0.2,23,0.2,294,10,0.1,0,0.138233214016126
25,7,4,0.2,23,0.2,294,10,0.1,0,0.00695540751900672
25,7,4,0.2,23,0.2,294,10,0.1,0,-0.00459199452570285
25,7,4,0.2,23,0.2,294,10,0.1,0,-0.172421379951331
25,7,4,0.2,23,0.2,294,10,0.1,0,0
25,7,4,0.2,23,0.2,294,10,0.1,0,0.0224548657131379
25,7,4,0.2,23,0.2,294,10,0.1,0,0.0247357201811735
25,7,4,0.2,23,0.2,294,10,0.1,0,0.100862845937012
25,7,4,0.2,23,0.2,294,10,0.1,0,-0.239914454337127
25,7,4,0.2,23,0.2,294,10,0.1,0,0.0202116239126344
25,7,4,0.2,23,0.2,294,10,0.1,0,0
25,7,4,0.2,23,0.2,294,10,0.1,0,-0.0177836456647223
25,7,4,0.2,23,0.2,294,10,0.1,0,0
25,7,4,0.2,23,0.2,294,10,0.1,0,0.564692425079197
25,7,4,0.2,23,0.2,294,10,0.1,0,-0.155435776776343
25,7,4,0.2,23,0.2,294,10,0.1,0,-1.24338695462452
25,7,4,0.2,23,0.2,294,10,0.1,0,-0.0159656078864826
25,7,4,0.2,23,0.2,294,10,0.1,0,0.0205511457815523
25,7,4,0.2,23,0.2,294,10,0.1,0,-0.141216712535914
25,7,4,0.2,23,0.2,294,10,0.1,0,-0.0532095130114348
25,7,4,0.2,23,0.2,294,10,0.1,0,0.0493074521603726
25,7,4,0.2,23,0.2,294,10,0.1,0,0.033067646097299
25,7,4,0.2,23,0.2,294,10,0.1,0,-0.0769880677563382
25,7,4,0.2,23,0.2,294,10,0.1,0,-0.426992690431785
25,7,4,0.2,23,0.2,294,10,0.1,0,0
25,7,4,0.2,23,0.2,294,10,0.1,0,0
25,7,4,0.2,23,0.2,294,10,0.1,0,0
25,7,4,0.2,23,0.2,294,10,0.1,0,0
25,7,4,0.2,23,0.2,294,10,0.1,0,0.0196413158811613
25,7,4,0.2,23,0.2,294,10,0.1,0,0.364943895751412
25,7,4,0.2,23,0.2,294,10,0.1,0,0.0160609817104403
25,7,4,0.2,23,0.2,294,10,0.1,0,-0.168264912258936
25,7,4,0.2,23,0.2,294,10,0.1,0,0
25,7,4,0.2,23,0.2,294,10,0.1,0,-0.0999140050253612
25,7,4,0.2,23,0.2,294,10,0.1,0,0.0270960448071654
25,7,4,0.2,23,0.2,294,10,0.1,0,0.380908823016136
25,7,4,0.2,23,0.2,294,10,0.1,0,0.181513317691045
25,7,4,0.2,23,0.2,294,10,0.1,0,-0.455910003641399
25,7,4,0.2,23,0.2,294,10,0.1,0,0.0283406588906097
25,7,4,0.2,23,0.2,294,10,0.1,0,0
25,7,4,0.2,23,0.2,294,10,0.1,0,-0.0933469981689466
25,7,4,0.2,23,0.2,294,10,0.1,0,0.00666100397757005
25,7,4,0.2,23,0.2,294,10,0.1,0,-0.392191436978916
25,7,4,0.2,23,0.2,294,10,0.1,0,-0.00917111560737987
25,7,4,0.2,23,0.2,294,10,0.1,0,0.101167691223141
25,7,4,0.2,23,0.2,294,10,0.1,0,0
25,7,4,0.2,23,0.2,294,10,0.1,0,0.209459203338692
25,7,4,0.2,23,0.2,294,10,0.1,0,-0.00689587559404421
25,7,4,0.2,23,0.2,294,10,0.1,0,-0.102250954813862
25,7,4,0.2,23,0.2,294,10,0.1,0,0.119936443991784
25,7,4,0.2,23,0.2,294,10,0.1,0,-0.471235753095253
25,7,4,0.2,23,0.2,294,10,0.1,0,0.12734817606823
25,7,4,0.2,23,0.2,294,10,0.1,0,0.027885934739264
25,7,4,0.2,23,0.2,294,10,0.1,0,-0.0318304990309995
25,7,4,0.2,23,0.2,294,10,0.1,0,0
25,7,4,0.2,23,0.2,294,10,0.1,0,-0.0421170506993437
25,7,4,0.2,23,0.2,294,10,0.1,0,0.239552556405518
25,7,4,0.2,23,0.2,294,10,0.1,0,0.0528771423443363
25,7,4,0.2,23,0.2,294,10,0.1,0,-0.180010583121573
25,7,4,0.2,23,0.2,294,10,0.1,0,0
25,7,4,0.2,23,0.2,294,10,0.1,0,0.0284629643649418
25,7,4,0.2,23,0.2,294,10,0.1,0,0.00533222005299418
25,7,4,0.2,23,0.2,294,10,0.1,0,0.00895822334801123
25,7,4,0.2,23,0.2,294,10,0.1,0,0.196823089785883
25,7,4,0.2,23,0.2,294,10,0.1,0,-0.133194690283246
25,7,4,0.2,23,0.2,294,10,0.1,0,0.0183098936157148
25,7,4,0.2,23,0.2,294,10,0.1,0,0.0110624213383755
25,7,4,0.2,23,0.2,294,10,0.1,0,0.102698680215864
25,7,4,0.2,23,0.2,294,10,0.1,0,0.227417975208141
25,7,4,0.2,23,0.2,294,10,0.1,0,0.0287755282554303
25,7,4,0.2,23,0.2,294,10,0.1,0,0.307497644292569
25,7,4,0.2,23,0.2,294,10,0.1,0,0
25,7,4,0.2,23,0.2,294,10,0.1,0,0.054895798128512
25,7,4,0.2,23,0.2,294,10,0.1,0,-0.175199135271725
25,7,4,0.2,23,0.2,294,10,0.1,0,0.103067550531731
25,7,4,0.2,23,0.2,294,10,0.1,0,0.0333714179095649
25,7,4,0.2,23,0.2,294,10,0.1,0,0.0158372089140292
25,7,4,0.2,23,0.2,294,10,0.1,0,0.242312285234624
25,7,4,0.2,23,0.2,294,10,0.1,0,-0.00575801709585174
25,7,4,0.2,23,0.2,294,10,0.1,0,0
25,7,4,0.2,23,0.2,294,10,0.1,0,0.0807721778905817
25,7,4,0.2,23,0.2,294,10,0.1,0,-0.0238337897519074
25,7,4,0.2,23,0.2,294,10,0.1,0,-0.146305521840725
25,7,4,0.2,23,0.2,294,10,0.1,0,0
25,7,4,0.2,23,0.2,294,10,0.1,0,-0.272476222848088
25,7,4,0.2,23,0.2,294,10,0.1,0,0.212037087844425
25,7,4,0.2,23,0.2,294,10,0.1,0,-1.56710153571464
25,7,4,0.2,23,0.2,294,10,0.1,0,0
25,7,4,0.2,23,0.2,294,10,0.1,0,0
25,7,4,0.2,23,0.2,294,10,0.1,0,-0.0829138558813026
25,7,4,0.2,23,0.2,294,10,0.1,0,-0.267342366846162
25,7,4,0.2,23,0.2,294,10,0.1,0,0.280717624042519
25,7,4,0.2,23,0.2,294,10,0.1,0,-0.646269790323382
25,7,4,0.2,23,0.2,294,10,0.1,0,0
25,7,4,0.2,23,0.2,294,10,0.1,0,-0.00115806882285443
25,7,4,0.2,23,0.2,294,10,0.1,0,0.0221858506763384
25,7,4,0.2,23,0.2,294,10,0.1,0,0.130044788442708
25,7,4,0.2,23,0.2,294,10,0.1,0,0.109550871587667
25,7,4,0.2,23,0.2,294,10,0.1,0,-0.0524972102064211
25,7,4,0.2,23,0.2,294,10,0.1,0,0.00526715235700848
25,7,4,0.2,23,0.2,294,10,0.1,0,0.00739960948391763
25,7,4,0.2,23,0.2,294,10,0.1,0,0.0246242036824391
25,7,4,0.2,23,0.2,294,10,0.1,0,0.306885986892894
25,7,4,0.2,23,0.2,294,10,0.1,0,-0.00743801997285308
25,7,4,0.2,23,0.2,294,10,0.1,0,0.36626762576274
25,7,4,0.2,23,0.2,294,10,0.1,0,0.00253439157043502
25,7,4,0.2,23,0.2,294,10,0.1,0,-0.0130787118832859
25,7,4,0.2,23,0.2,294,10,0.1,0,0.00584041270739479
25,7,4,0.2,23,0.2,294,10,0.1,0,0.00287245470748806
25,7,4,0.2,23,0.2,294,10,0.1,0,1.49533492867429
25,7,4,0.2,23,0.2,294,10,0.1,0,0
25,7,4,0.2,23,0.2,294,10,0.1,0,0.0374174258584544
25,7,4,0.2,23,0.2,294,10,0.1,0,0.60246619432307
25,7,4,0.2,23,0.2,294,10,0.1,0,0.357085206215939
25,7,4,0.2,23,0.2,294,10,0.1,0,-0.0920812838969146
25,7,4,0.2,23,0.2,294,10,0.1,0,-0.276228087820704
25,7,4,0.2,23,0.2,294,10,0.1,0,0.0572462823185492
25,7,4,0.2,23,0.2,294,10,0.1,0,0.114467654500997
25,7,4,0.2,23,0.2,294,10,0.1,0,0
25,7,4,0.2,23,0.2,294,10,0.1,0,0.370809646595541
25,7,4,0.2,23,0.2,294,10,0.1,0,-0.158771111498861
25,7,4,0.2,23,0.2,294,10,0.1,0,-0.626131712370735
25,7,4,0.2,23,0.2,294,10,0.1,0,-0.222244551114626
25,7,4,0.2,23,0.2,294,10,0.1,0,-0.00199573807879964
25,7,4,0.2,23,0.2,294,10,0.1,0,0.145779191007861
25,7,4,0.2,23,0.2,294,10,0.1,0,0.174494183517465
25,7,4,0.2,23,0.2,294,10,0.1,0,0.176141028065633
25,7,4,0.2,23,0.2,294,10,0.1,0,0.020556391169852
25,7,4,0.2,23,0.2,294,10,0.1,0,0.0101811559008866
25,7,4,0.2,23,0.2,294,10,0.1,0,-0.157927796840754
25,7,4,0.2,23,0.2,294,10,0.1,0,-0.00426921268883215
25,7,4,0.2,23,0.2,294,10,0.1,0,0.12064274111529
25,7,4,0.2,23,0.2,294,10,0.1,0,-0.0541343201358943
25,7,4,0.2,23,0.2,294,10,0.1,0,0.108127592313598
25,7,4,0.2,23,0.2,294,10,0.1,0,0.102768752700419
25,7,4,0.2,23,0.2,294,10,0.1,0,-0.00900412698349405
25,7,4,0.2,23,0.2,294,10,0.1,0,0.0234294040537244
25,7,4,0.2,23,0.2,294,10,0.1,0,0.0162513551720313
25,7,4,0.2,23,0.2,294,10,0.1,0,-0.0137479788426095
25,7,4,0.2,23,0.2,294,10,0.1,0,-0.0439611048656617
25,7,4,0.2,23,0.2,294,10,0.1,0,-0.194897411958335
25,7,4,0.2,23,0.2,294,10,0.1,0,0
25,7,4,0.2,23,0.2,294,10,0.1,0,-0.00168250138139626
25,7,4,0.2,23,0.2,294,10,0.1,0,0.0562522804002642
25,7,4,0.2,23,0.2,294,10,0.1,0,-0.0419292250593248
25,7,4,0.2,23,0.2,294,10,0.1,0,0.925774804190753
25,7,4,0.2,23,0.2,294,10,0.1,0,0
25,7,4,0.2,23,0.2,294,10,0.1,0,-0.345035837429263
25,7,4,0.2,23,0.2,294,10,0.1,0,-3.37770061354688
25,7,4,0.2,23,0.2,294,10,0.1,0,-0.0113076960766194
25,7,4,0.2,23,0.2,294,10,0.1,0,0.0709187345638485
25,7,4,0.2,23,0.2,294,10,0.1,0,0.260596047911681
25,7,4,0.2,23,0.2,294,10,0.1,0,0.0067130897311816
25,7,4,0.2,23,0.2,294,10,0.1,0,-1.25815695065299
25,7,4,0.2,23,0.2,294,10,0.1,0,0.00372413607103844
25,7,4,0.2,23,0.2,294,10,0.1,0,0.113089243429774
25,7,4,0.2,23,0.2,294,10,0.1,0,0
25,7,4,0.2,23,0.2,294,10,0.1,0,-0.1302511176566
25,7,4,0.2,23,0.2,294,10,0.1,0,0
25,7,4,0.2,23,0.2,294,10,0.1,0,0
25,7,4,0.2,23,0.2,294,10,0.1,0,0.90827217621176
25,7,4,0.2,23,0.2,294,10,0.1,0,-0.49347332556176
25,7,4,0.2,23,0.2,294,10,0.1,0,0.169174405013068
25,7,4,0.2,23,0.2,294,10,0.1,0,0.462150953979962
25,7,4,0.2,23,0.2,294,10,0.1,0,-0.00763534550800905
25,7,4,0.2,23,0.2,294,10,0.1,0,0.496010254790444
25,7,4,0.2,23,0.2,294,10,0.1,0,-0.047944355539935
25,7,4,0.2,23,0.2,294,10,0.1,0,0.0657416510336195
25,7,4,0.2,23,0.2,294,10,0.1,0,-0.0714633128257835
25,7,4,0.2,23,0.2,294,10,0.1,0,0
25,7,4,0.2,23,0.2,294,10,0.1,0,-0.0522538546594302
25,7,4,0.2,23,0.2,294,10,0.1,0,0.0239500875021075
25,7,4,0.2,23,0.2,294,10,0.1,0,0.381931810360045
25,7,4,0.2,23,0.2,294,10,0.1,0,0
25,7,4,0.2,23,0.2,294,10,0.1,0,0.0351202425381325
25,7,4,0.2,23,0.2,294,10,0.1,0,0
25,7,4,0.2,23,0.2,294,10,0.1,0,0.0162510899534716
25,7,4,0.2,23,0.2,294,10,0.1,0,0
25,7,4,0.2,23,0.2,294,10,0.1,0,0
25,7,4,0.2,23,0.2,294,10,0.1,0,0.0271211982194523
25,7,4,0.2,23,0.2,294,10,0.1,0,0.112585020853065
25,7,4,0.2,23,0.2,294,10,0.1,0,0.357175319167859
25,7,4,0.2,23,0.2,294,10,0.1,0,0.165586354072557
25,7,4,0.2,23,0.2,294,10,0.1,0,0.00819617387873463
25,7,4,0.2,23,0.2,294,10,0.1,0,0.0566392127477836
25,7,5,0.2,35,0.2,414,10,0.1,1,1.0236481782495
25,7,5,0.2,35,0.2,414,10,0.1,1,0.0827998931355185
25,7,5,0.2,35,0.2,414,10,0.1,1,0.307788558375839
25,7,5,0.2,35,0.2,414,10,0.1,1,0.103561917081678
25,7,5,0.2,35,0.2,414,10,0.1,1,0
25,7,5,0.2,35,0.2,414,10,0.1,1,0
25,7,5,0.2,35,0.2,414,10,0.1,1,0
25,7,5,0.2,35,0.2,414,10,0.1,1,0
25,7,5,0.2,35,0.2,414,10,0.1,1,0.620894945182734
25,7,5,0.2,35,0.2,414,10,0.1,1,0
25,7,5,0.2,35,0.2,414,10,0.1,1,-0.591559909944775
25,7,5,0.2,35,0.2,414,10,0.1,1,-0.217353733099219
25,7,5,0.2,35,0.2,414,10,0.1,1,0
25,7,5,0.2,35,0.2,414,10,0.1,1,-0.555640142702901
25,7,5,0.2,35,0.2,414,10,0.1,1,0
25,7,5,0.2,35,0.2,414,10,0.1,1,0.489199511167257
25,7,5,0.2,35,0.2,414,10,0.1,1,0
25,7,5,0.2,35,0.2,414,10,0.1,1,2.95636608363905
25,7,5,0.2,35,0.2,414,10,0.1,1,0
25,7,5,0.2,35,0.2,414,10,0.1,1,0
25,7,5,0.2,35,0.2,414,10,0.1,1,-3.2131833953388
25,7,5,0.2,35,0.2,414,10,0.1,1,0
25,7,5,0.2,35,0.2,414,10,0.1,1,0
25,7,5,0.2,35,0.2,414,10,0.1,1,-3.34970653847552
25,7,5,0.2,35,0.2,414,10,0.1,1,0
25,7,5,0.2,35,0.2,414,10,0.1,1,0
25,7,5,0.2,35,0.2,414,10,0.1,1,0.378881330726877
25,7,5,0.2,35,0.2,414,10,0.1,1,0
25,7,5,0.2,35,0.2,414,10,0.1,1,8.24090498658188e-25
25,7,5,0.2,35,0.2,414,10,0.1,1,-1.47921296245364
25,7,5,0.2,35,0.2,414,10,0.1,1,-0.533363218915074
25,7,5,0.2,35,0.2,414,10,0.1,1,0.0122083580611162
25,7,5,0.2,35,0.2,414,10,0.1,1,0.156924632525883
25,7,5,0.2,35,0.2,414,10,0.1,1,1.42120643929705
25,7,5,0.2,35,0.2,414,10,0.1,1,0.0914312289472055
25,7,5,0.2,35,0.2,414,10,0.1,0,0
25,7,5,0.2,35,0.2,414,10,0.1,0,-0.105279087470139
25,7,5,0.2,35,0.2,414,10,0.1,0,7.12395258388712e-24
25,7,5,0.2,35,0.2,414,10,0.1,0,-0.00260424273913035
25,7,5,0.2,35,0.2,414,10,0.1,0,0.0767461934099719
25,7,5,0.2,35,0.2,414,10,0.1,0,-0.00193696809830058
25,7,5,0.2,35,0.2,414,10,0.1,0,0.0468904390382072
25,7,5,0.2,35,0.2,414,10,0.1,0,-0.00455965020363514
25,7,5,0.2,35,0.2,414,10,0.1,0,0.293396378547197
25,7,5,0.2,35,0.2,414,10,0.1,0,0.164550345536696
25,7,5,0.2,35,0.2,414,10,0.1,0,-0.0269319144640064
25,7,5,0.2,35,0.2,414,10,0.1,0,-0.372598047007371
25,7,5,0.2,35,0.2,414,10,0.1,0,0.0305955611474683
25,7,5,0.2,35,0.2,414,10,0.1,0,-0.00444301658512256
25,7,5,0.2,35,0.2,414,10,0.1,0,-0.0349921839796679
25,7,5,0.2,35,0.2,414,10,0.1,0,-0.101212922194652
25,7,5,0.2,35,0.2,414,10,0.1,0,0.121195724547101
25,7,5,0.2,35,0.2,414,10,0.1,0,0.0971641275305483
25,7,5,0.2,35,0.2,414,10,0.1,0,-0.0278947280908497
25,7,5,0.2,35,0.2,414,10,0.1,0,1.07184786746261
25,7,5,0.2,35,0.2,414,10,0.1,0,0
25,7,5,0.2,35,0.2,414,10,0.1,0,-0.41169692428724
25,7,5,0.2,35,0.2,414,10,0.1,0,-0.354463471104664
25,7,5,0.2,35,0.2,414,10,0.1,0,-0.0176914330788824
25,7,5,0.2,35,0.2,414,10,0.1,0,0.198685828877497
25,7,5,0.2,35,0.2,414,10,0.1,0,1.5692573922945
25,7,5,0.2,35,0.2,414,10,0.1,0,-0.0781199506843492
25,7,5,0.2,35,0.2,414,10,0.1,0,-0.167368439750449
25,7,5,0.2,35,0.2,414,10,0.1,0,-0.122145162802853
25,7,5,0.2,35,0.2,414,10,0.1,0,-0.0518246140265017
25,7,5,0.2,35,0.2,414,10,0.1,0,-0.0749869901823901
25,7,5,0.2,35,0.2,414,10,0.1,0,0.00383475892463305
25,7,5,0.2,35,0.2,414,10,0.1,0,1.2970442887514e-24
25,7,5,0.2,35,0.2,414,10,0.1,0,-0.0230480826146188
25,7,5,0.2,35,0.2,414,10,0.1,0,-0.0654964964147828
25,7,5,0.2,35,0.2,414,10,0.1,0,0.608582600957131
25,7,5,0.2,35,0.2,414,10,0.1,0,-0.223134710416073
25,7,5,0.2,35,0.2,414,10,0.1,0,-0.0262663096142678
25,7,5,0.2,35,0.2,414,10,0.1,0,0.0408940760802382
25,7,5,0.2,35,0.2,414,10,0.1,0,0.412581079063695
25,7,5,0.2,35,0.2,414,10,0.1,0,0.0613438984998566
25,7,5,0.2,35,0.2,414,10,0.1,0,-0.901321733274424
25,7,5,0.2,35,0.2,414,10,0.1,0,5.93690848313233e-24
25,7,5,0.2,35,0.2,414,10,0.1,0,0.0213519680484634
25,7,5,0.2,35,0.2,414,10,0.1,0,0
25,7,5,0.2,35,0.2,414,10,0.1,0,0
25,7,5,0.2,35,0.2,414,10,0.1,0,0
25,7,5,0.2,35,0.2,414,10,0.1,0,0.181783714096661
25,7,5,0.2,35,0.2,414,10,0.1,0,0.0149659623757965
25,7,5,0.2,35,0.2,414,10,0.1,0,0.00597129930172042
25,7,5,0.2,35,0.2,414,10,0.1,0,0
25,7,5,0.2,35,0.2,414,10,0.1,0,0.238304034917582
25,7,5,0.2,35,0.2,414,10,0.1,0,0
25,7,5,0.2,35,0.2,414,10,0.1,0,0
25,7,5,0.2,35,0.2,414,10,0.1,0,-0.259214494262244
25,7,5,0.2,35,0.2,414,10,0.1,0,-0.146034876776103
25,7,5,0.2,35,0.2,414,10,0.1,0,-0.0224440993304043
25,7,5,0.2,35,0.2,414,10,0.1,0,0
25,7,5,0.2,35,0.2,414,10,0.1,0,-0.0235973574743072
25,7,5,0.2,35,0.2,414,10,0.1,0,-0.0184052580428915
25,7,5,0.2,35,0.2,414,10,0.1,0,-0.109612353516959
25,7,5,0.2,35,0.2,414,10,0.1,0,0.00934830558922088
25,7,5,0.2,35,0.2,414,10,0.1,0,-0.0139735039284287
25,7,5,0.2,35,0.2,414,10,0.1,0,0
25,7,5,0.2,35,0.2,414,10,0.1,0,0.013507712945834
25,7,5,0.2,35,0.2,414,10,0.1,0,0.0569242359283047
25,7,5,0.2,35,0.2,414,10,0.1,0,0.0146004318612911
25,7,5,0.2,35,0.2,414,10,0.1,0,-0.544917301868087
25,7,5,0.2,35,0.2,414,10,0.1,0,-0.438525669740503
25,7,5,0.2,35,0.2,414,10,0.1,0,0.0988953133484498
25,7,5,0.2,35,0.2,414,10,0.1,0,0
25,7,5,0.2,35,0.2,414,10,0.1,0,0.0273560931366049
25,7,5,0.2,35,0.2,414,10,0.1,0,0.0622011732138745
25,7,5,0.2,35,0.2,414,10,0.1,0,0.070678351449276
25,7,5,0.2,35,0.2,414,10,0.1,0,-0.108228023227428
25,7,5,0.2,35,0.2,414,10,0.1,0,0.0166104491427247
25,7,5,0.2,35,0.2,414,10,0.1,0,-0.10706296110587
25,7,5,0.2,35,0.2,414,10,0.1,0,0.480402557538385
25,7,5,0.2,35,0.2,414,10,0.1,0,0.215406977278563
25,7,5,0.2,35,0.2,414,10,0.1,0,0.157622867051247
25,7,5,0.2,35,0.2,414,10,0.1,0,0
25,7,5,0.2,35,0.2,414,10,0.1,0,0.315152159576618
25,7,5,0.2,35,0.2,414,10,0.1,0,0.033699995432422
25,7,5,0.2,35,0.2,414,10,0.1,0,0
25,7,5,0.2,35,0.2,414,10,0.1,0,1.51810054270492e-24
25,7,5,0.2,35,0.2,414,10,0.1,0,-3.19191035535825e-24
25,7,5,0.2,35,0.2,414,10,0.1,0,0.1274104499631
25,7,5,0.2,35,0.2,414,10,0.1,0,0
25,7,5,0.2,35,0.2,414,10,0.1,0,0
25,7,5,0.2,35,0.2,414,10,0.1,0,0.331874683164967
25,7,5,0.2,35,0.2,414,10,0.1,0,0.00502295911971933
25,7,5,0.2,35,0.2,414,10,0.1,0,0
25,7,5,0.2,35,0.2,414,10,0.1,0,-0.206224772501539
25,7,5,0.2,35,0.2,414,10,0.1,0,0.0427923433309461
25,7,5,0.2,35,0.2,414,10,0.1,0,0.89649055126858
25,7,5,0.2,35,0.2,414,10,0.1,0,-0.00319739574677239
25,7,5,0.2,35,0.2,414,10,0.1,0,-0.138373700655406
25,7,5,0.2,35,0.2,414,10,0.1,0,-0.44261953394473
25,7,5,0.2,35,0.2,414,10,0.1,0,-2.79856178197355
25,7,5,0.2,35,0.2,414,10,0.1,0,-0.242149522470456
25,7,5,0.2,35,0.2,414,10,0.1,0,-0.00104931527721545
25,7,5,0.2,35,0.2,414,10,0.1,0,-0.199065736084617
25,7,5,0.2,35,0.2,414,10,0.1,0,0.0971310473211434
25,7,5,0.2,35,0.2,414,10,0.1,0,0
25,7,5,0.2,35,0.2,414,10,0.1,0,-0.0636559227584018
25,7,5,0.2,35,0.2,414,10,0.1,0,0.052529749880442
25,7,5,0.2,35,0.2,414,10,0.1,0,0
25,7,5,0.2,35,0.2,414,10,0.1,0,0
25,7,5,0.2,35,0.2,414,10,0.1,0,0.145367355093381
25,7,5,0.2,35,0.2,414,10,0.1,0,-0.0539284416254898
25,7,5,0.2,35,0.2,414,10,0.1,0,-0.0324914760678967
25,7,5,0.2,35,0.2,414,10,0.1,0,-0.0281749959438492
25,7,5,0.2,35,0.2,414,10,0.1,0,0.554584101858843
25,7,5,0.2,35,0.2,414,10,0.1,0,0
25,7,5,0.2,35,0.2,414,10,0.1,0,0
25,7,5,0.2,35,0.2,414,10,0.1,0,-0.109740601107319
25,7,5,0.2,35,0.2,414,10,0.1,0,0.043160804874535
25,7,5,0.2,35,0.2,414,10,0.1,0,-4.52605528028739
25,7,5,0.2,35,0.2,414,10,0.1,0,0.157362378755057
25,7,5,0.2,35,0.2,414,10,0.1,0,1.29518782418056e-24
25,7,5,0.2,35,0.2,414,10,0.1,0,1.09859167243429e-24
25,7,5,0.2,35,0.2,414,10,0.1,0,-0.00124138419201111
25,7,5,0.2,35,0.2,414,10,0.1,0,0.126841849011167
25,7,5,0.2,35,0.2,414,10,0.1,0,0.114891168671694
25,7,5,0.2,35,0.2,414,10,0.1,0,-0.0111939438648689
25,7,5,0.2,35,0.2,414,10,0.1,0,0.14081821892511
25,7,5,0.2,35,0.2,414,10,0.1,0,0.0488281940433578
25,7,5,0.2,35,0.2,414,10,0.1,0,0.196879385168869
25,7,5,0.2,35,0.2,414,10,0.1,0,-0.756146505291896
25,7,5,0.2,35,0.2,414,10,0.1,0,0.0323632891756464
25,7,5,0.2,35,0.2,414,10,0.1,0,0
25,7,5,0.2,35,0.2,414,10,0.1,0,0.675628108649426
25,7,5,0.2,35,0.2,414,10,0.1,0,0.153472119809125
25,7,5,0.2,35,0.2,414,10,0.1,0,0
25,7,5,0.2,35,0.2,414,10,0.1,0,-0.0846387072404622
25,7,5,0.2,35,0.2,414,10,0.1,0,0.268925635313473
25,7,5,0.2,35,0.2,414,10,0.1,0,-0.211283550799252
25,7,5,0.2,35,0.2,414,10,0.1,0,0.0176458128656718
25,7,5,0.2,35,0.2,414,10,0.1,0,1.23256804385828
25,7,5,0.2,35,0.2,414,10,0.1,0,0.0256044643493998
25,7,5,0.2,35,0.2,414,10,0.1,0,0
25,7,5,0.2,35,0.2,414,10,0.1,0,-0.310144991925461
25,7,5,0.2,35,0.2,414,10,0.1,0,0.110292134908713
25,7,5,0.2,35,0.2,414,10,0.1,0,0.305630312191416
25,7,5,0.2,35,0.2,414,10,0.1,0,0.0228016912354561
25,7,5,0.2,35,0.2,414,10,0.1,0,-0.0741170744546886
25,7,5,0.2,35,0.2,414,10,0.1,0,0.0470082641018635
25,7,5,0.2,35,0.2,414,10,0.1,0,0.00566210795428594
25,7,5,0.2,35,0.2,414,10,0.1,0,0.046793992969749
25,7,5,0.2,35,0.2,414,10,0.1,0,0.0810384230501031
25,7,5,0.2,35,0.2,414,10,0.1,0,0
25,7,5,0.2,35,0.2,414,10,0.1,0,0
25,7,5,0.2,35,0.2,414,10,0.1,0,0
25,7,5,0.2,35,0.2,414,10,0.1,0,0.0272311762764993
25,7,5,0.2,35,0.2,414,10,0.1,0,0
25,7,5,0.2,35,0.2,414,10,0.1,0,0.460821709867199
25,7,5,0.2,35,0.2,414,10,0.1,0,-0.000462654365785408
25,7,5,0.2,35,0.2,414,10,0.1,0,0.01514044842595
25,7,5,0.2,35,0.2,414,10,0.1,0,0.012737739250189
25,7,5,0.2,35,0.2,414,10,0.1,0,0.0369420492696433
25,7,5,0.2,35,0.2,414,10,0.1,0,-0.0743227774391059
25,7,5,0.2,35,0.2,414,10,0.1,0,-0.0609057941201421
25,7,5,0.2,35,0.2,414,10,0.1,0,2.31320214430705
25,7,5,0.2,35,0.2,414,10,0.1,0,0.00351504731422689
25,7,5,0.2,35,0.2,414,10,0.1,0,0.00488826602948175
25,7,5,0.2,35,0.2,414,10,0.1,0,0.214071638201535
25,7,5,0.2,35,0.2,414,10,0.1,0,-0.0228140632767344
25,7,5,0.2,35,0.2,414,10,0.1,0,0.0194273526655066
25,7,5,0.2,35,0.2,414,10,0.1,0,0
25,7,5,0.2,35,0.2,414,10,0.1,0,0
25,7,5,0.2,35,0.2,414,10,0.1,0,0.060244475042034
25,7,5,0.2,35,0.2,414,10,0.1,0,0.104299139760828
25,7,5,0.2,35,0.2,414,10,0.1,0,0.156935970364194
25,7,5,0.2,35,0.2,414,10,0.1,0,0.409839090500336
25,7,5,0.2,35,0.2,414,10,0.1,0,-0.110280395646345
25,7,5,0.2,35,0.2,414,10,0.1,0,-1.03460731758217
25,7,5,0.2,35,0.2,414,10,0.1,0,0.0257212341709183
25,7,5,0.2,35,0.2,414,10,0.1,0,-0.71979393598576
25,7,5,0.2,35,0.2,414,10,0.1,0,0
25,7,5,0.2,35,0.2,414,10,0.1,0,-0.0733477313119022
25,7,5,0.2,35,0.2,414,10,0.1,0,-0.490750861760653
25,7,5,0.2,35,0.2,414,10,0.1,0,-0.461838196203785
25,7,5,0.2,35,0.2,414,10,0.1,0,0
25,7,5,0.2,35,0.2,414,10,0.1,0,-0.0831185830234699
25,7,5,0.2,35,0.2,414,10,0.1,0,0
25,7,5,0.2,35,0.2,414,10,0.1,0,0.00593886030986524
25,7,5,0.2,35,0.2,414,10,0.1,0,-0.0120863509262777
25,7,5,0.2,35,0.2,414,10,0.1,0,0.00973312710132315
25,7,5,0.2,35,0.2,414,10,0.1,0,0
25,7,5,0.2,35,0.2,414,10,0.1,0,-3.37341755579132e-24
25,7,5,0.2,35,0.2,414,10,0.1,0,0
25,7,5,0.2,35,0.2,414,10,0.1,0,0.00556860274282363
25,7,5,0.2,35,0.2,414,10,0.1,0,0.0626066678726448
25,7,5,0.2,35,0.2,414,10,0.1,0,0
25,7,5,0.2,35,0.2,414,10,0.1,0,-0.349597158091769
25,7,5,0.2,35,0.2,414,10,0.1,0,-0.294628320742153
25,7,5,0.2,35,0.2,414,10,0.1,0,0.0104829952647936
25,7,5,0.2,35,0.2,414,10,0.1,0,2.17027130645418
25,7,5,0.2,35,0.2,414,10,0.1,0,0.0669784502145647
25,7,5,0.2,35,0.2,414,10,0.1,0,0.531684478242224
25,7,5,0.2,35,0.2,414,10,0.1,0,0.0386893517594408
25,7,5,0.2,35,0.2,414,10,0.1,0,-0.015093336662233
25,7,5,0.2,35,0.2,414,10,0.1,0,0.661096324443744
25,7,5,0.2,35,0.2,414,10,0.1,0,-0.178675217754616
25,7,5,0.2,35,0.2,414,10,0.1,0,0
25,7,5,0.2,35,0.2,414,10,0.1,0,-0.086207219389836
25,7,5,0.2,35,0.2,414,10,0.1,0,0.0260121872746168
25,7,5,0.2,35,0.2,414,10,0.1,0,3.02179620453908e-24
25,7,5,0.2,35,0.2,414,10,0.1,0,0
25,7,5,0.2,35,0.2,414,10,0.1,0,-0.0257147414373518
25,7,5,0.2,35,0.2,414,10,0.1,0,0.0317247780399227
25,7,5,0.2,35,0.2,414,10,0.1,0,-0.114165831272342
25,7,5,0.2,35,0.2,414,10,0.1,0,0.0328385408672539
25,7,5,0.2,35,0.2,414,10,0.1,0,-0.0887508871645772
25,7,5,0.2,35,0.2,414,10,0.1,0,-0.0553379235796116
25,7,5,0.2,35,0.2,414,10,0.1,0,0.545940252363112
25,7,5,0.2,35,0.2,414,10,0.1,0,-0.0966021397414696
25,7,5,0.2,35,0.2,414,10,0.1,0,1.23913568710342
25,7,5,0.2,35,0.2,414,10,0.1,0,0.0581429784082816
25,7,5,0.2,35,0.2,414,10,0.1,0,0
25,7,5,0.2,35,0.2,414,10,0.1,0,0.0430788439555111
25,7,5,0.2,35,0.2,414,10,0.1,0,-0.433845902699445
25,7,5,0.2,35,0.2,414,10,0.1,0,0.19146382687156
25,7,5,0.2,35,0.2,414,10,0.1,0,0.00552996827953767
25,7,5,0.2,35,0.2,414,10,0.1,0,0
25,7,5,0.2,35,0.2,414,10,0.1,0,-2.10283206035444e-24
25,7,5,0.2,35,0.2,414,10,0.1,0,0.0305774654913891
25,7,5,0.2,35,0.2,414,10,0.1,0,-0.0528381584700219
25,7,5,0.2,35,0.2,414,10,0.1,0,-0.196572393006682
25,7,5,0.2,35,0.2,414,10,0.1,0,-0.0579584922243704
25,7,5,0.2,35,0.2,414,10,0.1,0,0.0264571640962734
25,7,5,0.2,35,0.2,414,10,0.1,0,0.355548158107971
25,7,5,0.2,35,0.2,414,10,0.1,0,-0.0797913804597511
25,7,5,0.2,35,0.2,414,10,0.1,0,0.882224375750677
25,7,5,0.2,35,0.2,414,10,0.1,0,0
25,7,5,0.2,35,0.2,414,10,0.1,0,-0.124973860088944
25,7,5,0.2,35,0.2,414,10,0.1,0,0.0567449870966388
25,7,5,0.2,35,0.2,414,10,0.1,0,-0.198332932339663
25,7,5,0.2,35,0.2,414,10,0.1,0,0.0777438665020396
25,7,5,0.2,35,0.2,414,10,0.1,0,-0.380865686894461
25,7,5,0.2,35,0.2,414,10,0.1,0,0.217331515588648
25,7,5,0.2,35,0.2,414,10,0.1,0,0.20135284368647
25,7,5,0.2,35,0.2,414,10,0.1,0,-3.79694887097199
25,7,5,0.2,35,0.2,414,10,0.1,0,-0.136189765085486
25,7,5,0.2,35,0.2,414,10,0.1,0,-0.0289802500566487
25,7,5,0.2,35,0.2,414,10,0.1,0,0
25,7,5,0.2,35,0.2,414,10,0.1,0,1.79628035049054
25,7,5,0.2,35,0.2,414,10,0.1,0,0.00781007046105224
25,7,5,0.2,35,0.2,414,10,0.1,0,0
25,7,5,0.2,35,0.2,414,10,0.1,0,0.656108625742934
25,7,5,0.2,35,0.2,414,10,0.1,0,-0.809514761056806
25,7,5,0.2,35,0.2,414,10,0.1,0,-0.00132013980912034
25,7,5,0.2,35,0.2,414,10,0.1,0,0.472400750245324
25,7,5,0.2,35,0.2,414,10,0.1,0,0.18269438532055
25,7,5,0.2,35,0.2,414,10,0.1,0,-0.0288991625496986
25,7,5,0.2,35,0.2,414,10,0.1,0,0
25,7,5,0.2,35,0.2,414,10,0.1,0,-0.208300772096441
25,7,5,0.2,35,0.2,414,10,0.1,0,-0.000616292542384267
25,7,5,0.2,35,0.2,414,10,0.1,0,0.00610847419142832
25,7,5,0.2,35,0.2,414,10,0.1,0,0.035784076782088
25,7,5,0.2,35,0.2,414,10,0.1,0,0.0133265081946485
25,7,5,0.2,35,0.2,414,10,0.1,0,0.420514116676704
25,7,5,0.2,35,0.2,414,10,0.1,0,0.03527597169071
25,7,5,0.2,35,0.2,414,10,0.1,0,0
25,7,5,0.2,35,0.2,414,10,0.1,0,-0.014380972695737
25,7,5,0.2,35,0.2,414,10,0.1,0,0.285930682535156
25,7,5,0.2,35,0.2,414,10,0.1,0,0
25,7,5,0.2,35,0.2,414,10,0.1,0,-0.0165655519864877
25,7,5,0.2,35,0.2,414,10,0.1,0,-0.189044029758504
25,7,5,0.2,35,0.2,414,10,0.1,0,-1.17473416242512
25,7,5,0.2,35,0.2,414,10,0.1,0,-0.0801638052552095
25,7,5,0.2,35,0.2,414,10,0.1,0,-0.45089534316978
25,7,5,0.2,35,0.2,414,10,0.1,0,0.0152099036317701
25,7,5,0.2,35,0.2,414,10,0.1,0,0.0278017609194973
25,7,5,0.2,35,0.2,414,10,0.1,0,0
25,7,5,0.2,35,0.2,414,10,0.1,0,-0.0430388649567153
25,7,5,0.2,35,0.2,414,10,0.1,0,0
25,7,5,0.2,35,0.2,414,10,0.1,0,0
25,7,5,0.2,35,0.2,414,10,0.1,0,-0.00439363850453212
25,7,5,0.2,35,0.2,414,10,0.1,0,0.0116028495617609
25,7,5,0.2,35,0.2,414,10,0.1,0,-0.00282571447702527
25,7,5,0.2,35,0.2,414,10,0.1,0,-0.0166097167516213
25,7,5,0.2,35,0.2,414,10,0.1,0,0.363076102428277
25,7,5,0.2,35,0.2,414,10,0.1,0,-0.146440207849634
25,7,5,0.2,35,0.2,414,10,0.1,0,-0.0286219852003089
25,7,5,0.2,35,0.2,414,10,0.1,0,0.366788971453688
25,7,5,0.2,35,0.2,414,10,0.1,0,2.99896696532806
25,7,5,0.2,35,0.2,414,10,0.1,0,-0.0329930144425016
25,7,5,0.2,35,0.2,414,10,0.1,0,0.00905307681560761
25,7,5,0.2,35,0.2,414,10,0.1,0,-0.0240908377070398
25,7,5,0.2,35,0.2,414,10,0.1,0,0.2400576043423
25,7,5,0.2,35,0.2,414,10,0.1,0,-0.79524108081809
25,7,5,0.2,35,0.2,414,10,0.1,0,0
25,7,5,0.2,35,0.2,414,10,0.1,0,0
25,7,5,0.2,35,0.2,414,10,0.1,0,0.123956874900035
25,7,5,0.2,35,0.2,414,10,0.1,0,-0.169918143287946
25,7,5,0.2,35,0.2,414,10,0.1,0,-0.0608823471588849
25,7,5,0.2,35,0.2,414,10,0.1,0,-0.0620615178614738
25,7,5,0.2,35,0.2,414,10,0.1,0,-0.433529061432215
25,7,5,0.2,35,0.2,414,10,0.1,0,0.185184500087045
25,7,5,0.2,35,0.2,414,10,0.1,0,-0.0368500858036685
25,7,5,0.2,35,0.2,414,10,0.1,0,0.0425398785244706
25,7,5,0.2,35,0.2,414,10,0.1,0,0.921020010598913
25,7,5,0.2,35,0.2,414,10,0.1,0,0
25,7,5,0.2,35,0.2,414,10,0.1,0,1.25827142578895
25,7,5,0.2,35,0.2,414,10,0.1,0,-0.156776392783191
25,7,5,0.2,35,0.2,414,10,0.1,0,-0.0750710195911087
25,7,5,0.2,35,0.2,414,10,0.1,0,-0.0361299034548497
25,7,5,0.2,35,0.2,414,10,0.1,0,0.393584457007986
25,7,5,0.2,35,0.2,414,10,0.1,0,0.113263785469855
25,7,5,0.2,35,0.2,414,10,0.1,0,0.0456427190490768
25,7,5,0.2,35,0.2,414,10,0.1,0,0
25,7,5,0.2,35,0.2,414,10,0.1,0,0.112053865509538
25,7,5,0.2,35,0.2,414,10,0.1,0,0.15683163900298
25,7,5,0.2,35,0.2,414,10,0.1,0,0.241707476460946
25,7,5,0.2,35,0.2,414,10,0.1,0,0.570459402718203
25,7,5,0.2,35,0.2,414,10,0.1,0,0
25,7,5,0.2,35,0.2,414,10,0.1,0,1.55338078188971
25,7,5,0.2,35,0.2,414,10,0.1,0,0.055220256623504
25,7,5,0.2,35,0.2,414,10,0.1,0,0
25,7,5,0.2,35,0.2,414,10,0.1,0,0.996469367828523
25,7,5,0.2,35,0.2,414,10,0.1,0,4.30978679978303e-24
25,7,5,0.2,35,0.2,414,10,0.1,0,0
25,7,5,0.2,35,0.2,414,10,0.1,0,0
25,7,5,0.2,35,0.2,414,10,0.1,0,-0.312015267669352
25,7,5,0.2,35,0.2,414,10,0.1,0,0.0287057593673091
25,7,5,0.2,35,0.2,414,10,0.1,0,0
25,7,5,0.2,35,0.2,414,10,0.1,0,-0.138621267978326
25,7,5,0.2,35,0.2,414,10,0.1,0,-0.551965518945487
25,7,5,0.2,35,0.2,414,10,0.1,0,-0.0663668272883294
25,7,5,0.2,35,0.2,414,10,0.1,0,-0.00435134162668579
25,7,5,0.2,35,0.2,414,10,0.1,0,0.00028049765346904
25,7,5,0.2,35,0.2,414,10,0.1,0,-0.0491156707855448
25,7,5,0.2,35,0.2,414,10,0.1,0,0.0110903393477539
25,7,5,0.2,35,0.2,414,10,0.1,0,0.216940565778354
25,7,5,0.2,35,0.2,414,10,0.1,0,-0.0096921606340047
25,7,5,0.2,35,0.2,414,10,0.1,0,0.428516763396228
25,7,5,0.2,35,0.2,414,10,0.1,0,0.0374312697148297
25,7,5,0.2,35,0.2,414,10,0.1,0,0.0509688455024258
25,7,5,0.2,35,0.2,414,10,0.1,0,0
25,7,5,0.2,35,0.2,414,10,0.1,0,-0.0802916534257892
25,7,5,0.2,35,0.2,414,10,0.1,0,0.0467870432028388
25,7,5,0.2,35,0.2,414,10,0.1,0,0.21775794508362
25,7,5,0.2,35,0.2,414,10,0.1,0,0
25,7,5,0.2,35,0.2,414,10,0.1,0,0
25,7,5,0.2,35,0.2,414,10,0.1,0,-0.62891867435516
25,7,5,0.2,35,0.2,414,10,0.1,0,0
25,7,5,0.2,35,0.2,414,10,0.1,0,-0.0248016661661306
25,7,5,0.2,35,0.2,414,10,0.1,0,-0.00958242169709167
25,7,5,0.2,35,0.2,414,10,0.1,0,0
25,7,5,0.2,35,0.2,414,10,0.1,0,0
25,7,5,0.2,35,0.2,414,10,0.1,0,0.364625426075669
25,7,5,0.2,35,0.2,414,10,0.1,0,0.51811271133887
25,7,5,0.2,35,0.2,414,10,0.1,0,-0.228434697650869
25,7,5,0.2,35,0.2,414,10,0.1,0,-0.00916194124557477
25,7,5,0.2,35,0.2,414,10,0.1,0,0
25,7,5,0.2,35,0.2,414,10,0.1,0,-0.349244981920136
25,7,5,0.2,35,0.2,414,10,0.1,0,0.177241917657732
25,7,5,0.2,35,0.2,414,10,0.1,0,-5.78633813382962e-24
25,7,5,0.2,35,0.2,414,10,0.1,0,0.34785290937815
25,7,5,0.2,35,0.2,414,10,0.1,0,0.0194174209913116
25,7,5,0.2,35,0.2,414,10,0.1,0,-0.0310918469413387
25,7,5,0.2,35,0.2,414,10,0.1,0,0.0771450165170899
25,7,5,0.2,35,0.2,414,10,0.1,0,-0.344264677900731
25,7,5,0.2,35,0.2,414,10,0.1,0,0.0120474416070387
25,7,5,0.2,35,0.2,414,10,0.1,0,0
25,7,5,0.2,35,0.2,414,10,0.1,0,0
25,7,5,0.2,35,0.2,414,10,0.1,0,0.178962876819592
25,7,5,0.2,35,0.2,414,10,0.1,0,-0.15048313526466
25,7,5,0.2,35,0.2,414,10,0.1,0,-0.00777675641924407
25,7,5,0.2,35,0.2,414,10,0.1,0,0.134612889524084
25,7,5,0.2,35,0.2,414,10,0.1,0,0.0246323015612403
25,7,5,0.2,35,0.2,414,10,0.1,0,0.598595367715099
25,7,5,0.2,35,0.2,414,10,0.1,0,-0.0115562367932612
25,7,5,0.2,35,0.2,414,10,0.1,0,-0.0669401619303579
25,7,5,0.2,35,0.2,414,10,0.1,0,0.0593960459690728
25,7,5,0.2,35,0.2,414,10,0.1,0,-0.0136993772610438
25,7,5,0.2,35,0.2,414,10,0.1,0,-0.0761581122654677
25,7,5,0.2,35,0.2,414,10,0.1,0,0
25,7,5,0.2,35,0.2,414,10,0.1,0,0.0771560545111328
25,7,5,0.2,35,0.2,414,10,0.1,0,0.00134029626801987
25,7,5,0.2,35,0.2,414,10,0.1,0,0
25,7,5,0.2,35,0.2,414,10,0.1,0,-0.0667277866389642
25,7,5,0.2,35,0.2,414,10,0.1,0,0.0351085279419453
25,7,5,0.2,35,0.2,414,10,0.1,0,0.418315567195392
25,7,5,0.2,35,0.2,414,10,0.1,0,0.445590474639514
25,7,5,0.2,35,0.2,414,10,0.1,0,-0.252435919318669
25,7,5,0.2,35,0.2,414,10,0.1,0,0.192686107132682
25,7,5,0.2,35,0.2,414,10,0.1,0,0.48314230300891
25,7,5,0.2,35,0.2,414,10,0.1,0,-0.122262676538904
25,7,5,0.2,35,0.2,414,10,0.1,0,2.56720125089281e-25
25,7,5,0.2,35,0.2,414,10,0.1,0,0
25,7,5,0.2,35,0.2,414,10,0.1,0,0.0112261374929868
25,7,5,0.2,35,0.2,414,10,0.1,0,0
25,7,5,0.2,35,0.2,414,10,0.1,0,-0.200585251386742
25,7,5,0.2,35,0.2,414,10,0.1,0,0.0852050957303331
25,7,5,0.2,35,0.2,414,10,0.1,0,-1.54593997328505
25,7,5,0.2,35,0.2,414,10,0.1,0,-0.045543305857322
25,7,5,0.2,35,0.2,414,10,0.1,0,0
25,7,5,0.2,35,0.2,414,10,0.1,0,-0.00221983634914143
25,7,5,0.2,35,0.2,414,10,0.1,0,-0.0598534987791937
25,7,5,0.2,35,0.2,414,10,0.1,0,-0.13517754434998
25,7,5,0.2,35,0.2,414,10,0.1,0,-0.0328954473928914
25,7,5,0.2,35,0.2,414,10,0.1,0,0.0371759015375452
25,7,5,0.2,35,0.2,414,10,0.1,0,0.124331947568738
25,7,5,0.2,35,0.2,414,10,0.1,0,-0.636533342913468
25,7,5,0.2,35,0.2,414,10,0.1,0,0.370029833281983
25,7,5,0.2,35,0.2,414,10,0.1,0,0
25,7,5,0.2,35,0.2,414,10,0.1,0,0.157984283951784
25,7,5,0.2,35,0.2,414,10,0.1,0,0.824655869948753
25,7,5,0.2,35,0.2,414,10,0.1,0,0
25,7,5,0.2,35,0.2,414,10,0.1,0,-0.00145652460493917
25,7,5,0.2,35,0.2,414,10,0.1,0,-0.0224990215911612
25,7,5,0.2,35,0.2,414,10,0.1,0,0
25,7,6,0.2,31,0.2,414,10,0.1,1,1.40150013027565e-27
25,7,6,0.2,31,0.2,414,10,0.1,1,0
25,7,6,0.2,31,0.2,414,10,0.1,1,-0.253461467893068
25,7,6,0.2,31,0.2,414,10,0.1,1,-0.2312246372111
25,7,6,0.2,31,0.2,414,10,0.1,1,1.26899760477643e-16
25,7,6,0.2,31,0.2,414,10,0.1,1,-0.150477537822796
25,7,6,0.2,31,0.2,414,10,0.1,1,8.9515368658443e-17
25,7,6,0.2,31,0.2,414,10,0.1,1,0
25,7,6,0.2,31,0.2,414,10,0.1,1,-8.93060765093271e-27
25,7,6,0.2,31,0.2,414,10,0.1,1,1.02826848941161e-16
25,7,6,0.2,31,0.2,414,10,0.1,1,0.0562201773300555
25,7,6,0.2,31,0.2,414,10,0.1,1,0
25,7,6,0.2,31,0.2,414,10,0.1,1,-8.24056200734931e-16
25,7,6,0.2,31,0.2,414,10,0.1,1,0.951981060740425
25,7,6,0.2,31,0.2,414,10,0.1,1,0.0689606221970835
25,7,6,0.2,31,0.2,414,10,0.1,1,-0.174879899700141
25,7,6,0.2,31,0.2,414,10,0.1,1,0
25,7,6,0.2,31,0.2,414,10,0.1,1,0.32423321584002
25,7,6,0.2,31,0.2,414,10,0.1,1,0.882735871670608
25,7,6,0.2,31,0.2,414,10,0.1,1,3.04101231523163
25,7,6,0.2,31,0.2,414,10,0.1,1,0.228760655982844
25,7,6,0.2,31,0.2,414,10,0.1,1,-3.53993588143781e-26
25,7,6,0.2,31,0.2,414,10,0.1,1,0.872069451637544
25,7,6,0.2,31,0.2,414,10,0.1,1,-0.0159085250735843
25,7,6,0.2,31,0.2,414,10,0.1,1,-0.961240586913311
25,7,6,0.2,31,0.2,414,10,0.1,1,5.5760836066025e-16
25,7,6,0.2,31,0.2,414,10,0.1,1,1.49614024642314
25,7,6,0.2,31,0.2,414,10,0.1,1,-0.128070087186994
25,7,6,0.2,31,0.2,414,10,0.1,1,0.346046962171106
25,7,6,0.2,31,0.2,414,10,0.1,1,0.216964004574639
25,7,6,0.2,31,0.2,414,10,0.1,1,-1.51451584906157e-26
25,7,6,0.2,31,0.2,414,10,0.1,0,-0.0722173470276668
25,7,6,0.2,31,0.2,414,10,0.1,0,0.0907238132415406
25,7,6,0.2,31,0.2,414,10,0.1,0,1.533569701643e-16
25,7,6,0.2,31,0.2,414,10,0.1,0,0.158955520410421
25,7,6,0.2,31,0.2,414,10,0.1,0,0.0652142343774274
25,7,6,0.2,31,0.2,414,10,0.1,0,-0.00231049696345853
25,7,6,0.2,31,0.2,414,10,0.1,0,0.0620791308777645
25,7,6,0.2,31,0.2,414,10,0.1,0,-6.0362055628593e-17
25,7,6,0.2,31,0.2,414,10,0.1,0,-1.05149415429116
25,7,6,0.2,31,0.2,414,10,0.1,0,0.100467943138297
25,7,6,0.2,31,0.2,414,10,0.1,0,0.137638627447685
25,7,6,0.2,31,0.2,414,10,0.1,0,0.0756221349517942
25,7,6,0.2,31,0.2,414,10,0.1,0,0.0270414187659736
25,7,6,0.2,31,0.2,414,10,0.1,0,-0.0121179061575882
25,7,6,0.2,31,0.2,414,10,0.1,0,5.33150265156571e-16
25,7,6,0.2,31,0.2,414,10,0.1,0,-0.31537459407163
25,7,6,0.2,31,0.2,414,10,0.1,0,0.145023242713044
25,7,6,0.2,31,0.2,414,10,0.1,0,1.68199192846332e-16
25,7,6,0.2,31,0.2,414,10,0.1,0,0.00422010671083764
25,7,6,0.2,31,0.2,414,10,0.1,0,-1.23641389935997
25,7,6,0.2,31,0.2,414,10,0.1,0,-1.01022115195306
25,7,6,0.2,31,0.2,414,10,0.1,0,0.0371687920408164
25,7,6,0.2,31,0.2,414,10,0.1,0,-0.00858182893771356
25,7,6,0.2,31,0.2,414,10,0.1,0,-0.00398786968699618
25,7,6,0.2,31,0.2,414,10,0.1,0,0.69777902854954
25,7,6,0.2,31,0.2,414,10,0.1,0,0.190223788306679
25,7,6,0.2,31,0.2,414,10,0.1,0,-0.467216781849542
25,7,6,0.2,31,0.2,414,10,0.1,0,-0.143237762071654
25,7,6,0.2,31,0.2,414,10,0.1,0,0.0989274817157116
25,7,6,0.2,31,0.2,414,10,0.1,0,0
25,7,6,0.2,31,0.2,414,10,0.1,0,0.00196752878474658
25,7,6,0.2,31,0.2,414,10,0.1,0,0.163243759146423
25,7,6,0.2,31,0.2,414,10,0.1,0,0.132802033119899
25,7,6,0.2,31,0.2,414,10,0.1,0,0.0426514970567931
25,7,6,0.2,31,0.2,414,10,0.1,0,3.26317695996366e-17
25,7,6,0.2,31,0.2,414,10,0.1,0,-0.0706263048483821
25,7,6,0.2,31,0.2,414,10,0.1,0,0.613704690095748
25,7,6,0.2,31,0.2,414,10,0.1,0,-0.625706586113979
25,7,6,0.2,31,0.2,414,10,0.1,0,0.152010644634599
25,7,6,0.2,31,0.2,414,10,0.1,0,-0.466940275081244
25,7,6,0.2,31,0.2,414,10,0.1,0,0.152405317545712
25,7,6,0.2,31,0.2,414,10,0.1,0,-0.177587210915337
25,7,6,0.2,31,0.2,414,10,0.1,0,0
25,7,6,0.2,31,0.2,414,10,0.1,0,-0.0380933090505708
25,7,6,0.2,31,0.2,414,10,0.1,0,-0.151354529928894
25,7,6,0.2,31,0.2,414,10,0.1,0,-0.172125969763817
25,7,6,0.2,31,0.2,414,10,0.1,0,6.91432337843853e-17
25,7,6,0.2,31,0.2,414,10,0.1,0,0.0928975297103345
25,7,6,0.2,31,0.2,414,10,0.1,0,0.145157227813043
25,7,6,0.2,31,0.2,414,10,0.1,0,-0.19002129627526
25,7,6,0.2,31,0.2,414,10,0.1,0,0.081686848247153
25,7,6,0.2,31,0.2,414,10,0.1,0,-0.0083250439525813
25,7,6,0.2,31,0.2,414,10,0.1,0,0.134388971929584
25,7,6,0.2,31,0.2,414,10,0.1,0,0.0490803710439225
25,7,6,0.2,31,0.2,414,10,0.1,0,1.9750851386397e-17
25,7,6,0.2,31,0.2,414,10,0.1,0,1.22086762100176e-17
25,7,6,0.2,31,0.2,414,10,0.1,0,0.129245564349813
25,7,6,0.2,31,0.2,414,10,0.1,0,2.02344633993233
25,7,6,0.2,31,0.2,414,10,0.1,0,0.076905139722844
25,7,6,0.2,31,0.2,414,10,0.1,0,-0.0042181992453811
25,7,6,0.2,31,0.2,414,10,0.1,0,-0.0364390497456701
25,7,6,0.2,31,0.2,414,10,0.1,0,-0.0845534177277101
25,7,6,0.2,31,0.2,414,10,0.1,0,-0.0270334970624321
25,7,6,0.2,31,0.2,414,10,0.1,0,0
25,7,6,0.2,31,0.2,414,10,0.1,0,0.0166162908811219
25,7,6,0.2,31,0.2,414,10,0.1,0,-0.197213318075014
25,7,6,0.2,31,0.2,414,10,0.1,0,0.275964396946653
25,7,6,0.2,31,0.2,414,10,0.1,0,0.0285755131813524
25,7,6,0.2,31,0.2,414,10,0.1,0,-0.0197935392798141
25,7,6,0.2,31,0.2,414,10,0.1,0,-1.8694037855142
25,7,6,0.2,31,0.2,414,10,0.1,0,0.0241099066835651
25,7,6,0.2,31,0.2,414,10,0.1,0,1.21507582343983e-16
25,7,6,0.2,31,0.2,414,10,0.1,0,7.78393572909845e-18
25,7,6,0.2,31,0.2,414,10,0.1,0,-6.58089868945927e-16
25,7,6,0.2,31,0.2,414,10,0.1,0,0.0451963507473733
25,7,6,0.2,31,0.2,414,10,0.1,0,-2.56758134537098e-16
25,7,6,0.2,31,0.2,414,10,0.1,0,-0.0352368544872595
25,7,6,0.2,31,0.2,414,10,0.1,0,-0.123469372253553
25,7,6,0.2,31,0.2,414,10,0.1,0,-4.1970423156691e-18
25,7,6,0.2,31,0.2,414,10,0.1,0,-0.00751778204193177
25,7,6,0.2,31,0.2,414,10,0.1,0,-0.39561703139098
25,7,6,0.2,31,0.2,414,10,0.1,0,0.525553517556289
25,7,6,0.2,31,0.2,414,10,0.1,0,0.0361753414816548
25,7,6,0.2,31,0.2,414,10,0.1,0,3.35888193022172e-17
25,7,6,0.2,31,0.2,414,10,0.1,0,7.3523870519594e-28
25,7,6,0.2,31,0.2,414,10,0.1,0,0.0266519158933293
25,7,6,0.2,31,0.2,414,10,0.1,0,0.209315961858402
25,7,6,0.2,31,0.2,414,10,0.1,0,1.24181889892209
25,7,6,0.2,31,0.2,414,10,0.1,0,0.00554026974046974
25,7,6,0.2,31,0.2,414,10,0.1,0,0
25,7,6,0.2,31,0.2,414,10,0.1,0,0.00214991401714152
25,7,6,0.2,31,0.2,414,10,0.1,0,0.0104600462069427
25,7,6,0.2,31,0.2,414,10,0.1,0,0.017146192213895
25,7,6,0.2,31,0.2,414,10,0.1,0,0.0281678706864097
25,7,6,0.2,31,0.2,414,10,0.1,0,-0.00888939676183798
25,7,6,0.2,31,0.2,414,10,0.1,0,-0.0222086449566679
25,7,6,0.2,31,0.2,414,10,0.1,0,-0.0185514592357975
25,7,6,0.2,31,0.2,414,10,0.1,0,-7.2970962626122e-18
25,7,6,0.2,31,0.2,414,10,0.1,0,0.00441754369884634
25,7,6,0.2,31,0.2,414,10,0.1,0,1.16498305684818
25,7,6,0.2,31,0.2,414,10,0.1,0,-0.0255291482130456
25,7,6,0.2,31,0.2,414,10,0.1,0,-0.127897358583472
25,7,6,0.2,31,0.2,414,10,0.1,0,0.00567494987950632
25,7,6,0.2,31,0.2,414,10,0.1,0,-0.0049343831935726
25,7,6,0.2,31,0.2,414,10,0.1,0,1.0557174735243
25,7,6,0.2,31,0.2,414,10,0.1,0,0
25,7,6,0.2,31,0.2,414,10,0.1,0,-0.0694984032304973
25,7,6,0.2,31,0.2,414,10,0.1,0,0.0638617752744597
25,7,6,0.2,31,0.2,414,10,0.1,0,0.0304049562744631
25,7,6,0.2,31,0.2,414,10,0.1,0,-0.0221423924441483
25,7,6,0.2,31,0.2,414,10,0.1,0,0.1913894379764
25,7,6,0.2,31,0.2,414,10,0.1,0,0.15751781731292
25,7,6,0.2,31,0.2,414,10,0.1,0,0.735388376045656
25,7,6,0.2,31,0.2,414,10,0.1,0,0.0294398180047691
25,7,6,0.2,31,0.2,414,10,0.1,0,0.0959069044380211
25,7,6,0.2,31,0.2,414,10,0.1,0,-0.0188128016642378
25,7,6,0.2,31,0.2,414,10,0.1,0,0.0329914457230899
25,7,6,0.2,31,0.2,414,10,0.1,0,0.0492391819695907
25,7,6,0.2,31,0.2,414,10,0.1,0,-6.82945785821542e-27
25,7,6,0.2,31,0.2,414,10,0.1,0,0.170781079336045
25,7,6,0.2,31,0.2,414,10,0.1,0,-0.213215202081705
25,7,6,0.2,31,0.2,414,10,0.1,0,0.00929118680863699
25,7,6,0.2,31,0.2,414,10,0.1,0,-4.65789289819711e-18
25,7,6,0.2,31,0.2,414,10,0.1,0,-0.0913960715855887
25,7,6,0.2,31,0.2,414,10,0.1,0,-0.0624244380659136
25,7,6,0.2,31,0.2,414,10,0.1,0,0
25,7,6,0.2,31,0.2,414,10,0.1,0,-0.018496152145765
25,7,6,0.2,31,0.2,414,10,0.1,0,1.60705332821628e-16
25,7,6,0.2,31,0.2,414,10,0.1,0,0.346999770554501
25,7,6,0.2,31,0.2,414,10,0.1,0,0.0855601866555034
25,7,6,0.2,31,0.2,414,10,0.1,0,0.0870223007386181
25,7,6,0.2,31,0.2,414,10,0.1,0,-0.0341147632149307
25,7,6,0.2,31,0.2,414,10,0.1,0,2.55320613311243e-16
25,7,6,0.2,31,0.2,414,10,0.1,0,0.677736800474266
25,7,6,0.2,31,0.2,414,10,0.1,0,0.084451297756809
25,7,6,0.2,31,0.2,414,10,0.1,0,-0.0213094392510561
25,7,6,0.2,31,0.2,414,10,0.1,0,0
25,7,6,0.2,31,0.2,414,10,0.1,0,0.107586379247704
25,7,6,0.2,31,0.2,414,10,0.1,0,1.68988106673594
25,7,6,0.2,31,0.2,414,10,0.1,0,0
25,7,6,0.2,31,0.2,414,10,0.1,0,0.270178243556967
25,7,6,0.2,31,0.2,414,10,0.1,0,1.51514280982788e-16
25,7,6,0.2,31,0.2,414,10,0.1,0,4.47548834438242e-17
25,7,6,0.2,31,0.2,414,10,0.1,0,0
25,7,6,0.2,31,0.2,414,10,0.1,0,-0.061354708774011
25,7,6,0.2,31,0.2,414,10,0.1,0,-0.711287109239604
25,7,6,0.2,31,0.2,414,10,0.1,0,-0.0191482932139639
25,7,6,0.2,31,0.2,414,10,0.1,0,2.3255083015063e-18
25,7,6,0.2,31,0.2,414,10,0.1,0,-4.74811479971912e-17
25,7,6,0.2,31,0.2,414,10,0.1,0,0.352382765692372
25,7,6,0.2,31,0.2,414,10,0.1,0,-0.0668214257169097
25,7,6,0.2,31,0.2,414,10,0.1,0,9.37009152999973e-18
25,7,6,0.2,31,0.2,414,10,0.1,0,0.0370320255434965
25,7,6,0.2,31,0.2,414,10,0.1,0,-0.00334323795792527
25,7,6,0.2,31,0.2,414,10,0.1,0,0.0176169613459993
25,7,6,0.2,31,0.2,414,10,0.1,0,-2.0520528096197
25,7,6,0.2,31,0.2,414,10,0.1,0,0.0298693946088868
25,7,6,0.2,31,0.2,414,10,0.1,0,0.215566995063207
25,7,6,0.2,31,0.2,414,10,0.1,0,0
25,7,6,0.2,31,0.2,414,10,0.1,0,0.0806367684834331
25,7,6,0.2,31,0.2,414,10,0.1,0,0.00504492800212933
25,7,6,0.2,31,0.2,414,10,0.1,0,-0.0370879713066802
25,7,6,0.2,31,0.2,414,10,0.1,0,-0.184278325075056
25,7,6,0.2,31,0.2,414,10,0.1,0,0.130694043446391
25,7,6,0.2,31,0.2,414,10,0.1,0,0.567776954110004
25,7,6,0.2,31,0.2,414,10,0.1,0,7.35678503583894e-17
25,7,6,0.2,31,0.2,414,10,0.1,0,0
25,7,6,0.2,31,0.2,414,10,0.1,0,0.0521690310834364
25,7,6,0.2,31,0.2,414,10,0.1,0,0
25,7,6,0.2,31,0.2,414,10,0.1,0,0
25,7,6,0.2,31,0.2,414,10,0.1,0,-0.0193899088177302
25,7,6,0.2,31,0.2,414,10,0.1,0,0.0897749362652825
25,7,6,0.2,31,0.2,414,10,0.1,0,-0.00934266568114566
25,7,6,0.2,31,0.2,414,10,0.1,0,-0.0754105499783612
25,7,6,0.2,31,0.2,414,10,0.1,0,0.228540468105742
25,7,6,0.2,31,0.2,414,10,0.1,0,8.18557547065355e-16
25,7,6,0.2,31,0.2,414,10,0.1,0,0.167413586447395
25,7,6,0.2,31,0.2,414,10,0.1,0,0.00593385037131636
25,7,6,0.2,31,0.2,414,10,0.1,0,0.263596343879471
25,7,6,0.2,31,0.2,414,10,0.1,0,0.0129169697500648
25,7,6,0.2,31,0.2,414,10,0.1,0,2.78000111190431e-17
25,7,6,0.2,31,0.2,414,10,0.1,0,-3.71960511744172e-18
25,7,6,0.2,31,0.2,414,10,0.1,0,0.126151544703341
25,7,6,0.2,31,0.2,414,10,0.1,0,2.9170185030335e-17
25,7,6,0.2,31,0.2,414,10,0.1,0,-0.0408921336583798
25,7,6,0.2,31,0.2,414,10,0.1,0,-6.0147652837442e-27
25,7,6,0.2,31,0.2,414,10,0.1,0,0.179140736277407
25,7,6,0.2,31,0.2,414,10,0.1,0,0.0248920738659931
25,7,6,0.2,31,0.2,414,10,0.1,0,0.0379253025991772
25,7,6,0.2,31,0.2,414,10,0.1,0,7.14937744568287e-28
25,7,6,0.2,31,0.2,414,10,0.1,0,0.0141311297191751
25,7,6,0.2,31,0.2,414,10,0.1,0,0.830592163509384
25,7,6,0.2,31,0.2,414,10,0.1,0,-0.0867903460558069
25,7,6,0.2,31,0.2,414,10,0.1,0,-0.0547338283620122
25,7,6,0.2,31,0.2,414,10,0.1,0,9.61574087028072e-17
25,7,6,0.2,31,0.2,414,10,0.1,0,4.53084982205004
25,7,6,0.2,31,0.2,414,10,0.1,0,0.0109623874428202
25,7,6,0.2,31,0.2,414,10,0.1,0,0.291526114121563
25,7,6,0.2,31,0.2,414,10,0.1,0,-6.68619901804093e-18
25,7,6,0.2,31,0.2,414,10,0.1,0,0.508106109787457
25,7,6,0.2,31,0.2,414,10,0.1,0,-0.45145152729709
25,7,6,0.2,31,0.2,414,10,0.1,0,1.8677879492926e-17
25,7,6,0.2,31,0.2,414,10,0.1,0,0.0232027126822143
25,7,6,0.2,31,0.2,414,10,0.1,0,4.92053085254002e-17
25,7,6,0.2,31,0.2,414,10,0.1,0,-0.215549923181281
25,7,6,0.2,31,0.2,414,10,0.1,0,0.00189107351025104
25,7,6,0.2,31,0.2,414,10,0.1,0,0.0271047537505322
25,7,6,0.2,31,0.2,414,10,0.1,0,2.41299774968408
25,7,6,0.2,31,0.2,414,10,0.1,0,0.0435231343136652
25,7,6,0.2,31,0.2,414,10,0.1,0,-0.0268502361212871
25,7,6,0.2,31,0.2,414,10,0.1,0,0.00830641794813042
25,7,6,0.2,31,0.2,414,10,0.1,0,1.45123971577143e-18
25,7,6,0.2,31,0.2,414,10,0.1,0,-0.0835621995434206
25,7,6,0.2,31,0.2,414,10,0.1,0,0
25,7,6,0.2,31,0.2,414,10,0.1,0,-0.126296908466138
25,7,6,0.2,31,0.2,414,10,0.1,0,-0.029239082312536
25,7,6,0.2,31,0.2,414,10,0.1,0,0.152004871574621
25,7,6,0.2,31,0.2,414,10,0.1,0,0.26546253481504
25,7,6,0.2,31,0.2,414,10,0.1,0,0.110226038540701
25,7,6,0.2,31,0.2,414,10,0.1,0,-0.0391242541788017
25,7,6,0.2,31,0.2,414,10,0.1,0,-0.00359821293007731
25,7,6,0.2,31,0.2,414,10,0.1,0,0.651639746038513
25,7,6,0.2,31,0.2,414,10,0.1,0,0.129568734949845
25,7,6,0.2,31,0.2,414,10,0.1,0,0.0134802785676279
25,7,6,0.2,31,0.2,414,10,0.1,0,-1.08564398507972
25,7,6,0.2,31,0.2,414,10,0.1,0,0.0187551980166667
25,7,6,0.2,31,0.2,414,10,0.1,0,0.0414170109004114
25,7,6,0.2,31,0.2,414,10,0.1,0,0.027081383291252
25,7,6,0.2,31,0.2,414,10,0.1,0,0
25,7,6,0.2,31,0.2,414,10,0.1,0,-0.0545116533289049
25,7,6,0.2,31,0.2,414,10,0.1,0,0.0502548920251852
25,7,6,0.2,31,0.2,414,10,0.1,0,0.0268117826110564
25,7,6,0.2,31,0.2,414,10,0.1,0,-0.347075653402012
25,7,6,0.2,31,0.2,414,10,0.1,0,0
25,7,6,0.2,31,0.2,414,10,0.1,0,1.10221865983934
25,7,6,0.2,31,0.2,414,10,0.1,0,0
25,7,6,0.2,31,0.2,414,10,0.1,0,-0.19452771951152
25,7,6,0.2,31,0.2,414,10,0.1,0,0.0729828126956517
25,7,6,0.2,31,0.2,414,10,0.1,0,-2.00282904864214
25,7,6,0.2,31,0.2,414,10,0.1,0,0.144420899946794
25,7,6,0.2,31,0.2,414,10,0.1,0,-0.0536549389748546
25,7,6,0.2,31,0.2,414,10,0.1,0,-0.150759494703993
25,7,6,0.2,31,0.2,414,10,0.1,0,1.99621743033343
25,7,6,0.2,31,0.2,414,10,0.1,0,0.0405112833850297
25,7,6,0.2,31,0.2,414,10,0.1,0,0.108088295893451
25,7,6,0.2,31,0.2,414,10,0.1,0,0
25,7,6,0.2,31,0.2,414,10,0.1,0,-0.00472669890881409
25,7,6,0.2,31,0.2,414,10,0.1,0,-0.325221050521505
25,7,6,0.2,31,0.2,414,10,0.1,0,-0.0422028972102603
25,7,6,0.2,31,0.2,414,10,0.1,0,0.00938130993492687
25,7,6,0.2,31,0.2,414,10,0.1,0,0.410434335613514
25,7,6,0.2,31,0.2,414,10,0.1,0,-0.00904657981640899
25,7,6,0.2,31,0.2,414,10,0.1,0,0.0458944550078229
25,7,6,0.2,31,0.2,414,10,0.1,0,-0.0348778252850268
25,7,6,0.2,31,0.2,414,10,0.1,0,9.43482468417451e-17
25,7,6,0.2,31,0.2,414,10,0.1,0,-0.675588188072666
25,7,6,0.2,31,0.2,414,10,0.1,0,0.0112067028422262
25,7,6,0.2,31,0.2,414,10,0.1,0,0
25,7,6,0.2,31,0.2,414,10,0.1,0,-1.14077279422684
25,7,6,0.2,31,0.2,414,10,0.1,0,-0.358615929284847
25,7,6,0.2,31,0.2,414,10,0.1,0,-0.97107299669513
25,7,6,0.2,31,0.2,414,10,0.1,0,-2.01826586466937e-17
25,7,6,0.2,31,0.2,414,10,0.1,0,2.94652233158736e-17
25,7,6,0.2,31,0.2,414,10,0.1,0,0.0316591987388309
25,7,6,0.2,31,0.2,414,10,0.1,0,0.321717785995956
25,7,6,0.2,31,0.2,414,10,0.1,0,-3.99348072465784
25,7,6,0.2,31,0.2,414,10,0.1,0,0.282817871658942
25,7,6,0.2,31,0.2,414,10,0.1,0,0.821461964458558
25,7,6,0.2,31,0.2,414,10,0.1,0,0.324754624660834
25,7,6,0.2,31,0.2,414,10,0.1,0,0.253284224567028
25,7,6,0.2,31,0.2,414,10,0.1,0,2.25902026354619
25,7,6,0.2,31,0.2,414,10,0.1,0,0.0182651172520915
25,7,6,0.2,31,0.2,414,10,0.1,0,-0.0227039069949898
25,7,6,0.2,31,0.2,414,10,0.1,0,0.234444371020631
25,7,6,0.2,31,0.2,414,10,0.1,0,0.390396143818649
25,7,6,0.2,31,0.2,414,10,0.1,0,0.208203922950411
25,7,6,0.2,31,0.2,414,10,0.1,0,0.35415123005188
25,7,6,0.2,31,0.2,414,10,0.1,0,0.12057583771987
25,7,6,0.2,31,0.2,414,10,0.1,0,0.131144724818298
25,7,6,0.2,31,0.2,414,10,0.1,0,0.0468448237125198
25,7,6,0.2,31,0.2,414,10,0.1,0,0.0237945251726039
25,7,6,0.2,31,0.2,414,10,0.1,0,-0.0446975513860207
25,7,6,0.2,31,0.2,414,10,0.1,0,-0.000943508072748135
25,7,6,0.2,31,0.2,414,10,0.1,0,0.0862841941895003
25,7,6,0.2,31,0.2,414,10,0.1,0,0
25,7,6,0.2,31,0.2,414,10,0.1,0,-0.100920826490122
25,7,6,0.2,31,0.2,414,10,0.1,0,-0.0670660662882292
25,7,6,0.2,31,0.2,414,10,0.1,0,-9.51971782564236e-18
25,7,6,0.2,31,0.2,414,10,0.1,0,0.133674736673036
25,7,6,0.2,31,0.2,414,10,0.1,0,2.29068498471869e-17
25,7,6,0.2,31,0.2,414,10,0.1,0,-0.0116866910104395
25,7,6,0.2,31,0.2,414,10,0.1,0,0.297295815019046
25,7,6,0.2,31,0.2,414,10,0.1,0,1.01171056578449e-16
25,7,6,0.2,31,0.2,414,10,0.1,0,0
25,7,6,0.2,31,0.2,414,10,0.1,0,-0.144030263640222
25,7,6,0.2,31,0.2,414,10,0.1,0,0.0595378766347532
25,7,6,0.2,31,0.2,414,10,0.1,0,-1.11687620600369e-44
25,7,6,0.2,31,0.2,414,10,0.1,0,-0.118403842187385
25,7,6,0.2,31,0.2,414,10,0.1,0,-0.032774883874643
25,7,6,0.2,31,0.2,414,10,0.1,0,1.46124289128453e-18
25,7,6,0.2,31,0.2,414,10,0.1,0,-0.496947147573669
25,7,6,0.2,31,0.2,414,10,0.1,0,-0.0207546773311107
25,7,6,0.2,31,0.2,414,10,0.1,0,0.0130458547263682
25,7,6,0.2,31,0.2,414,10,0.1,0,0.0713422239805443
25,7,6,0.2,31,0.2,414,10,0.1,0,1.17582196362903e-16
25,7,6,0.2,31,0.2,414,10,0.1,0,-9.35253819094621e-17
25,7,6,0.2,31,0.2,414,10,0.1,0,-0.186723461312901
25,7,6,0.2,31,0.2,414,10,0.1,0,0.678829890906735
25,7,6,0.2,31,0.2,414,10,0.1,0,0.158674164917915
25,7,6,0.2,31,0.2,414,10,0.1,0,0.340007160319078
25,7,6,0.2,31,0.2,414,10,0.1,0,0.063355609626412
25,7,6,0.2,31,0.2,414,10,0.1,0,-6.84269479363699e-16
25,7,6,0.2,31,0.2,414,10,0.1,0,0.00875419483495049
25,7,6,0.2,31,0.2,414,10,0.1,0,0.164318216629955
25,7,6,0.2,31,0.2,414,10,0.1,0,5.79311334936651e-18
25,7,6,0.2,31,0.2,414,10,0.1,0,1.04952625301266
25,7,6,0.2,31,0.2,414,10,0.1,0,0.0159941489438548
25,7,6,0.2,31,0.2,414,10,0.1,0,0.145563271355005
25,7,6,0.2,31,0.2,414,10,0.1,0,0.0170118846884429
25,7,6,0.2,31,0.2,414,10,0.1,0,-1.95495149705176e-27
25,7,6,0.2,31,0.2,414,10,0.1,0,0.121589593284951
25,7,6,0.2,31,0.2,414,10,0.1,0,0.590688000649759
25,7,6,0.2,31,0.2,414,10,0.1,0,-0.1776736918867
25,7,6,0.2,31,0.2,414,10,0.1,0,0.110531672441091
25,7,6,0.2,31,0.2,414,10,0.1,0,0.19058119484116
25,7,6,0.2,31,0.2,414,10,0.1,0,-0.214605261537351
25,7,6,0.2,31,0.2,414,10,0.1,0,0.0283329999218609
25,7,6,0.2,31,0.2,414,10,0.1,0,0
25,7,6,0.2,31,0.2,414,10,0.1,0,0.00997715968411907
25,7,6,0.2,31,0.2,414,10,0.1,0,0.00197658858802893
25,7,6,0.2,31,0.2,414,10,0.1,0,-0.00787295563275839
25,7,6,0.2,31,0.2,414,10,0.1,0,0.0291178964191551
25,7,6,0.2,31,0.2,414,10,0.1,0,-2.0411222967171e-27
25,7,6,0.2,31,0.2,414,10,0.1,0,7.028850153173e-16
25,7,6,0.2,31,0.2,414,10,0.1,0,0
25,7,6,0.2,31,0.2,414,10,0.1,0,0
25,7,6,0.2,31,0.2,414,10,0.1,0,-0.0887950652195372
25,7,6,0.2,31,0.2,414,10,0.1,0,1.01487908488287
25,7,6,0.2,31,0.2,414,10,0.1,0,0.0171662375655366
25,7,6,0.2,31,0.2,414,10,0.1,0,0.131353463271314
25,7,6,0.2,31,0.2,414,10,0.1,0,-0.0397993950710404
25,7,6,0.2,31,0.2,414,10,0.1,0,-9.32330603759e-17
25,7,6,0.2,31,0.2,414,10,0.1,0,0.0491233538065074
25,7,6,0.2,31,0.2,414,10,0.1,0,0.16190902671962
25,7,6,0.2,31,0.2,414,10,0.1,0,-4.95399246099415e-17
25,7,6,0.2,31,0.2,414,10,0.1,0,-0.0115294650919459
25,7,6,0.2,31,0.2,414,10,0.1,0,-0.0188983948068184
25,7,6,0.2,31,0.2,414,10,0.1,0,0
25,7,6,0.2,31,0.2,414,10,0.1,0,0.0405653092101153
25,7,6,0.2,31,0.2,414,10,0.1,0,-0.0367601844329963
25,7,6,0.2,31,0.2,414,10,0.1,0,-1.97088481024345
25,7,6,0.2,31,0.2,414,10,0.1,0,-1.08130814248025e-17
25,7,6,0.2,31,0.2,414,10,0.1,0,0.210421399543085
25,7,6,0.2,31,0.2,414,10,0.1,0,-1.55600738473209e-17
25,7,6,0.2,31,0.2,414,10,0.1,0,-8.20581357258359e-17
25,7,6,0.2,31,0.2,414,10,0.1,0,-0.0217515628074664
25,7,6,0.2,31,0.2,414,10,0.1,0,-0.0605671299341235
25,7,6,0.2,31,0.2,414,10,0.1,0,0.102435122091558
25,7,6,0.2,31,0.2,414,10,0.1,0,6.17740646415111e-28
25,7,6,0.2,31,0.2,414,10,0.1,0,1.00305232705903e-16
25,7,6,0.2,31,0.2,414,10,0.1,0,0.100439863939632
25,7,6,0.2,31,0.2,414,10,0.1,0,-0.0301653901772027
25,7,6,0.2,31,0.2,414,10,0.1,0,0.0150660787511087
25,7,6,0.2,31,0.2,414,10,0.1,0,-0.00137784679751392
25,7,6,0.2,31,0.2,414,10,0.1,0,0.207599971441608
25,7,6,0.2,31,0.2,414,10,0.1,0,-0.0787215580891248
25,7,6,0.2,31,0.2,414,10,0.1,0,-0.0398738939510848
25,7,6,0.2,31,0.2,414,10,0.1,0,0.0360829242356093
25,7,6,0.2,31,0.2,414,10,0.1,0,0.187025619443023
25,7,6,0.2,31,0.2,414,10,0.1,0,0
25,7,6,0.2,31,0.2,414,10,0.1,0,-0.0652721389331519
25,7,6,0.2,31,0.2,414,10,0.1,0,0.0432334233010998
25,7,6,0.2,31,0.2,414,10,0.1,0,-1.6868462367874e-27
25,7,6,0.2,31,0.2,414,10,0.1,0,0
25,7,6,0.2,31,0.2,414,10,0.1,0,2.84632722098757e-16
25,7,6,0.2,31,0.2,414,10,0.1,0,-6.53420606806399e-28
25,7,6,0.2,31,0.2,414,10,0.1,0,-0.00344024687010545
25,7,6,0.2,31,0.2,414,10,0.1,0,-0.150994514219098
25,7,6,0.2,31,0.2,414,10,0.1,0,0
25,7,6,0.2,31,0.2,414,10,0.1,0,0.234344439409919
25,7,6,0.2,31,0.2,414,10,0.1,0,0.425798833522197
25,7,6,0.2,31,0.2,414,10,0.1,0,-0.0330799222415662
25,7,6,0.2,31,0.2,414,10,0.1,0,0.0174104079614208
25,7,6,0.2,31,0.2,414,10,0.1,0,-0.0375683833512536
25,7,6,0.2,31,0.2,414,10,0.1,0,0.296108708967971
25,7,6,0.2,31,0.2,414,10,0.1,0,-0.126859028730602
25,7,6,0.2,31,0.2,414,10,0.1,0,-0.053636687552291
25,7,6,0.2,31,0.2,414,10,0.1,0,0.0440848613169566
25,7,6,0.2,31,0.2,414,10,0.1,0,0.733223586366019
25,7,6,0.2,31,0.2,414,10,0.1,0,-0.0847332765574433
25,7,6,0.2,31,0.2,414,10,0.1,0,0.242708589318008
25,7,6,0.2,31,0.2,414,10,0.1,0,-7.49578140938935e-17
25,7,6,0.2,31,0.2,414,10,0.1,0,0.0146126812502099
25,7,6,0.2,31,0.2,414,10,0.1,0,-0.0486842152704797
25,7,6,0.2,31,0.2,414,10,0.1,0,0.0620619232076189
25,7,6,0.2,31,0.2,414,10,0.1,0,0
25,7,6,0.2,31,0.2,414,10,0.1,0,0.67540718773931
25,7,6,0.2,31,0.2,414,10,0.1,0,-0.0301472794883978
25,7,6,0.2,31,0.2,414,10,0.1,0,0.0399575346873538
25,7,6,0.2,31,0.2,414,10,0.1,0,0.0125380820031192
25,7,6,0.2,31,0.2,414,10,0.1,0,0.00546846685606796
25,7,6,0.2,31,0.2,414,10,0.1,0,-0.114000706380957
25,7,6,0.2,31,0.2,414,10,0.1,0,-0.308170073260514
25,7,6,0.2,31,0.2,414,10,0.1,0,3.37677450000007e-17
25,7,6,0.2,31,0.2,414,10,0.1,0,-0.0958858246207941
25,7,6,0.2,31,0.2,414,10,0.1,0,9.09810466515252e-33
25,7,6,0.2,31,0.2,414,10,0.1,0,2.50066888652498e-17
25,7,6,0.2,31,0.2,414,10,0.1,0,-3.43532469136312e-17
25,7,6,0.2,31,0.2,414,10,0.1,0,0.519585558624444
25,7,6,0.2,31,0.2,414,10,0.1,0,1.08591672082738
25,7,6,0.2,31,0.2,414,10,0.1,0,-5.15439602495197e-19
25,7,6,0.2,31,0.2,414,10,0.1,0,2.11929383813444e-16
25,7,6,0.2,31,0.2,414,10,0.1,0,3.23595673591962e-18
25,7,6,0.2,31,0.2,414,10,0.1,0,-2.22891733303469e-17
25,7,7,0.2,24,0.2,245,10,0.1,1,0
25,7,7,0.2,24,0.2,245,10,0.1,1,0.666778210745935
25,7,7,0.2,24,0.2,245,10,0.1,1,2.13931268546006
25,7,7,0.2,24,0.2,245,10,0.1,1,-6.83234482802771e-17
25,7,7,0.2,24,0.2,245,10,0.1,1,3.53341474803939
25,7,7,0.2,24,0.2,245,10,0.1,1,0.0201251042559045
25,7,7,0.2,24,0.2,245,10,0.1,1,0
25,7,7,0.2,24,0.2,245,10,0.1,1,-0.158147037946915
25,7,7,0.2,24,0.2,245,10,0.1,1,0.19723943583667
25,7,7,0.2,24,0.2,245,10,0.1,1,1.17850541561469
25,7,7,0.2,24,0.2,245,10,0.1,1,0.00479188742743717
25,7,7,0.2,24,0.2,245,10,0.1,1,-0.446067859278007
25,7,7,0.2,24,0.2,245,10,0.1,1,0.388673416628327
25,7,7,0.2,24,0.2,245,10,0.1,1,0.759538964106655
25,7,7,0.2,24,0.2,245,10,0.1,1,-0.269011117496324
25,7,7,0.2,24,0.2,245,10,0.1,1,0.297091573577152
25,7,7,0.2,24,0.2,245,10,0.1,1,2.2859621538578
25,7,7,0.2,24,0.2,245,10,0.1,1,0
25,7,7,0.2,24,0.2,245,10,0.1,1,-3.83390350601398e-16
25,7,7,0.2,24,0.2,245,10,0.1,1,0.975665181324818
25,7,7,0.2,24,0.2,245,10,0.1,1,-0.314722535690146
25,7,7,0.2,24,0.2,245,10,0.1,1,-5.34335752344466e-18
25,7,7,0.2,24,0.2,245,10,0.1,1,-0.308169552116865
25,7,7,0.2,24,0.2,245,10,0.1,1,0
25,7,7,0.2,24,0.2,245,10,0.1,0,3.66786513803151
25,7,7,0.2,24,0.2,245,10,0.1,0,0.00849252518273307
25,7,7,0.2,24,0.2,245,10,0.1,0,0.789466293170456
25,7,7,0.2,24,0.2,245,10,0.1,0,1.36690610812658
25,7,7,0.2,24,0.2,245,10,0.1,0,0.334670109857021
25,7,7,0.2,24,0.2,245,10,0.1,0,-0.142789408093679
25,7,7,0.2,24,0.2,245,10,0.1,0,0.0440769843138504
25,7,7,0.2,24,0.2,245,10,0.1,0,2.02211058069885e-09
25,7,7,0.2,24,0.2,245,10,0.1,0,0
25,7,7,0.2,24,0.2,245,10,0.1,0,0
25,7,7,0.2,24,0.2,245,10,0.1,0,-0.0439082512669327
25,7,7,0.2,24,0.2,245,10,0.1,0,0.0493352611570148
25,7,7,0.2,24,0.2,245,10,0.1,0,-0.163924371646552
25,7,7,0.2,24,0.2,245,10,0.1,0,-0.133796459021958
25,7,7,0.2,24,0.2,245,10,0.1,0,0.0422587078251335
25,7,7,0.2,24,0.2,245,10,0.1,0,-0.116354222192805
25,7,7,0.2,24,0.2,245,10,0.1,0,0.725263283126282
25,7,7,0.2,24,0.2,245,10,0.1,0,9.27205590898633e-09
25,7,7,0.2,24,0.2,245,10,0.1,0,0.0748992824623444
25,7,7,0.2,24,0.2,245,10,0.1,0,-0.874575064254274
25,7,7,0.2,24,0.2,245,10,0.1,0,0.23677562416106
25,7,7,0.2,24,0.2,245,10,0.1,0,-0.484339397427432
25,7,7,0.2,24,0.2,245,10,0.1,0,-0.016987539705066
25,7,7,0.2,24,0.2,245,10,0.1,0,0.0361914677911598
25,7,7,0.2,24,0.2,245,10,0.1,0,1.74804119135972e-17
25,7,7,0.2,24,0.2,245,10,0.1,0,-2.63715395620181
25,7,7,0.2,24,0.2,245,10,0.1,0,-3.20890691362836e-09
25,7,7,0.2,24,0.2,245,10,0.1,0,0
25,7,7,0.2,24,0.2,245,10,0.1,0,2.0721254362711
25,7,7,0.2,24,0.2,245,10,0.1,0,0.0900154659893423
25,7,7,0.2,24,0.2,245,10,0.1,0,0.0991345568065835
25,7,7,0.2,24,0.2,245,10,0.1,0,-1.00739504990153
25,7,7,0.2,24,0.2,245,10,0.1,0,0.350079359045694
25,7,7,0.2,24,0.2,245,10,0.1,0,-0.741770508857422
25,7,7,0.2,24,0.2,245,10,0.1,0,-3.35351634516032e-16
25,7,7,0.2,24,0.2,245,10,0.1,0,-0.0124342543039004
25,7,7,0.2,24,0.2,245,10,0.1,0,-1.3856340887737
25,7,7,0.2,24,0.2,245,10,0.1,0,-2.10681042989008e-17
25,7,7,0.2,24,0.2,245,10,0.1,0,0.492635230384916
25,7,7,0.2,24,0.2,245,10,0.1,0,0
25,7,7,0.2,24,0.2,245,10,0.1,0,-0.0853986930639579
25,7,7,0.2,24,0.2,245,10,0.1,0,0.417447895562168
25,7,7,0.2,24,0.2,245,10,0.1,0,-0.0158242025591498
25,7,7,0.2,24,0.2,245,10,0.1,0,0
25,7,7,0.2,24,0.2,245,10,0.1,0,1.18529601135216
25,7,7,0.2,24,0.2,245,10,0.1,0,-5.65281627397141e-17
25,7,7,0.2,24,0.2,245,10,0.1,0,0.392661476401003
25,7,7,0.2,24,0.2,245,10,0.1,0,-0.672307172201751
25,7,7,0.2,24,0.2,245,10,0.1,0,0.256921121475565
25,7,7,0.2,24,0.2,245,10,0.1,0,0.00177586739791251
25,7,7,0.2,24,0.2,245,10,0.1,0,0.235121655950991
25,7,7,0.2,24,0.2,245,10,0.1,0,0.278520628159431
25,7,7,0.2,24,0.2,245,10,0.1,0,0.434999839529909
25,7,7,0.2,24,0.2,245,10,0.1,0,1.29835892235955
25,7,7,0.2,24,0.2,245,10,0.1,0,-2.30884732258371e-16
25,7,7,0.2,24,0.2,245,10,0.1,0,-0.222053824526042
25,7,7,0.2,24,0.2,245,10,0.1,0,-1.93010644871545
25,7,7,0.2,24,0.2,245,10,0.1,0,1.90854096738038
25,7,7,0.2,24,0.2,245,10,0.1,0,0.905893748663813
25,7,7,0.2,24,0.2,245,10,0.1,0,-0.0360382545715873
25,7,7,0.2,24,0.2,245,10,0.1,0,-4.3019864915765e-25
25,7,7,0.2,24,0.2,245,10,0.1,0,1.29968759419012
25,7,7,0.2,24,0.2,245,10,0.1,0,0.0254359986595615
25,7,7,0.2,24,0.2,245,10,0.1,0,-1.14503636631933
25,7,7,0.2,24,0.2,245,10,0.1,0,-0.247156240725893
25,7,7,0.2,24,0.2,245,10,0.1,0,1.81496417792891e-08
25,7,7,0.2,24,0.2,245,10,0.1,0,0.328354891985509
25,7,7,0.2,24,0.2,245,10,0.1,0,0.02099201629248
25,7,7,0.2,24,0.2,245,10,0.1,0,0
25,7,7,0.2,24,0.2,245,10,0.1,0,0.718325309473883
25,7,7,0.2,24,0.2,245,10,0.1,0,0.455113065410645
25,7,7,0.2,24,0.2,245,10,0.1,0,0.514135405827579
25,7,7,0.2,24,0.2,245,10,0.1,0,0.0599752754690646
25,7,7,0.2,24,0.2,245,10,0.1,0,-0.216315143353828
25,7,7,0.2,24,0.2,245,10,0.1,0,0
25,7,7,0.2,24,0.2,245,10,0.1,0,-5.66954230584928e-18
25,7,7,0.2,24,0.2,245,10,0.1,0,-2.57680244525444e-17
25,7,7,0.2,24,0.2,245,10,0.1,0,-1.33583092802828
25,7,7,0.2,24,0.2,245,10,0.1,0,0
25,7,7,0.2,24,0.2,245,10,0.1,0,0.0471319640799535
25,7,7,0.2,24,0.2,245,10,0.1,0,-0.0529884888040653
25,7,7,0.2,24,0.2,245,10,0.1,0,-0.0120302518253477
25,7,7,0.2,24,0.2,245,10,0.1,0,0.336193083571856
25,7,7,0.2,24,0.2,245,10,0.1,0,-4.92736277435905e-17
25,7,7,0.2,24,0.2,245,10,0.1,0,0.0930519714531001
25,7,7,0.2,24,0.2,245,10,0.1,0,0.471803242077909
25,7,7,0.2,24,0.2,245,10,0.1,0,0.474225708700594
25,7,7,0.2,24,0.2,245,10,0.1,0,8.30102842852839e-08
25,7,7,0.2,24,0.2,245,10,0.1,0,0
25,7,7,0.2,24,0.2,245,10,0.1,0,-0.0345523257316609
25,7,7,0.2,24,0.2,245,10,0.1,0,-1.22644069909226e-16
25,7,7,0.2,24,0.2,245,10,0.1,0,-1.57973061020929e-17
25,7,7,0.2,24,0.2,245,10,0.1,0,-0.0138322377982768
25,7,7,0.2,24,0.2,245,10,0.1,0,0
25,7,7,0.2,24,0.2,245,10,0.1,0,1.29171320957463
25,7,7,0.2,24,0.2,245,10,0.1,0,-0.570742038298487
25,7,7,0.2,24,0.2,245,10,0.1,0,-0.0850625992580174
25,7,7,0.2,24,0.2,245,10,0.1,0,-2.91125833100352e-17
25,7,7,0.2,24,0.2,245,10,0.1,0,-0.528030471078423
25,7,7,0.2,24,0.2,245,10,0.1,0,-3.81635688810561
25,7,7,0.2,24,0.2,245,10,0.1,0,-1.73107597428265e-16
25,7,7,0.2,24,0.2,245,10,0.1,0,-2.68411962891921e-16
25,7,7,0.2,24,0.2,245,10,0.1,0,0.534675583938958
25,7,7,0.2,24,0.2,245,10,0.1,0,1.81896357554734
25,7,7,0.2,24,0.2,245,10,0.1,0,-0.221251626506943
25,7,7,0.2,24,0.2,245,10,0.1,0,0.43928860904117
25,7,7,0.2,24,0.2,245,10,0.1,0,0.281751321037602
25,7,7,0.2,24,0.2,245,10,0.1,0,-0.0311522228558726
25,7,7,0.2,24,0.2,245,10,0.1,0,-3.5096347411271e-17
25,7,7,0.2,24,0.2,245,10,0.1,0,0.0945283730640261
25,7,7,0.2,24,0.2,245,10,0.1,0,0.515833552970846
25,7,7,0.2,24,0.2,245,10,0.1,0,0
25,7,7,0.2,24,0.2,245,10,0.1,0,-0.0129367057457396
25,7,7,0.2,24,0.2,245,10,0.1,0,0.108782366725332
25,7,7,0.2,24,0.2,245,10,0.1,0,1.18779225854694e-16
25,7,7,0.2,24,0.2,245,10,0.1,0,-3.61998489613975
25,7,7,0.2,24,0.2,245,10,0.1,0,-9.09332721503224e-17
25,7,7,0.2,24,0.2,245,10,0.1,0,0.0379233842154827
25,7,7,0.2,24,0.2,245,10,0.1,0,-0.42629073531282
25,7,7,0.2,24,0.2,245,10,0.1,0,0
25,7,7,0.2,24,0.2,245,10,0.1,0,0.168872054412068
25,7,7,0.2,24,0.2,245,10,0.1,0,0.303563309167737
25,7,7,0.2,24,0.2,245,10,0.1,0,5.56068545367402e-08
25,7,7,0.2,24,0.2,245,10,0.1,0,0.0381021731680632
25,7,7,0.2,24,0.2,245,10,0.1,0,-0.145315421533637
25,7,7,0.2,24,0.2,245,10,0.1,0,6.10929024054432e-08
25,7,7,0.2,24,0.2,245,10,0.1,0,0.334467821660842
25,7,7,0.2,24,0.2,245,10,0.1,0,0
25,7,7,0.2,24,0.2,245,10,0.1,0,0.221471782799174
25,7,7,0.2,24,0.2,245,10,0.1,0,-0.221238571538703
25,7,7,0.2,24,0.2,245,10,0.1,0,0.14512226787165
25,7,7,0.2,24,0.2,245,10,0.1,0,0.70925013392352
25,7,7,0.2,24,0.2,245,10,0.1,0,0.0596046423041557
25,7,7,0.2,24,0.2,245,10,0.1,0,-0.601033065265646
25,7,7,0.2,24,0.2,245,10,0.1,0,0.0525137735594163
25,7,7,0.2,24,0.2,245,10,0.1,0,0.495570966447705
25,7,7,0.2,24,0.2,245,10,0.1,0,0
25,7,7,0.2,24,0.2,245,10,0.1,0,-0.107143764109912
25,7,7,0.2,24,0.2,245,10,0.1,0,3.09537064111645
25,7,7,0.2,24,0.2,245,10,0.1,0,0
25,7,7,0.2,24,0.2,245,10,0.1,0,0.865120115329399
25,7,7,0.2,24,0.2,245,10,0.1,0,-0.592373127871619
25,7,7,0.2,24,0.2,245,10,0.1,0,1.80242966274709
25,7,7,0.2,24,0.2,245,10,0.1,0,0.234907451332683
25,7,7,0.2,24,0.2,245,10,0.1,0,-0.0872681359120461
25,7,7,0.2,24,0.2,245,10,0.1,0,6.79178828040544
25,7,7,0.2,24,0.2,245,10,0.1,0,-0.40971102338516
25,7,7,0.2,24,0.2,245,10,0.1,0,-2.48913566233129e-09
25,7,7,0.2,24,0.2,245,10,0.1,0,0
25,7,7,0.2,24,0.2,245,10,0.1,0,3.57317957166577
25,7,7,0.2,24,0.2,245,10,0.1,0,-3.30260293039018
25,7,7,0.2,24,0.2,245,10,0.1,0,0.204696108141259
25,7,7,0.2,24,0.2,245,10,0.1,0,0.253928536033707
25,7,7,0.2,24,0.2,245,10,0.1,0,0.690250076893658
25,7,7,0.2,24,0.2,245,10,0.1,0,0.565258545188037
25,7,7,0.2,24,0.2,245,10,0.1,0,-0.0921725665072112
25,7,7,0.2,24,0.2,245,10,0.1,0,0.0765787106296737
25,7,7,0.2,24,0.2,245,10,0.1,0,1.1171482606149e-17
25,7,7,0.2,24,0.2,245,10,0.1,0,0
25,7,7,0.2,24,0.2,245,10,0.1,0,-1.00109608452772e-16
25,7,7,0.2,24,0.2,245,10,0.1,0,0.0994864588750215
25,7,7,0.2,24,0.2,245,10,0.1,0,0.00806227122662699
25,7,7,0.2,24,0.2,245,10,0.1,0,-0.00923774671794219
25,7,7,0.2,24,0.2,245,10,0.1,0,0.00805210809483079
25,7,7,0.2,24,0.2,245,10,0.1,0,-2.85746412837898e-16
25,7,7,0.2,24,0.2,245,10,0.1,0,-0.573000453875103
25,7,7,0.2,24,0.2,245,10,0.1,0,0
25,7,7,0.2,24,0.2,245,10,0.1,0,0.149587842276515
25,7,7,0.2,24,0.2,245,10,0.1,0,-0.00161926435830622
25,7,7,0.2,24,0.2,245,10,0.1,0,-0.945479777549154
25,7,7,0.2,24,0.2,245,10,0.1,0,4.59174641168132e-25
25,7,7,0.2,24,0.2,245,10,0.1,0,-0.749803347267902
25,7,7,0.2,24,0.2,245,10,0.1,0,0
25,7,7,0.2,24,0.2,245,10,0.1,0,0.225313071888889
25,7,7,0.2,24,0.2,245,10,0.1,0,-0.185317702253405
25,7,7,0.2,24,0.2,245,10,0.1,0,-3.02485643128671e-16
25,7,7,0.2,24,0.2,245,10,0.1,0,-0.524656005132642
25,7,7,0.2,24,0.2,245,10,0.1,0,-0.154614459477929
25,7,7,0.2,24,0.2,245,10,0.1,0,-0.0580356231530162
25,7,7,0.2,24,0.2,245,10,0.1,0,-0.0594479429300365
25,7,7,0.2,24,0.2,245,10,0.1,0,-0.121689260312315
25,7,7,0.2,24,0.2,245,10,0.1,0,-0.824082163920959
25,7,7,0.2,24,0.2,245,10,0.1,0,0.179748266432209
25,7,7,0.2,24,0.2,245,10,0.1,0,0.121450036319892
25,7,7,0.2,24,0.2,245,10,0.1,0,2.801790576192e-08
25,7,7,0.2,24,0.2,245,10,0.1,0,1.05034635842694e-07
25,7,7,0.2,24,0.2,245,10,0.1,0,0.402034143944263
25,7,7,0.2,24,0.2,245,10,0.1,0,0.314690624661107
25,7,7,0.2,24,0.2,245,10,0.1,0,0.0444292324129219
25,7,7,0.2,24,0.2,245,10,0.1,0,8.39706623134549e-18
25,7,7,0.2,24,0.2,245,10,0.1,0,-0.0342478610759664
25,7,7,0.2,24,0.2,245,10,0.1,0,0.122816379214076
25,7,7,0.2,24,0.2,245,10,0.1,0,0
25,7,7,0.2,24,0.2,245,10,0.1,0,-1.10512089121073e-07
25,7,7,0.2,24,0.2,245,10,0.1,0,6.54595715598979e-17
25,7,7,0.2,24,0.2,245,10,0.1,0,-0.000141664922621665
25,7,7,0.2,24,0.2,245,10,0.1,0,5.47560993737801
25,7,7,0.2,24,0.2,245,10,0.1,0,0.137812770999309
25,7,7,0.2,24,0.2,245,10,0.1,0,0.170765549657091
25,7,7,0.2,24,0.2,245,10,0.1,0,-0.051562055638528
25,7,7,0.2,24,0.2,245,10,0.1,0,0
25,7,7,0.2,24,0.2,245,10,0.1,0,0
25,7,7,0.2,24,0.2,245,10,0.1,0,-0.136172427545823
25,7,7,0.2,24,0.2,245,10,0.1,0,-0.21405396920796
25,7,7,0.2,24,0.2,245,10,0.1,0,0.574981688944808
25,7,7,0.2,24,0.2,245,10,0.1,0,0.0939553734543366
25,7,7,0.2,24,0.2,245,10,0.1,0,-0.015705870095733
25,7,7,0.2,24,0.2,245,10,0.1,0,-0.240514826330872
25,7,7,0.2,24,0.2,245,10,0.1,0,2.32211416218255e-16
25,7,7,0.2,24,0.2,245,10,0.1,0,-2.36749549644654e-16
25,7,7,0.2,24,0.2,245,10,0.1,0,-7.91642970523055e-17
25,7,7,0.2,24,0.2,245,10,0.1,0,-0.0842158440525395
25,7,7,0.2,24,0.2,245,10,0.1,0,2.30577513539349
25,7,7,0.2,24,0.2,245,10,0.1,0,-3.53301015934745e-18
25,7,7,0.2,24,0.2,245,10,0.1,0,-2.32841087795847e-16
25,7,7,0.2,24,0.2,245,10,0.1,0,-0.799396720806474
25,7,7,0.2,24,0.2,245,10,0.1,0,0.24428275944847
25,7,7,0.2,24,0.2,245,10,0.1,0,-0.433990689318112
25,7,7,0.2,24,0.2,245,10,0.1,0,-0.140370058604887
25,7,7,0.2,24,0.2,245,10,0.1,0,-0.0124887771255875
25,7,7,0.2,24,0.2,245,10,0.1,0,-0.262133595920396
25,7,7,0.2,24,0.2,245,10,0.1,0,1.20549683335711
25,7,7,0.2,24,0.2,245,10,0.1,0,1.45834175766555e-08
25,7,7,0.2,24,0.2,245,10,0.1,0,-0.130593724882191
25,7,7,0.2,24,0.2,245,10,0.1,0,-0.454148755412011
25,7,7,0.2,24,0.2,245,10,0.1,0,1.5428061751479
25,7,7,0.2,24,0.2,245,10,0.1,0,0.0100260441478215
25,7,7,0.2,24,0.2,245,10,0.1,0,-0.0617809010137557
25,7,7,0.2,24,0.2,245,10,0.1,0,0.0155878318920645
25,7,7,0.2,24,0.2,245,10,0.1,0,-0.180178545560146
25,7,7,0.2,24,0.2,245,10,0.1,0,0.162652734360306
25,7,7,0.2,24,0.2,245,10,0.1,0,-0.0200803872425221
25,7,7,0.2,24,0.2,245,10,0.1,0,-0.166676561115173
25,7,7,0.2,24,0.2,245,10,0.1,0,-0.141298968046618
25,7,7,0.2,24,0.2,245,10,0.1,0,1.15231838230477e-07
25,7,7,0.2,24,0.2,245,10,0.1,0,-0.0210586102001162
25,7,7,0.2,24,0.2,245,10,0.1,0,0.490291971293185
25,7,7,0.2,24,0.2,245,10,0.1,0,-0.37958630751691
25,7,7,0.2,24,0.2,245,10,0.1,0,-0.380568463145225
25,7,7,0.2,24,0.2,245,10,0.1,0,-0.00426862729323051
25,7,7,0.2,24,0.2,245,10,0.1,0,-0.171312281865702
25,7,7,0.2,24,0.2,245,10,0.1,0,-0.113112797395221
25,7,7,0.2,24,0.2,245,10,0.1,0,-1.34842673124946e-07
25,7,7,0.2,24,0.2,245,10,0.1,0,0.0874201979666688
25,7,7,0.2,24,0.2,245,10,0.1,0,0.16570133219311
