"k","lambda","original_links","predicted_values","node_to","node_from","removed"
2,0.01,1,6.33086488293027e-37,"Dialictus_(Chloralictus)_sp._1","Turnera_hilaireana",1
2,0.01,1,0,"Trigona_spinipes","Vellozia_albiflora",1
2,0.01,3,0,"Centris_(Hemisielaa)_tarsata","Solanum_sp.",1
2,0.01,1,0,"Dialictus_(Chloralictus)_sp._1","Vellozia_albiflora",1
2,0.01,1,-1.2678273951114e-34,"Trigona_spinipes","Myrcia_guianensis",1
2,0.01,1,-3.23513176432109e-37,"Apis_mellifera","Turnera_hilaireana",1
2,0.01,1,0.0472669399041393,"Alticini_sp._2","Richterago_arenaria",1
2,0.01,1,-2.5143342708633e-17,"Campylopterus_largipennis","Declieuxia_fruticosa",1
2,0.01,1,7.11504359153642e-24,"Chlorostilbon_lucidus","Hypenia_macrantha",1
2,0.01,2,-0.00778304793188691,"Eupetomena_macroura","Palicourea_rigida",1
2,0.01,5,0,"Xylocopa_big","Vochysia_thyrsoidea",1
2,0.01,4,1.10983551445519e-18,"Augochlora_(Oxystoglossella)_sp._2","Cuphea_ericoides",1
2,0.01,2,0.726302781464025,"Ceratina_(Crewella)_asuncionis","Jacaranda_caroba",1
2,0.01,2,2.30127222019895e-16,"Pseudagapostemon_sp._1","Aspilia_jolyana",1
2,0.01,8,0.00132974249594476,"Phoebis_sennae","Vochysia_thyrsoidea",1
2,0.01,1,0,"Protomydas_sp.","Vochysia_thyrsoidea",1
2,0.01,1,0.00888182640195211,"Megachile_(Pseudocentron)_sp._2","Cuphea_ericoides",1
2,0.01,4,13.0149737471958,"Cephalotes_pusillus","Paepalanthus_bromelioides",1
2,0.01,1,1.27665852320953,"Megachile_(Pseudocentron)_sp._2","Aspilia_jolyana",1
2,0.01,4,0,"Sibinia_sp.","Paepalanthus_bromelioides",1
2,0.01,1,0,"Dialictus_(Chloralictus)_sp._1","Stachytarpheta_confertifolia",1
2,0.01,1,-1.60097797857342e-17,"Colibri_serrirostris","Declieuxia_fruticosa",1
2,0.01,1,1.43382754707838e-16,"Eullaema_nigrita","Aspilia_jolyana",1
2,0.01,1,0,"Xylocopa_sp._5","Malpigaceae_sp.",1
2,0.01,1,0,"Palpada_sp.","Paepalanthus_bromelioides",1
2,0.01,1,2.3014135972455e-20,"Chlorostilbon_lucidus","Declieuxia_fruticosa",1
2,0.01,3,-0.0481566718796854,"Trigona_spinipes","Paepalanthus_bromelioides",1
2,0.01,1,-1.20040124837868e-15,"Xylocopa_sp._2","Aspilia_jolyana",1
2,0.01,1,-4.33937390642472e-17,"Heliactin_bilophus","Lessingianthus_pycnostachyus",1
2,0.01,1,0,"Augochloropsis_sp._1","Vellozia_albiflora",1
2,0.01,4,0,"Elateridae_sp._1","Paepalanthus_bromelioides",1
2,0.01,2,0,"Eumolpini_sp._4","Paepalanthus_bromelioides",1
2,0.01,2,-1.26575614618747e-31,"Tetrapedia_sp._2","Byrsonima_variabilis",1
2,0.01,1,-3.70851578602709e-15,"Dialictus_(Chloralictus)_sp._1","Byrsonima_variabilis",1
2,0.01,2,2.30627278644625e-38,"Ceratina_(Crewella)_sp._2","Turnera_hilaireana",1
2,0.01,1,0,"Xylocopa_sp._5","Cuphea_ericoides",1
2,0.01,3,0.000318491320108263,"Phoebis_sennae","Palicourea_rigida",1
2,0.01,1,-4.83175574024949e-17,"Tapinotaspidini_sp._1","Malpigaceae_sp.",1
2,0.01,1,-4.99159719608669e-20,"Chlorostilbon_lucidus","Camptosema_isopetalum",1
2,0.01,1,8.15592514292921e-18,"Chilicola_(Prosopoides)_sp.","Cuphea_ericoides",1
2,0.01,3,0.0166940600900344,"Centris_(Hemisielaa)_tarsata","Cuphea_ericoides",1
2,0.01,1,0,"Nitidulidae_sp._2","Mimosa_sp.",1
2,0.01,9,-0.00230241773421339,"Chlorostilbon_lucidus","Vochysia_thyrsoidea",1
2,0.01,1,0,"Augochloropsis_sp._3","Vellozia_albiflora",1
2,0.01,1,1.36292916437883e-16,"Tetrapedia_sp._2","Aspilia_jolyana",1
2,0.01,1,-8.90211114985544e-51,"Dialictus_(Chloralictus)_sp._1","Paepalanthus_sp._1",1
2,0.01,1,0,"Xylocopa_big","Luxemburgia_villosa",1
2,0.01,3,-5.98959103871171e-18,"Cephalotes_pusillus","Declieuxia_fruticosa",1
2,0.01,1,2.7133729504146e-19,"Coelioxys_sp.","Cuphea_ericoides",1
2,0.01,3,0,"Nitidulidae_sp._2","Turnera_hilaireana",1
2,0.01,2,-2.69777787464048e-18,"Xylocopa_sp._1","Cuphea_ericoides",1
2,0.01,1,0,"Madopterini_sp.","Paepalanthus_bromelioides",1
2,0.01,3,-2.0096830117896e-36,"Madarini_sp._2","Paepalanthus_bromelioides",1
2,0.01,3,0.236976722088601,"Cerambycidae_sp.","Richterago_arenaria",1
2,0.01,2,-1.09793862310605e-15,"Xylocopa_sp._2","Vochysia_thyrsoidea",1
2,0.01,1,7.74688804274233e-18,"Dialictus_(Chloralictus)_sp._1","Declieuxia_fruticosa",1
2,0.01,1,-8.2526537685122e-17,"Satyrinae_sp.","Aspilia_jolyana",1
2,0.01,2,0.00280604608293281,"Phoebis_sennae","Cuphea_ericoides",1
2,0.01,2,0,"Myzinum_sp.","Paepalanthus_bromelioides",1
2,0.01,0,-1.55117242394509e-17,"Camponotus_crassus","Declieuxia_fruticosa",1
2,0.01,0,0.00144080553980667,"Megachile_cf_(Dactylomegachile)_sp.","Stachytarpheta_linearis",1
2,0.01,0,0,"Xylocopa_big","Convolvulacea_sp.",1
2,0.01,0,-3.04112444300409e-38,"Madarini_sp._2","Jacaranda_caroba",1
2,0.01,0,-3.32355344604836e-15,"Bombus_pauloensis","Byrsonima_variabilis",1
2,0.01,0,0.00893547188822338,"Cauliognathini_sp._1","Trigonia_cipoensis",1
2,0.01,0,0.473747161236645,"Cephalotes_pusillus","Mimosa_sp.",1
2,0.01,0,0,"Camponotus_crassus","Vellozia_albiflora",1
2,0.01,0,2.50876411895719e-18,"Coelioxys_sp.","Lessingianthus_pycnostachyus",1
2,0.01,0,-0.182900439194293,"Cerambycidae_sp.","Aspilia_jolyana",1
2,0.01,0,-2.87565312409074e-52,"Cauliognathus_sp._2","Paepalanthus_sp._1",1
2,0.01,0,1.17777200745043e-36,"Pteromalidae_sp._1","Myrcia_guianensis",1
2,0.01,0,1.26188149613475e-16,"Augochlora_(Oxystoglossella)_sp._2","Aspilia_jolyana",1
2,0.01,0,-0.0790101392549675,"Alticini_sp._1","Aspilia_jolyana",1
2,0.01,0,0.0129844967329951,"Hesperiinae_sp.","Vochysia_thyrsoidea",1
2,0.01,0,0,"Cerambycidae_sp.","Vellozia_albiflora",1
2,0.01,0,7.66383401198711e-54,"Tetrapedia_sp._2","Turnera_hilaireana",1
2,0.01,0,-5.7016253043011e-18,"Xylocopa_sp._1","Convolvulacea_sp.",1
2,0.01,0,0.340385955158387,"Augochloropsis_sp._1","Rynchospora_consanguinea",1
2,0.01,0,0,"Myzinum_sp.","Vellozia_albiflora",1
2,0.01,0,0.43276011395004,"Megachile_cf_(Dactylomegachile)_sp.","Paepalanthus_bromelioides",1
2,0.01,0,3.15203975076075e-17,"Tetrapedia_sp._2","Mimosa_sp.",1
2,0.01,0,0.00741572095021861,"Aellopos_sp.","Ouratea_floribunda",1
2,0.01,0,-5.98314696880504e-36,"Megachile_(Pseudocentron)_sp._1","Myrcia_guianensis",1
2,0.01,0,-0.00313255664303507,"Camponotus_crassus","Palicourea_rigida",1
2,0.01,0,0,"Protomydas_sp.","Sabicea_brasiliensis",1
2,0.01,0,0,"Eumolpini_sp._4","Hypenia_macrantha",1
2,0.01,0,7.59780321686566e-18,"Chilicola_(Prosopoides)_sp.","Stachytarpheta_linearis",1
2,0.01,0,-5.80739715484942e-17,"Exomalopsis_sp._1","Richterago_arenaria",1
2,0.01,0,-1.35622393254125e-36,"Campsomeris_sp._1","Myrcia_guianensis",1
2,0.01,0,-0.00282048154187792,"Trigona_spinipes","Palicourea_rigida",1
2,0.01,0,-6.47906017490461e-28,"Bombus_pauloensis","Luxemburgia_villosa",1
2,0.01,0,-2.12446050884846e-20,"Augochlora_(Oxystoglossella)_sp._2","Convolvulacea_sp.",1
2,0.01,0,-3.05100075831511e-17,"Melipona_sp._1","Lessingianthus_pycnostachyus",1
2,0.01,0,0,"Phoebis_sennae","Stachytarpheta_confertifolia",1
2,0.01,0,0.682288970028654,"Brachygastra_lecheguana","Paepalanthus_bromelioides",1
2,0.01,0,-3.39377306342184e-15,"Pseudagapostemon_sp._1","Paepalanthus_bromelioides",1
2,0.01,0,-1.18020742328854e-31,"Melipona_sp._1","Byrsonima_variabilis",1
2,0.01,0,0.866260878580535,"Megachile_sp.","Paepalanthus_bromelioides",1
2,0.01,0,0.0032212471598628,"Hesperiinae_sp.","Lessingianthus_pycnostachyus",1
2,0.01,0,-8.55523272001944e-29,"Papilionidae_sp.","Luxemburgia_villosa",1
2,0.01,0,0.0122269197284319,"Centris_(Hemisielaa)_tarsata","Jacaranda_caroba",1
2,0.01,0,0.113399879225047,"Alticini_sp._1","Jacaranda_caroba",1
2,0.01,0,0.0247855796046525,"Ceratina_(Crewella)_asuncionis","Ouratea_floribunda",1
2,0.01,0,-5.00232940605518e-37,"Megachile_cf_(Dactylomegachile)_sp.","Myrcia_guianensis",1
2,0.01,0,0,"Elateridae_sp._1","Byrsonima_variabilis",1
2,0.01,0,0.0299074510461177,"Papilionidae_sp.","Lessingianthus_pycnostachyus",1
2,0.01,0,-1.32132098629319e-33,"Coelioxys_sp.","Byrsonima_variabilis",1
2,0.01,0,1.36123832233182e-30,"Alticini_sp._1","Luxemburgia_villosa",1
2,0.01,0,-1.65268373463092e-18,"Eullaema_nigrita","Stachytarpheta_linearis",1
2,0.01,0,-7.81449266305255e-20,"Augochlora_(Oxystoglossella)_sp._2","Trigonia_cipoensis",1
2,0.01,0,1.64607166792413e-21,"Diptera_sp._2","Hypenia_macrantha",1
2,0.01,0,0,"Eumolpini_sp._4","Aspilia_jolyana",1
2,0.01,0,0.0472194991650972,"Cauliognathus_sp._2","Richterago_arenaria",1
2,0.01,0,0.00228481437018003,"Unidentified_Lepidoptera_sp._7","Convolvulacea_sp.",1
2,0.01,0,0,"Sibinia_sp.","Trigonia_cipoensis",1
2,0.01,0,0,"Augochloropsis_sp._3","Stachytarpheta_confertifolia",1
2,0.01,0,0,"Madopterini_sp.","Declieuxia_fruticosa",1
2,0.01,0,-0.0018416197714825,"Augochloropsis_sp._3","Aspilia_jolyana",1
2,0.01,0,0.000254150301151439,"Megachile_(Moureapis)_cf_anthidioides","Trigonia_cipoensis",1
2,0.01,0,-0.000323758072404099,"Megachile_(Moureapis)_cf_anthidioides","Rynchospora_consanguinea",1
2,0.01,0,0.00214525313738886,"Brachygastra_lecheguana","Stachytarpheta_linearis",1
2,0.01,0,0.000316314340890575,"Augochloropsis_sp._3","Malpigaceae_sp.",1
2,0.01,0,-1.42916431978121e-17,"Cerambycidae_sp.","Sabicea_brasiliensis",1
2,0.01,0,0.0691802763760494,"Cephalotes_pusillus","Trigonia_cipoensis",1
2,0.01,0,-6.59991435876092e-19,"Melipona_sp._1","Trigonia_cipoensis",1
2,0.01,0,0.00282873112924149,"Megachile_sp.","Stachytarpheta_linearis",1
2,0.01,0,4.09212248958848e-54,"Toxophorinae_sp._2","Byrsonima_variabilis",1
2,0.01,0,0,"Xylocopa_sp._2","Vellozia_albiflora",1
2,0.01,0,0,"Neodexiopsis_sp.","Vellozia_albiflora",1
2,0.01,0,-0.000749089554185783,"Bombus_pauloensis","Mimosa_sp.",1
2,0.01,0,-0.00947630688561502,"Bombus_pauloensis","Convolvulacea_sp.",1
2,0.01,0,6.67843705018823e-17,"Pseudagapostemon_sp._1","Rynchospora_consanguinea",1
2,0.01,0,0.348937150545449,"Diptera_sp._2","Convolvulacea_sp.",1
2,0.01,0,-1.55472424498511e-33,"Satyrinae_sp.","Camptosema_isopetalum",1
2,0.01,0,3.61616280419205e-19,"Pteromalidae_sp._1","Declieuxia_fruticosa",1
2,0.01,0,0.00881152258767149,"Cauliognathini_sp._1","Palicourea_rigida",1
2,0.01,0,3.70328455857303e-17,"Augochlora_(Oxystoglossella)_sp._2","Rynchospora_consanguinea",1
2,0.01,0,0,"Protomydas_sp.","Malpigaceae_sp.",1
2,0.01,0,-1.26690948586338e-17,"Exomalopsis_sp._1","Ouratea_floribunda",1
2,0.01,0,1.99638274247389e-18,"Melipona_sp._1","Ouratea_floribunda",1
2,0.01,0,0,"Madopterini_sp.","Jacaranda_caroba",1
2,0.01,0,-9.54930025751402e-51,"Eullaema_nigrita","Myrcia_guianensis",1
2,0.01,0,0.226563389505385,"Plecia_sp.","Jacaranda_caroba",1
2,0.01,0,1.23664754107737e-30,"Sciara_sp.","Luxemburgia_villosa",1
2,0.01,0,-4.99594635636352e-37,"Heliactin_bilophus","Hypenia_macrantha",1
2,0.01,0,0.00463646174139661,"Aellopos_sp.","Malpigaceae_sp.",1
2,0.01,0,0,"Protomydas_sp.","Jacaranda_caroba",1
2,0.01,0,0.443378669414133,"Cephalotes_pusillus","Jacaranda_caroba",1
2,0.01,0,-1.159833319436e-18,"Xylocopa_sp._2","Trigonia_cipoensis",1
2,0.01,0,0.181394128726538,"Sciara_sp.","Mimosa_sp.",1
2,0.01,0,0,"Diptera_sp._2","Stachytarpheta_confertifolia",1
2,0.01,0,-1.08777156810633e-17,"Vanessa_sp.","Richterago_arenaria",1
2,0.01,0,0,"Myzinum_sp.","Lessingianthus_pycnostachyus",1
2,0.01,0,-4.21913681632104e-16,"Plecia_sp.","Byrsonima_variabilis",1
2,0.01,0,-2.37215392844049e-17,"Eullaema_nigrita","Richterago_arenaria",1
2,0.01,0,-2.36619231498613e-33,"Pseudagapostemon_sp._1","Declieuxia_fruticosa",1
2,0.01,0,0.00283239356059444,"Unidentified_Lepidoptera_sp._7","Malpigaceae_sp.",1
2,0.01,0,6.18943982543615e-37,"Madarini_sp._2","Lessingianthus_pycnostachyus",1
2,0.01,0,-1.33483317898178e-30,"Trichodes_sp.","Luxemburgia_villosa",1
2,0.01,0,-3.46122612552344e-18,"Cerambycidae_sp.","Camptosema_isopetalum",1
2,0.01,0,0,"Heliactin_bilophus","Solanum_sp.",1
2,0.01,0,-1.59571056930463e-35,"Coelioxys_sp.","Declieuxia_fruticosa",1
2,0.01,0,4.27344528429975e-18,"Xylocopa_sp._1","Stachytarpheta_linearis",1
2,0.01,0,-5.17862308054063e-38,"Madarini_sp._2","Trigonia_cipoensis",1
2,0.01,0,0,"Xylocopa_sp._1","Solanum_sp.",1
2,0.01,0,0,"Nitidulidae_sp._2","Myrcia_guianensis",1
2,0.01,0,0,"Palpada_sp.","Cuphea_ericoides",1
2,0.01,0,0.00519596246773263,"Alticini_sp._2","Stachytarpheta_linearis",1
2,0.01,0,0.181716183256783,"Neodexiopsis_sp.","Mimosa_sp.",1
2,0.01,0,1.99817114368798e-37,"Madarini_sp._2","Malpigaceae_sp.",1
2,0.01,0,0.00262171443582351,"Unidentified_Lepidoptera_sp._7","Jacaranda_caroba",1
2,0.01,0,3.77045412864534e-19,"Cauliognathini_sp._1","Declieuxia_fruticosa",1
2,0.01,0,0.0935126608285273,"Campylopterus_largipennis","Lessingianthus_pycnostachyus",1
2,0.01,0,0,"Brachygastra_lecheguana","Vellozia_albiflora",1
2,0.01,0,-0.000665786525902555,"Papilionidae_sp.","Trigonia_cipoensis",1
2,0.01,0,0,"Elateridae_sp._1","Mimosa_sp.",1
2,0.01,0,0.000710325214798247,"Papilionidae_sp.","Mimosa_sp.",1
2,0.01,0,0,"Xylocopa_sp._5","Palicourea_rigida",1
2,0.01,0,1.67732149285519,"Camponotus_crassus","Vochysia_thyrsoidea",1
2,0.01,0,-1.14385532280078e-16,"Trichodes_sp.","Byrsonima_variabilis",1
2,0.01,0,0,"Augochlora_(Oxystoglossella)_sp._2","Solanum_sp.",1
2,0.01,0,4.19184948216819e-39,"Centris_(Hemisielaa)_tarsata","Turnera_hilaireana",1
2,0.01,0,0,"Sibinia_sp.","Vochysia_thyrsoidea",1
2,0.01,0,0,"Eumolpini_sp._4","Lessingianthus_pycnostachyus",1
2,0.01,0,1.06368695551953e-37,"Deopalpus_sp.","Turnera_hilaireana",1
2,0.01,0,0,"Sibinia_sp.","Palicourea_rigida",1
2,0.01,0,0.302235323794535,"Cerambycidae_sp.","Malpigaceae_sp.",1
2,0.01,0,-3.18122782924703e-18,"Ceratina_(Crewella)_sp._2","Sabicea_brasiliensis",1
2,0.01,0,0.0106914341637741,"Centris_(Hemisielaa)_tarsata","Convolvulacea_sp.",1
2,0.01,0,0.987293787768784,"Ceratina_(Crewella)_asuncionis","Cuphea_ericoides",1
2,0.01,0,-4.24843547833346e-20,"Anthidini_sp.","Declieuxia_fruticosa",1
2,0.01,0,-2.55275788513852e-52,"Megachile_(Pseudocentron)_sp._1","Paepalanthus_sp._1",1
2,0.01,0,0,"Xylocopa_sp._5","Stachytarpheta_confertifolia",1
2,0.01,0,0.000250976489932976,"Megachile_(Moureapis)_cf_anthidioides","Palicourea_rigida",1
2,0.01,0,0,"Augochloropsis_sp._1","Solanum_sp.",1
2,0.01,0,3.55584255108041e-19,"Cauliognathus_sp._2","Declieuxia_fruticosa",1
2,0.01,0,2.02192873785571e-19,"Coelioxys_sp.","Mimosa_sp.",1
2,0.01,0,1.65004350492195e-16,"Satyrinae_sp.","Jacaranda_caroba",1
2,0.01,0,0,"Madopterini_sp.","Luxemburgia_villosa",1
2,0.01,0,0,"Anthidini_sp.","Vellozia_albiflora",1
2,0.01,0,-6.48758809664696e-37,"Centris_(Hemisielaa)_tarsata","Myrcia_guianensis",1
2,0.01,0,0,"Palpada_sp.","Malpigaceae_sp.",1
2,0.01,0,-3.7398299265828e-17,"Eullaema_nigrita","Cuphea_ericoides",1
2,0.01,0,0.77654013250726,"Ceratina_(Crewella)_asuncionis","Mimosa_sp.",1
2,0.01,0,-0.109300025629254,"Sciara_sp.","Aspilia_jolyana",1
2,0.01,0,0,"Protomydas_sp.","Lessingianthus_pycnostachyus",1
2,0.01,0,-0.00503836657574131,"Nitidulidae_sp._1","Vochysia_thyrsoidea",1
2,0.01,0,0.163949764351055,"Dialictus_(Chloralictus)_sp._1","Stachytarpheta_linearis",1
2,0.01,0,-0.0224493331701792,"Alticini_sp._1","Rynchospora_consanguinea",1
2,0.01,0,-0.145835373029745,"Plecia_sp.","Aspilia_jolyana",1
2,0.01,0,0,"Nitidulidae_sp._2","Sabicea_brasiliensis",1
2,0.01,0,0,"Xylocopa_sp._5","Turnera_hilaireana",1
2,0.01,0,0,"Nitidulidae_sp._2","Malpigaceae_sp.",1
2,0.01,0,0,"Elateridae_sp._1","Sabicea_brasiliensis",1
2,0.01,0,3.38285690469665e-36,"Lepidoptera_(microlepidoptera)","Myrcia_guianensis",1
2,0.01,0,-6.90458503304438e-15,"Apis_mellifera","Byrsonima_variabilis",1
2,0.01,0,-3.22391250536254e-19,"Cauliognathus_sp._2","Camptosema_isopetalum",1
2,0.01,0,-2.25735212937103e-51,"Cephalotes_pusillus","Paepalanthus_sp._1",1
2,0.01,0,2.07238224451927e-38,"Cauliognathus_sp._2","Turnera_hilaireana",1
2,0.01,0,0,"Chilicola_(Prosopoides)_sp.","Solanum_sp.",1
2,0.01,0,-0.12277284369687,"Camponotus_crassus","Paepalanthus_bromelioides",1
2,0.01,0,2.45342070755982e-17,"Megachile_(Pseudocentron)_sp._2","Camptosema_isopetalum",1
2,0.01,0,0.866110288598791,"Anthidini_sp.","Paepalanthus_bromelioides",1
2,0.01,0,-5.72049857522252e-17,"Xylocopa_sp._1","Lessingianthus_pycnostachyus",1
2,0.01,0,-1.58161624806746e-31,"Vanessa_sp.","Byrsonima_variabilis",1
2,0.01,0,0.301822238441964,"Deopalpus_sp.","Malpigaceae_sp.",1
2,0.01,0,-2.95519374077261e-37,"Augochlora_(Oxystoglossella)_sp._2","Hypenia_macrantha",1
2,0.01,0,0,"Tetrapedia_sp._2","Solanum_sp.",1
2,0.01,0,-0.00506007848890003,"Cauliognathini_sp._1","Vochysia_thyrsoidea",1
2,0.01,0,-0.0045443515156262,"Camponotus_crassus","Richterago_arenaria",1
2,0.01,0,2.06861953018886e-18,"Plecia_sp.","Declieuxia_fruticosa",1
2,0.01,0,0.00227746920292686,"Megachile_cf_(Dactylomegachile)_sp.","Palicourea_rigida",1
2,0.01,0,-8.55026583698257e-18,"Sciara_sp.","Sabicea_brasiliensis",1
2,0.01,0,0.00519083682003051,"Cauliognathini_sp._1","Stachytarpheta_linearis",1
2,0.01,0,0,"Madarini_sp._2","Vellozia_albiflora",1
2,0.01,0,1.30667617079549e-32,"Xylocopa_sp._1","Camptosema_isopetalum",1
2,0.01,0,7.86919424253172e-40,"Unidentified_Lepidoptera_sp._7","Turnera_hilaireana",1
2,0.01,0,-1.30481483672535e-30,"Cauliognathus_sp._2","Luxemburgia_villosa",1
2,0.01,0,0,"Xylocopa_big","Ouratea_floribunda",1
2,0.01,0,0.121264779334681,"Alticini_sp._1","Mimosa_sp.",1
2,0.01,0,0.000265317094981937,"Chlorostilbon_lucidus","Convolvulacea_sp.",1
2,0.01,0,0.00290638714555294,"Anthidini_sp.","Stachytarpheta_linearis",1
2,0.01,0,1.43310778290906e-67,"Eullaema_nigrita","Paepalanthus_sp._1",1
2,0.01,0,0,"Madopterini_sp.","Turnera_hilaireana",1
2,0.01,0,0.0179601110989247,"Alticini_sp._1","Trigonia_cipoensis",1
2,0.01,0,2.63678462517918e-21,"Ceratina_(Crewella)_asuncionis","Hypenia_macrantha",1
2,0.01,0,-0.00501579518288732,"Alticini_sp._2","Vochysia_thyrsoidea",1
2,0.01,0,-6.38683421083346e-38,"Campylopterus_largipennis","Turnera_hilaireana",1
2,0.01,0,-1.12998018335779e-16,"Alticini_sp._2","Byrsonima_variabilis",1
2,0.01,0,-1.4982075942596e-15,"Pseudagapostemon_sp._1","Lessingianthus_pycnostachyus",1
2,0.01,0,-1.08214275506602e-37,"Madarini_sp._2","Convolvulacea_sp.",1
2,0.01,0,0,"Coelioxys_sp.","Stachytarpheta_confertifolia",1
2,0.01,0,-1.49691448549025e-18,"Alticini_sp._1","Camptosema_isopetalum",1
2,0.01,0,0.0893493543951564,"Megachile_(Pseudocentron)_sp._1","Aspilia_jolyana",1
2,0.01,0,5.7617167233568e-23,"Anthidini_sp.","Hypenia_macrantha",1
2,0.01,0,0.000320056896198931,"Chlorostilbon_lucidus","Mimosa_sp.",1
2,0.01,0,-0.00203504505757452,"Camponotus_crassus","Trigonia_cipoensis",1
2,0.01,0,-1.44076735228141e-51,"Deopalpus_sp.","Paepalanthus_sp._1",1
2,0.01,0,-0.000322096886912382,"Trigona_spinipes","Jacaranda_caroba",1
2,0.01,0,0.242273014745013,"Plecia_sp.","Mimosa_sp.",1
2,0.01,0,7.71261356045457e-33,"Vanessa_sp.","Camptosema_isopetalum",1
2,0.01,0,-4.32124221606934e-37,"Eullaema_nigrita","Hypenia_macrantha",1
2,0.01,0,-3.01944182533621e-31,"Xylocopa_sp._1","Byrsonima_variabilis",1
2,0.01,0,0,"Hesperiinae_sp.","Vellozia_albiflora",1
2,0.01,0,0,"Xylocopa_big","Lessingianthus_pycnostachyus",1
2,0.01,0,0.0501440524964468,"Megachile_(Pseudocentron)_sp._1","Jacaranda_caroba",1
2,0.01,0,0,"Eumolpini_sp._4","Convolvulacea_sp.",1
2,0.01,0,0,"Campylopterus_largipennis","Solanum_sp.",1
2,0.01,0,0,"Nitidulidae_sp._2","Rynchospora_consanguinea",1
2,0.01,0,-1.22237442521088e-16,"Pseudagapostemon_sp._1","Malpigaceae_sp.",1
2,0.01,0,2.23855106560034e-16,"Satyrinae_sp.","Cuphea_ericoides",1
2,0.01,0,0.359222358993042,"Centris_(Hemisielaa)_tarsata","Paepalanthus_bromelioides",1
2,0.01,0,0.0505071245737033,"Bombus_pauloensis","Cuphea_ericoides",1
2,0.01,0,0,"Aellopos_sp.","Stachytarpheta_confertifolia",1
2,0.01,0,-8.4161344501802e-51,"Augochlora_(Oxystoglossella)_sp._2","Myrcia_guianensis",1
2,0.01,0,0.0264054984657736,"Lepidoptera_(microlepidoptera)","Palicourea_rigida",1
2,0.01,0,-4.65068452849699e-53,"Pseudagapostemon_sp._1","Turnera_hilaireana",1
2,0.01,0,1.37866277666973e-19,"Brachygastra_lecheguana","Declieuxia_fruticosa",1
2,0.01,0,5.16393797627362e-33,"Melipona_sp._1","Camptosema_isopetalum",1
2,0.01,0,-4.82339768895694e-37,"Unidentified_Lepidoptera_sp._7","Myrcia_guianensis",1
2,0.01,0,0.0473031646855088,"Trichodes_sp.","Richterago_arenaria",1
2,0.01,0,0.87624299837455,"Campylopterus_largipennis","Rynchospora_consanguinea",1
2,0.01,0,-2.51436713532707e-32,"Exomalopsis_sp._1","Camptosema_isopetalum",1
2,0.01,0,0.00739448883538547,"Megachile_cf_(Dactylomegachile)_sp.","Aspilia_jolyana",1
2,0.01,0,-0.00374088160139394,"Eupetomena_macroura","Richterago_arenaria",1
2,0.01,0,0,"Nitidulidae_sp._2","Jacaranda_caroba",1
2,0.01,0,21.3516792078183,"Ceratina_(Crewella)_asuncionis","Paepalanthus_bromelioides",1
2,0.01,0,0.00416286918779878,"Hesperiinae_sp.","Rynchospora_consanguinea",1
2,0.01,0,0,"Bombus_pauloensis","Vellozia_albiflora",1
2,0.01,0,-6.4016943717409e-17,"Campsomeris_sp._1","Byrsonima_variabilis",1
2,0.01,0,1.63170255604131e-18,"Melipona_sp._1","Stachytarpheta_linearis",1
2,0.01,0,7.38038977676587e-19,"Augochlora_(Oxystoglossella)_sp._2","Malpigaceae_sp.",1
2,0.01,0,-0.0229906877128178,"Diptera_sp._2","Vochysia_thyrsoidea",1
2,0.01,0,0,"Elateridae_sp._1","Turnera_hilaireana",1
2,0.01,0,-1.1579412702139e-18,"Brachygastra_lecheguana","Sabicea_brasiliensis",1
2,0.01,0,0.00188573869044686,"Centris_(Hemisielaa)_tarsata","Palicourea_rigida",1
2,0.01,0,0.00244669670188315,"Megachile_(Pseudocentron)_sp._1","Ouratea_floribunda",1
2,0.01,0,2.42505520558515e-33,"Augochlora_(Oxystoglossella)_sp._2","Camptosema_isopetalum",1
2,0.01,0,6.2130624291073e-38,"Lepidoptera_(microlepidoptera)","Turnera_hilaireana",1
2,0.01,0,7.45446008453028e-18,"Eupetomena_macroura","Sabicea_brasiliensis",1
2,0.01,0,0.000143319314043967,"Megachile_(Moureapis)_cf_anthidioides","Stachytarpheta_linearis",1
2,0.01,0,0,"Madopterini_sp.","Stachytarpheta_confertifolia",1
2,0.01,0,-0.0577211466522394,"Deopalpus_sp.","Rynchospora_consanguinea",1
2,0.01,0,-1.33506581812224e-53,"Unidentified_Lepidoptera_sp._7","Paepalanthus_sp._1",1
2,0.01,0,-0.00493429365172879,"Pteromalidae_sp._1","Rynchospora_consanguinea",1
2,0.01,0,4.81583052729228e-18,"Augochlora_(Oxystoglossella)_sp._2","Lessingianthus_pycnostachyus",1
2,0.01,0,1.34180709522279e-20,"Augochlora_(Oxystoglossella)_sp._2","Richterago_arenaria",1
2,0.01,0,0.0629527560424698,"Diptera_sp._2","Trigonia_cipoensis",1
2,0.01,0,-2.53956374753738e-21,"Augochloropsis_sp._1","Hypenia_macrantha",1
2,0.01,0,0.000308088817079646,"Chlorostilbon_lucidus","Malpigaceae_sp.",1
2,0.01,0,-0.000724545723325248,"Aellopos_sp.","Trigonia_cipoensis",1
2,0.01,0,0.00535675857515526,"Megachile_(Pseudocentron)_sp._1","Stachytarpheta_linearis",1
2,0.01,0,0.0472237998537355,"Cauliognathini_sp._1","Richterago_arenaria",1
2,0.01,0,1.63156368071326e-19,"Coelioxys_sp.","Convolvulacea_sp.",1
2,0.01,0,0.230390718292568,"Neodexiopsis_sp.","Cuphea_ericoides",1
2,0.01,0,9.77837436309406e-16,"Chilicola_(Prosopoides)_sp.","Vochysia_thyrsoidea",1
2,0.01,0,-1.10781660942419e-16,"Heliactin_bilophus","Paepalanthus_bromelioides",1
2,0.01,0,0,"Cauliognathus_sp._2","Solanum_sp.",1
2,0.01,0,0,"Protomydas_sp.","Aspilia_jolyana",1
2,0.01,0,0,"Eullaema_nigrita","Stachytarpheta_confertifolia",1
2,0.01,0,1.29873317408535e-36,"Cauliognathini_sp._1","Myrcia_guianensis",1
2,0.01,0,2.68737175289067e-16,"Melipona_sp._1","Aspilia_jolyana",1
2,0.01,0,0,"Nitidulidae_sp._2","Paepalanthus_bromelioides",1
2,0.01,0,-0.202963936581766,"Deopalpus_sp.","Aspilia_jolyana",1
2,0.01,0,-1.07546087072549e-17,"Megachile_(Pseudocentron)_sp._2","Declieuxia_fruticosa",1
2,0.01,0,-3.5295146301841e-18,"Heliactin_bilophus","Cuphea_ericoides",1
2,0.01,0,0.0443209993882782,"Cerambycidae_sp.","Palicourea_rigida",1
2,0.01,0,0,"Satyrinae_sp.","Vellozia_albiflora",1
2,0.01,0,-1.14040653496263e-16,"Cauliognathus_sp._2","Byrsonima_variabilis",1
2,0.01,0,1.97636210855663e-17,"Apis_mellifera","Sabicea_brasiliensis",1
2,0.01,0,0,"Nitidulidae_sp._2","Stachytarpheta_linearis",1
2,0.01,0,0.0565756965136878,"Alticini_sp._2","Jacaranda_caroba",1
2,0.01,0,0.11295986869387,"Ceratina_(Crewella)_asuncionis","Palicourea_rigida",1
2,0.01,0,0,"Sibinia_sp.","Byrsonima_variabilis",1
2,0.01,0,0.248291171619233,"Deopalpus_sp.","Convolvulacea_sp.",1
2,0.01,0,0.153694921098402,"Alticini_sp._1","Cuphea_ericoides",1
2,0.01,0,0.0598081787551957,"Colibri_serrirostris","Lessingianthus_pycnostachyus",1
2,0.01,0,0.0232448374874237,"Anthidini_sp.","Vochysia_thyrsoidea",1
2,0.01,0,0,"Elateridae_sp._1","Hypenia_macrantha",1
2,0.01,0,3.08266930152256e-59,"Toxophorinae_sp._2","Hypenia_macrantha",1
2,0.01,0,0.3031917015941,"Cerambycidae_sp.","Mimosa_sp.",1
2,0.01,0,-0.00168015535869903,"Trigona_spinipes","Trigonia_cipoensis",1
2,0.01,0,0,"Nitidulidae_sp._2","Lessingianthus_pycnostachyus",1
2,0.01,0,0.000936177775738664,"Phoebis_sennae","Aspilia_jolyana",1
2,0.01,0,0.00455370236397288,"Anthidini_sp.","Palicourea_rigida",1
2,0.01,0,5.81584497110336e-19,"Coelioxys_sp.","Rynchospora_consanguinea",1
2,0.01,0,0.00181826432337343,"Nitidulidae_sp._1","Ouratea_floribunda",1
2,0.01,0,-0.107519429413096,"Neodexiopsis_sp.","Aspilia_jolyana",1
2,0.01,0,0,"Protomydas_sp.","Declieuxia_fruticosa",1
2,0.01,0,-9.99955064992608e-19,"Chilicola_(Prosopoides)_sp.","Convolvulacea_sp.",1
2,0.01,0,0,"Xylocopa_sp._5","Stachytarpheta_linearis",1
2,0.01,0,0,"Xylocopa_big","Trigonia_cipoensis",1
2,0.01,0,3.98944965053471e-33,"Heliactin_bilophus","Camptosema_isopetalum",1
2,0.01,0,1.29647071016143e-36,"Nitidulidae_sp._1","Myrcia_guianensis",1
2,0.01,0,0.0203413898531888,"Plecia_sp.","Stachytarpheta_linearis",1
2,0.01,0,0,"Xylocopa_big","Vellozia_albiflora",1
2,0.01,0,0.0241275148496159,"Campylopterus_largipennis","Cuphea_ericoides",1
2,0.01,0,-2.82809308463949e-18,"Trichodes_sp.","Sabicea_brasiliensis",1
2,0.01,0,-3.80273318321152e-34,"Eupetomena_macroura","Myrcia_guianensis",1
2,0.01,0,-8.75728983654138e-16,"Trigona_spinipes","Byrsonima_variabilis",1
2,0.01,0,2.60357483556841e-18,"Camponotus_crassus","Sabicea_brasiliensis",1
2,0.01,0,0,"Elateridae_sp._1","Palicourea_rigida",1
2,0.01,0,-2.93927852849068e-18,"Megachile_(Moureapis)_cf_anthidioides","Byrsonima_variabilis",1
2,0.01,0,1.66393862872103e-20,"Augochloropsis_sp._3","Declieuxia_fruticosa",1
2,0.01,0,0,"Pteromalidae_sp._1","Solanum_sp.",1
2,0.01,0,1.83805871807576e-20,"Phoebis_sennae","Camptosema_isopetalum",1
2,0.01,0,2.31931746997041e-22,"Trichodes_sp.","Hypenia_macrantha",1
2,0.01,0,-7.81673981055822e-31,"Unidentified_Lepidoptera_sp._7","Luxemburgia_villosa",1
2,0.01,0,0.0135383056435587,"Colibri_serrirostris","Stachytarpheta_linearis",1
2,0.01,0,0,"Aellopos_sp.","Solanum_sp.",1
2,0.01,0,-1.03968972006522e-28,"Cephalotes_pusillus","Luxemburgia_villosa",1
2,0.01,0,0.00116969185862141,"Anthidini_sp.","Ouratea_floribunda",1
2,0.01,0,0,"Palpada_sp.","Jacaranda_caroba",1
2,0.01,0,0.0768941384730561,"Trichodes_sp.","Cuphea_ericoides",1
2,0.01,0,0,"Madopterini_sp.","Aspilia_jolyana",1
2,0.01,0,1.49220623210521e-40,"Augochloropsis_sp._3","Turnera_hilaireana",1
2,0.01,0,-0.00061474978891938,"Colibri_serrirostris","Richterago_arenaria",1
2,0.01,0,0,"Pseudagapostemon_sp._1","Solanum_sp.",1
2,0.01,0,0.198593883438663,"Plecia_sp.","Convolvulacea_sp.",1
2,0.01,0,0,"Eumolpini_sp._4","Declieuxia_fruticosa",1
2,0.01,0,0.0444927557080525,"Eupetomena_macroura","Ouratea_floribunda",1
2,0.01,0,0,"Elateridae_sp._1","Cuphea_ericoides",1
2,0.01,0,-6.08945812370603e-44,"Xylocopa_sp._1","Luxemburgia_villosa",1
2,0.01,0,0,"Sibinia_sp.","Mimosa_sp.",1
2,0.01,0,0.00509828733341396,"Neodexiopsis_sp.","Ouratea_floribunda",1
2,0.01,0,0,"Protomydas_sp.","Rynchospora_consanguinea",1
2,0.01,0,0,"Myzinum_sp.","Cuphea_ericoides",1
2,0.01,0,-1.05777557819009e-29,"Megachile_(Pseudocentron)_sp._1","Luxemburgia_villosa",1
2,0.01,0,0,"Myzinum_sp.","Declieuxia_fruticosa",1
2,0.01,0,0.0247744603247892,"Brachygastra_lecheguana","Malpigaceae_sp.",1
2,0.01,0,-3.27311751395908e-52,"Ceratina_(Crewella)_sp._2","Paepalanthus_sp._1",1
2,0.01,0,-2.78425605253769e-18,"Melipona_sp._1","Convolvulacea_sp.",1
2,0.01,0,0,"Nitidulidae_sp._2","Trigonia_cipoensis",1
2,0.01,0,0,"Xylocopa_big","Byrsonima_variabilis",1
2,0.01,0,-1.13603554271508e-44,"Augochlora_(Oxystoglossella)_sp._2","Luxemburgia_villosa",1
2,0.05,1,-4.94918679654698e-37,"Dialictus_(Chloralictus)_sp._1","Turnera_hilaireana",1
2,0.05,1,0,"Trigona_spinipes","Vellozia_albiflora",1
2,0.05,3,0,"Centris_(Hemisielaa)_tarsata","Solanum_sp.",1
2,0.05,1,0,"Dialictus_(Chloralictus)_sp._1","Vellozia_albiflora",1
2,0.05,1,-1.69640937393538e-39,"Trigona_spinipes","Myrcia_guianensis",1
2,0.05,1,2.8537975465983e-37,"Apis_mellifera","Turnera_hilaireana",1
2,0.05,1,0.0472812915281106,"Alticini_sp._2","Richterago_arenaria",1
2,0.05,1,-8.21713751151878e-19,"Campylopterus_largipennis","Declieuxia_fruticosa",1
2,0.05,1,9.08095252998606e-25,"Chlorostilbon_lucidus","Hypenia_macrantha",1
2,0.05,2,-0.00775403564081057,"Eupetomena_macroura","Palicourea_rigida",1
2,0.05,5,0,"Xylocopa_big","Vochysia_thyrsoidea",1
2,0.05,4,-5.71847742238433e-19,"Augochlora_(Oxystoglossella)_sp._2","Cuphea_ericoides",1
2,0.05,2,0.723694140870686,"Ceratina_(Crewella)_asuncionis","Jacaranda_caroba",1
2,0.05,2,1.96593471242162e-16,"Pseudagapostemon_sp._1","Aspilia_jolyana",1
2,0.05,8,0.00130570325486022,"Phoebis_sennae","Vochysia_thyrsoidea",1
2,0.05,1,0,"Protomydas_sp.","Vochysia_thyrsoidea",1
2,0.05,1,0.00885208409131349,"Megachile_(Pseudocentron)_sp._2","Cuphea_ericoides",1
2,0.05,4,12.9684354225889,"Cephalotes_pusillus","Paepalanthus_bromelioides",1
2,0.05,1,1.27233473852957,"Megachile_(Pseudocentron)_sp._2","Aspilia_jolyana",1
2,0.05,4,0,"Sibinia_sp.","Paepalanthus_bromelioides",1
2,0.05,1,0,"Dialictus_(Chloralictus)_sp._1","Stachytarpheta_confertifolia",1
2,0.05,1,-5.22612147166406e-19,"Colibri_serrirostris","Declieuxia_fruticosa",1
2,0.05,1,9.79101928463229e-17,"Eullaema_nigrita","Aspilia_jolyana",1
2,0.05,1,0,"Xylocopa_sp._5","Malpigaceae_sp.",1
2,0.05,1,0,"Palpada_sp.","Paepalanthus_bromelioides",1
2,0.05,1,1.04560099660259e-20,"Chlorostilbon_lucidus","Declieuxia_fruticosa",1
2,0.05,3,-0.0480432915910808,"Trigona_spinipes","Paepalanthus_bromelioides",1
2,0.05,1,9.49964992803436e-17,"Xylocopa_sp._2","Aspilia_jolyana",1
2,0.05,1,1.92963014754904e-16,"Heliactin_bilophus","Lessingianthus_pycnostachyus",1
2,0.05,1,0,"Augochloropsis_sp._1","Vellozia_albiflora",1
2,0.05,4,0,"Elateridae_sp._1","Paepalanthus_bromelioides",1
2,0.05,2,0,"Eumolpini_sp._4","Paepalanthus_bromelioides",1
2,0.05,2,-6.02876168760179e-32,"Tetrapedia_sp._2","Byrsonima_variabilis",1
2,0.05,1,-3.31874974452911e-15,"Dialictus_(Chloralictus)_sp._1","Byrsonima_variabilis",1
2,0.05,2,-1.80068165285694e-38,"Ceratina_(Crewella)_sp._2","Turnera_hilaireana",1
2,0.05,1,0,"Xylocopa_sp._5","Cuphea_ericoides",1
2,0.05,3,0.000318308534883485,"Phoebis_sennae","Palicourea_rigida",1
2,0.05,1,-1.1112755964336e-16,"Tapinotaspidini_sp._1","Malpigaceae_sp.",1
2,0.05,1,5.34329025026918e-19,"Chlorostilbon_lucidus","Camptosema_isopetalum",1
2,0.05,1,8.78119520481544e-19,"Chilicola_(Prosopoides)_sp.","Cuphea_ericoides",1
2,0.05,3,0.0166361326674035,"Centris_(Hemisielaa)_tarsata","Cuphea_ericoides",1
2,0.05,1,0,"Nitidulidae_sp._2","Mimosa_sp.",1
2,0.05,9,-0.00229089631133581,"Chlorostilbon_lucidus","Vochysia_thyrsoidea",1
2,0.05,1,0,"Augochloropsis_sp._3","Vellozia_albiflora",1
2,0.05,1,1.15286474646174e-17,"Tetrapedia_sp._2","Aspilia_jolyana",1
2,0.05,1,-5.17627732448676e-52,"Dialictus_(Chloralictus)_sp._1","Paepalanthus_sp._1",1
2,0.05,1,0,"Xylocopa_big","Luxemburgia_villosa",1
2,0.05,3,1.40230856095729e-17,"Cephalotes_pusillus","Declieuxia_fruticosa",1
2,0.05,1,-3.09750860379151e-19,"Coelioxys_sp.","Cuphea_ericoides",1
2,0.05,3,0,"Nitidulidae_sp._2","Turnera_hilaireana",1
2,0.05,2,3.29829847143294e-18,"Xylocopa_sp._1","Cuphea_ericoides",1
2,0.05,1,0,"Madopterini_sp.","Paepalanthus_bromelioides",1
2,0.05,3,1.19547168276682e-36,"Madarini_sp._2","Paepalanthus_bromelioides",1
2,0.05,3,0.237048193200029,"Cerambycidae_sp.","Richterago_arenaria",1
2,0.05,2,8.34106867252906e-17,"Xylocopa_sp._2","Vochysia_thyrsoidea",1
2,0.05,1,5.66447189557627e-17,"Dialictus_(Chloralictus)_sp._1","Declieuxia_fruticosa",1
2,0.05,1,-1.62975184565117e-16,"Satyrinae_sp.","Aspilia_jolyana",1
2,0.05,2,0.00280378407270223,"Phoebis_sennae","Cuphea_ericoides",1
2,0.05,2,0,"Myzinum_sp.","Paepalanthus_bromelioides",1
2,0.05,0,-6.57534092742419e-19,"Camponotus_crassus","Declieuxia_fruticosa",1
2,0.05,0,0.00143840535790883,"Megachile_cf_(Dactylomegachile)_sp.","Stachytarpheta_linearis",1
2,0.05,0,0,"Xylocopa_big","Convolvulacea_sp.",1
2,0.05,0,4.06853721802846e-38,"Madarini_sp._2","Jacaranda_caroba",1
2,0.05,0,2.21097786984385e-15,"Bombus_pauloensis","Byrsonima_variabilis",1
2,0.05,0,0.00893530545760314,"Cauliognathini_sp._1","Trigonia_cipoensis",1
2,0.05,0,0.471999894296866,"Cephalotes_pusillus","Mimosa_sp.",1
2,0.05,0,0,"Camponotus_crassus","Vellozia_albiflora",1
2,0.05,0,-2.96936457364318e-18,"Coelioxys_sp.","Lessingianthus_pycnostachyus",1
2,0.05,0,-0.182348955822458,"Cerambycidae_sp.","Aspilia_jolyana",1
2,0.05,0,-1.07302712852093e-52,"Cauliognathus_sp._2","Paepalanthus_sp._1",1
2,0.05,0,-1.07288891396962e-38,"Pteromalidae_sp._1","Myrcia_guianensis",1
2,0.05,0,4.0566619546607e-21,"Augochlora_(Oxystoglossella)_sp._2","Aspilia_jolyana",1
2,0.05,0,-0.0787458881698349,"Alticini_sp._1","Aspilia_jolyana",1
2,0.05,0,0.0129451631619714,"Hesperiinae_sp.","Vochysia_thyrsoidea",1
2,0.05,0,0,"Cerambycidae_sp.","Vellozia_albiflora",1
2,0.05,0,-9.37607511463395e-54,"Tetrapedia_sp._2","Turnera_hilaireana",1
2,0.05,0,1.75663412051062e-18,"Xylocopa_sp._1","Convolvulacea_sp.",1
2,0.05,0,0.339806970919783,"Augochloropsis_sp._1","Rynchospora_consanguinea",1
2,0.05,0,0,"Myzinum_sp.","Vellozia_albiflora",1
2,0.05,0,0.431106487351557,"Megachile_cf_(Dactylomegachile)_sp.","Paepalanthus_bromelioides",1
2,0.05,0,3.64526556103597e-17,"Tetrapedia_sp._2","Mimosa_sp.",1
2,0.05,0,0.0074031137344576,"Aellopos_sp.","Ouratea_floribunda",1
2,0.05,0,-9.62754680514299e-39,"Megachile_(Pseudocentron)_sp._1","Myrcia_guianensis",1
2,0.05,0,-0.00311698808979023,"Camponotus_crassus","Palicourea_rigida",1
2,0.05,0,0,"Protomydas_sp.","Sabicea_brasiliensis",1
2,0.05,0,0,"Eumolpini_sp._4","Hypenia_macrantha",1
2,0.05,0,8.90555226947851e-19,"Chilicola_(Prosopoides)_sp.","Stachytarpheta_linearis",1
2,0.05,0,1.89138483483204e-17,"Exomalopsis_sp._1","Richterago_arenaria",1
2,0.05,0,-4.84363529069942e-39,"Campsomeris_sp._1","Myrcia_guianensis",1
2,0.05,0,-0.00281003246137685,"Trigona_spinipes","Palicourea_rigida",1
2,0.05,0,6.29583275040302e-28,"Bombus_pauloensis","Luxemburgia_villosa",1
2,0.05,0,-3.68525401919817e-19,"Augochlora_(Oxystoglossella)_sp._2","Convolvulacea_sp.",1
2,0.05,0,3.73891098638576e-18,"Melipona_sp._1","Lessingianthus_pycnostachyus",1
2,0.05,0,0,"Phoebis_sennae","Stachytarpheta_confertifolia",1
2,0.05,0,0.679537037617171,"Brachygastra_lecheguana","Paepalanthus_bromelioides",1
2,0.05,0,3.14916491737509e-15,"Pseudagapostemon_sp._1","Paepalanthus_bromelioides",1
2,0.05,0,-1.03561272450133e-32,"Melipona_sp._1","Byrsonima_variabilis",1
2,0.05,0,0.862948984539211,"Megachile_sp.","Paepalanthus_bromelioides",1
2,0.05,0,0.00322601311535064,"Hesperiinae_sp.","Lessingianthus_pycnostachyus",1
2,0.05,0,8.31350082046367e-29,"Papilionidae_sp.","Luxemburgia_villosa",1
2,0.05,0,0.0121823973386734,"Centris_(Hemisielaa)_tarsata","Jacaranda_caroba",1
2,0.05,0,0.113310403925288,"Alticini_sp._1","Jacaranda_caroba",1
2,0.05,0,0.0247053878863102,"Ceratina_(Crewella)_asuncionis","Ouratea_floribunda",1
2,0.05,0,-2.80003623793371e-39,"Megachile_cf_(Dactylomegachile)_sp.","Myrcia_guianensis",1
2,0.05,0,0,"Elateridae_sp._1","Byrsonima_variabilis",1
2,0.05,0,0.0298992969820306,"Papilionidae_sp.","Lessingianthus_pycnostachyus",1
2,0.05,0,4.26953856240172e-34,"Coelioxys_sp.","Byrsonima_variabilis",1
2,0.05,0,-9.81714774860667e-31,"Alticini_sp._1","Luxemburgia_villosa",1
2,0.05,0,-4.6617037965634e-18,"Eullaema_nigrita","Stachytarpheta_linearis",1
2,0.05,0,-6.63889434696617e-20,"Augochlora_(Oxystoglossella)_sp._2","Trigonia_cipoensis",1
2,0.05,0,1.2420000655868e-21,"Diptera_sp._2","Hypenia_macrantha",1
2,0.05,0,0,"Eumolpini_sp._4","Aspilia_jolyana",1
2,0.05,0,0.0472338686008726,"Cauliognathus_sp._2","Richterago_arenaria",1
2,0.05,0,0.00228593184295293,"Unidentified_Lepidoptera_sp._7","Convolvulacea_sp.",1
2,0.05,0,0,"Sibinia_sp.","Trigonia_cipoensis",1
2,0.05,0,0,"Augochloropsis_sp._3","Stachytarpheta_confertifolia",1
2,0.05,0,0,"Madopterini_sp.","Declieuxia_fruticosa",1
2,0.05,0,-0.00183252278182327,"Augochloropsis_sp._3","Aspilia_jolyana",1
2,0.05,0,0.000254420211924046,"Megachile_(Moureapis)_cf_anthidioides","Trigonia_cipoensis",1
2,0.05,0,-0.000322799695652926,"Megachile_(Moureapis)_cf_anthidioides","Rynchospora_consanguinea",1
2,0.05,0,0.00214120358673189,"Brachygastra_lecheguana","Stachytarpheta_linearis",1
2,0.05,0,0.000316503980415637,"Augochloropsis_sp._3","Malpigaceae_sp.",1
2,0.05,0,-1.60122858393338e-17,"Cerambycidae_sp.","Sabicea_brasiliensis",1
2,0.05,0,0.0689865763373866,"Cephalotes_pusillus","Trigonia_cipoensis",1
2,0.05,0,7.9449731893144e-20,"Melipona_sp._1","Trigonia_cipoensis",1
2,0.05,0,0.0028240104115476,"Megachile_sp.","Stachytarpheta_linearis",1
2,0.05,0,-6.50070131120639e-53,"Toxophorinae_sp._2","Byrsonima_variabilis",1
2,0.05,0,0,"Xylocopa_sp._2","Vellozia_albiflora",1
2,0.05,0,0,"Neodexiopsis_sp.","Vellozia_albiflora",1
2,0.05,0,-0.000749979428562832,"Bombus_pauloensis","Mimosa_sp.",1
2,0.05,0,-0.00945149403193589,"Bombus_pauloensis","Convolvulacea_sp.",1
2,0.05,0,5.83802898854534e-17,"Pseudagapostemon_sp._1","Rynchospora_consanguinea",1
2,0.05,0,0.34904607851398,"Diptera_sp._2","Convolvulacea_sp.",1
2,0.05,0,-5.62880144939642e-31,"Satyrinae_sp.","Camptosema_isopetalum",1
2,0.05,0,1.83255229396221e-18,"Pteromalidae_sp._1","Declieuxia_fruticosa",1
2,0.05,0,0.00880642269992082,"Cauliognathini_sp._1","Palicourea_rigida",1
2,0.05,0,-1.5289486603683e-21,"Augochlora_(Oxystoglossella)_sp._2","Rynchospora_consanguinea",1
2,0.05,0,0,"Protomydas_sp.","Malpigaceae_sp.",1
2,0.05,0,2.49966357119625e-18,"Exomalopsis_sp._1","Ouratea_floribunda",1
2,0.05,0,-2.34497665015411e-19,"Melipona_sp._1","Ouratea_floribunda",1
2,0.05,0,0,"Madopterini_sp.","Jacaranda_caroba",1
2,0.05,0,1.06872212961308e-53,"Eullaema_nigrita","Myrcia_guianensis",1
2,0.05,0,0.2263850217319,"Plecia_sp.","Jacaranda_caroba",1
2,0.05,0,-6.96299675745057e-31,"Sciara_sp.","Luxemburgia_villosa",1
2,0.05,0,4.62246199052114e-38,"Heliactin_bilophus","Hypenia_macrantha",1
2,0.05,0,0.00463267906956322,"Aellopos_sp.","Malpigaceae_sp.",1
2,0.05,0,0,"Protomydas_sp.","Jacaranda_caroba",1
2,0.05,0,0.441797081156798,"Cephalotes_pusillus","Jacaranda_caroba",1
2,0.05,0,-2.28755458410966e-18,"Xylocopa_sp._2","Trigonia_cipoensis",1
2,0.05,0,0.18122925771255,"Sciara_sp.","Mimosa_sp.",1
2,0.05,0,0,"Diptera_sp._2","Stachytarpheta_confertifolia",1
2,0.05,0,6.56063941262501e-19,"Vanessa_sp.","Richterago_arenaria",1
2,0.05,0,0,"Myzinum_sp.","Lessingianthus_pycnostachyus",1
2,0.05,0,-4.68525557616218e-16,"Plecia_sp.","Byrsonima_variabilis",1
2,0.05,0,-4.7436527051076e-17,"Eullaema_nigrita","Richterago_arenaria",1
2,0.05,0,3.41188264172416e-33,"Pseudagapostemon_sp._1","Declieuxia_fruticosa",1
2,0.05,0,0.00283201879573164,"Unidentified_Lepidoptera_sp._7","Malpigaceae_sp.",1
2,0.05,0,5.30962039485955e-37,"Madarini_sp._2","Lessingianthus_pycnostachyus",1
2,0.05,0,1.46062351109898e-30,"Trichodes_sp.","Luxemburgia_villosa",1
2,0.05,0,5.07355943623649e-16,"Cerambycidae_sp.","Camptosema_isopetalum",1
2,0.05,0,0,"Heliactin_bilophus","Solanum_sp.",1
2,0.05,0,-7.372389780973e-36,"Coelioxys_sp.","Declieuxia_fruticosa",1
2,0.05,0,6.43788868007469e-19,"Xylocopa_sp._1","Stachytarpheta_linearis",1
2,0.05,0,6.40351276689672e-39,"Madarini_sp._2","Trigonia_cipoensis",1
2,0.05,0,0,"Xylocopa_sp._1","Solanum_sp.",1
2,0.05,0,0,"Nitidulidae_sp._2","Myrcia_guianensis",1
2,0.05,0,0,"Palpada_sp.","Cuphea_ericoides",1
2,0.05,0,0.00520299791491656,"Alticini_sp._2","Stachytarpheta_linearis",1
2,0.05,0,0.181550872631957,"Neodexiopsis_sp.","Mimosa_sp.",1
2,0.05,0,4.36052785613916e-38,"Madarini_sp._2","Malpigaceae_sp.",1
2,0.05,0,0.00262007825490252,"Unidentified_Lepidoptera_sp._7","Jacaranda_caroba",1
2,0.05,0,1.83439977280445e-18,"Cauliognathini_sp._1","Declieuxia_fruticosa",1
2,0.05,0,0.093481965261598,"Campylopterus_largipennis","Lessingianthus_pycnostachyus",1
2,0.05,0,0,"Brachygastra_lecheguana","Vellozia_albiflora",1
2,0.05,0,-0.000663490773179186,"Papilionidae_sp.","Trigonia_cipoensis",1
2,0.05,0,0,"Elateridae_sp._1","Mimosa_sp.",1
2,0.05,0,0.000708625663911869,"Papilionidae_sp.","Mimosa_sp.",1
2,0.05,0,0,"Xylocopa_sp._5","Palicourea_rigida",1
2,0.05,0,1.67267052535398,"Camponotus_crassus","Vochysia_thyrsoidea",1
2,0.05,0,-1.11152263381808e-16,"Trichodes_sp.","Byrsonima_variabilis",1
2,0.05,0,0,"Augochlora_(Oxystoglossella)_sp._2","Solanum_sp.",1
2,0.05,0,-3.24339987560416e-39,"Centris_(Hemisielaa)_tarsata","Turnera_hilaireana",1
2,0.05,0,0,"Sibinia_sp.","Vochysia_thyrsoidea",1
2,0.05,0,0,"Eumolpini_sp._4","Lessingianthus_pycnostachyus",1
2,0.05,0,-8.35276863009673e-38,"Deopalpus_sp.","Turnera_hilaireana",1
2,0.05,0,0,"Sibinia_sp.","Palicourea_rigida",1
2,0.05,0,0.302148648752569,"Cerambycidae_sp.","Malpigaceae_sp.",1
2,0.05,0,-3.59741143094828e-18,"Ceratina_(Crewella)_sp._2","Sabicea_brasiliensis",1
2,0.05,0,0.0106641927766534,"Centris_(Hemisielaa)_tarsata","Convolvulacea_sp.",1
2,0.05,0,0.983907961855637,"Ceratina_(Crewella)_asuncionis","Cuphea_ericoides",1
2,0.05,0,9.45006060725305e-19,"Anthidini_sp.","Declieuxia_fruticosa",1
2,0.05,0,6.6249744254889e-52,"Megachile_(Pseudocentron)_sp._1","Paepalanthus_sp._1",1
2,0.05,0,0,"Xylocopa_sp._5","Stachytarpheta_confertifolia",1
2,0.05,0,0.000251099177239241,"Megachile_(Moureapis)_cf_anthidioides","Palicourea_rigida",1
2,0.05,0,0,"Augochloropsis_sp._1","Solanum_sp.",1
2,0.05,0,1.83356167264519e-18,"Cauliognathus_sp._2","Declieuxia_fruticosa",1
2,0.05,0,-2.43442302557122e-19,"Coelioxys_sp.","Mimosa_sp.",1
2,0.05,0,-3.14304541345464e-16,"Satyrinae_sp.","Jacaranda_caroba",1
2,0.05,0,0,"Madopterini_sp.","Luxemburgia_villosa",1
2,0.05,0,0,"Anthidini_sp.","Vellozia_albiflora",1
2,0.05,0,-2.32833542224583e-39,"Centris_(Hemisielaa)_tarsata","Myrcia_guianensis",1
2,0.05,0,0,"Palpada_sp.","Malpigaceae_sp.",1
2,0.05,0,-7.63425013823136e-17,"Eullaema_nigrita","Cuphea_ericoides",1
2,0.05,0,0.773657390980978,"Ceratina_(Crewella)_asuncionis","Mimosa_sp.",1
2,0.05,0,-0.108973167201549,"Sciara_sp.","Aspilia_jolyana",1
2,0.05,0,0,"Protomydas_sp.","Lessingianthus_pycnostachyus",1
2,0.05,0,-0.00506657926678419,"Nitidulidae_sp._1","Vochysia_thyrsoidea",1
2,0.05,0,0.164186943588743,"Dialictus_(Chloralictus)_sp._1","Stachytarpheta_linearis",1
2,0.05,0,-0.0223735302258086,"Alticini_sp._1","Rynchospora_consanguinea",1
2,0.05,0,-0.145399052532166,"Plecia_sp.","Aspilia_jolyana",1
2,0.05,0,0,"Nitidulidae_sp._2","Sabicea_brasiliensis",1
2,0.05,0,0,"Xylocopa_sp._5","Turnera_hilaireana",1
2,0.05,0,0,"Nitidulidae_sp._2","Malpigaceae_sp.",1
2,0.05,0,0,"Elateridae_sp._1","Sabicea_brasiliensis",1
2,0.05,0,-3.21895723107327e-38,"Lepidoptera_(microlepidoptera)","Myrcia_guianensis",1
2,0.05,0,4.58772215863709e-15,"Apis_mellifera","Byrsonima_variabilis",1
2,0.05,0,1.01142759919293e-16,"Cauliognathus_sp._2","Camptosema_isopetalum",1
2,0.05,0,6.70077577785656e-51,"Cephalotes_pusillus","Paepalanthus_sp._1",1
2,0.05,0,-1.62267082410584e-38,"Cauliognathus_sp._2","Turnera_hilaireana",1
2,0.05,0,0,"Chilicola_(Prosopoides)_sp.","Solanum_sp.",1
2,0.05,0,-0.122177174596022,"Camponotus_crassus","Paepalanthus_bromelioides",1
2,0.05,0,4.12762944918111e-19,"Megachile_(Pseudocentron)_sp._2","Camptosema_isopetalum",1
2,0.05,0,0.862798902910418,"Anthidini_sp.","Paepalanthus_bromelioides",1
2,0.05,0,2.8702743293773e-17,"Xylocopa_sp._1","Lessingianthus_pycnostachyus",1
2,0.05,0,-1.47134867381229e-33,"Vanessa_sp.","Byrsonima_variabilis",1
2,0.05,0,0.301736378850389,"Deopalpus_sp.","Malpigaceae_sp.",1
2,0.05,0,-1.31319942912532e-39,"Augochlora_(Oxystoglossella)_sp._2","Hypenia_macrantha",1
2,0.05,0,0,"Tetrapedia_sp._2","Solanum_sp.",1
2,0.05,0,-0.00508811953713261,"Cauliognathini_sp._1","Vochysia_thyrsoidea",1
2,0.05,0,-0.00452459523577825,"Camponotus_crassus","Richterago_arenaria",1
2,0.05,0,7.37297884936266e-18,"Plecia_sp.","Declieuxia_fruticosa",1
2,0.05,0,0.00226925258892727,"Megachile_cf_(Dactylomegachile)_sp.","Palicourea_rigida",1
2,0.05,0,-9.57974984381856e-18,"Sciara_sp.","Sabicea_brasiliensis",1
2,0.05,0,0.00519787148439821,"Cauliognathini_sp._1","Stachytarpheta_linearis",1
2,0.05,0,0,"Madarini_sp._2","Vellozia_albiflora",1
2,0.05,0,3.78382718185787e-33,"Xylocopa_sp._1","Camptosema_isopetalum",1
2,0.05,0,-5.99072803116602e-40,"Unidentified_Lepidoptera_sp._7","Turnera_hilaireana",1
2,0.05,0,1.43117913757061e-30,"Cauliognathus_sp._2","Luxemburgia_villosa",1
2,0.05,0,0,"Xylocopa_big","Ouratea_floribunda",1
2,0.05,0,0.121154369184063,"Alticini_sp._1","Mimosa_sp.",1
2,0.05,0,0.000265438374378913,"Chlorostilbon_lucidus","Convolvulacea_sp.",1
2,0.05,0,0.00290128974768904,"Anthidini_sp.","Stachytarpheta_linearis",1
2,0.05,0,6.91292086211487e-67,"Eullaema_nigrita","Paepalanthus_sp._1",1
2,0.05,0,0,"Madopterini_sp.","Turnera_hilaireana",1
2,0.05,0,0.0179594654119766,"Alticini_sp._1","Trigonia_cipoensis",1
2,0.05,0,2.25987318544257e-21,"Ceratina_(Crewella)_asuncionis","Hypenia_macrantha",1
2,0.05,0,-0.00504408150295609,"Alticini_sp._2","Vochysia_thyrsoidea",1
2,0.05,0,5.64091811976144e-38,"Campylopterus_largipennis","Turnera_hilaireana",1
2,0.05,0,-1.11924456270054e-16,"Alticini_sp._2","Byrsonima_variabilis",1
2,0.05,0,1.40233794447093e-15,"Pseudagapostemon_sp._1","Lessingianthus_pycnostachyus",1
2,0.05,0,3.56266940559966e-38,"Madarini_sp._2","Convolvulacea_sp.",1
2,0.05,0,0,"Coelioxys_sp.","Stachytarpheta_confertifolia",1
2,0.05,0,2.02918417098791e-16,"Alticini_sp._1","Camptosema_isopetalum",1
2,0.05,0,0.0892036746721571,"Megachile_(Pseudocentron)_sp._1","Aspilia_jolyana",1
2,0.05,0,9.188949783378e-23,"Anthidini_sp.","Hypenia_macrantha",1
2,0.05,0,0.000319839574455009,"Chlorostilbon_lucidus","Mimosa_sp.",1
2,0.05,0,-0.00202603899126326,"Camponotus_crassus","Trigonia_cipoensis",1
2,0.05,0,-1.37478757004123e-51,"Deopalpus_sp.","Paepalanthus_sp._1",1
2,0.05,0,-0.000320970724678888,"Trigona_spinipes","Jacaranda_caroba",1
2,0.05,0,0.242052882469853,"Plecia_sp.","Mimosa_sp.",1
2,0.05,0,1.40542677957049e-33,"Vanessa_sp.","Camptosema_isopetalum",1
2,0.05,0,-1.75915463538499e-37,"Eullaema_nigrita","Hypenia_macrantha",1
2,0.05,0,1.55099859647618e-32,"Xylocopa_sp._1","Byrsonima_variabilis",1
2,0.05,0,0,"Hesperiinae_sp.","Vellozia_albiflora",1
2,0.05,0,0,"Xylocopa_big","Lessingianthus_pycnostachyus",1
2,0.05,0,0.0501335388929184,"Megachile_(Pseudocentron)_sp._1","Jacaranda_caroba",1
2,0.05,0,0,"Eumolpini_sp._4","Convolvulacea_sp.",1
2,0.05,0,0,"Campylopterus_largipennis","Solanum_sp.",1
2,0.05,0,0,"Nitidulidae_sp._2","Rynchospora_consanguinea",1
2,0.05,0,1.15526893327037e-16,"Pseudagapostemon_sp._1","Malpigaceae_sp.",1
2,0.05,0,-4.28632546183121e-16,"Satyrinae_sp.","Cuphea_ericoides",1
2,0.05,0,0.357911664948562,"Centris_(Hemisielaa)_tarsata","Paepalanthus_bromelioides",1
2,0.05,0,0.0504293221445556,"Bombus_pauloensis","Cuphea_ericoides",1
2,0.05,0,0,"Aellopos_sp.","Stachytarpheta_confertifolia",1
2,0.05,0,8.00399358334966e-56,"Augochlora_(Oxystoglossella)_sp._2","Myrcia_guianensis",1
2,0.05,0,0.0263901767841647,"Lepidoptera_(microlepidoptera)","Palicourea_rigida",1
2,0.05,0,-2.64130125539555e-53,"Pseudagapostemon_sp._1","Turnera_hilaireana",1
2,0.05,0,7.50063524603314e-19,"Brachygastra_lecheguana","Declieuxia_fruticosa",1
2,0.05,0,5.92680180097469e-34,"Melipona_sp._1","Camptosema_isopetalum",1
2,0.05,0,-5.05507029151394e-40,"Unidentified_Lepidoptera_sp._7","Myrcia_guianensis",1
2,0.05,0,0.0473175218303595,"Trichodes_sp.","Richterago_arenaria",1
2,0.05,0,0.87469255686373,"Campylopterus_largipennis","Rynchospora_consanguinea",1
2,0.05,0,4.10662579723635e-32,"Exomalopsis_sp._1","Camptosema_isopetalum",1
2,0.05,0,0.00739530224403134,"Megachile_cf_(Dactylomegachile)_sp.","Aspilia_jolyana",1
2,0.05,0,-0.00372835273417089,"Eupetomena_macroura","Richterago_arenaria",1
2,0.05,0,0,"Nitidulidae_sp._2","Jacaranda_caroba",1
2,0.05,0,21.2748547833516,"Ceratina_(Crewella)_asuncionis","Paepalanthus_bromelioides",1
2,0.05,0,0.00414976242494921,"Hesperiinae_sp.","Rynchospora_consanguinea",1
2,0.05,0,0,"Bombus_pauloensis","Vellozia_albiflora",1
2,0.05,0,-4.12313037305445e-17,"Campsomeris_sp._1","Byrsonima_variabilis",1
2,0.05,0,-1.90877006011596e-19,"Melipona_sp._1","Stachytarpheta_linearis",1
2,0.05,0,-4.49506687521923e-19,"Augochlora_(Oxystoglossella)_sp._2","Malpigaceae_sp.",1
2,0.05,0,-0.0232229472233043,"Diptera_sp._2","Vochysia_thyrsoidea",1
2,0.05,0,0,"Elateridae_sp._1","Turnera_hilaireana",1
2,0.05,0,-1.29950219284122e-18,"Brachygastra_lecheguana","Sabicea_brasiliensis",1
2,0.05,0,0.00187926049876588,"Centris_(Hemisielaa)_tarsata","Palicourea_rigida",1
2,0.05,0,0.00244538971544157,"Megachile_(Pseudocentron)_sp._1","Ouratea_floribunda",1
2,0.05,0,-7.52907203341334e-34,"Augochlora_(Oxystoglossella)_sp._2","Camptosema_isopetalum",1
2,0.05,0,-4.86480500839764e-38,"Lepidoptera_(microlepidoptera)","Turnera_hilaireana",1
2,0.05,0,4.23630755510559e-18,"Eupetomena_macroura","Sabicea_brasiliensis",1
2,0.05,0,0.00014370601662871,"Megachile_(Moureapis)_cf_anthidioides","Stachytarpheta_linearis",1
2,0.05,0,0,"Madopterini_sp.","Stachytarpheta_confertifolia",1
2,0.05,0,-0.0575223471428675,"Deopalpus_sp.","Rynchospora_consanguinea",1
2,0.05,0,5.30310015686623e-53,"Unidentified_Lepidoptera_sp._7","Paepalanthus_sp._1",1
2,0.05,0,-0.00492928863520678,"Pteromalidae_sp._1","Rynchospora_consanguinea",1
2,0.05,0,-5.48190382826433e-18,"Augochlora_(Oxystoglossella)_sp._2","Lessingianthus_pycnostachyus",1
2,0.05,0,-3.5146282567634e-19,"Augochlora_(Oxystoglossella)_sp._2","Richterago_arenaria",1
2,0.05,0,0.0629517033325596,"Diptera_sp._2","Trigonia_cipoensis",1
2,0.05,0,1.76586480366276e-22,"Augochloropsis_sp._1","Hypenia_macrantha",1
2,0.05,0,0.000308115399931667,"Chlorostilbon_lucidus","Malpigaceae_sp.",1
2,0.05,0,-0.000722260456028842,"Aellopos_sp.","Trigonia_cipoensis",1
2,0.05,0,0.00536462180659684,"Megachile_(Pseudocentron)_sp._1","Stachytarpheta_linearis",1
2,0.05,0,0.0472381736679813,"Cauliognathini_sp._1","Richterago_arenaria",1
2,0.05,0,-1.99617926039901e-19,"Coelioxys_sp.","Convolvulacea_sp.",1
2,0.05,0,0.230247195562495,"Neodexiopsis_sp.","Cuphea_ericoides",1
2,0.05,0,1.15352063723347e-16,"Chilicola_(Prosopoides)_sp.","Vochysia_thyrsoidea",1
2,0.05,0,4.35019338154557e-16,"Heliactin_bilophus","Paepalanthus_bromelioides",1
2,0.05,0,0,"Cauliognathus_sp._2","Solanum_sp.",1
2,0.05,0,0,"Protomydas_sp.","Aspilia_jolyana",1
2,0.05,0,0,"Eullaema_nigrita","Stachytarpheta_confertifolia",1
2,0.05,0,-1.07347697869626e-38,"Cauliognathini_sp._1","Myrcia_guianensis",1
2,0.05,0,-3.16237612160032e-17,"Melipona_sp._1","Aspilia_jolyana",1
2,0.05,0,0,"Nitidulidae_sp._2","Paepalanthus_bromelioides",1
2,0.05,0,-0.202272317709458,"Deopalpus_sp.","Aspilia_jolyana",1
2,0.05,0,-3.84756859372944e-19,"Megachile_(Pseudocentron)_sp._2","Declieuxia_fruticosa",1
2,0.05,0,2.01290405267929e-17,"Heliactin_bilophus","Cuphea_ericoides",1
2,0.05,0,0.0442944636864232,"Cerambycidae_sp.","Palicourea_rigida",1
2,0.05,0,0,"Satyrinae_sp.","Vellozia_albiflora",1
2,0.05,0,-1.11049346975802e-16,"Cauliognathus_sp._2","Byrsonima_variabilis",1
2,0.05,0,1.13500090517547e-17,"Apis_mellifera","Sabicea_brasiliensis",1
2,0.05,0,0,"Nitidulidae_sp._2","Stachytarpheta_linearis",1
2,0.05,0,0.0565311904696298,"Alticini_sp._2","Jacaranda_caroba",1
2,0.05,0,0.112577170116118,"Ceratina_(Crewella)_asuncionis","Palicourea_rigida",1
2,0.05,0,0,"Sibinia_sp.","Byrsonima_variabilis",1
2,0.05,0,0.24836743705872,"Deopalpus_sp.","Convolvulacea_sp.",1
2,0.05,0,0.153599383332666,"Alticini_sp._1","Cuphea_ericoides",1
2,0.05,0,0.059791974356501,"Colibri_serrirostris","Lessingianthus_pycnostachyus",1
2,0.05,0,0.023167848789138,"Anthidini_sp.","Vochysia_thyrsoidea",1
2,0.05,0,0,"Elateridae_sp._1","Hypenia_macrantha",1
2,0.05,0,-4.12147427055018e-60,"Toxophorinae_sp._2","Hypenia_macrantha",1
2,0.05,0,0.302916719064526,"Cerambycidae_sp.","Mimosa_sp.",1
2,0.05,0,-0.00167492241296914,"Trigona_spinipes","Trigonia_cipoensis",1
2,0.05,0,0,"Nitidulidae_sp._2","Lessingianthus_pycnostachyus",1
2,0.05,0,0.000911476569926862,"Phoebis_sennae","Aspilia_jolyana",1
2,0.05,0,0.0045373126264098,"Anthidini_sp.","Palicourea_rigida",1
2,0.05,0,-8.28180524366162e-22,"Coelioxys_sp.","Rynchospora_consanguinea",1
2,0.05,0,0.00181714476133265,"Nitidulidae_sp._1","Ouratea_floribunda",1
2,0.05,0,-0.107199483145201,"Neodexiopsis_sp.","Aspilia_jolyana",1
2,0.05,0,0,"Protomydas_sp.","Declieuxia_fruticosa",1
2,0.05,0,-1.71985778176924e-19,"Chilicola_(Prosopoides)_sp.","Convolvulacea_sp.",1
2,0.05,0,0,"Xylocopa_sp._5","Stachytarpheta_linearis",1
2,0.05,0,0,"Xylocopa_big","Trigonia_cipoensis",1
2,0.05,0,2.6502333557615e-32,"Heliactin_bilophus","Camptosema_isopetalum",1
2,0.05,0,-1.07269795314319e-38,"Nitidulidae_sp._1","Myrcia_guianensis",1
2,0.05,0,0.0203722594687696,"Plecia_sp.","Stachytarpheta_linearis",1
2,0.05,0,0,"Xylocopa_big","Vellozia_albiflora",1
2,0.05,0,0.0240881031410351,"Campylopterus_largipennis","Cuphea_ericoides",1
2,0.05,0,-3.18267526608164e-18,"Trichodes_sp.","Sabicea_brasiliensis",1
2,0.05,0,-5.91434428559478e-39,"Eupetomena_macroura","Myrcia_guianensis",1
2,0.05,0,5.84872055083171e-16,"Trigona_spinipes","Byrsonima_variabilis",1
2,0.05,0,1.58809578797293e-18,"Camponotus_crassus","Sabicea_brasiliensis",1
2,0.05,0,0,"Elateridae_sp._1","Palicourea_rigida",1
2,0.05,0,-3.35407730174357e-18,"Megachile_(Moureapis)_cf_anthidioides","Byrsonima_variabilis",1
2,0.05,0,1.03808910524461e-20,"Augochloropsis_sp._3","Declieuxia_fruticosa",1
2,0.05,0,0,"Pteromalidae_sp._1","Solanum_sp.",1
2,0.05,0,3.68329427723448e-18,"Phoebis_sennae","Camptosema_isopetalum",1
2,0.05,0,1.76571849205415e-22,"Trichodes_sp.","Hypenia_macrantha",1
2,0.05,0,7.67217923266448e-31,"Unidentified_Lepidoptera_sp._7","Luxemburgia_villosa",1
2,0.05,0,0.0135171761311925,"Colibri_serrirostris","Stachytarpheta_linearis",1
2,0.05,0,0,"Aellopos_sp.","Solanum_sp.",1
2,0.05,0,1.02290268387207e-28,"Cephalotes_pusillus","Luxemburgia_villosa",1
2,0.05,0,0.00116560530359083,"Anthidini_sp.","Ouratea_floribunda",1
2,0.05,0,0,"Palpada_sp.","Jacaranda_caroba",1
2,0.05,0,0.076845878868077,"Trichodes_sp.","Cuphea_ericoides",1
2,0.05,0,0,"Madopterini_sp.","Aspilia_jolyana",1
2,0.05,0,-1.20535775633787e-40,"Augochloropsis_sp._3","Turnera_hilaireana",1
2,0.05,0,-0.000610260713062227,"Colibri_serrirostris","Richterago_arenaria",1
2,0.05,0,0,"Pseudagapostemon_sp._1","Solanum_sp.",1
2,0.05,0,0.198654620406668,"Plecia_sp.","Convolvulacea_sp.",1
2,0.05,0,0,"Eumolpini_sp._4","Declieuxia_fruticosa",1
2,0.05,0,0.0444171142098984,"Eupetomena_macroura","Ouratea_floribunda",1
2,0.05,0,0,"Elateridae_sp._1","Cuphea_ericoides",1
2,0.05,0,5.64475092529345e-45,"Xylocopa_sp._1","Luxemburgia_villosa",1
2,0.05,0,0,"Sibinia_sp.","Mimosa_sp.",1
2,0.05,0,0.00509714577339587,"Neodexiopsis_sp.","Ouratea_floribunda",1
2,0.05,0,0,"Protomydas_sp.","Rynchospora_consanguinea",1
2,0.05,0,0,"Myzinum_sp.","Cuphea_ericoides",1
2,0.05,0,1.04249822834799e-29,"Megachile_(Pseudocentron)_sp._1","Luxemburgia_villosa",1
2,0.05,0,0,"Myzinum_sp.","Declieuxia_fruticosa",1
2,0.05,0,0.0246869050477043,"Brachygastra_lecheguana","Malpigaceae_sp.",1
2,0.05,0,5.18489658009021e-53,"Ceratina_(Crewella)_sp._2","Paepalanthus_sp._1",1
2,0.05,0,3.37816766080084e-19,"Melipona_sp._1","Convolvulacea_sp.",1
2,0.05,0,0,"Nitidulidae_sp._2","Trigonia_cipoensis",1
2,0.05,0,0,"Xylocopa_big","Byrsonima_variabilis",1
2,0.05,0,-2.15803761244692e-47,"Augochlora_(Oxystoglossella)_sp._2","Luxemburgia_villosa",1
2,0.05,8,NA,"Apis_mellifera","Aspilia_jolyana",0
2,0.05,1,NA,"Augochloropsis_sp._1","Aspilia_jolyana",0
2,0.05,6,NA,"Bombus_pauloensis","Aspilia_jolyana",0
2,0.05,1,NA,"Camponotus_crassus","Aspilia_jolyana",0
2,0.05,0,NA,"Dialictus_(Chloralictus)_sp._1","Aspilia_jolyana",0
2,0.05,0,NA,"Exomalopsis_sp._1","Aspilia_jolyana",0
2,0.05,0,NA,"Tapinotaspidini_sp._1","Aspilia_jolyana",0
2,0.05,0,NA,"Chlorostilbon_lucidus","Aspilia_jolyana",0
2,0.05,0,NA,"Anthidini_sp.","Aspilia_jolyana",0
2,0.05,0,NA,"Centris_(Hemisielaa)_tarsata","Aspilia_jolyana",0
2,0.05,0,NA,"Ceratina_(Crewella)_sp._2","Aspilia_jolyana",0
2,0.05,0,NA,"Chilicola_(Prosopoides)_sp.","Aspilia_jolyana",0
2,0.05,0,NA,"Coelioxys_sp.","Aspilia_jolyana",0
2,0.05,0,NA,"Diptera_sp._2","Aspilia_jolyana",0
2,0.05,0,NA,"Megachile_sp.","Aspilia_jolyana",0
2,0.05,0,NA,"Unidentified_Lepidoptera_sp._7","Aspilia_jolyana",0
2,0.05,0,NA,"Xylocopa_sp._1","Aspilia_jolyana",0
2,0.05,0,NA,"Xylocopa_sp._5","Aspilia_jolyana",0
2,0.05,0,NA,"Campylopterus_largipennis","Aspilia_jolyana",0
2,0.05,0,NA,"Cephalotes_pusillus","Aspilia_jolyana",0
2,0.05,0,NA,"Colibri_serrirostris","Aspilia_jolyana",0
2,0.05,0,NA,"Heliactin_bilophus","Aspilia_jolyana",0
2,0.05,0,NA,"Vanessa_sp.","Aspilia_jolyana",0
2,0.05,0,NA,"Ceratina_(Crewella)_asuncionis","Aspilia_jolyana",0
2,0.05,0,NA,"Campsomeris_sp._1","Aspilia_jolyana",0
2,0.05,0,NA,"Xylocopa_big","Aspilia_jolyana",0
2,0.05,0,NA,"Brachygastra_lecheguana","Aspilia_jolyana",0
2,0.05,0,NA,"Nitidulidae_sp._2","Aspilia_jolyana",0
2,0.05,0,NA,"Polybia_ignobilis","Aspilia_jolyana",0
2,0.05,0,NA,"Madarini_sp._2","Aspilia_jolyana",0
2,0.05,0,NA,"Trigona_spinipes","Aspilia_jolyana",0
2,0.05,0,NA,"Alticini_sp._2","Aspilia_jolyana",0
2,0.05,0,NA,"Cauliognathini_sp._1","Aspilia_jolyana",0
2,0.05,0,NA,"Cauliognathus_sp._2","Aspilia_jolyana",0
2,0.05,0,NA,"Elateridae_sp._1","Aspilia_jolyana",0
2,0.05,0,NA,"Lepidoptera_(microlepidoptera)","Aspilia_jolyana",0
2,0.05,0,NA,"Myzinum_sp.","Aspilia_jolyana",0
2,0.05,0,NA,"Nitidulidae_sp._1","Aspilia_jolyana",0
2,0.05,0,NA,"Palpada_sp.","Aspilia_jolyana",0
2,0.05,0,NA,"Pteromalidae_sp._1","Aspilia_jolyana",0
2,0.05,0,NA,"Sibinia_sp.","Aspilia_jolyana",0
2,0.05,0,NA,"Trichodes_sp.","Aspilia_jolyana",0
2,0.05,0,NA,"Eupetomena_macroura","Aspilia_jolyana",0
2,0.05,0,NA,"Megachile_(Moureapis)_cf_anthidioides","Aspilia_jolyana",0
2,0.05,0,NA,"Hesperiinae_sp.","Aspilia_jolyana",0
2,0.05,0,NA,"Toxophorinae_sp._2","Aspilia_jolyana",0
2,0.05,0,NA,"Aellopos_sp.","Aspilia_jolyana",0
2,0.05,0,NA,"Papilionidae_sp.","Aspilia_jolyana",0
2,0.05,0,NA,"Augochloropsis_sp._1","Byrsonima_variabilis",0
2,0.05,0,NA,"Camponotus_crassus","Byrsonima_variabilis",0
2,0.05,0,NA,"Eullaema_nigrita","Byrsonima_variabilis",0
2,0.05,0,NA,"Megachile_(Pseudocentron)_sp._2","Byrsonima_variabilis",0
2,0.05,0,NA,"Pseudagapostemon_sp._1","Byrsonima_variabilis",0
2,0.05,0,NA,"Satyrinae_sp.","Byrsonima_variabilis",0
2,0.05,0,NA,"Xylocopa_sp._2","Byrsonima_variabilis",0
2,0.05,1,NA,"Exomalopsis_sp._1","Byrsonima_variabilis",0
2,0.05,1,NA,"Tapinotaspidini_sp._1","Byrsonima_variabilis",0
2,0.05,0,NA,"Chlorostilbon_lucidus","Byrsonima_variabilis",0
2,0.05,0,NA,"Anthidini_sp.","Byrsonima_variabilis",0
2,0.05,0,NA,"Augochlora_(Oxystoglossella)_sp._2","Byrsonima_variabilis",0
2,0.05,0,NA,"Centris_(Hemisielaa)_tarsata","Byrsonima_variabilis",0
2,0.05,0,NA,"Ceratina_(Crewella)_sp._2","Byrsonima_variabilis",0
2,0.05,0,NA,"Chilicola_(Prosopoides)_sp.","Byrsonima_variabilis",0
2,0.05,0,NA,"Diptera_sp._2","Byrsonima_variabilis",0
2,0.05,0,NA,"Megachile_cf_(Dactylomegachile)_sp.","Byrsonima_variabilis",0
2,0.05,0,NA,"Megachile_sp.","Byrsonima_variabilis",0
2,0.05,0,NA,"Phoebis_sennae","Byrsonima_variabilis",0
2,0.05,0,NA,"Unidentified_Lepidoptera_sp._7","Byrsonima_variabilis",0
2,0.05,0,NA,"Xylocopa_sp._5","Byrsonima_variabilis",0
2,0.05,0,NA,"Campylopterus_largipennis","Byrsonima_variabilis",0
2,0.05,0,NA,"Cephalotes_pusillus","Byrsonima_variabilis",0
2,0.05,0,NA,"Colibri_serrirostris","Byrsonima_variabilis",0
2,0.05,0,NA,"Heliactin_bilophus","Byrsonima_variabilis",0
2,0.05,0,NA,"Ceratina_(Crewella)_asuncionis","Byrsonima_variabilis",0
2,0.05,0,NA,"Megachile_(Pseudocentron)_sp._1","Byrsonima_variabilis",0
2,0.05,0,NA,"Brachygastra_lecheguana","Byrsonima_variabilis",0
2,0.05,0,NA,"Nitidulidae_sp._2","Byrsonima_variabilis",0
2,0.05,0,NA,"Polybia_ignobilis","Byrsonima_variabilis",0
2,0.05,0,NA,"Madarini_sp._2","Byrsonima_variabilis",0
2,0.05,0,NA,"Alticini_sp._1","Byrsonima_variabilis",0
2,0.05,0,NA,"Cauliognathini_sp._1","Byrsonima_variabilis",0
2,0.05,0,NA,"Cerambycidae_sp.","Byrsonima_variabilis",0
2,0.05,0,NA,"Deopalpus_sp.","Byrsonima_variabilis",0
2,0.05,0,NA,"Eumolpini_sp._4","Byrsonima_variabilis",0
2,0.05,0,NA,"Lepidoptera_(microlepidoptera)","Byrsonima_variabilis",0
2,0.05,0,NA,"Madopterini_sp.","Byrsonima_variabilis",0
2,0.05,0,NA,"Myzinum_sp.","Byrsonima_variabilis",0
2,0.05,0,NA,"Neodexiopsis_sp.","Byrsonima_variabilis",0
2,0.05,0,NA,"Nitidulidae_sp._1","Byrsonima_variabilis",0
2,0.05,0,NA,"Palpada_sp.","Byrsonima_variabilis",0
2,0.05,0,NA,"Pteromalidae_sp._1","Byrsonima_variabilis",0
2,0.05,0,NA,"Sciara_sp.","Byrsonima_variabilis",0
2,0.05,0,NA,"Eupetomena_macroura","Byrsonima_variabilis",0
2,0.05,0,NA,"Hesperiinae_sp.","Byrsonima_variabilis",0
2,0.05,0,NA,"Augochloropsis_sp._3","Byrsonima_variabilis",0
2,0.05,0,NA,"Aellopos_sp.","Byrsonima_variabilis",0
2,0.05,0,NA,"Papilionidae_sp.","Byrsonima_variabilis",0
2,0.05,0,NA,"Protomydas_sp.","Byrsonima_variabilis",0
2,0.05,0,NA,"Apis_mellifera","Camptosema_isopetalum",0
2,0.05,0,NA,"Augochloropsis_sp._1","Camptosema_isopetalum",0
2,0.05,0,NA,"Bombus_pauloensis","Camptosema_isopetalum",0
2,0.05,0,NA,"Camponotus_crassus","Camptosema_isopetalum",0
2,0.05,0,NA,"Eullaema_nigrita","Camptosema_isopetalum",0
2,0.05,0,NA,"Pseudagapostemon_sp._1","Camptosema_isopetalum",0
2,0.05,0,NA,"Tetrapedia_sp._2","Camptosema_isopetalum",0
2,0.05,0,NA,"Xylocopa_sp._2","Camptosema_isopetalum",0
2,0.05,0,NA,"Dialictus_(Chloralictus)_sp._1","Camptosema_isopetalum",0
2,0.05,0,NA,"Tapinotaspidini_sp._1","Camptosema_isopetalum",0
2,0.05,0,NA,"Anthidini_sp.","Camptosema_isopetalum",0
2,0.05,0,NA,"Centris_(Hemisielaa)_tarsata","Camptosema_isopetalum",0
2,0.05,0,NA,"Ceratina_(Crewella)_sp._2","Camptosema_isopetalum",0
2,0.05,0,NA,"Chilicola_(Prosopoides)_sp.","Camptosema_isopetalum",0
2,0.05,0,NA,"Coelioxys_sp.","Camptosema_isopetalum",0
2,0.05,0,NA,"Diptera_sp._2","Camptosema_isopetalum",0
2,0.05,0,NA,"Megachile_cf_(Dactylomegachile)_sp.","Camptosema_isopetalum",0
2,0.05,0,NA,"Megachile_sp.","Camptosema_isopetalum",0
2,0.05,0,NA,"Unidentified_Lepidoptera_sp._7","Camptosema_isopetalum",0
2,0.05,0,NA,"Xylocopa_sp._5","Camptosema_isopetalum",0
2,0.05,0,NA,"Campylopterus_largipennis","Camptosema_isopetalum",0
2,0.05,0,NA,"Cephalotes_pusillus","Camptosema_isopetalum",0
2,0.05,0,NA,"Colibri_serrirostris","Camptosema_isopetalum",0
2,0.05,0,NA,"Ceratina_(Crewella)_asuncionis","Camptosema_isopetalum",0
2,0.05,0,NA,"Campsomeris_sp._1","Camptosema_isopetalum",0
2,0.05,0,NA,"Megachile_(Pseudocentron)_sp._1","Camptosema_isopetalum",0
2,0.05,0,NA,"Xylocopa_big","Camptosema_isopetalum",0
2,0.05,0,NA,"Brachygastra_lecheguana","Camptosema_isopetalum",0
2,0.05,0,NA,"Nitidulidae_sp._2","Camptosema_isopetalum",0
2,0.05,0,NA,"Polybia_ignobilis","Camptosema_isopetalum",0
2,0.05,0,NA,"Madarini_sp._2","Camptosema_isopetalum",0
2,0.05,0,NA,"Trigona_spinipes","Camptosema_isopetalum",0
2,0.05,0,NA,"Alticini_sp._2","Camptosema_isopetalum",0
2,0.05,0,NA,"Cauliognathini_sp._1","Camptosema_isopetalum",0
2,0.05,0,NA,"Deopalpus_sp.","Camptosema_isopetalum",0
2,0.05,0,NA,"Elateridae_sp._1","Camptosema_isopetalum",0
2,0.05,0,NA,"Eumolpini_sp._4","Camptosema_isopetalum",0
2,0.05,0,NA,"Lepidoptera_(microlepidoptera)","Camptosema_isopetalum",0
2,0.05,0,NA,"Madopterini_sp.","Camptosema_isopetalum",0
2,0.05,0,NA,"Myzinum_sp.","Camptosema_isopetalum",0
2,0.05,0,NA,"Neodexiopsis_sp.","Camptosema_isopetalum",0
2,0.05,0,NA,"Nitidulidae_sp._1","Camptosema_isopetalum",0
2,0.05,0,NA,"Palpada_sp.","Camptosema_isopetalum",0
2,0.05,0,NA,"Plecia_sp.","Camptosema_isopetalum",0
2,0.05,0,NA,"Pteromalidae_sp._1","Camptosema_isopetalum",0
2,0.05,0,NA,"Sciara_sp.","Camptosema_isopetalum",0
2,0.05,0,NA,"Sibinia_sp.","Camptosema_isopetalum",0
2,0.05,0,NA,"Trichodes_sp.","Camptosema_isopetalum",0
2,0.05,0,NA,"Eupetomena_macroura","Camptosema_isopetalum",0
2,0.05,0,NA,"Megachile_(Moureapis)_cf_anthidioides","Camptosema_isopetalum",0
2,0.05,0,NA,"Hesperiinae_sp.","Camptosema_isopetalum",0
2,0.05,0,NA,"Augochloropsis_sp._3","Camptosema_isopetalum",0
2,0.05,0,NA,"Toxophorinae_sp._2","Camptosema_isopetalum",0
2,0.05,0,NA,"Aellopos_sp.","Camptosema_isopetalum",0
2,0.05,0,NA,"Papilionidae_sp.","Camptosema_isopetalum",0
2,0.05,0,NA,"Protomydas_sp.","Camptosema_isopetalum",0
2,0.05,0,NA,"Apis_mellifera","Convolvulacea_sp.",0
2,0.05,0,NA,"Augochloropsis_sp._1","Convolvulacea_sp.",0
2,0.05,0,NA,"Camponotus_crassus","Convolvulacea_sp.",0
2,0.05,0,NA,"Eullaema_nigrita","Convolvulacea_sp.",0
2,0.05,0,NA,"Megachile_(Pseudocentron)_sp._2","Convolvulacea_sp.",0
2,0.05,0,NA,"Pseudagapostemon_sp._1","Convolvulacea_sp.",0
2,0.05,0,NA,"Satyrinae_sp.","Convolvulacea_sp.",0
2,0.05,0,NA,"Tetrapedia_sp._2","Convolvulacea_sp.",0
2,0.05,0,NA,"Xylocopa_sp._2","Convolvulacea_sp.",0
2,0.05,1,NA,"Dialictus_(Chloralictus)_sp._1","Convolvulacea_sp.",0
2,0.05,0,NA,"Exomalopsis_sp._1","Convolvulacea_sp.",0
2,0.05,0,NA,"Tapinotaspidini_sp._1","Convolvulacea_sp.",0
2,0.05,0,NA,"Anthidini_sp.","Convolvulacea_sp.",0
2,0.05,0,NA,"Ceratina_(Crewella)_sp._2","Convolvulacea_sp.",0
2,0.05,0,NA,"Megachile_cf_(Dactylomegachile)_sp.","Convolvulacea_sp.",0
2,0.05,0,NA,"Megachile_sp.","Convolvulacea_sp.",0
2,0.05,0,NA,"Phoebis_sennae","Convolvulacea_sp.",0
2,0.05,0,NA,"Xylocopa_sp._5","Convolvulacea_sp.",0
2,0.05,0,NA,"Campylopterus_largipennis","Convolvulacea_sp.",0
2,0.05,0,NA,"Cephalotes_pusillus","Convolvulacea_sp.",0
2,0.05,0,NA,"Colibri_serrirostris","Convolvulacea_sp.",0
2,0.05,0,NA,"Heliactin_bilophus","Convolvulacea_sp.",0
2,0.05,0,NA,"Vanessa_sp.","Convolvulacea_sp.",0
2,0.05,0,NA,"Ceratina_(Crewella)_asuncionis","Convolvulacea_sp.",0
2,0.05,0,NA,"Campsomeris_sp._1","Convolvulacea_sp.",0
2,0.05,0,NA,"Megachile_(Pseudocentron)_sp._1","Convolvulacea_sp.",0
2,0.05,0,NA,"Brachygastra_lecheguana","Convolvulacea_sp.",0
2,0.05,0,NA,"Nitidulidae_sp._2","Convolvulacea_sp.",0
2,0.05,0,NA,"Polybia_ignobilis","Convolvulacea_sp.",0
2,0.05,0,NA,"Trigona_spinipes","Convolvulacea_sp.",0
2,0.05,0,NA,"Alticini_sp._1","Convolvulacea_sp.",0
2,0.05,0,NA,"Alticini_sp._2","Convolvulacea_sp.",0
2,0.05,0,NA,"Cauliognathini_sp._1","Convolvulacea_sp.",0
2,0.05,0,NA,"Cauliognathus_sp._2","Convolvulacea_sp.",0
2,0.05,0,NA,"Cerambycidae_sp.","Convolvulacea_sp.",0
2,0.05,0,NA,"Elateridae_sp._1","Convolvulacea_sp.",0
2,0.05,0,NA,"Lepidoptera_(microlepidoptera)","Convolvulacea_sp.",0
2,0.05,0,NA,"Madopterini_sp.","Convolvulacea_sp.",0
2,0.05,0,NA,"Myzinum_sp.","Convolvulacea_sp.",0
2,0.05,0,NA,"Neodexiopsis_sp.","Convolvulacea_sp.",0
2,0.05,0,NA,"Nitidulidae_sp._1","Convolvulacea_sp.",0
2,0.05,0,NA,"Palpada_sp.","Convolvulacea_sp.",0
2,0.05,0,NA,"Pteromalidae_sp._1","Convolvulacea_sp.",0
2,0.05,0,NA,"Sciara_sp.","Convolvulacea_sp.",0
2,0.05,0,NA,"Sibinia_sp.","Convolvulacea_sp.",0
2,0.05,0,NA,"Trichodes_sp.","Convolvulacea_sp.",0
2,0.05,0,NA,"Eupetomena_macroura","Convolvulacea_sp.",0
2,0.05,0,NA,"Megachile_(Moureapis)_cf_anthidioides","Convolvulacea_sp.",0
2,0.05,0,NA,"Hesperiinae_sp.","Convolvulacea_sp.",0
2,0.05,0,NA,"Augochloropsis_sp._3","Convolvulacea_sp.",0
2,0.05,0,NA,"Toxophorinae_sp._2","Convolvulacea_sp.",0
2,0.05,0,NA,"Aellopos_sp.","Convolvulacea_sp.",0
2,0.05,0,NA,"Papilionidae_sp.","Convolvulacea_sp.",0
2,0.05,0,NA,"Protomydas_sp.","Convolvulacea_sp.",0
2,0.05,0,NA,"Apis_mellifera","Cuphea_ericoides",0
2,0.05,1,NA,"Augochloropsis_sp._1","Cuphea_ericoides",0
2,0.05,0,NA,"Camponotus_crassus","Cuphea_ericoides",0
2,0.05,0,NA,"Pseudagapostemon_sp._1","Cuphea_ericoides",0
2,0.05,0,NA,"Tetrapedia_sp._2","Cuphea_ericoides",0
2,0.05,0,NA,"Xylocopa_sp._2","Cuphea_ericoides",0
2,0.05,1,NA,"Dialictus_(Chloralictus)_sp._1","Cuphea_ericoides",0
2,0.05,0,NA,"Exomalopsis_sp._1","Cuphea_ericoides",0
2,0.05,0,NA,"Tapinotaspidini_sp._1","Cuphea_ericoides",0
2,0.05,0,NA,"Chlorostilbon_lucidus","Cuphea_ericoides",0
2,0.05,2,NA,"Anthidini_sp.","Cuphea_ericoides",0
2,0.05,3,NA,"Ceratina_(Crewella)_sp._2","Cuphea_ericoides",0
2,0.05,1,NA,"Diptera_sp._2","Cuphea_ericoides",0
2,0.05,1,NA,"Megachile_cf_(Dactylomegachile)_sp.","Cuphea_ericoides",0
2,0.05,2,NA,"Megachile_sp.","Cuphea_ericoides",0
2,0.05,1,NA,"Unidentified_Lepidoptera_sp._7","Cuphea_ericoides",0
2,0.05,0,NA,"Cephalotes_pusillus","Cuphea_ericoides",0
2,0.05,0,NA,"Colibri_serrirostris","Cuphea_ericoides",0
2,0.05,0,NA,"Melipona_sp._1","Cuphea_ericoides",0
2,0.05,0,NA,"Vanessa_sp.","Cuphea_ericoides",0
2,0.05,0,NA,"Campsomeris_sp._1","Cuphea_ericoides",0
2,0.05,0,NA,"Megachile_(Pseudocentron)_sp._1","Cuphea_ericoides",0
2,0.05,0,NA,"Xylocopa_big","Cuphea_ericoides",0
2,0.05,0,NA,"Brachygastra_lecheguana","Cuphea_ericoides",0
2,0.05,0,NA,"Nitidulidae_sp._2","Cuphea_ericoides",0
2,0.05,0,NA,"Polybia_ignobilis","Cuphea_ericoides",0
2,0.05,0,NA,"Madarini_sp._2","Cuphea_ericoides",0
2,0.05,0,NA,"Trigona_spinipes","Cuphea_ericoides",0
2,0.05,0,NA,"Alticini_sp._2","Cuphea_ericoides",0
2,0.05,0,NA,"Cauliognathini_sp._1","Cuphea_ericoides",0
2,0.05,0,NA,"Cauliognathus_sp._2","Cuphea_ericoides",0
2,0.05,0,NA,"Cerambycidae_sp.","Cuphea_ericoides",0
2,0.05,0,NA,"Deopalpus_sp.","Cuphea_ericoides",0
2,0.05,0,NA,"Eumolpini_sp._4","Cuphea_ericoides",0
2,0.05,0,NA,"Lepidoptera_(microlepidoptera)","Cuphea_ericoides",0
2,0.05,0,NA,"Madopterini_sp.","Cuphea_ericoides",0
2,0.05,0,NA,"Nitidulidae_sp._1","Cuphea_ericoides",0
2,0.05,0,NA,"Plecia_sp.","Cuphea_ericoides",0
2,0.05,0,NA,"Pteromalidae_sp._1","Cuphea_ericoides",0
2,0.05,0,NA,"Sciara_sp.","Cuphea_ericoides",0
2,0.05,0,NA,"Sibinia_sp.","Cuphea_ericoides",0
2,0.05,0,NA,"Eupetomena_macroura","Cuphea_ericoides",0
2,0.05,0,NA,"Megachile_(Moureapis)_cf_anthidioides","Cuphea_ericoides",0
2,0.05,0,NA,"Hesperiinae_sp.","Cuphea_ericoides",0
2,0.05,0,NA,"Augochloropsis_sp._3","Cuphea_ericoides",0
2,0.05,0,NA,"Toxophorinae_sp._2","Cuphea_ericoides",0
2,0.05,0,NA,"Aellopos_sp.","Cuphea_ericoides",0
2,0.05,0,NA,"Papilionidae_sp.","Cuphea_ericoides",0
2,0.05,0,NA,"Protomydas_sp.","Cuphea_ericoides",0
2,0.05,0,NA,"Apis_mellifera","Declieuxia_fruticosa",0
2,0.05,0,NA,"Augochloropsis_sp._1","Declieuxia_fruticosa",0
2,0.05,0,NA,"Bombus_pauloensis","Declieuxia_fruticosa",0
2,0.05,0,NA,"Eullaema_nigrita","Declieuxia_fruticosa",0
2,0.05,0,NA,"Satyrinae_sp.","Declieuxia_fruticosa",0
2,0.05,0,NA,"Tetrapedia_sp._2","Declieuxia_fruticosa",0
2,0.05,1,NA,"Xylocopa_sp._2","Declieuxia_fruticosa",0
2,0.05,0,NA,"Exomalopsis_sp._1","Declieuxia_fruticosa",0
2,0.05,0,NA,"Tapinotaspidini_sp._1","Declieuxia_fruticosa",0
2,0.05,0,NA,"Augochlora_(Oxystoglossella)_sp._2","Declieuxia_fruticosa",0
2,0.05,0,NA,"Centris_(Hemisielaa)_tarsata","Declieuxia_fruticosa",0
2,0.05,0,NA,"Ceratina_(Crewella)_sp._2","Declieuxia_fruticosa",0
2,0.05,0,NA,"Chilicola_(Prosopoides)_sp.","Declieuxia_fruticosa",0
2,0.05,0,NA,"Diptera_sp._2","Declieuxia_fruticosa",0
2,0.05,0,NA,"Megachile_cf_(Dactylomegachile)_sp.","Declieuxia_fruticosa",0
2,0.05,0,NA,"Megachile_sp.","Declieuxia_fruticosa",0
2,0.05,0,NA,"Phoebis_sennae","Declieuxia_fruticosa",0
2,0.05,0,NA,"Unidentified_Lepidoptera_sp._7","Declieuxia_fruticosa",0
2,0.05,2,NA,"Xylocopa_sp._1","Declieuxia_fruticosa",0
2,0.05,0,NA,"Xylocopa_sp._5","Declieuxia_fruticosa",0
2,0.05,1,NA,"Heliactin_bilophus","Declieuxia_fruticosa",0
2,0.05,1,NA,"Melipona_sp._1","Declieuxia_fruticosa",0
2,0.05,1,NA,"Vanessa_sp.","Declieuxia_fruticosa",0
2,0.05,0,NA,"Ceratina_(Crewella)_asuncionis","Declieuxia_fruticosa",0
2,0.05,0,NA,"Campsomeris_sp._1","Declieuxia_fruticosa",0
2,0.05,0,NA,"Megachile_(Pseudocentron)_sp._1","Declieuxia_fruticosa",0
2,0.05,0,NA,"Xylocopa_big","Declieuxia_fruticosa",0
2,0.05,0,NA,"Nitidulidae_sp._2","Declieuxia_fruticosa",0
2,0.05,0,NA,"Polybia_ignobilis","Declieuxia_fruticosa",0
2,0.05,0,NA,"Madarini_sp._2","Declieuxia_fruticosa",0
2,0.05,0,NA,"Trigona_spinipes","Declieuxia_fruticosa",0
2,0.05,0,NA,"Alticini_sp._1","Declieuxia_fruticosa",0
2,0.05,0,NA,"Alticini_sp._2","Declieuxia_fruticosa",0
2,0.05,0,NA,"Cerambycidae_sp.","Declieuxia_fruticosa",0
2,0.05,0,NA,"Deopalpus_sp.","Declieuxia_fruticosa",0
2,0.05,0,NA,"Elateridae_sp._1","Declieuxia_fruticosa",0
2,0.05,0,NA,"Lepidoptera_(microlepidoptera)","Declieuxia_fruticosa",0
2,0.05,0,NA,"Neodexiopsis_sp.","Declieuxia_fruticosa",0
2,0.05,0,NA,"Nitidulidae_sp._1","Declieuxia_fruticosa",0
2,0.05,0,NA,"Palpada_sp.","Declieuxia_fruticosa",0
2,0.05,0,NA,"Sciara_sp.","Declieuxia_fruticosa",0
2,0.05,0,NA,"Sibinia_sp.","Declieuxia_fruticosa",0
2,0.05,0,NA,"Trichodes_sp.","Declieuxia_fruticosa",0
2,0.05,0,NA,"Eupetomena_macroura","Declieuxia_fruticosa",0
2,0.05,0,NA,"Megachile_(Moureapis)_cf_anthidioides","Declieuxia_fruticosa",0
2,0.05,0,NA,"Hesperiinae_sp.","Declieuxia_fruticosa",0
2,0.05,0,NA,"Toxophorinae_sp._2","Declieuxia_fruticosa",0
2,0.05,0,NA,"Aellopos_sp.","Declieuxia_fruticosa",0
2,0.05,0,NA,"Papilionidae_sp.","Declieuxia_fruticosa",0
2,0.05,0,NA,"Apis_mellifera","Hypenia_macrantha",0
2,0.05,0,NA,"Bombus_pauloensis","Hypenia_macrantha",0
2,0.05,0,NA,"Camponotus_crassus","Hypenia_macrantha",0
2,0.05,0,NA,"Megachile_(Pseudocentron)_sp._2","Hypenia_macrantha",0
2,0.05,0,NA,"Pseudagapostemon_sp._1","Hypenia_macrantha",0
2,0.05,0,NA,"Satyrinae_sp.","Hypenia_macrantha",0
2,0.05,0,NA,"Tetrapedia_sp._2","Hypenia_macrantha",0
2,0.05,0,NA,"Xylocopa_sp._2","Hypenia_macrantha",0
2,0.05,0,NA,"Dialictus_(Chloralictus)_sp._1","Hypenia_macrantha",0
2,0.05,0,NA,"Exomalopsis_sp._1","Hypenia_macrantha",0
2,0.05,0,NA,"Tapinotaspidini_sp._1","Hypenia_macrantha",0
2,0.05,0,NA,"Centris_(Hemisielaa)_tarsata","Hypenia_macrantha",0
2,0.05,0,NA,"Ceratina_(Crewella)_sp._2","Hypenia_macrantha",0
2,0.05,0,NA,"Chilicola_(Prosopoides)_sp.","Hypenia_macrantha",0
2,0.05,0,NA,"Coelioxys_sp.","Hypenia_macrantha",0
2,0.05,0,NA,"Megachile_cf_(Dactylomegachile)_sp.","Hypenia_macrantha",0
2,0.05,0,NA,"Megachile_sp.","Hypenia_macrantha",0
2,0.05,0,NA,"Phoebis_sennae","Hypenia_macrantha",0
2,0.05,0,NA,"Unidentified_Lepidoptera_sp._7","Hypenia_macrantha",0
2,0.05,0,NA,"Xylocopa_sp._1","Hypenia_macrantha",0
2,0.05,0,NA,"Xylocopa_sp._5","Hypenia_macrantha",0
2,0.05,0,NA,"Campylopterus_largipennis","Hypenia_macrantha",0
2,0.05,0,NA,"Cephalotes_pusillus","Hypenia_macrantha",0
2,0.05,0,NA,"Colibri_serrirostris","Hypenia_macrantha",0
2,0.05,0,NA,"Melipona_sp._1","Hypenia_macrantha",0
2,0.05,0,NA,"Vanessa_sp.","Hypenia_macrantha",0
2,0.05,0,NA,"Campsomeris_sp._1","Hypenia_macrantha",0
2,0.05,0,NA,"Megachile_(Pseudocentron)_sp._1","Hypenia_macrantha",0
2,0.05,0,NA,"Xylocopa_big","Hypenia_macrantha",0
2,0.05,0,NA,"Brachygastra_lecheguana","Hypenia_macrantha",0
2,0.05,0,NA,"Nitidulidae_sp._2","Hypenia_macrantha",0
2,0.05,0,NA,"Polybia_ignobilis","Hypenia_macrantha",0
2,0.05,0,NA,"Madarini_sp._2","Hypenia_macrantha",0
2,0.05,0,NA,"Trigona_spinipes","Hypenia_macrantha",0
2,0.05,0,NA,"Alticini_sp._1","Hypenia_macrantha",0
2,0.05,0,NA,"Alticini_sp._2","Hypenia_macrantha",0
2,0.05,0,NA,"Cauliognathini_sp._1","Hypenia_macrantha",0
2,0.05,0,NA,"Cauliognathus_sp._2","Hypenia_macrantha",0
2,0.05,0,NA,"Cerambycidae_sp.","Hypenia_macrantha",0
2,0.05,0,NA,"Deopalpus_sp.","Hypenia_macrantha",0
2,0.05,0,NA,"Lepidoptera_(microlepidoptera)","Hypenia_macrantha",0
2,0.05,0,NA,"Madopterini_sp.","Hypenia_macrantha",0
2,0.05,0,NA,"Myzinum_sp.","Hypenia_macrantha",0
2,0.05,0,NA,"Neodexiopsis_sp.","Hypenia_macrantha",0
2,0.05,0,NA,"Nitidulidae_sp._1","Hypenia_macrantha",0
2,0.05,0,NA,"Palpada_sp.","Hypenia_macrantha",0
2,0.05,0,NA,"Plecia_sp.","Hypenia_macrantha",0
2,0.05,0,NA,"Pteromalidae_sp._1","Hypenia_macrantha",0
2,0.05,0,NA,"Sciara_sp.","Hypenia_macrantha",0
2,0.05,0,NA,"Sibinia_sp.","Hypenia_macrantha",0
2,0.05,0,NA,"Eupetomena_macroura","Hypenia_macrantha",0
2,0.05,0,NA,"Megachile_(Moureapis)_cf_anthidioides","Hypenia_macrantha",0
2,0.05,0,NA,"Hesperiinae_sp.","Hypenia_macrantha",0
2,0.05,0,NA,"Augochloropsis_sp._3","Hypenia_macrantha",0
2,0.05,0,NA,"Aellopos_sp.","Hypenia_macrantha",0
2,0.05,0,NA,"Papilionidae_sp.","Hypenia_macrantha",0
2,0.05,0,NA,"Protomydas_sp.","Hypenia_macrantha",0
2,0.05,0,NA,"Apis_mellifera","Jacaranda_caroba",0
2,0.05,0,NA,"Augochloropsis_sp._1","Jacaranda_caroba",0
2,0.05,0,NA,"Bombus_pauloensis","Jacaranda_caroba",0
2,0.05,0,NA,"Camponotus_crassus","Jacaranda_caroba",0
2,0.05,0,NA,"Eullaema_nigrita","Jacaranda_caroba",0
2,0.05,0,NA,"Megachile_(Pseudocentron)_sp._2","Jacaranda_caroba",0
2,0.05,0,NA,"Pseudagapostemon_sp._1","Jacaranda_caroba",0
2,0.05,0,NA,"Tetrapedia_sp._2","Jacaranda_caroba",0
2,0.05,0,NA,"Xylocopa_sp._2","Jacaranda_caroba",0
2,0.05,1,NA,"Dialictus_(Chloralictus)_sp._1","Jacaranda_caroba",0
2,0.05,0,NA,"Exomalopsis_sp._1","Jacaranda_caroba",0
2,0.05,0,NA,"Tapinotaspidini_sp._1","Jacaranda_caroba",0
2,0.05,0,NA,"Chlorostilbon_lucidus","Jacaranda_caroba",0
2,0.05,0,NA,"Anthidini_sp.","Jacaranda_caroba",0
2,0.05,0,NA,"Augochlora_(Oxystoglossella)_sp._2","Jacaranda_caroba",0
2,0.05,0,NA,"Ceratina_(Crewella)_sp._2","Jacaranda_caroba",0
2,0.05,0,NA,"Chilicola_(Prosopoides)_sp.","Jacaranda_caroba",0
2,0.05,0,NA,"Coelioxys_sp.","Jacaranda_caroba",0
2,0.05,0,NA,"Diptera_sp._2","Jacaranda_caroba",0
2,0.05,0,NA,"Megachile_cf_(Dactylomegachile)_sp.","Jacaranda_caroba",0
2,0.05,0,NA,"Megachile_sp.","Jacaranda_caroba",0
2,0.05,0,NA,"Phoebis_sennae","Jacaranda_caroba",0
2,0.05,0,NA,"Xylocopa_sp._1","Jacaranda_caroba",0
2,0.05,0,NA,"Xylocopa_sp._5","Jacaranda_caroba",0
2,0.05,0,NA,"Campylopterus_largipennis","Jacaranda_caroba",0
2,0.05,0,NA,"Colibri_serrirostris","Jacaranda_caroba",0
2,0.05,0,NA,"Heliactin_bilophus","Jacaranda_caroba",0
2,0.05,0,NA,"Melipona_sp._1","Jacaranda_caroba",0
2,0.05,0,NA,"Vanessa_sp.","Jacaranda_caroba",0
2,0.05,0,NA,"Campsomeris_sp._1","Jacaranda_caroba",0
2,0.05,0,NA,"Xylocopa_big","Jacaranda_caroba",0
2,0.05,0,NA,"Brachygastra_lecheguana","Jacaranda_caroba",0
2,0.05,0,NA,"Polybia_ignobilis","Jacaranda_caroba",0
2,0.05,0,NA,"Cauliognathini_sp._1","Jacaranda_caroba",0
2,0.05,0,NA,"Cauliognathus_sp._2","Jacaranda_caroba",0
2,0.05,0,NA,"Cerambycidae_sp.","Jacaranda_caroba",0
2,0.05,0,NA,"Deopalpus_sp.","Jacaranda_caroba",0
2,0.05,0,NA,"Elateridae_sp._1","Jacaranda_caroba",0
2,0.05,0,NA,"Eumolpini_sp._4","Jacaranda_caroba",0
2,0.05,0,NA,"Lepidoptera_(microlepidoptera)","Jacaranda_caroba",0
2,0.05,0,NA,"Myzinum_sp.","Jacaranda_caroba",0
2,0.05,0,NA,"Neodexiopsis_sp.","Jacaranda_caroba",0
2,0.05,0,NA,"Nitidulidae_sp._1","Jacaranda_caroba",0
2,0.05,0,NA,"Pteromalidae_sp._1","Jacaranda_caroba",0
2,0.05,0,NA,"Sciara_sp.","Jacaranda_caroba",0
2,0.05,0,NA,"Sibinia_sp.","Jacaranda_caroba",0
2,0.05,0,NA,"Trichodes_sp.","Jacaranda_caroba",0
2,0.05,0,NA,"Eupetomena_macroura","Jacaranda_caroba",0
2,0.05,0,NA,"Megachile_(Moureapis)_cf_anthidioides","Jacaranda_caroba",0
2,0.05,0,NA,"Hesperiinae_sp.","Jacaranda_caroba",0
2,0.05,0,NA,"Augochloropsis_sp._3","Jacaranda_caroba",0
2,0.05,0,NA,"Toxophorinae_sp._2","Jacaranda_caroba",0
2,0.05,0,NA,"Aellopos_sp.","Jacaranda_caroba",0
2,0.05,0,NA,"Papilionidae_sp.","Jacaranda_caroba",0
2,0.05,0,NA,"Apis_mellifera","Lessingianthus_pycnostachyus",0
2,0.05,2,NA,"Augochloropsis_sp._1","Lessingianthus_pycnostachyus",0
2,0.05,0,NA,"Bombus_pauloensis","Lessingianthus_pycnostachyus",0
2,0.05,0,NA,"Camponotus_crassus","Lessingianthus_pycnostachyus",0
2,0.05,0,NA,"Eullaema_nigrita","Lessingianthus_pycnostachyus",0
2,0.05,0,NA,"Megachile_(Pseudocentron)_sp._2","Lessingianthus_pycnostachyus",0
2,0.05,0,NA,"Satyrinae_sp.","Lessingianthus_pycnostachyus",0
2,0.05,0,NA,"Tetrapedia_sp._2","Lessingianthus_pycnostachyus",0
2,0.05,0,NA,"Xylocopa_sp._2","Lessingianthus_pycnostachyus",0
2,0.05,13,NA,"Dialictus_(Chloralictus)_sp._1","Lessingianthus_pycnostachyus",0
2,0.05,0,NA,"Exomalopsis_sp._1","Lessingianthus_pycnostachyus",0
2,0.05,0,NA,"Tapinotaspidini_sp._1","Lessingianthus_pycnostachyus",0
2,0.05,0,NA,"Chlorostilbon_lucidus","Lessingianthus_pycnostachyus",0
2,0.05,0,NA,"Anthidini_sp.","Lessingianthus_pycnostachyus",0
2,0.05,0,NA,"Centris_(Hemisielaa)_tarsata","Lessingianthus_pycnostachyus",0
2,0.05,0,NA,"Ceratina_(Crewella)_sp._2","Lessingianthus_pycnostachyus",0
2,0.05,0,NA,"Chilicola_(Prosopoides)_sp.","Lessingianthus_pycnostachyus",0
2,0.05,0,NA,"Diptera_sp._2","Lessingianthus_pycnostachyus",0
2,0.05,0,NA,"Megachile_cf_(Dactylomegachile)_sp.","Lessingianthus_pycnostachyus",0
2,0.05,0,NA,"Megachile_sp.","Lessingianthus_pycnostachyus",0
2,0.05,0,NA,"Phoebis_sennae","Lessingianthus_pycnostachyus",0
2,0.05,0,NA,"Unidentified_Lepidoptera_sp._7","Lessingianthus_pycnostachyus",0
2,0.05,0,NA,"Xylocopa_sp._5","Lessingianthus_pycnostachyus",0
2,0.05,3,NA,"Cephalotes_pusillus","Lessingianthus_pycnostachyus",0
2,0.05,0,NA,"Vanessa_sp.","Lessingianthus_pycnostachyus",0
2,0.05,5,NA,"Ceratina_(Crewella)_asuncionis","Lessingianthus_pycnostachyus",0
2,0.05,1,NA,"Campsomeris_sp._1","Lessingianthus_pycnostachyus",0
2,0.05,2,NA,"Megachile_(Pseudocentron)_sp._1","Lessingianthus_pycnostachyus",0
2,0.05,0,NA,"Brachygastra_lecheguana","Lessingianthus_pycnostachyus",0
2,0.05,0,NA,"Polybia_ignobilis","Lessingianthus_pycnostachyus",0
2,0.05,0,NA,"Trigona_spinipes","Lessingianthus_pycnostachyus",0
2,0.05,0,NA,"Alticini_sp._1","Lessingianthus_pycnostachyus",0
2,0.05,0,NA,"Alticini_sp._2","Lessingianthus_pycnostachyus",0
2,0.05,0,NA,"Cauliognathini_sp._1","Lessingianthus_pycnostachyus",0
2,0.05,0,NA,"Cauliognathus_sp._2","Lessingianthus_pycnostachyus",0
2,0.05,0,NA,"Cerambycidae_sp.","Lessingianthus_pycnostachyus",0
2,0.05,0,NA,"Deopalpus_sp.","Lessingianthus_pycnostachyus",0
2,0.05,0,NA,"Elateridae_sp._1","Lessingianthus_pycnostachyus",0
2,0.05,0,NA,"Lepidoptera_(microlepidoptera)","Lessingianthus_pycnostachyus",0
2,0.05,0,NA,"Madopterini_sp.","Lessingianthus_pycnostachyus",0
2,0.05,0,NA,"Neodexiopsis_sp.","Lessingianthus_pycnostachyus",0
2,0.05,0,NA,"Nitidulidae_sp._1","Lessingianthus_pycnostachyus",0
2,0.05,0,NA,"Palpada_sp.","Lessingianthus_pycnostachyus",0
2,0.05,0,NA,"Plecia_sp.","Lessingianthus_pycnostachyus",0
2,0.05,0,NA,"Pteromalidae_sp._1","Lessingianthus_pycnostachyus",0
2,0.05,0,NA,"Sciara_sp.","Lessingianthus_pycnostachyus",0
2,0.05,0,NA,"Sibinia_sp.","Lessingianthus_pycnostachyus",0
2,0.05,0,NA,"Trichodes_sp.","Lessingianthus_pycnostachyus",0
2,0.05,0,NA,"Eupetomena_macroura","Lessingianthus_pycnostachyus",0
2,0.05,0,NA,"Megachile_(Moureapis)_cf_anthidioides","Lessingianthus_pycnostachyus",0
2,0.05,0,NA,"Augochloropsis_sp._3","Lessingianthus_pycnostachyus",0
2,0.05,0,NA,"Toxophorinae_sp._2","Lessingianthus_pycnostachyus",0
2,0.05,0,NA,"Aellopos_sp.","Lessingianthus_pycnostachyus",0
2,0.05,0,NA,"Apis_mellifera","Luxemburgia_villosa",0
2,0.05,0,NA,"Augochloropsis_sp._1","Luxemburgia_villosa",0
2,0.05,0,NA,"Camponotus_crassus","Luxemburgia_villosa",0
2,0.05,0,NA,"Eullaema_nigrita","Luxemburgia_villosa",0
2,0.05,0,NA,"Megachile_(Pseudocentron)_sp._2","Luxemburgia_villosa",0
2,0.05,0,NA,"Pseudagapostemon_sp._1","Luxemburgia_villosa",0
2,0.05,0,NA,"Satyrinae_sp.","Luxemburgia_villosa",0
2,0.05,0,NA,"Tetrapedia_sp._2","Luxemburgia_villosa",0
2,0.05,0,NA,"Xylocopa_sp._2","Luxemburgia_villosa",0
2,0.05,0,NA,"Dialictus_(Chloralictus)_sp._1","Luxemburgia_villosa",0
2,0.05,0,NA,"Exomalopsis_sp._1","Luxemburgia_villosa",0
2,0.05,0,NA,"Tapinotaspidini_sp._1","Luxemburgia_villosa",0
2,0.05,0,NA,"Chlorostilbon_lucidus","Luxemburgia_villosa",0
2,0.05,0,NA,"Anthidini_sp.","Luxemburgia_villosa",0
2,0.05,0,NA,"Centris_(Hemisielaa)_tarsata","Luxemburgia_villosa",0
2,0.05,0,NA,"Ceratina_(Crewella)_sp._2","Luxemburgia_villosa",0
2,0.05,0,NA,"Chilicola_(Prosopoides)_sp.","Luxemburgia_villosa",0
2,0.05,0,NA,"Coelioxys_sp.","Luxemburgia_villosa",0
2,0.05,0,NA,"Diptera_sp._2","Luxemburgia_villosa",0
2,0.05,0,NA,"Megachile_cf_(Dactylomegachile)_sp.","Luxemburgia_villosa",0
2,0.05,0,NA,"Megachile_sp.","Luxemburgia_villosa",0
2,0.05,0,NA,"Phoebis_sennae","Luxemburgia_villosa",0
2,0.05,0,NA,"Xylocopa_sp._5","Luxemburgia_villosa",0
2,0.05,0,NA,"Campylopterus_largipennis","Luxemburgia_villosa",0
2,0.05,0,NA,"Colibri_serrirostris","Luxemburgia_villosa",0
2,0.05,0,NA,"Heliactin_bilophus","Luxemburgia_villosa",0
2,0.05,0,NA,"Melipona_sp._1","Luxemburgia_villosa",0
2,0.05,0,NA,"Vanessa_sp.","Luxemburgia_villosa",0
2,0.05,0,NA,"Ceratina_(Crewella)_asuncionis","Luxemburgia_villosa",0
2,0.05,0,NA,"Campsomeris_sp._1","Luxemburgia_villosa",0
2,0.05,0,NA,"Brachygastra_lecheguana","Luxemburgia_villosa",0
2,0.05,0,NA,"Nitidulidae_sp._2","Luxemburgia_villosa",0
2,0.05,0,NA,"Polybia_ignobilis","Luxemburgia_villosa",0
2,0.05,0,NA,"Madarini_sp._2","Luxemburgia_villosa",0
2,0.05,0,NA,"Trigona_spinipes","Luxemburgia_villosa",0
2,0.05,0,NA,"Alticini_sp._2","Luxemburgia_villosa",0
2,0.05,0,NA,"Cauliognathini_sp._1","Luxemburgia_villosa",0
2,0.05,0,NA,"Cerambycidae_sp.","Luxemburgia_villosa",0
2,0.05,0,NA,"Deopalpus_sp.","Luxemburgia_villosa",0
2,0.05,0,NA,"Elateridae_sp._1","Luxemburgia_villosa",0
2,0.05,0,NA,"Eumolpini_sp._4","Luxemburgia_villosa",0
2,0.05,0,NA,"Lepidoptera_(microlepidoptera)","Luxemburgia_villosa",0
2,0.05,0,NA,"Myzinum_sp.","Luxemburgia_villosa",0
2,0.05,0,NA,"Neodexiopsis_sp.","Luxemburgia_villosa",0
2,0.05,0,NA,"Nitidulidae_sp._1","Luxemburgia_villosa",0
2,0.05,0,NA,"Palpada_sp.","Luxemburgia_villosa",0
2,0.05,0,NA,"Plecia_sp.","Luxemburgia_villosa",0
2,0.05,0,NA,"Pteromalidae_sp._1","Luxemburgia_villosa",0
2,0.05,0,NA,"Sibinia_sp.","Luxemburgia_villosa",0
2,0.05,0,NA,"Eupetomena_macroura","Luxemburgia_villosa",0
2,0.05,0,NA,"Megachile_(Moureapis)_cf_anthidioides","Luxemburgia_villosa",0
2,0.05,0,NA,"Hesperiinae_sp.","Luxemburgia_villosa",0
2,0.05,0,NA,"Augochloropsis_sp._3","Luxemburgia_villosa",0
2,0.05,0,NA,"Toxophorinae_sp._2","Luxemburgia_villosa",0
2,0.05,0,NA,"Aellopos_sp.","Luxemburgia_villosa",0
2,0.05,0,NA,"Protomydas_sp.","Luxemburgia_villosa",0
2,0.05,0,NA,"Apis_mellifera","Malpigaceae_sp.",0
2,0.05,0,NA,"Augochloropsis_sp._1","Malpigaceae_sp.",0
2,0.05,0,NA,"Bombus_pauloensis","Malpigaceae_sp.",0
2,0.05,0,NA,"Camponotus_crassus","Malpigaceae_sp.",0
2,0.05,0,NA,"Eullaema_nigrita","Malpigaceae_sp.",0
2,0.05,0,NA,"Megachile_(Pseudocentron)_sp._2","Malpigaceae_sp.",0
2,0.05,0,NA,"Satyrinae_sp.","Malpigaceae_sp.",0
2,0.05,0,NA,"Tetrapedia_sp._2","Malpigaceae_sp.",0
2,0.05,0,NA,"Xylocopa_sp._2","Malpigaceae_sp.",0
2,0.05,1,NA,"Dialictus_(Chloralictus)_sp._1","Malpigaceae_sp.",0
2,0.05,0,NA,"Exomalopsis_sp._1","Malpigaceae_sp.",0
2,0.05,0,NA,"Anthidini_sp.","Malpigaceae_sp.",0
2,0.05,1,NA,"Centris_(Hemisielaa)_tarsata","Malpigaceae_sp.",0
2,0.05,0,NA,"Ceratina_(Crewella)_sp._2","Malpigaceae_sp.",0
2,0.05,0,NA,"Chilicola_(Prosopoides)_sp.","Malpigaceae_sp.",0
2,0.05,0,NA,"Coelioxys_sp.","Malpigaceae_sp.",0
2,0.05,0,NA,"Diptera_sp._2","Malpigaceae_sp.",0
2,0.05,0,NA,"Megachile_cf_(Dactylomegachile)_sp.","Malpigaceae_sp.",0
2,0.05,0,NA,"Megachile_sp.","Malpigaceae_sp.",0
2,0.05,0,NA,"Phoebis_sennae","Malpigaceae_sp.",0
2,0.05,0,NA,"Xylocopa_sp._1","Malpigaceae_sp.",0
2,0.05,0,NA,"Campylopterus_largipennis","Malpigaceae_sp.",0
2,0.05,1,NA,"Cephalotes_pusillus","Malpigaceae_sp.",0
2,0.05,0,NA,"Colibri_serrirostris","Malpigaceae_sp.",0
2,0.05,0,NA,"Heliactin_bilophus","Malpigaceae_sp.",0
2,0.05,0,NA,"Melipona_sp._1","Malpigaceae_sp.",0
2,0.05,0,NA,"Vanessa_sp.","Malpigaceae_sp.",0
2,0.05,0,NA,"Ceratina_(Crewella)_asuncionis","Malpigaceae_sp.",0
2,0.05,0,NA,"Campsomeris_sp._1","Malpigaceae_sp.",0
2,0.05,0,NA,"Megachile_(Pseudocentron)_sp._1","Malpigaceae_sp.",0
2,0.05,0,NA,"Xylocopa_big","Malpigaceae_sp.",0
2,0.05,0,NA,"Polybia_ignobilis","Malpigaceae_sp.",0
2,0.05,0,NA,"Trigona_spinipes","Malpigaceae_sp.",0
2,0.05,0,NA,"Alticini_sp._1","Malpigaceae_sp.",0
2,0.05,0,NA,"Alticini_sp._2","Malpigaceae_sp.",0
2,0.05,0,NA,"Cauliognathini_sp._1","Malpigaceae_sp.",0
2,0.05,0,NA,"Cauliognathus_sp._2","Malpigaceae_sp.",0
2,0.05,0,NA,"Elateridae_sp._1","Malpigaceae_sp.",0
2,0.05,0,NA,"Eumolpini_sp._4","Malpigaceae_sp.",0
2,0.05,0,NA,"Lepidoptera_(microlepidoptera)","Malpigaceae_sp.",0
2,0.05,0,NA,"Madopterini_sp.","Malpigaceae_sp.",0
2,0.05,0,NA,"Myzinum_sp.","Malpigaceae_sp.",0
2,0.05,0,NA,"Neodexiopsis_sp.","Malpigaceae_sp.",0
2,0.05,0,NA,"Nitidulidae_sp._1","Malpigaceae_sp.",0
2,0.05,0,NA,"Plecia_sp.","Malpigaceae_sp.",0
2,0.05,0,NA,"Pteromalidae_sp._1","Malpigaceae_sp.",0
2,0.05,0,NA,"Sciara_sp.","Malpigaceae_sp.",0
2,0.05,0,NA,"Sibinia_sp.","Malpigaceae_sp.",0
2,0.05,0,NA,"Trichodes_sp.","Malpigaceae_sp.",0
2,0.05,0,NA,"Eupetomena_macroura","Malpigaceae_sp.",0
2,0.05,0,NA,"Megachile_(Moureapis)_cf_anthidioides","Malpigaceae_sp.",0
2,0.05,0,NA,"Hesperiinae_sp.","Malpigaceae_sp.",0
2,0.05,0,NA,"Toxophorinae_sp._2","Malpigaceae_sp.",0
2,0.05,0,NA,"Papilionidae_sp.","Malpigaceae_sp.",0
2,0.05,0,NA,"Apis_mellifera","Mimosa_sp.",0
2,0.05,0,NA,"Augochloropsis_sp._1","Mimosa_sp.",0
2,0.05,0,NA,"Camponotus_crassus","Mimosa_sp.",0
2,0.05,0,NA,"Eullaema_nigrita","Mimosa_sp.",0
2,0.05,0,NA,"Megachile_(Pseudocentron)_sp._2","Mimosa_sp.",0
2,0.05,0,NA,"Pseudagapostemon_sp._1","Mimosa_sp.",0
2,0.05,0,NA,"Satyrinae_sp.","Mimosa_sp.",0
2,0.05,0,NA,"Xylocopa_sp._2","Mimosa_sp.",0
2,0.05,1,NA,"Dialictus_(Chloralictus)_sp._1","Mimosa_sp.",0
2,0.05,0,NA,"Exomalopsis_sp._1","Mimosa_sp.",0
2,0.05,0,NA,"Tapinotaspidini_sp._1","Mimosa_sp.",0
2,0.05,0,NA,"Anthidini_sp.","Mimosa_sp.",0
2,0.05,0,NA,"Augochlora_(Oxystoglossella)_sp._2","Mimosa_sp.",0
2,0.05,0,NA,"Centris_(Hemisielaa)_tarsata","Mimosa_sp.",0
2,0.05,0,NA,"Ceratina_(Crewella)_sp._2","Mimosa_sp.",0
2,0.05,0,NA,"Chilicola_(Prosopoides)_sp.","Mimosa_sp.",0
2,0.05,0,NA,"Diptera_sp._2","Mimosa_sp.",0
2,0.05,0,NA,"Megachile_cf_(Dactylomegachile)_sp.","Mimosa_sp.",0
2,0.05,0,NA,"Megachile_sp.","Mimosa_sp.",0
2,0.05,1,NA,"Phoebis_sennae","Mimosa_sp.",0
2,0.05,0,NA,"Unidentified_Lepidoptera_sp._7","Mimosa_sp.",0
2,0.05,0,NA,"Xylocopa_sp._1","Mimosa_sp.",0
2,0.05,0,NA,"Xylocopa_sp._5","Mimosa_sp.",0
2,0.05,0,NA,"Campylopterus_largipennis","Mimosa_sp.",0
2,0.05,0,NA,"Colibri_serrirostris","Mimosa_sp.",0
2,0.05,0,NA,"Heliactin_bilophus","Mimosa_sp.",0
2,0.05,0,NA,"Melipona_sp._1","Mimosa_sp.",0
2,0.05,0,NA,"Vanessa_sp.","Mimosa_sp.",0
2,0.05,0,NA,"Campsomeris_sp._1","Mimosa_sp.",0
2,0.05,0,NA,"Megachile_(Pseudocentron)_sp._1","Mimosa_sp.",0
2,0.05,0,NA,"Xylocopa_big","Mimosa_sp.",0
2,0.05,2,NA,"Brachygastra_lecheguana","Mimosa_sp.",0
2,0.05,1,NA,"Polybia_ignobilis","Mimosa_sp.",0
2,0.05,0,NA,"Madarini_sp._2","Mimosa_sp.",0
2,0.05,0,NA,"Trigona_spinipes","Mimosa_sp.",0
2,0.05,0,NA,"Alticini_sp._2","Mimosa_sp.",0
2,0.05,0,NA,"Cauliognathini_sp._1","Mimosa_sp.",0
2,0.05,0,NA,"Cauliognathus_sp._2","Mimosa_sp.",0
2,0.05,0,NA,"Deopalpus_sp.","Mimosa_sp.",0
2,0.05,0,NA,"Eumolpini_sp._4","Mimosa_sp.",0
2,0.05,0,NA,"Lepidoptera_(microlepidoptera)","Mimosa_sp.",0
2,0.05,0,NA,"Madopterini_sp.","Mimosa_sp.",0
2,0.05,0,NA,"Myzinum_sp.","Mimosa_sp.",0
2,0.05,0,NA,"Nitidulidae_sp._1","Mimosa_sp.",0
2,0.05,0,NA,"Palpada_sp.","Mimosa_sp.",0
2,0.05,0,NA,"Pteromalidae_sp._1","Mimosa_sp.",0
2,0.05,0,NA,"Trichodes_sp.","Mimosa_sp.",0
2,0.05,0,NA,"Eupetomena_macroura","Mimosa_sp.",0
2,0.05,0,NA,"Megachile_(Moureapis)_cf_anthidioides","Mimosa_sp.",0
2,0.05,0,NA,"Hesperiinae_sp.","Mimosa_sp.",0
2,0.05,0,NA,"Augochloropsis_sp._3","Mimosa_sp.",0
2,0.05,0,NA,"Toxophorinae_sp._2","Mimosa_sp.",0
2,0.05,0,NA,"Aellopos_sp.","Mimosa_sp.",0
2,0.05,0,NA,"Protomydas_sp.","Mimosa_sp.",0
2,0.05,0,NA,"Apis_mellifera","Myrcia_guianensis",0
2,0.05,0,NA,"Augochloropsis_sp._1","Myrcia_guianensis",0
2,0.05,0,NA,"Bombus_pauloensis","Myrcia_guianensis",0
2,0.05,0,NA,"Camponotus_crassus","Myrcia_guianensis",0
2,0.05,0,NA,"Megachile_(Pseudocentron)_sp._2","Myrcia_guianensis",0
2,0.05,0,NA,"Pseudagapostemon_sp._1","Myrcia_guianensis",0
2,0.05,0,NA,"Satyrinae_sp.","Myrcia_guianensis",0
2,0.05,0,NA,"Tetrapedia_sp._2","Myrcia_guianensis",0
2,0.05,0,NA,"Xylocopa_sp._2","Myrcia_guianensis",0
2,0.05,0,NA,"Dialictus_(Chloralictus)_sp._1","Myrcia_guianensis",0
2,0.05,0,NA,"Exomalopsis_sp._1","Myrcia_guianensis",0
2,0.05,0,NA,"Tapinotaspidini_sp._1","Myrcia_guianensis",0
2,0.05,0,NA,"Chlorostilbon_lucidus","Myrcia_guianensis",0
2,0.05,0,NA,"Anthidini_sp.","Myrcia_guianensis",0
2,0.05,0,NA,"Ceratina_(Crewella)_sp._2","Myrcia_guianensis",0
2,0.05,0,NA,"Chilicola_(Prosopoides)_sp.","Myrcia_guianensis",0
2,0.05,0,NA,"Coelioxys_sp.","Myrcia_guianensis",0
2,0.05,0,NA,"Diptera_sp._2","Myrcia_guianensis",0
2,0.05,0,NA,"Megachile_sp.","Myrcia_guianensis",0
2,0.05,0,NA,"Phoebis_sennae","Myrcia_guianensis",0
2,0.05,0,NA,"Xylocopa_sp._1","Myrcia_guianensis",0
2,0.05,0,NA,"Xylocopa_sp._5","Myrcia_guianensis",0
2,0.05,0,NA,"Campylopterus_largipennis","Myrcia_guianensis",0
2,0.05,0,NA,"Cephalotes_pusillus","Myrcia_guianensis",0
2,0.05,0,NA,"Colibri_serrirostris","Myrcia_guianensis",0
2,0.05,0,NA,"Heliactin_bilophus","Myrcia_guianensis",0
2,0.05,0,NA,"Melipona_sp._1","Myrcia_guianensis",0
2,0.05,0,NA,"Vanessa_sp.","Myrcia_guianensis",0
2,0.05,0,NA,"Ceratina_(Crewella)_asuncionis","Myrcia_guianensis",0
2,0.05,0,NA,"Xylocopa_big","Myrcia_guianensis",0
2,0.05,0,NA,"Brachygastra_lecheguana","Myrcia_guianensis",0
2,0.05,0,NA,"Polybia_ignobilis","Myrcia_guianensis",0
2,0.05,1,NA,"Madarini_sp._2","Myrcia_guianensis",0
2,0.05,0,NA,"Alticini_sp._1","Myrcia_guianensis",0
2,0.05,0,NA,"Alticini_sp._2","Myrcia_guianensis",0
2,0.05,0,NA,"Cauliognathus_sp._2","Myrcia_guianensis",0
2,0.05,0,NA,"Cerambycidae_sp.","Myrcia_guianensis",0
2,0.05,0,NA,"Deopalpus_sp.","Myrcia_guianensis",0
2,0.05,0,NA,"Elateridae_sp._1","Myrcia_guianensis",0
2,0.05,0,NA,"Eumolpini_sp._4","Myrcia_guianensis",0
2,0.05,0,NA,"Madopterini_sp.","Myrcia_guianensis",0
2,0.05,0,NA,"Myzinum_sp.","Myrcia_guianensis",0
2,0.05,0,NA,"Neodexiopsis_sp.","Myrcia_guianensis",0
2,0.05,0,NA,"Palpada_sp.","Myrcia_guianensis",0
2,0.05,0,NA,"Plecia_sp.","Myrcia_guianensis",0
2,0.05,0,NA,"Sciara_sp.","Myrcia_guianensis",0
2,0.05,0,NA,"Sibinia_sp.","Myrcia_guianensis",0
2,0.05,0,NA,"Trichodes_sp.","Myrcia_guianensis",0
2,0.05,0,NA,"Megachile_(Moureapis)_cf_anthidioides","Myrcia_guianensis",0
2,0.05,0,NA,"Hesperiinae_sp.","Myrcia_guianensis",0
2,0.05,0,NA,"Augochloropsis_sp._3","Myrcia_guianensis",0
2,0.05,0,NA,"Toxophorinae_sp._2","Myrcia_guianensis",0
2,0.05,0,NA,"Aellopos_sp.","Myrcia_guianensis",0
2,0.05,0,NA,"Papilionidae_sp.","Myrcia_guianensis",0
2,0.05,0,NA,"Protomydas_sp.","Myrcia_guianensis",0
2,0.05,0,NA,"Apis_mellifera","Ouratea_floribunda",0
2,0.05,1,NA,"Augochloropsis_sp._1","Ouratea_floribunda",0
2,0.05,0,NA,"Bombus_pauloensis","Ouratea_floribunda",0
2,0.05,0,NA,"Camponotus_crassus","Ouratea_floribunda",0
2,0.05,0,NA,"Eullaema_nigrita","Ouratea_floribunda",0
2,0.05,0,NA,"Megachile_(Pseudocentron)_sp._2","Ouratea_floribunda",0
2,0.05,0,NA,"Pseudagapostemon_sp._1","Ouratea_floribunda",0
2,0.05,0,NA,"Satyrinae_sp.","Ouratea_floribunda",0
2,0.05,0,NA,"Tetrapedia_sp._2","Ouratea_floribunda",0
2,0.05,0,NA,"Xylocopa_sp._2","Ouratea_floribunda",0
2,0.05,0,NA,"Dialictus_(Chloralictus)_sp._1","Ouratea_floribunda",0
2,0.05,0,NA,"Tapinotaspidini_sp._1","Ouratea_floribunda",0
2,0.05,0,NA,"Chlorostilbon_lucidus","Ouratea_floribunda",0
2,0.05,0,NA,"Augochlora_(Oxystoglossella)_sp._2","Ouratea_floribunda",0
2,0.05,1,NA,"Centris_(Hemisielaa)_tarsata","Ouratea_floribunda",0
2,0.05,0,NA,"Ceratina_(Crewella)_sp._2","Ouratea_floribunda",0
2,0.05,0,NA,"Chilicola_(Prosopoides)_sp.","Ouratea_floribunda",0
2,0.05,0,NA,"Coelioxys_sp.","Ouratea_floribunda",0
2,0.05,0,NA,"Diptera_sp._2","Ouratea_floribunda",0
2,0.05,0,NA,"Megachile_cf_(Dactylomegachile)_sp.","Ouratea_floribunda",0
2,0.05,0,NA,"Megachile_sp.","Ouratea_floribunda",0
2,0.05,0,NA,"Phoebis_sennae","Ouratea_floribunda",0
2,0.05,0,NA,"Unidentified_Lepidoptera_sp._7","Ouratea_floribunda",0
2,0.05,0,NA,"Xylocopa_sp._1","Ouratea_floribunda",0
2,0.05,0,NA,"Xylocopa_sp._5","Ouratea_floribunda",0
2,0.05,0,NA,"Campylopterus_largipennis","Ouratea_floribunda",0
2,0.05,0,NA,"Cephalotes_pusillus","Ouratea_floribunda",0
2,0.05,0,NA,"Colibri_serrirostris","Ouratea_floribunda",0
2,0.05,0,NA,"Heliactin_bilophus","Ouratea_floribunda",0
2,0.05,0,NA,"Vanessa_sp.","Ouratea_floribunda",0
2,0.05,0,NA,"Campsomeris_sp._1","Ouratea_floribunda",0
2,0.05,0,NA,"Brachygastra_lecheguana","Ouratea_floribunda",0
2,0.05,0,NA,"Nitidulidae_sp._2","Ouratea_floribunda",0
2,0.05,0,NA,"Polybia_ignobilis","Ouratea_floribunda",0
2,0.05,0,NA,"Madarini_sp._2","Ouratea_floribunda",0
2,0.05,0,NA,"Trigona_spinipes","Ouratea_floribunda",0
2,0.05,0,NA,"Alticini_sp._1","Ouratea_floribunda",0
2,0.05,0,NA,"Alticini_sp._2","Ouratea_floribunda",0
2,0.05,0,NA,"Cauliognathini_sp._1","Ouratea_floribunda",0
2,0.05,0,NA,"Cauliognathus_sp._2","Ouratea_floribunda",0
2,0.05,0,NA,"Cerambycidae_sp.","Ouratea_floribunda",0
2,0.05,0,NA,"Deopalpus_sp.","Ouratea_floribunda",0
2,0.05,0,NA,"Elateridae_sp._1","Ouratea_floribunda",0
2,0.05,0,NA,"Eumolpini_sp._4","Ouratea_floribunda",0
2,0.05,0,NA,"Lepidoptera_(microlepidoptera)","Ouratea_floribunda",0
2,0.05,0,NA,"Madopterini_sp.","Ouratea_floribunda",0
2,0.05,0,NA,"Myzinum_sp.","Ouratea_floribunda",0
2,0.05,0,NA,"Palpada_sp.","Ouratea_floribunda",0
2,0.05,0,NA,"Plecia_sp.","Ouratea_floribunda",0
2,0.05,0,NA,"Pteromalidae_sp._1","Ouratea_floribunda",0
2,0.05,0,NA,"Sciara_sp.","Ouratea_floribunda",0
2,0.05,0,NA,"Sibinia_sp.","Ouratea_floribunda",0
2,0.05,0,NA,"Trichodes_sp.","Ouratea_floribunda",0
2,0.05,0,NA,"Megachile_(Moureapis)_cf_anthidioides","Ouratea_floribunda",0
2,0.05,0,NA,"Hesperiinae_sp.","Ouratea_floribunda",0
2,0.05,0,NA,"Augochloropsis_sp._3","Ouratea_floribunda",0
2,0.05,0,NA,"Toxophorinae_sp._2","Ouratea_floribunda",0
2,0.05,0,NA,"Papilionidae_sp.","Ouratea_floribunda",0
2,0.05,0,NA,"Protomydas_sp.","Ouratea_floribunda",0
2,0.05,0,NA,"Apis_mellifera","Paepalanthus_bromelioides",0
2,0.05,0,NA,"Augochloropsis_sp._1","Paepalanthus_bromelioides",0
2,0.05,0,NA,"Bombus_pauloensis","Paepalanthus_bromelioides",0
2,0.05,0,NA,"Eullaema_nigrita","Paepalanthus_bromelioides",0
2,0.05,0,NA,"Megachile_(Pseudocentron)_sp._2","Paepalanthus_bromelioides",0
2,0.05,0,NA,"Satyrinae_sp.","Paepalanthus_bromelioides",0
2,0.05,0,NA,"Tetrapedia_sp._2","Paepalanthus_bromelioides",0
2,0.05,0,NA,"Xylocopa_sp._2","Paepalanthus_bromelioides",0
2,0.05,25,NA,"Dialictus_(Chloralictus)_sp._1","Paepalanthus_bromelioides",0
2,0.05,0,NA,"Exomalopsis_sp._1","Paepalanthus_bromelioides",0
2,0.05,0,NA,"Tapinotaspidini_sp._1","Paepalanthus_bromelioides",0
2,0.05,0,NA,"Chlorostilbon_lucidus","Paepalanthus_bromelioides",0
2,0.05,0,NA,"Augochlora_(Oxystoglossella)_sp._2","Paepalanthus_bromelioides",0
2,0.05,1,NA,"Ceratina_(Crewella)_sp._2","Paepalanthus_bromelioides",0
2,0.05,0,NA,"Chilicola_(Prosopoides)_sp.","Paepalanthus_bromelioides",0
2,0.05,0,NA,"Coelioxys_sp.","Paepalanthus_bromelioides",0
2,0.05,7,NA,"Diptera_sp._2","Paepalanthus_bromelioides",0
2,0.05,0,NA,"Phoebis_sennae","Paepalanthus_bromelioides",0
2,0.05,0,NA,"Unidentified_Lepidoptera_sp._7","Paepalanthus_bromelioides",0
2,0.05,0,NA,"Xylocopa_sp._1","Paepalanthus_bromelioides",0
2,0.05,0,NA,"Xylocopa_sp._5","Paepalanthus_bromelioides",0
2,0.05,0,NA,"Campylopterus_largipennis","Paepalanthus_bromelioides",0
2,0.05,0,NA,"Colibri_serrirostris","Paepalanthus_bromelioides",0
2,0.05,0,NA,"Melipona_sp._1","Paepalanthus_bromelioides",0
2,0.05,0,NA,"Vanessa_sp.","Paepalanthus_bromelioides",0
2,0.05,0,NA,"Campsomeris_sp._1","Paepalanthus_bromelioides",0
2,0.05,0,NA,"Megachile_(Pseudocentron)_sp._1","Paepalanthus_bromelioides",0
2,0.05,0,NA,"Xylocopa_big","Paepalanthus_bromelioides",0
2,0.05,0,NA,"Polybia_ignobilis","Paepalanthus_bromelioides",0
2,0.05,2,NA,"Alticini_sp._1","Paepalanthus_bromelioides",0
2,0.05,1,NA,"Alticini_sp._2","Paepalanthus_bromelioides",0
2,0.05,1,NA,"Cauliognathini_sp._1","Paepalanthus_bromelioides",0
2,0.05,1,NA,"Cauliognathus_sp._2","Paepalanthus_bromelioides",0
2,0.05,5,NA,"Cerambycidae_sp.","Paepalanthus_bromelioides",0
2,0.05,5,NA,"Deopalpus_sp.","Paepalanthus_bromelioides",0
2,0.05,3,NA,"Lepidoptera_(microlepidoptera)","Paepalanthus_bromelioides",0
2,0.05,3,NA,"Neodexiopsis_sp.","Paepalanthus_bromelioides",0
2,0.05,1,NA,"Nitidulidae_sp._1","Paepalanthus_bromelioides",0
2,0.05,4,NA,"Plecia_sp.","Paepalanthus_bromelioides",0
2,0.05,1,NA,"Pteromalidae_sp._1","Paepalanthus_bromelioides",0
2,0.05,3,NA,"Sciara_sp.","Paepalanthus_bromelioides",0
2,0.05,1,NA,"Trichodes_sp.","Paepalanthus_bromelioides",0
2,0.05,0,NA,"Eupetomena_macroura","Paepalanthus_bromelioides",0
2,0.05,0,NA,"Megachile_(Moureapis)_cf_anthidioides","Paepalanthus_bromelioides",0
2,0.05,0,NA,"Hesperiinae_sp.","Paepalanthus_bromelioides",0
2,0.05,0,NA,"Augochloropsis_sp._3","Paepalanthus_bromelioides",0
2,0.05,0,NA,"Toxophorinae_sp._2","Paepalanthus_bromelioides",0
2,0.05,0,NA,"Aellopos_sp.","Paepalanthus_bromelioides",0
2,0.05,0,NA,"Papilionidae_sp.","Paepalanthus_bromelioides",0
2,0.05,0,NA,"Protomydas_sp.","Paepalanthus_bromelioides",0
2,0.05,0,NA,"Apis_mellifera","Paepalanthus_sp._1",0
2,0.05,0,NA,"Augochloropsis_sp._1","Paepalanthus_sp._1",0
2,0.05,0,NA,"Bombus_pauloensis","Paepalanthus_sp._1",0
2,0.05,0,NA,"Camponotus_crassus","Paepalanthus_sp._1",0
2,0.05,0,NA,"Megachile_(Pseudocentron)_sp._2","Paepalanthus_sp._1",0
2,0.05,0,NA,"Pseudagapostemon_sp._1","Paepalanthus_sp._1",0
2,0.05,0,NA,"Satyrinae_sp.","Paepalanthus_sp._1",0
2,0.05,0,NA,"Tetrapedia_sp._2","Paepalanthus_sp._1",0
2,0.05,0,NA,"Xylocopa_sp._2","Paepalanthus_sp._1",0
2,0.05,0,NA,"Exomalopsis_sp._1","Paepalanthus_sp._1",0
2,0.05,0,NA,"Tapinotaspidini_sp._1","Paepalanthus_sp._1",0
2,0.05,0,NA,"Chlorostilbon_lucidus","Paepalanthus_sp._1",0
2,0.05,0,NA,"Anthidini_sp.","Paepalanthus_sp._1",0
2,0.05,0,NA,"Augochlora_(Oxystoglossella)_sp._2","Paepalanthus_sp._1",0
2,0.05,0,NA,"Centris_(Hemisielaa)_tarsata","Paepalanthus_sp._1",0
2,0.05,0,NA,"Chilicola_(Prosopoides)_sp.","Paepalanthus_sp._1",0
2,0.05,0,NA,"Coelioxys_sp.","Paepalanthus_sp._1",0
2,0.05,0,NA,"Diptera_sp._2","Paepalanthus_sp._1",0
2,0.05,0,NA,"Megachile_cf_(Dactylomegachile)_sp.","Paepalanthus_sp._1",0
2,0.05,0,NA,"Megachile_sp.","Paepalanthus_sp._1",0
2,0.05,0,NA,"Phoebis_sennae","Paepalanthus_sp._1",0
2,0.05,0,NA,"Xylocopa_sp._1","Paepalanthus_sp._1",0
2,0.05,0,NA,"Xylocopa_sp._5","Paepalanthus_sp._1",0
2,0.05,0,NA,"Campylopterus_largipennis","Paepalanthus_sp._1",0
2,0.05,0,NA,"Colibri_serrirostris","Paepalanthus_sp._1",0
2,0.05,0,NA,"Heliactin_bilophus","Paepalanthus_sp._1",0
2,0.05,0,NA,"Melipona_sp._1","Paepalanthus_sp._1",0
2,0.05,0,NA,"Vanessa_sp.","Paepalanthus_sp._1",0
2,0.05,0,NA,"Ceratina_(Crewella)_asuncionis","Paepalanthus_sp._1",0
2,0.05,0,NA,"Campsomeris_sp._1","Paepalanthus_sp._1",0
2,0.05,0,NA,"Xylocopa_big","Paepalanthus_sp._1",0
2,0.05,0,NA,"Brachygastra_lecheguana","Paepalanthus_sp._1",0
2,0.05,0,NA,"Nitidulidae_sp._2","Paepalanthus_sp._1",0
2,0.05,0,NA,"Polybia_ignobilis","Paepalanthus_sp._1",0
2,0.05,0,NA,"Madarini_sp._2","Paepalanthus_sp._1",0
2,0.05,0,NA,"Trigona_spinipes","Paepalanthus_sp._1",0
2,0.05,0,NA,"Alticini_sp._1","Paepalanthus_sp._1",0
2,0.05,0,NA,"Alticini_sp._2","Paepalanthus_sp._1",0
2,0.05,0,NA,"Cauliognathini_sp._1","Paepalanthus_sp._1",0
2,0.05,0,NA,"Cerambycidae_sp.","Paepalanthus_sp._1",0
2,0.05,0,NA,"Elateridae_sp._1","Paepalanthus_sp._1",0
2,0.05,0,NA,"Eumolpini_sp._4","Paepalanthus_sp._1",0
2,0.05,0,NA,"Lepidoptera_(microlepidoptera)","Paepalanthus_sp._1",0
2,0.05,0,NA,"Madopterini_sp.","Paepalanthus_sp._1",0
2,0.05,0,NA,"Myzinum_sp.","Paepalanthus_sp._1",0
2,0.05,0,NA,"Neodexiopsis_sp.","Paepalanthus_sp._1",0
2,0.05,0,NA,"Nitidulidae_sp._1","Paepalanthus_sp._1",0
2,0.05,0,NA,"Palpada_sp.","Paepalanthus_sp._1",0
2,0.05,0,NA,"Plecia_sp.","Paepalanthus_sp._1",0
2,0.05,0,NA,"Pteromalidae_sp._1","Paepalanthus_sp._1",0
2,0.05,0,NA,"Sciara_sp.","Paepalanthus_sp._1",0
2,0.05,0,NA,"Sibinia_sp.","Paepalanthus_sp._1",0
2,0.05,0,NA,"Trichodes_sp.","Paepalanthus_sp._1",0
2,0.05,0,NA,"Eupetomena_macroura","Paepalanthus_sp._1",0
2,0.05,0,NA,"Megachile_(Moureapis)_cf_anthidioides","Paepalanthus_sp._1",0
2,0.05,0,NA,"Hesperiinae_sp.","Paepalanthus_sp._1",0
2,0.05,0,NA,"Augochloropsis_sp._3","Paepalanthus_sp._1",0
2,0.05,0,NA,"Toxophorinae_sp._2","Paepalanthus_sp._1",0
2,0.05,0,NA,"Aellopos_sp.","Paepalanthus_sp._1",0
2,0.05,0,NA,"Papilionidae_sp.","Paepalanthus_sp._1",0
2,0.05,0,NA,"Protomydas_sp.","Paepalanthus_sp._1",0
2,0.05,0,NA,"Apis_mellifera","Palicourea_rigida",0
2,0.05,0,NA,"Augochloropsis_sp._1","Palicourea_rigida",0
2,0.05,0,NA,"Bombus_pauloensis","Palicourea_rigida",0
2,0.05,0,NA,"Eullaema_nigrita","Palicourea_rigida",0
2,0.05,0,NA,"Megachile_(Pseudocentron)_sp._2","Palicourea_rigida",0
2,0.05,0,NA,"Pseudagapostemon_sp._1","Palicourea_rigida",0
2,0.05,0,NA,"Satyrinae_sp.","Palicourea_rigida",0
2,0.05,0,NA,"Tetrapedia_sp._2","Palicourea_rigida",0
2,0.05,0,NA,"Xylocopa_sp._2","Palicourea_rigida",0
2,0.05,0,NA,"Dialictus_(Chloralictus)_sp._1","Palicourea_rigida",0
2,0.05,0,NA,"Exomalopsis_sp._1","Palicourea_rigida",0
2,0.05,0,NA,"Tapinotaspidini_sp._1","Palicourea_rigida",0
2,0.05,1,NA,"Chlorostilbon_lucidus","Palicourea_rigida",0
2,0.05,0,NA,"Augochlora_(Oxystoglossella)_sp._2","Palicourea_rigida",0
2,0.05,0,NA,"Ceratina_(Crewella)_sp._2","Palicourea_rigida",0
2,0.05,0,NA,"Chilicola_(Prosopoides)_sp.","Palicourea_rigida",0
2,0.05,0,NA,"Coelioxys_sp.","Palicourea_rigida",0
2,0.05,0,NA,"Diptera_sp._2","Palicourea_rigida",0
2,0.05,0,NA,"Megachile_sp.","Palicourea_rigida",0
2,0.05,0,NA,"Unidentified_Lepidoptera_sp._7","Palicourea_rigida",0
2,0.05,0,NA,"Xylocopa_sp._1","Palicourea_rigida",0
2,0.05,0,NA,"Campylopterus_largipennis","Palicourea_rigida",0
2,0.05,0,NA,"Cephalotes_pusillus","Palicourea_rigida",0
2,0.05,0,NA,"Colibri_serrirostris","Palicourea_rigida",0
2,0.05,0,NA,"Heliactin_bilophus","Palicourea_rigida",0
2,0.05,0,NA,"Melipona_sp._1","Palicourea_rigida",0
2,0.05,0,NA,"Vanessa_sp.","Palicourea_rigida",0
2,0.05,0,NA,"Campsomeris_sp._1","Palicourea_rigida",0
2,0.05,0,NA,"Megachile_(Pseudocentron)_sp._1","Palicourea_rigida",0
2,0.05,0,NA,"Xylocopa_big","Palicourea_rigida",0
2,0.05,0,NA,"Brachygastra_lecheguana","Palicourea_rigida",0
2,0.05,0,NA,"Nitidulidae_sp._2","Palicourea_rigida",0
2,0.05,0,NA,"Polybia_ignobilis","Palicourea_rigida",0
2,0.05,0,NA,"Madarini_sp._2","Palicourea_rigida",0
2,0.05,0,NA,"Alticini_sp._1","Palicourea_rigida",0
2,0.05,0,NA,"Alticini_sp._2","Palicourea_rigida",0
2,0.05,0,NA,"Cauliognathus_sp._2","Palicourea_rigida",0
2,0.05,1,NA,"Deopalpus_sp.","Palicourea_rigida",0
2,0.05,0,NA,"Eumolpini_sp._4","Palicourea_rigida",0
2,0.05,0,NA,"Madopterini_sp.","Palicourea_rigida",0
2,0.05,0,NA,"Myzinum_sp.","Palicourea_rigida",0
2,0.05,0,NA,"Neodexiopsis_sp.","Palicourea_rigida",0
2,0.05,0,NA,"Nitidulidae_sp._1","Palicourea_rigida",0
2,0.05,0,NA,"Palpada_sp.","Palicourea_rigida",0
2,0.05,0,NA,"Plecia_sp.","Palicourea_rigida",0
2,0.05,0,NA,"Pteromalidae_sp._1","Palicourea_rigida",0
2,0.05,0,NA,"Sciara_sp.","Palicourea_rigida",0
2,0.05,0,NA,"Trichodes_sp.","Palicourea_rigida",0
2,0.05,0,NA,"Hesperiinae_sp.","Palicourea_rigida",0
2,0.05,0,NA,"Augochloropsis_sp._3","Palicourea_rigida",0
2,0.05,0,NA,"Toxophorinae_sp._2","Palicourea_rigida",0
2,0.05,0,NA,"Aellopos_sp.","Palicourea_rigida",0
2,0.05,0,NA,"Papilionidae_sp.","Palicourea_rigida",0
2,0.05,0,NA,"Protomydas_sp.","Palicourea_rigida",0
2,0.05,0,NA,"Apis_mellifera","Richterago_arenaria",0
2,0.05,0,NA,"Augochloropsis_sp._1","Richterago_arenaria",0
2,0.05,0,NA,"Bombus_pauloensis","Richterago_arenaria",0
2,0.05,0,NA,"Megachile_(Pseudocentron)_sp._2","Richterago_arenaria",0
2,0.05,0,NA,"Pseudagapostemon_sp._1","Richterago_arenaria",0
2,0.05,0,NA,"Satyrinae_sp.","Richterago_arenaria",0
2,0.05,0,NA,"Tetrapedia_sp._2","Richterago_arenaria",0
2,0.05,0,NA,"Xylocopa_sp._2","Richterago_arenaria",0
2,0.05,1,NA,"Dialictus_(Chloralictus)_sp._1","Richterago_arenaria",0
2,0.05,0,NA,"Tapinotaspidini_sp._1","Richterago_arenaria",0
2,0.05,0,NA,"Chlorostilbon_lucidus","Richterago_arenaria",0
2,0.05,0,NA,"Anthidini_sp.","Richterago_arenaria",0
2,0.05,0,NA,"Centris_(Hemisielaa)_tarsata","Richterago_arenaria",0
2,0.05,0,NA,"Ceratina_(Crewella)_sp._2","Richterago_arenaria",0
2,0.05,0,NA,"Chilicola_(Prosopoides)_sp.","Richterago_arenaria",0
2,0.05,0,NA,"Coelioxys_sp.","Richterago_arenaria",0
2,0.05,0,NA,"Diptera_sp._2","Richterago_arenaria",0
2,0.05,0,NA,"Megachile_cf_(Dactylomegachile)_sp.","Richterago_arenaria",0
2,0.05,0,NA,"Megachile_sp.","Richterago_arenaria",0
2,0.05,0,NA,"Phoebis_sennae","Richterago_arenaria",0
2,0.05,0,NA,"Unidentified_Lepidoptera_sp._7","Richterago_arenaria",0
2,0.05,0,NA,"Xylocopa_sp._1","Richterago_arenaria",0
2,0.05,0,NA,"Xylocopa_sp._5","Richterago_arenaria",0
2,0.05,0,NA,"Campylopterus_largipennis","Richterago_arenaria",0
2,0.05,0,NA,"Cephalotes_pusillus","Richterago_arenaria",0
2,0.05,0,NA,"Heliactin_bilophus","Richterago_arenaria",0
2,0.05,0,NA,"Melipona_sp._1","Richterago_arenaria",0
2,0.05,0,NA,"Ceratina_(Crewella)_asuncionis","Richterago_arenaria",0
2,0.05,0,NA,"Campsomeris_sp._1","Richterago_arenaria",0
2,0.05,0,NA,"Megachile_(Pseudocentron)_sp._1","Richterago_arenaria",0
2,0.05,0,NA,"Xylocopa_big","Richterago_arenaria",0
2,0.05,0,NA,"Brachygastra_lecheguana","Richterago_arenaria",0
2,0.05,0,NA,"Nitidulidae_sp._2","Richterago_arenaria",0
2,0.05,0,NA,"Polybia_ignobilis","Richterago_arenaria",0
2,0.05,0,NA,"Madarini_sp._2","Richterago_arenaria",0
2,0.05,0,NA,"Trigona_spinipes","Richterago_arenaria",0
2,0.05,0,NA,"Alticini_sp._1","Richterago_arenaria",0
2,0.05,0,NA,"Deopalpus_sp.","Richterago_arenaria",0
2,0.05,0,NA,"Elateridae_sp._1","Richterago_arenaria",0
2,0.05,0,NA,"Eumolpini_sp._4","Richterago_arenaria",0
2,0.05,0,NA,"Lepidoptera_(microlepidoptera)","Richterago_arenaria",0
2,0.05,0,NA,"Madopterini_sp.","Richterago_arenaria",0
2,0.05,0,NA,"Myzinum_sp.","Richterago_arenaria",0
2,0.05,0,NA,"Neodexiopsis_sp.","Richterago_arenaria",0
2,0.05,0,NA,"Nitidulidae_sp._1","Richterago_arenaria",0
2,0.05,0,NA,"Palpada_sp.","Richterago_arenaria",0
2,0.05,0,NA,"Plecia_sp.","Richterago_arenaria",0
2,0.05,0,NA,"Pteromalidae_sp._1","Richterago_arenaria",0
2,0.05,0,NA,"Sciara_sp.","Richterago_arenaria",0
2,0.05,0,NA,"Sibinia_sp.","Richterago_arenaria",0
2,0.05,1,NA,"Megachile_(Moureapis)_cf_anthidioides","Richterago_arenaria",0
2,0.05,0,NA,"Hesperiinae_sp.","Richterago_arenaria",0
2,0.05,0,NA,"Augochloropsis_sp._3","Richterago_arenaria",0
2,0.05,0,NA,"Toxophorinae_sp._2","Richterago_arenaria",0
2,0.05,0,NA,"Aellopos_sp.","Richterago_arenaria",0
2,0.05,0,NA,"Papilionidae_sp.","Richterago_arenaria",0
2,0.05,0,NA,"Protomydas_sp.","Richterago_arenaria",0
2,0.05,3,NA,"Apis_mellifera","Rynchospora_consanguinea",0
2,0.05,0,NA,"Bombus_pauloensis","Rynchospora_consanguinea",0
2,0.05,0,NA,"Camponotus_crassus","Rynchospora_consanguinea",0
2,0.05,0,NA,"Eullaema_nigrita","Rynchospora_consanguinea",0
2,0.05,2,NA,"Megachile_(Pseudocentron)_sp._2","Rynchospora_consanguinea",0
2,0.05,0,NA,"Satyrinae_sp.","Rynchospora_consanguinea",0
2,0.05,0,NA,"Tetrapedia_sp._2","Rynchospora_consanguinea",0
2,0.05,0,NA,"Xylocopa_sp._2","Rynchospora_consanguinea",0
2,0.05,0,NA,"Dialictus_(Chloralictus)_sp._1","Rynchospora_consanguinea",0
2,0.05,0,NA,"Exomalopsis_sp._1","Rynchospora_consanguinea",0
2,0.05,0,NA,"Tapinotaspidini_sp._1","Rynchospora_consanguinea",0
2,0.05,0,NA,"Chlorostilbon_lucidus","Rynchospora_consanguinea",0
2,0.05,0,NA,"Anthidini_sp.","Rynchospora_consanguinea",0
2,0.05,0,NA,"Centris_(Hemisielaa)_tarsata","Rynchospora_consanguinea",0
2,0.05,0,NA,"Ceratina_(Crewella)_sp._2","Rynchospora_consanguinea",0
2,0.05,0,NA,"Chilicola_(Prosopoides)_sp.","Rynchospora_consanguinea",0
2,0.05,0,NA,"Diptera_sp._2","Rynchospora_consanguinea",0
2,0.05,0,NA,"Megachile_cf_(Dactylomegachile)_sp.","Rynchospora_consanguinea",0
2,0.05,0,NA,"Megachile_sp.","Rynchospora_consanguinea",0
2,0.05,0,NA,"Phoebis_sennae","Rynchospora_consanguinea",0
2,0.05,0,NA,"Unidentified_Lepidoptera_sp._7","Rynchospora_consanguinea",0
2,0.05,0,NA,"Xylocopa_sp._1","Rynchospora_consanguinea",0
2,0.05,0,NA,"Xylocopa_sp._5","Rynchospora_consanguinea",0
2,0.05,0,NA,"Cephalotes_pusillus","Rynchospora_consanguinea",0
2,0.05,0,NA,"Colibri_serrirostris","Rynchospora_consanguinea",0
2,0.05,0,NA,"Heliactin_bilophus","Rynchospora_consanguinea",0
2,0.05,0,NA,"Melipona_sp._1","Rynchospora_consanguinea",0
2,0.05,0,NA,"Vanessa_sp.","Rynchospora_consanguinea",0
2,0.05,0,NA,"Ceratina_(Crewella)_asuncionis","Rynchospora_consanguinea",0
2,0.05,0,NA,"Campsomeris_sp._1","Rynchospora_consanguinea",0
2,0.05,0,NA,"Megachile_(Pseudocentron)_sp._1","Rynchospora_consanguinea",0
2,0.05,0,NA,"Xylocopa_big","Rynchospora_consanguinea",0
2,0.05,0,NA,"Brachygastra_lecheguana","Rynchospora_consanguinea",0
2,0.05,0,NA,"Polybia_ignobilis","Rynchospora_consanguinea",0
2,0.05,0,NA,"Madarini_sp._2","Rynchospora_consanguinea",0
2,0.05,0,NA,"Trigona_spinipes","Rynchospora_consanguinea",0
2,0.05,0,NA,"Alticini_sp._2","Rynchospora_consanguinea",0
2,0.05,0,NA,"Cauliognathini_sp._1","Rynchospora_consanguinea",0
2,0.05,0,NA,"Cauliognathus_sp._2","Rynchospora_consanguinea",0
2,0.05,0,NA,"Cerambycidae_sp.","Rynchospora_consanguinea",0
2,0.05,0,NA,"Elateridae_sp._1","Rynchospora_consanguinea",0
2,0.05,0,NA,"Eumolpini_sp._4","Rynchospora_consanguinea",0
2,0.05,0,NA,"Lepidoptera_(microlepidoptera)","Rynchospora_consanguinea",0
2,0.05,0,NA,"Madopterini_sp.","Rynchospora_consanguinea",0
2,0.05,0,NA,"Myzinum_sp.","Rynchospora_consanguinea",0
2,0.05,0,NA,"Neodexiopsis_sp.","Rynchospora_consanguinea",0
2,0.05,0,NA,"Nitidulidae_sp._1","Rynchospora_consanguinea",0
2,0.05,0,NA,"Palpada_sp.","Rynchospora_consanguinea",0
2,0.05,0,NA,"Plecia_sp.","Rynchospora_consanguinea",0
2,0.05,0,NA,"Sciara_sp.","Rynchospora_consanguinea",0
2,0.05,0,NA,"Sibinia_sp.","Rynchospora_consanguinea",0
2,0.05,0,NA,"Trichodes_sp.","Rynchospora_consanguinea",0
2,0.05,0,NA,"Eupetomena_macroura","Rynchospora_consanguinea",0
2,0.05,0,NA,"Augochloropsis_sp._3","Rynchospora_consanguinea",0
2,0.05,0,NA,"Toxophorinae_sp._2","Rynchospora_consanguinea",0
2,0.05,0,NA,"Aellopos_sp.","Rynchospora_consanguinea",0
2,0.05,0,NA,"Papilionidae_sp.","Rynchospora_consanguinea",0
2,0.05,0,NA,"Augochloropsis_sp._1","Sabicea_brasiliensis",0
2,0.05,0,NA,"Bombus_pauloensis","Sabicea_brasiliensis",0
2,0.05,1,NA,"Eullaema_nigrita","Sabicea_brasiliensis",0
2,0.05,0,NA,"Megachile_(Pseudocentron)_sp._2","Sabicea_brasiliensis",0
2,0.05,0,NA,"Pseudagapostemon_sp._1","Sabicea_brasiliensis",0
2,0.05,0,NA,"Satyrinae_sp.","Sabicea_brasiliensis",0
2,0.05,0,NA,"Tetrapedia_sp._2","Sabicea_brasiliensis",0
2,0.05,0,NA,"Xylocopa_sp._2","Sabicea_brasiliensis",0
2,0.05,0,NA,"Dialictus_(Chloralictus)_sp._1","Sabicea_brasiliensis",0
2,0.05,0,NA,"Exomalopsis_sp._1","Sabicea_brasiliensis",0
2,0.05,0,NA,"Tapinotaspidini_sp._1","Sabicea_brasiliensis",0
2,0.05,0,NA,"Chlorostilbon_lucidus","Sabicea_brasiliensis",0
2,0.05,0,NA,"Anthidini_sp.","Sabicea_brasiliensis",0
2,0.05,0,NA,"Augochlora_(Oxystoglossella)_sp._2","Sabicea_brasiliensis",0
2,0.05,0,NA,"Centris_(Hemisielaa)_tarsata","Sabicea_brasiliensis",0
2,0.05,0,NA,"Chilicola_(Prosopoides)_sp.","Sabicea_brasiliensis",0
2,0.05,0,NA,"Coelioxys_sp.","Sabicea_brasiliensis",0
2,0.05,0,NA,"Diptera_sp._2","Sabicea_brasiliensis",0
2,0.05,0,NA,"Megachile_cf_(Dactylomegachile)_sp.","Sabicea_brasiliensis",0
2,0.05,0,NA,"Megachile_sp.","Sabicea_brasiliensis",0
2,0.05,0,NA,"Phoebis_sennae","Sabicea_brasiliensis",0
2,0.05,0,NA,"Unidentified_Lepidoptera_sp._7","Sabicea_brasiliensis",0
2,0.05,0,NA,"Xylocopa_sp._1","Sabicea_brasiliensis",0
2,0.05,0,NA,"Xylocopa_sp._5","Sabicea_brasiliensis",0
2,0.05,0,NA,"Campylopterus_largipennis","Sabicea_brasiliensis",0
2,0.05,0,NA,"Cephalotes_pusillus","Sabicea_brasiliensis",0
2,0.05,0,NA,"Colibri_serrirostris","Sabicea_brasiliensis",0
2,0.05,0,NA,"Heliactin_bilophus","Sabicea_brasiliensis",0
2,0.05,0,NA,"Melipona_sp._1","Sabicea_brasiliensis",0
2,0.05,0,NA,"Vanessa_sp.","Sabicea_brasiliensis",0
2,0.05,0,NA,"Ceratina_(Crewella)_asuncionis","Sabicea_brasiliensis",0
2,0.05,0,NA,"Campsomeris_sp._1","Sabicea_brasiliensis",0
2,0.05,0,NA,"Megachile_(Pseudocentron)_sp._1","Sabicea_brasiliensis",0
2,0.05,0,NA,"Xylocopa_big","Sabicea_brasiliensis",0
2,0.05,0,NA,"Polybia_ignobilis","Sabicea_brasiliensis",0
2,0.05,0,NA,"Madarini_sp._2","Sabicea_brasiliensis",0
2,0.05,0,NA,"Trigona_spinipes","Sabicea_brasiliensis",0
2,0.05,0,NA,"Alticini_sp._1","Sabicea_brasiliensis",0
2,0.05,0,NA,"Alticini_sp._2","Sabicea_brasiliensis",0
2,0.05,0,NA,"Cauliognathini_sp._1","Sabicea_brasiliensis",0
2,0.05,0,NA,"Cauliognathus_sp._2","Sabicea_brasiliensis",0
2,0.05,0,NA,"Deopalpus_sp.","Sabicea_brasiliensis",0
2,0.05,0,NA,"Eumolpini_sp._4","Sabicea_brasiliensis",0
2,0.05,0,NA,"Lepidoptera_(microlepidoptera)","Sabicea_brasiliensis",0
2,0.05,0,NA,"Madopterini_sp.","Sabicea_brasiliensis",0
2,0.05,0,NA,"Myzinum_sp.","Sabicea_brasiliensis",0
2,0.05,0,NA,"Neodexiopsis_sp.","Sabicea_brasiliensis",0
2,0.05,0,NA,"Nitidulidae_sp._1","Sabicea_brasiliensis",0
2,0.05,0,NA,"Palpada_sp.","Sabicea_brasiliensis",0
2,0.05,0,NA,"Plecia_sp.","Sabicea_brasiliensis",0
2,0.05,0,NA,"Pteromalidae_sp._1","Sabicea_brasiliensis",0
2,0.05,0,NA,"Sibinia_sp.","Sabicea_brasiliensis",0
2,0.05,0,NA,"Megachile_(Moureapis)_cf_anthidioides","Sabicea_brasiliensis",0
2,0.05,0,NA,"Hesperiinae_sp.","Sabicea_brasiliensis",0
2,0.05,0,NA,"Augochloropsis_sp._3","Sabicea_brasiliensis",0
2,0.05,0,NA,"Toxophorinae_sp._2","Sabicea_brasiliensis",0
2,0.05,0,NA,"Aellopos_sp.","Sabicea_brasiliensis",0
2,0.05,0,NA,"Papilionidae_sp.","Sabicea_brasiliensis",0
2,0.05,0,NA,"Apis_mellifera","Solanum_sp.",0
2,0.05,0,NA,"Bombus_pauloensis","Solanum_sp.",0
2,0.05,0,NA,"Camponotus_crassus","Solanum_sp.",0
2,0.05,0,NA,"Eullaema_nigrita","Solanum_sp.",0
2,0.05,0,NA,"Megachile_(Pseudocentron)_sp._2","Solanum_sp.",0
2,0.05,0,NA,"Satyrinae_sp.","Solanum_sp.",0
2,0.05,0,NA,"Xylocopa_sp._2","Solanum_sp.",0
2,0.05,0,NA,"Dialictus_(Chloralictus)_sp._1","Solanum_sp.",0
2,0.05,0,NA,"Exomalopsis_sp._1","Solanum_sp.",0
2,0.05,0,NA,"Tapinotaspidini_sp._1","Solanum_sp.",0
2,0.05,0,NA,"Chlorostilbon_lucidus","Solanum_sp.",0
2,0.05,0,NA,"Anthidini_sp.","Solanum_sp.",0
2,0.05,0,NA,"Ceratina_(Crewella)_sp._2","Solanum_sp.",0
2,0.05,0,NA,"Coelioxys_sp.","Solanum_sp.",0
2,0.05,0,NA,"Diptera_sp._2","Solanum_sp.",0
2,0.05,0,NA,"Megachile_cf_(Dactylomegachile)_sp.","Solanum_sp.",0
2,0.05,0,NA,"Megachile_sp.","Solanum_sp.",0
2,0.05,0,NA,"Phoebis_sennae","Solanum_sp.",0
2,0.05,0,NA,"Unidentified_Lepidoptera_sp._7","Solanum_sp.",0
2,0.05,0,NA,"Xylocopa_sp._5","Solanum_sp.",0
2,0.05,0,NA,"Cephalotes_pusillus","Solanum_sp.",0
2,0.05,0,NA,"Colibri_serrirostris","Solanum_sp.",0
2,0.05,0,NA,"Melipona_sp._1","Solanum_sp.",0
2,0.05,0,NA,"Vanessa_sp.","Solanum_sp.",0
2,0.05,0,NA,"Ceratina_(Crewella)_asuncionis","Solanum_sp.",0
2,0.05,0,NA,"Campsomeris_sp._1","Solanum_sp.",0
2,0.05,0,NA,"Megachile_(Pseudocentron)_sp._1","Solanum_sp.",0
2,0.05,0,NA,"Xylocopa_big","Solanum_sp.",0
2,0.05,0,NA,"Brachygastra_lecheguana","Solanum_sp.",0
2,0.05,0,NA,"Nitidulidae_sp._2","Solanum_sp.",0
2,0.05,0,NA,"Polybia_ignobilis","Solanum_sp.",0
2,0.05,0,NA,"Madarini_sp._2","Solanum_sp.",0
2,0.05,0,NA,"Trigona_spinipes","Solanum_sp.",0
2,0.05,0,NA,"Alticini_sp._1","Solanum_sp.",0
2,0.05,0,NA,"Alticini_sp._2","Solanum_sp.",0
2,0.05,0,NA,"Cauliognathini_sp._1","Solanum_sp.",0
2,0.05,0,NA,"Cerambycidae_sp.","Solanum_sp.",0
2,0.05,0,NA,"Deopalpus_sp.","Solanum_sp.",0
2,0.05,0,NA,"Elateridae_sp._1","Solanum_sp.",0
2,0.05,0,NA,"Eumolpini_sp._4","Solanum_sp.",0
2,0.05,0,NA,"Lepidoptera_(microlepidoptera)","Solanum_sp.",0
2,0.05,0,NA,"Madopterini_sp.","Solanum_sp.",0
2,0.05,0,NA,"Myzinum_sp.","Solanum_sp.",0
2,0.05,0,NA,"Neodexiopsis_sp.","Solanum_sp.",0
2,0.05,0,NA,"Nitidulidae_sp._1","Solanum_sp.",0
2,0.05,0,NA,"Palpada_sp.","Solanum_sp.",0
2,0.05,0,NA,"Plecia_sp.","Solanum_sp.",0
2,0.05,0,NA,"Sciara_sp.","Solanum_sp.",0
2,0.05,0,NA,"Sibinia_sp.","Solanum_sp.",0
2,0.05,0,NA,"Trichodes_sp.","Solanum_sp.",0
2,0.05,0,NA,"Eupetomena_macroura","Solanum_sp.",0
2,0.05,0,NA,"Megachile_(Moureapis)_cf_anthidioides","Solanum_sp.",0
2,0.05,0,NA,"Hesperiinae_sp.","Solanum_sp.",0
2,0.05,0,NA,"Augochloropsis_sp._3","Solanum_sp.",0
2,0.05,0,NA,"Toxophorinae_sp._2","Solanum_sp.",0
2,0.05,0,NA,"Papilionidae_sp.","Solanum_sp.",0
2,0.05,0,NA,"Protomydas_sp.","Solanum_sp.",0
2,0.05,0,NA,"Apis_mellifera","Stachytarpheta_confertifolia",0
2,0.05,0,NA,"Augochloropsis_sp._1","Stachytarpheta_confertifolia",0
2,0.05,0,NA,"Bombus_pauloensis","Stachytarpheta_confertifolia",0
2,0.05,0,NA,"Camponotus_crassus","Stachytarpheta_confertifolia",0
2,0.05,0,NA,"Megachile_(Pseudocentron)_sp._2","Stachytarpheta_confertifolia",0
2,0.05,0,NA,"Pseudagapostemon_sp._1","Stachytarpheta_confertifolia",0
2,0.05,0,NA,"Satyrinae_sp.","Stachytarpheta_confertifolia",0
2,0.05,0,NA,"Tetrapedia_sp._2","Stachytarpheta_confertifolia",0
2,0.05,0,NA,"Xylocopa_sp._2","Stachytarpheta_confertifolia",0
2,0.05,0,NA,"Exomalopsis_sp._1","Stachytarpheta_confertifolia",0
2,0.05,0,NA,"Tapinotaspidini_sp._1","Stachytarpheta_confertifolia",0
2,0.05,0,NA,"Chlorostilbon_lucidus","Stachytarpheta_confertifolia",0
2,0.05,0,NA,"Anthidini_sp.","Stachytarpheta_confertifolia",0
2,0.05,0,NA,"Augochlora_(Oxystoglossella)_sp._2","Stachytarpheta_confertifolia",0
2,0.05,0,NA,"Centris_(Hemisielaa)_tarsata","Stachytarpheta_confertifolia",0
2,0.05,0,NA,"Ceratina_(Crewella)_sp._2","Stachytarpheta_confertifolia",0
2,0.05,0,NA,"Chilicola_(Prosopoides)_sp.","Stachytarpheta_confertifolia",0
2,0.05,0,NA,"Megachile_cf_(Dactylomegachile)_sp.","Stachytarpheta_confertifolia",0
2,0.05,0,NA,"Megachile_sp.","Stachytarpheta_confertifolia",0
2,0.05,0,NA,"Unidentified_Lepidoptera_sp._7","Stachytarpheta_confertifolia",0
2,0.05,0,NA,"Xylocopa_sp._1","Stachytarpheta_confertifolia",0
2,0.05,0,NA,"Campylopterus_largipennis","Stachytarpheta_confertifolia",0
2,0.05,0,NA,"Cephalotes_pusillus","Stachytarpheta_confertifolia",0
2,0.05,0,NA,"Colibri_serrirostris","Stachytarpheta_confertifolia",0
2,0.05,0,NA,"Heliactin_bilophus","Stachytarpheta_confertifolia",0
2,0.05,0,NA,"Melipona_sp._1","Stachytarpheta_confertifolia",0
2,0.05,0,NA,"Vanessa_sp.","Stachytarpheta_confertifolia",0
2,0.05,0,NA,"Ceratina_(Crewella)_asuncionis","Stachytarpheta_confertifolia",0
2,0.05,0,NA,"Campsomeris_sp._1","Stachytarpheta_confertifolia",0
2,0.05,0,NA,"Megachile_(Pseudocentron)_sp._1","Stachytarpheta_confertifolia",0
2,0.05,0,NA,"Xylocopa_big","Stachytarpheta_confertifolia",0
2,0.05,0,NA,"Brachygastra_lecheguana","Stachytarpheta_confertifolia",0
2,0.05,0,NA,"Nitidulidae_sp._2","Stachytarpheta_confertifolia",0
2,0.05,0,NA,"Polybia_ignobilis","Stachytarpheta_confertifolia",0
2,0.05,0,NA,"Madarini_sp._2","Stachytarpheta_confertifolia",0
2,0.05,0,NA,"Trigona_spinipes","Stachytarpheta_confertifolia",0
2,0.05,0,NA,"Alticini_sp._1","Stachytarpheta_confertifolia",0
2,0.05,0,NA,"Alticini_sp._2","Stachytarpheta_confertifolia",0
2,0.05,0,NA,"Cauliognathini_sp._1","Stachytarpheta_confertifolia",0
2,0.05,0,NA,"Cauliognathus_sp._2","Stachytarpheta_confertifolia",0
2,0.05,0,NA,"Cerambycidae_sp.","Stachytarpheta_confertifolia",0
2,0.05,0,NA,"Deopalpus_sp.","Stachytarpheta_confertifolia",0
2,0.05,0,NA,"Elateridae_sp._1","Stachytarpheta_confertifolia",0
2,0.05,0,NA,"Eumolpini_sp._4","Stachytarpheta_confertifolia",0
2,0.05,0,NA,"Lepidoptera_(microlepidoptera)","Stachytarpheta_confertifolia",0
2,0.05,0,NA,"Myzinum_sp.","Stachytarpheta_confertifolia",0
2,0.05,0,NA,"Neodexiopsis_sp.","Stachytarpheta_confertifolia",0
2,0.05,0,NA,"Nitidulidae_sp._1","Stachytarpheta_confertifolia",0
2,0.05,0,NA,"Palpada_sp.","Stachytarpheta_confertifolia",0
2,0.05,0,NA,"Plecia_sp.","Stachytarpheta_confertifolia",0
2,0.05,0,NA,"Pteromalidae_sp._1","Stachytarpheta_confertifolia",0
2,0.05,0,NA,"Sciara_sp.","Stachytarpheta_confertifolia",0
2,0.05,0,NA,"Sibinia_sp.","Stachytarpheta_confertifolia",0
2,0.05,0,NA,"Trichodes_sp.","Stachytarpheta_confertifolia",0
2,0.05,0,NA,"Eupetomena_macroura","Stachytarpheta_confertifolia",0
2,0.05,0,NA,"Megachile_(Moureapis)_cf_anthidioides","Stachytarpheta_confertifolia",0
2,0.05,0,NA,"Hesperiinae_sp.","Stachytarpheta_confertifolia",0
2,0.05,0,NA,"Toxophorinae_sp._2","Stachytarpheta_confertifolia",0
2,0.05,0,NA,"Papilionidae_sp.","Stachytarpheta_confertifolia",0
2,0.05,0,NA,"Protomydas_sp.","Stachytarpheta_confertifolia",0
2,0.05,0,NA,"Apis_mellifera","Stachytarpheta_linearis",0
2,0.05,1,NA,"Augochloropsis_sp._1","Stachytarpheta_linearis",0
2,0.05,0,NA,"Bombus_pauloensis","Stachytarpheta_linearis",0
2,0.05,0,NA,"Camponotus_crassus","Stachytarpheta_linearis",0
2,0.05,0,NA,"Megachile_(Pseudocentron)_sp._2","Stachytarpheta_linearis",0
2,0.05,0,NA,"Pseudagapostemon_sp._1","Stachytarpheta_linearis",0
2,0.05,0,NA,"Satyrinae_sp.","Stachytarpheta_linearis",0
2,0.05,0,NA,"Tetrapedia_sp._2","Stachytarpheta_linearis",0
2,0.05,0,NA,"Xylocopa_sp._2","Stachytarpheta_linearis",0
2,0.05,0,NA,"Exomalopsis_sp._1","Stachytarpheta_linearis",0
2,0.05,0,NA,"Tapinotaspidini_sp._1","Stachytarpheta_linearis",0
2,0.05,0,NA,"Chlorostilbon_lucidus","Stachytarpheta_linearis",0
2,0.05,0,NA,"Augochlora_(Oxystoglossella)_sp._2","Stachytarpheta_linearis",0
2,0.05,0,NA,"Centris_(Hemisielaa)_tarsata","Stachytarpheta_linearis",0
2,0.05,0,NA,"Ceratina_(Crewella)_sp._2","Stachytarpheta_linearis",0
2,0.05,0,NA,"Coelioxys_sp.","Stachytarpheta_linearis",0
2,0.05,0,NA,"Diptera_sp._2","Stachytarpheta_linearis",0
2,0.05,0,NA,"Phoebis_sennae","Stachytarpheta_linearis",0
2,0.05,0,NA,"Unidentified_Lepidoptera_sp._7","Stachytarpheta_linearis",0
2,0.05,0,NA,"Campylopterus_largipennis","Stachytarpheta_linearis",0
2,0.05,0,NA,"Cephalotes_pusillus","Stachytarpheta_linearis",0
2,0.05,0,NA,"Heliactin_bilophus","Stachytarpheta_linearis",0
2,0.05,0,NA,"Vanessa_sp.","Stachytarpheta_linearis",0
2,0.05,0,NA,"Ceratina_(Crewella)_asuncionis","Stachytarpheta_linearis",0
2,0.05,0,NA,"Campsomeris_sp._1","Stachytarpheta_linearis",0
2,0.05,0,NA,"Xylocopa_big","Stachytarpheta_linearis",0
2,0.05,0,NA,"Polybia_ignobilis","Stachytarpheta_linearis",0
2,0.05,0,NA,"Madarini_sp._2","Stachytarpheta_linearis",0
2,0.05,0,NA,"Trigona_spinipes","Stachytarpheta_linearis",0
2,0.05,0,NA,"Alticini_sp._1","Stachytarpheta_linearis",0
2,0.05,0,NA,"Cauliognathus_sp._2","Stachytarpheta_linearis",0
2,0.05,0,NA,"Cerambycidae_sp.","Stachytarpheta_linearis",0
2,0.05,0,NA,"Deopalpus_sp.","Stachytarpheta_linearis",0
2,0.05,0,NA,"Elateridae_sp._1","Stachytarpheta_linearis",0
2,0.05,0,NA,"Eumolpini_sp._4","Stachytarpheta_linearis",0
2,0.05,0,NA,"Lepidoptera_(microlepidoptera)","Stachytarpheta_linearis",0
2,0.05,0,NA,"Madopterini_sp.","Stachytarpheta_linearis",0
2,0.05,0,NA,"Myzinum_sp.","Stachytarpheta_linearis",0
2,0.05,0,NA,"Neodexiopsis_sp.","Stachytarpheta_linearis",0
2,0.05,0,NA,"Nitidulidae_sp._1","Stachytarpheta_linearis",0
2,0.05,0,NA,"Palpada_sp.","Stachytarpheta_linearis",0
2,0.05,0,NA,"Pteromalidae_sp._1","Stachytarpheta_linearis",0
2,0.05,0,NA,"Sciara_sp.","Stachytarpheta_linearis",0
2,0.05,0,NA,"Sibinia_sp.","Stachytarpheta_linearis",0
2,0.05,0,NA,"Trichodes_sp.","Stachytarpheta_linearis",0
2,0.05,0,NA,"Eupetomena_macroura","Stachytarpheta_linearis",0
2,0.05,1,NA,"Hesperiinae_sp.","Stachytarpheta_linearis",0
2,0.05,0,NA,"Augochloropsis_sp._3","Stachytarpheta_linearis",0
2,0.05,0,NA,"Toxophorinae_sp._2","Stachytarpheta_linearis",0
2,0.05,0,NA,"Aellopos_sp.","Stachytarpheta_linearis",0
2,0.05,0,NA,"Papilionidae_sp.","Stachytarpheta_linearis",0
2,0.05,0,NA,"Protomydas_sp.","Stachytarpheta_linearis",0
2,0.05,0,NA,"Apis_mellifera","Trigonia_cipoensis",0
2,0.05,0,NA,"Augochloropsis_sp._1","Trigonia_cipoensis",0
2,0.05,0,NA,"Bombus_pauloensis","Trigonia_cipoensis",0
2,0.05,0,NA,"Eullaema_nigrita","Trigonia_cipoensis",0
2,0.05,0,NA,"Megachile_(Pseudocentron)_sp._2","Trigonia_cipoensis",0
2,0.05,0,NA,"Pseudagapostemon_sp._1","Trigonia_cipoensis",0
2,0.05,0,NA,"Satyrinae_sp.","Trigonia_cipoensis",0
2,0.05,0,NA,"Tetrapedia_sp._2","Trigonia_cipoensis",0
2,0.05,0,NA,"Dialictus_(Chloralictus)_sp._1","Trigonia_cipoensis",0
2,0.05,0,NA,"Exomalopsis_sp._1","Trigonia_cipoensis",0
2,0.05,0,NA,"Tapinotaspidini_sp._1","Trigonia_cipoensis",0
2,0.05,0,NA,"Chlorostilbon_lucidus","Trigonia_cipoensis",0
2,0.05,0,NA,"Anthidini_sp.","Trigonia_cipoensis",0
2,0.05,0,NA,"Centris_(Hemisielaa)_tarsata","Trigonia_cipoensis",0
2,0.05,0,NA,"Ceratina_(Crewella)_sp._2","Trigonia_cipoensis",0
2,0.05,0,NA,"Chilicola_(Prosopoides)_sp.","Trigonia_cipoensis",0
2,0.05,0,NA,"Coelioxys_sp.","Trigonia_cipoensis",0
2,0.05,0,NA,"Megachile_cf_(Dactylomegachile)_sp.","Trigonia_cipoensis",0
2,0.05,0,NA,"Megachile_sp.","Trigonia_cipoensis",0
2,0.05,0,NA,"Phoebis_sennae","Trigonia_cipoensis",0
2,0.05,0,NA,"Unidentified_Lepidoptera_sp._7","Trigonia_cipoensis",0
2,0.05,0,NA,"Xylocopa_sp._1","Trigonia_cipoensis",0
2,0.05,0,NA,"Xylocopa_sp._5","Trigonia_cipoensis",0
2,0.05,0,NA,"Campylopterus_largipennis","Trigonia_cipoensis",0
2,0.05,0,NA,"Colibri_serrirostris","Trigonia_cipoensis",0
2,0.05,0,NA,"Heliactin_bilophus","Trigonia_cipoensis",0
2,0.05,0,NA,"Vanessa_sp.","Trigonia_cipoensis",0
2,0.05,0,NA,"Ceratina_(Crewella)_asuncionis","Trigonia_cipoensis",0
2,0.05,1,NA,"Campsomeris_sp._1","Trigonia_cipoensis",0
2,0.05,0,NA,"Megachile_(Pseudocentron)_sp._1","Trigonia_cipoensis",0
2,0.05,0,NA,"Brachygastra_lecheguana","Trigonia_cipoensis",0
2,0.05,0,NA,"Polybia_ignobilis","Trigonia_cipoensis",0
2,0.05,0,NA,"Alticini_sp._2","Trigonia_cipoensis",0
2,0.05,0,NA,"Cauliognathus_sp._2","Trigonia_cipoensis",0
2,0.05,1,NA,"Cerambycidae_sp.","Trigonia_cipoensis",0
2,0.05,0,NA,"Deopalpus_sp.","Trigonia_cipoensis",0
2,0.05,0,NA,"Elateridae_sp._1","Trigonia_cipoensis",0
2,0.05,0,NA,"Eumolpini_sp._4","Trigonia_cipoensis",0
2,0.05,0,NA,"Lepidoptera_(microlepidoptera)","Trigonia_cipoensis",0
2,0.05,0,NA,"Madopterini_sp.","Trigonia_cipoensis",0
2,0.05,0,NA,"Myzinum_sp.","Trigonia_cipoensis",0
2,0.05,0,NA,"Neodexiopsis_sp.","Trigonia_cipoensis",0
2,0.05,0,NA,"Nitidulidae_sp._1","Trigonia_cipoensis",0
2,0.05,0,NA,"Palpada_sp.","Trigonia_cipoensis",0
2,0.05,0,NA,"Plecia_sp.","Trigonia_cipoensis",0
2,0.05,0,NA,"Pteromalidae_sp._1","Trigonia_cipoensis",0
2,0.05,0,NA,"Sciara_sp.","Trigonia_cipoensis",0
2,0.05,0,NA,"Trichodes_sp.","Trigonia_cipoensis",0
2,0.05,0,NA,"Eupetomena_macroura","Trigonia_cipoensis",0
2,0.05,0,NA,"Hesperiinae_sp.","Trigonia_cipoensis",0
2,0.05,1,NA,"Augochloropsis_sp._3","Trigonia_cipoensis",0
2,0.05,0,NA,"Toxophorinae_sp._2","Trigonia_cipoensis",0
2,0.05,0,NA,"Protomydas_sp.","Trigonia_cipoensis",0
2,0.05,0,NA,"Augochloropsis_sp._1","Turnera_hilaireana",0
2,0.05,0,NA,"Bombus_pauloensis","Turnera_hilaireana",0
2,0.05,0,NA,"Camponotus_crassus","Turnera_hilaireana",0
2,0.05,0,NA,"Eullaema_nigrita","Turnera_hilaireana",0
2,0.05,0,NA,"Megachile_(Pseudocentron)_sp._2","Turnera_hilaireana",0
2,0.05,0,NA,"Satyrinae_sp.","Turnera_hilaireana",0
2,0.05,0,NA,"Xylocopa_sp._2","Turnera_hilaireana",0
2,0.05,0,NA,"Exomalopsis_sp._1","Turnera_hilaireana",0
2,0.05,0,NA,"Tapinotaspidini_sp._1","Turnera_hilaireana",0
2,0.05,0,NA,"Chlorostilbon_lucidus","Turnera_hilaireana",0
2,0.05,0,NA,"Anthidini_sp.","Turnera_hilaireana",0
2,0.05,0,NA,"Augochlora_(Oxystoglossella)_sp._2","Turnera_hilaireana",0
2,0.05,0,NA,"Chilicola_(Prosopoides)_sp.","Turnera_hilaireana",0
2,0.05,0,NA,"Coelioxys_sp.","Turnera_hilaireana",0
2,0.05,0,NA,"Diptera_sp._2","Turnera_hilaireana",0
2,0.05,0,NA,"Megachile_cf_(Dactylomegachile)_sp.","Turnera_hilaireana",0
2,0.05,0,NA,"Megachile_sp.","Turnera_hilaireana",0
2,0.05,0,NA,"Phoebis_sennae","Turnera_hilaireana",0
2,0.05,0,NA,"Xylocopa_sp._1","Turnera_hilaireana",0
2,0.05,0,NA,"Cephalotes_pusillus","Turnera_hilaireana",0
2,0.05,0,NA,"Colibri_serrirostris","Turnera_hilaireana",0
2,0.05,0,NA,"Heliactin_bilophus","Turnera_hilaireana",0
2,0.05,0,NA,"Melipona_sp._1","Turnera_hilaireana",0
2,0.05,0,NA,"Vanessa_sp.","Turnera_hilaireana",0
2,0.05,0,NA,"Ceratina_(Crewella)_asuncionis","Turnera_hilaireana",0
2,0.05,0,NA,"Campsomeris_sp._1","Turnera_hilaireana",0
2,0.05,0,NA,"Megachile_(Pseudocentron)_sp._1","Turnera_hilaireana",0
2,0.05,0,NA,"Xylocopa_big","Turnera_hilaireana",0
2,0.05,0,NA,"Brachygastra_lecheguana","Turnera_hilaireana",0
2,0.05,0,NA,"Polybia_ignobilis","Turnera_hilaireana",0
2,0.05,1,NA,"Madarini_sp._2","Turnera_hilaireana",0
2,0.05,0,NA,"Trigona_spinipes","Turnera_hilaireana",0
2,0.05,0,NA,"Alticini_sp._1","Turnera_hilaireana",0
2,0.05,0,NA,"Alticini_sp._2","Turnera_hilaireana",0
2,0.05,0,NA,"Cauliognathini_sp._1","Turnera_hilaireana",0
2,0.05,0,NA,"Cerambycidae_sp.","Turnera_hilaireana",0
2,0.05,0,NA,"Eumolpini_sp._4","Turnera_hilaireana",0
2,0.05,0,NA,"Myzinum_sp.","Turnera_hilaireana",0
2,0.05,0,NA,"Neodexiopsis_sp.","Turnera_hilaireana",0
2,0.05,0,NA,"Nitidulidae_sp._1","Turnera_hilaireana",0
2,0.05,0,NA,"Palpada_sp.","Turnera_hilaireana",0
2,0.05,0,NA,"Plecia_sp.","Turnera_hilaireana",0
2,0.05,0,NA,"Pteromalidae_sp._1","Turnera_hilaireana",0
2,0.05,0,NA,"Sciara_sp.","Turnera_hilaireana",0
2,0.05,0,NA,"Sibinia_sp.","Turnera_hilaireana",0
2,0.05,0,NA,"Trichodes_sp.","Turnera_hilaireana",0
2,0.05,0,NA,"Eupetomena_macroura","Turnera_hilaireana",0
2,0.05,0,NA,"Megachile_(Moureapis)_cf_anthidioides","Turnera_hilaireana",0
2,0.05,0,NA,"Hesperiinae_sp.","Turnera_hilaireana",0
2,0.05,1,NA,"Toxophorinae_sp._2","Turnera_hilaireana",0
2,0.05,0,NA,"Aellopos_sp.","Turnera_hilaireana",0
2,0.05,0,NA,"Papilionidae_sp.","Turnera_hilaireana",0
2,0.05,0,NA,"Protomydas_sp.","Turnera_hilaireana",0
2,0.05,0,NA,"Apis_mellifera","Vellozia_albiflora",0
2,0.05,0,NA,"Eullaema_nigrita","Vellozia_albiflora",0
2,0.05,0,NA,"Megachile_(Pseudocentron)_sp._2","Vellozia_albiflora",0
2,0.05,0,NA,"Pseudagapostemon_sp._1","Vellozia_albiflora",0
2,0.05,0,NA,"Tetrapedia_sp._2","Vellozia_albiflora",0
2,0.05,0,NA,"Exomalopsis_sp._1","Vellozia_albiflora",0
2,0.05,0,NA,"Tapinotaspidini_sp._1","Vellozia_albiflora",0
2,0.05,0,NA,"Chlorostilbon_lucidus","Vellozia_albiflora",0
2,0.05,0,NA,"Augochlora_(Oxystoglossella)_sp._2","Vellozia_albiflora",0
2,0.05,0,NA,"Centris_(Hemisielaa)_tarsata","Vellozia_albiflora",0
2,0.05,0,NA,"Ceratina_(Crewella)_sp._2","Vellozia_albiflora",0
2,0.05,0,NA,"Chilicola_(Prosopoides)_sp.","Vellozia_albiflora",0
2,0.05,0,NA,"Coelioxys_sp.","Vellozia_albiflora",0
2,0.05,0,NA,"Diptera_sp._2","Vellozia_albiflora",0
2,0.05,0,NA,"Megachile_cf_(Dactylomegachile)_sp.","Vellozia_albiflora",0
2,0.05,0,NA,"Megachile_sp.","Vellozia_albiflora",0
2,0.05,0,NA,"Phoebis_sennae","Vellozia_albiflora",0
2,0.05,0,NA,"Unidentified_Lepidoptera_sp._7","Vellozia_albiflora",0
2,0.05,0,NA,"Xylocopa_sp._1","Vellozia_albiflora",0
2,0.05,0,NA,"Xylocopa_sp._5","Vellozia_albiflora",0
2,0.05,0,NA,"Campylopterus_largipennis","Vellozia_albiflora",0
2,0.05,0,NA,"Cephalotes_pusillus","Vellozia_albiflora",0
2,0.05,0,NA,"Colibri_serrirostris","Vellozia_albiflora",0
2,0.05,0,NA,"Heliactin_bilophus","Vellozia_albiflora",0
2,0.05,0,NA,"Melipona_sp._1","Vellozia_albiflora",0
2,0.05,0,NA,"Vanessa_sp.","Vellozia_albiflora",0
2,0.05,0,NA,"Ceratina_(Crewella)_asuncionis","Vellozia_albiflora",0
2,0.05,0,NA,"Campsomeris_sp._1","Vellozia_albiflora",0
2,0.05,0,NA,"Megachile_(Pseudocentron)_sp._1","Vellozia_albiflora",0
2,0.05,0,NA,"Nitidulidae_sp._2","Vellozia_albiflora",0
2,0.05,0,NA,"Polybia_ignobilis","Vellozia_albiflora",0
2,0.05,0,NA,"Alticini_sp._1","Vellozia_albiflora",0
2,0.05,0,NA,"Alticini_sp._2","Vellozia_albiflora",0
2,0.05,0,NA,"Cauliognathini_sp._1","Vellozia_albiflora",0
2,0.05,0,NA,"Cauliognathus_sp._2","Vellozia_albiflora",0
2,0.05,0,NA,"Deopalpus_sp.","Vellozia_albiflora",0
2,0.05,0,NA,"Elateridae_sp._1","Vellozia_albiflora",0
2,0.05,0,NA,"Eumolpini_sp._4","Vellozia_albiflora",0
2,0.05,0,NA,"Lepidoptera_(microlepidoptera)","Vellozia_albiflora",0
2,0.05,0,NA,"Madopterini_sp.","Vellozia_albiflora",0
2,0.05,0,NA,"Nitidulidae_sp._1","Vellozia_albiflora",0
2,0.05,0,NA,"Palpada_sp.","Vellozia_albiflora",0
2,0.05,0,NA,"Plecia_sp.","Vellozia_albiflora",0
2,0.05,0,NA,"Pteromalidae_sp._1","Vellozia_albiflora",0
2,0.05,0,NA,"Sciara_sp.","Vellozia_albiflora",0
2,0.05,0,NA,"Sibinia_sp.","Vellozia_albiflora",0
2,0.05,0,NA,"Trichodes_sp.","Vellozia_albiflora",0
2,0.05,0,NA,"Eupetomena_macroura","Vellozia_albiflora",0
2,0.05,0,NA,"Megachile_(Moureapis)_cf_anthidioides","Vellozia_albiflora",0
2,0.05,0,NA,"Toxophorinae_sp._2","Vellozia_albiflora",0
2,0.05,0,NA,"Aellopos_sp.","Vellozia_albiflora",0
2,0.05,0,NA,"Papilionidae_sp.","Vellozia_albiflora",0
2,0.05,0,NA,"Protomydas_sp.","Vellozia_albiflora",0
2,0.05,6,NA,"Apis_mellifera","Vochysia_thyrsoidea",0
2,0.05,0,NA,"Augochloropsis_sp._1","Vochysia_thyrsoidea",0
2,0.05,1,NA,"Bombus_pauloensis","Vochysia_thyrsoidea",0
2,0.05,0,NA,"Eullaema_nigrita","Vochysia_thyrsoidea",0
2,0.05,0,NA,"Megachile_(Pseudocentron)_sp._2","Vochysia_thyrsoidea",0
2,0.05,0,NA,"Pseudagapostemon_sp._1","Vochysia_thyrsoidea",0
2,0.05,0,NA,"Satyrinae_sp.","Vochysia_thyrsoidea",0
2,0.05,0,NA,"Tetrapedia_sp._2","Vochysia_thyrsoidea",0
2,0.05,0,NA,"Dialictus_(Chloralictus)_sp._1","Vochysia_thyrsoidea",0
2,0.05,0,NA,"Exomalopsis_sp._1","Vochysia_thyrsoidea",0
2,0.05,0,NA,"Tapinotaspidini_sp._1","Vochysia_thyrsoidea",0
2,0.05,0,NA,"Augochlora_(Oxystoglossella)_sp._2","Vochysia_thyrsoidea",0
2,0.05,0,NA,"Centris_(Hemisielaa)_tarsata","Vochysia_thyrsoidea",0
2,0.05,0,NA,"Ceratina_(Crewella)_sp._2","Vochysia_thyrsoidea",0
2,0.05,0,NA,"Coelioxys_sp.","Vochysia_thyrsoidea",0
2,0.05,0,NA,"Megachile_cf_(Dactylomegachile)_sp.","Vochysia_thyrsoidea",0
2,0.05,0,NA,"Megachile_sp.","Vochysia_thyrsoidea",0
2,0.05,0,NA,"Unidentified_Lepidoptera_sp._7","Vochysia_thyrsoidea",0
2,0.05,0,NA,"Xylocopa_sp._1","Vochysia_thyrsoidea",0
2,0.05,0,NA,"Xylocopa_sp._5","Vochysia_thyrsoidea",0
2,0.05,3,NA,"Campylopterus_largipennis","Vochysia_thyrsoidea",0
2,0.05,1,NA,"Cephalotes_pusillus","Vochysia_thyrsoidea",0
2,0.05,2,NA,"Colibri_serrirostris","Vochysia_thyrsoidea",0
2,0.05,0,NA,"Heliactin_bilophus","Vochysia_thyrsoidea",0
2,0.05,0,NA,"Melipona_sp._1","Vochysia_thyrsoidea",0
2,0.05,0,NA,"Vanessa_sp.","Vochysia_thyrsoidea",0
2,0.05,0,NA,"Ceratina_(Crewella)_asuncionis","Vochysia_thyrsoidea",0
2,0.05,0,NA,"Campsomeris_sp._1","Vochysia_thyrsoidea",0
2,0.05,0,NA,"Megachile_(Pseudocentron)_sp._1","Vochysia_thyrsoidea",0
2,0.05,0,NA,"Brachygastra_lecheguana","Vochysia_thyrsoidea",0
2,0.05,0,NA,"Nitidulidae_sp._2","Vochysia_thyrsoidea",0
2,0.05,0,NA,"Polybia_ignobilis","Vochysia_thyrsoidea",0
2,0.05,0,NA,"Madarini_sp._2","Vochysia_thyrsoidea",0
2,0.05,2,NA,"Trigona_spinipes","Vochysia_thyrsoidea",0
2,0.05,0,NA,"Alticini_sp._1","Vochysia_thyrsoidea",0
2,0.05,0,NA,"Cauliognathus_sp._2","Vochysia_thyrsoidea",0
2,0.05,0,NA,"Cerambycidae_sp.","Vochysia_thyrsoidea",0
2,0.05,0,NA,"Deopalpus_sp.","Vochysia_thyrsoidea",0
2,0.05,0,NA,"Elateridae_sp._1","Vochysia_thyrsoidea",0
2,0.05,0,NA,"Eumolpini_sp._4","Vochysia_thyrsoidea",0
2,0.05,0,NA,"Lepidoptera_(microlepidoptera)","Vochysia_thyrsoidea",0
2,0.05,0,NA,"Madopterini_sp.","Vochysia_thyrsoidea",0
2,0.05,0,NA,"Myzinum_sp.","Vochysia_thyrsoidea",0
2,0.05,0,NA,"Neodexiopsis_sp.","Vochysia_thyrsoidea",0
2,0.05,0,NA,"Palpada_sp.","Vochysia_thyrsoidea",0
2,0.05,0,NA,"Plecia_sp.","Vochysia_thyrsoidea",0
2,0.05,0,NA,"Pteromalidae_sp._1","Vochysia_thyrsoidea",0
2,0.05,0,NA,"Sciara_sp.","Vochysia_thyrsoidea",0
2,0.05,0,NA,"Trichodes_sp.","Vochysia_thyrsoidea",0
2,0.05,6,NA,"Eupetomena_macroura","Vochysia_thyrsoidea",0
2,0.05,0,NA,"Megachile_(Moureapis)_cf_anthidioides","Vochysia_thyrsoidea",0
2,0.05,0,NA,"Augochloropsis_sp._3","Vochysia_thyrsoidea",0
2,0.05,0,NA,"Toxophorinae_sp._2","Vochysia_thyrsoidea",0
2,0.05,1,NA,"Aellopos_sp.","Vochysia_thyrsoidea",0
2,0.05,1,NA,"Papilionidae_sp.","Vochysia_thyrsoidea",0
