"","node_from","node_to","avg_prop_isl","avg_sigm_predicted_offs","avg_sigm_predicted_diag","sigm_cat","observed_link","pred_prob","sigm_cat_plot","pred_prob_alpha"
"1","Argyranthemum_frutescens","Agromyzidae_sp_1",0,0.81279062693571,0.952333547709204,"both↑",FALSE,0.882562087322457,"Both approaches",0.745551189198657
"2","Argyranthemum_frutescens","Agromyzidae_sp_2",0,0.806434112336046,NA,NA,FALSE,NA,NA,NA
"3","Argyranthemum_frutescens","Amegilla_canifrons",0,0.813837694880948,0.852300368135507,"both↑",FALSE,0.833069031508228,"Both approaches",0.638316234934493
"4","Argyranthemum_frutescens","Amegilla_quadrifasciata",0,0.844423543423835,0.830343820385816,"both↑",FALSE,0.837383681904825,"Both approaches",0.647664644127121
"5","Argyranthemum_frutescens","Ammophila_terminata",0,0.783468532062769,NA,NA,FALSE,NA,NA,NA
"6","Argyranthemum_frutescens","Anaspis_cf_canariensis",0,0.800837866090226,0.937853746986233,"both↑",FALSE,0.86934580653823,"Both approaches",0.716915914166165
"7","Argyranthemum_frutescens","Anaspis_proteus",0.142857142857143,NA,NA,NA,TRUE,NA,NA,NA
"8","Argyranthemum_frutescens","Anthophora_alluaudi",0,0.935398436371608,0.922978043669918,"both↑",FALSE,0.929188240020763,"Both approaches",0.846574520044986
"9","Argyranthemum_frutescens","Anthophora_orotavae",0,0.778023535459433,0.827870722419309,"both↑",FALSE,0.802947128939371,"Both approaches",0.573052112701971
"10","Argyranthemum_frutescens","Apis_mellifera",0.142857142857143,NA,NA,NA,TRUE,NA,NA,NA
"11","Argyranthemum_frutescens","Aprostocetus_occidentalis",0,0.847014248669273,0.88090904641861,"both↑",FALSE,0.863961647543941,"Both approaches",0.705250236345206
"12","Argyranthemum_frutescens","Aprostocetus_sp_2",0,0.753593216204772,0.921582034279621,"both↑",FALSE,0.837587625242197,"Both approaches",0.648106521358092
"13","Argyranthemum_frutescens","Araneidae_sp_1",0,0.743392968176445,0.815058685129285,"both↑",FALSE,0.779225826652865,"Both approaches",0.521655957747874
"14","Argyranthemum_frutescens","Araneidae_sp_2",0,0.735417103023777,0.790576032705667,"both↑",FALSE,0.762996567864722,"Both approaches",0.486492563706898
"15","Argyranthemum_frutescens","Attagenus_wollastoni",0.142857142857143,NA,NA,NA,TRUE,NA,NA,NA
"16","Argyranthemum_frutescens","Attalus_pallipes",0,0.876413380472002,0.956225905727394,"both↑",FALSE,0.916319643099698,"Both approaches",0.818692560049346
"17","Argyranthemum_frutescens","Attalus_ruficollis",0,0.752553602043906,NA,NA,FALSE,NA,NA,NA
"18","Argyranthemum_frutescens","Attalus_rugifrons",0.142857142857143,NA,NA,NA,TRUE,NA,NA,NA
"19","Argyranthemum_frutescens","Aulacoderus_canariensis",0.142857142857143,NA,NA,NA,TRUE,NA,NA,NA
"20","Argyranthemum_frutescens","Bassus_sp",0,0.883493964433087,0.963456498509463,"both↑",FALSE,0.923475231471275,"Both approaches",0.834196334854429
"21","Argyranthemum_frutescens","Blaesoxipha_sp_1",0,0.791996510670686,0.854747000908322,"both↑",FALSE,0.823371755789504,"Both approaches",0.617305470877259
"22","Argyranthemum_frutescens","Bracon_sp",0,0.832482438723576,0.943912193123587,"both↑",FALSE,0.888197315923581,"Both approaches",0.757760851167759
"23","Argyranthemum_frutescens","Bruchidius_wollastoni",0.142857142857143,NA,NA,NA,TRUE,NA,NA,NA
"24","Argyranthemum_frutescens","Campiglossa_reticulata",0.142857142857143,NA,NA,NA,TRUE,NA,NA,NA
"25","Argyranthemum_frutescens","Camponotus_feae",0.285714285714286,NA,NA,NA,TRUE,NA,NA,NA
"26","Argyranthemum_frutescens","Ceratogoponidae_sp",0,0.749685546965927,NA,NA,FALSE,NA,NA,NA
"27","Argyranthemum_frutescens","Chalicodoma_canescens",0,0.769840645061127,0.811999746198316,"both↑",FALSE,0.790920195629721,"Both approaches",0.54699375719773
"28","Argyranthemum_frutescens","Chetogena_acuminata",0,0.800462081268832,0.855047360640516,"both↑",FALSE,0.827754720954674,"Both approaches",0.626801895401794
"29","Argyranthemum_frutescens","Chironomidae_sp",0,0.853403830732719,0.933194751853974,"both↑",FALSE,0.893299291293347,"Both approaches",0.768815131135585
"30","Argyranthemum_frutescens","Chloropidae_sp",0,0.828504501856044,0.829818865281042,"both↑",FALSE,0.829161683568543,"Both approaches",0.629850314398509
"31","Argyranthemum_frutescens","Chloropidae_sp_4",0,0.682140362000702,0.887505791268843,"diag↑ only",FALSE,0.887505791268843,"Single location",0.756262547749161
"32","Argyranthemum_frutescens","Chloropidae_sp_5",0,0.819851983456672,0.870064032347952,"both↑",FALSE,0.844958007902312,"Both approaches",0.664075683788343
"33","Argyranthemum_frutescens","Chloropidae_sp_6",0,0.705606534572066,0.91999651835874,"both↑",FALSE,0.812801526465403,"Both approaches",0.594403307341707
"34","Argyranthemum_frutescens","Chrysomya_albiceps",0.142857142857143,NA,NA,NA,TRUE,NA,NA,NA
"35","Argyranthemum_frutescens","Coccinella_miranda",0,0.8581489805152,NA,NA,FALSE,NA,NA,NA
"36","Argyranthemum_frutescens","Crematogaster_alluaudi",0,0.857174859079733,NA,NA,FALSE,NA,NA,NA
"37","Argyranthemum_frutescens","Cryptocephalus_gounellei",0,0.807531514562257,0.866467643718305,"both↑",FALSE,0.836999579140281,"Both approaches",0.646832421470609
"38","Argyranthemum_frutescens","Dasytes_cf_subaenescens",0,0.831628006361602,0.961545920738218,"both↑",FALSE,0.89658696354991,"Both approaches",0.775938421024805
"39","Argyranthemum_frutescens","Dasytes_subaenescens",0.142857142857143,NA,NA,NA,TRUE,NA,NA,NA
"40","Argyranthemum_frutescens","Dinarmoides_spilopterus",0,0.841498195055058,NA,NA,FALSE,NA,NA,NA
"41","Argyranthemum_frutescens","Elasmus_platyedrae",0.142857142857143,NA,NA,NA,TRUE,NA,NA,NA
"42","Argyranthemum_frutescens","Empididae_sp_1",0,0.824291493164961,0.906752694209112,"both↑",FALSE,0.865522093687037,"Both approaches",0.708631202988579
"43","Argyranthemum_frutescens","Eristalinus_aeneus",0.285714285714286,NA,NA,NA,TRUE,NA,NA,NA
"44","Argyranthemum_frutescens","Eristalinus_taeniops",0,0.860951552034476,0.517558755925766,"offs↑ only",FALSE,0.860951552034476,"External location",0.698728362741364
"45","Argyranthemum_frutescens","Eristalis_tenax",0.142857142857143,NA,NA,NA,TRUE,NA,NA,NA
"46","Argyranthemum_frutescens","Estheria_simonyi",0,0.864217837889426,0.770766762655993,"both↑",FALSE,0.81749230027271,"Both approaches",0.604566650590871
"47","Argyranthemum_frutescens","Eucera_gracilipes",0,0.880083046683991,0.855614671001775,"both↑",FALSE,0.867848858842883,"Both approaches",0.713672527492913
"48","Argyranthemum_frutescens","Euderus_sp",0,0.845541636821534,0.828477353003865,"both↑",FALSE,0.8370094949127,"Both approaches",0.646853905644182
"49","Argyranthemum_frutescens","Eumerus_latitarsis",0,0.974573767259321,0.998081828517592,"both↑",FALSE,0.986327797888456,"Both approaches",0.970376895424989
"50","Argyranthemum_frutescens","Eumerus_nivariae",0,0.900409315118557,NA,NA,FALSE,NA,NA,NA
"51","Argyranthemum_frutescens","Eupelmus_sp",0,0.749761288153825,0.871095742794503,"both↑",FALSE,0.810428515474164,"Both approaches",0.589261783527355
"52","Argyranthemum_frutescens","Eupelmus_testaceiventris",0,0.766745607947551,NA,NA,FALSE,NA,NA,NA
"53","Argyranthemum_frutescens","Eurytoma_sp_1",0,0.760389795939319,0.852007541715172,"both↑",FALSE,0.806198668827245,"Both approaches",0.580097115792364
"54","Argyranthemum_frutescens","Eurytoma_sp_2",0,0.764180578937375,NA,NA,FALSE,NA,NA,NA
"55","Argyranthemum_frutescens","Exetastes_segmentarius",0,0.677069343035867,0.896106377685671,"diag↑ only",FALSE,0.896106377685671,"Single location",0.774897151652287
"56","Argyranthemum_frutescens","Fannia_sp",0,0.777010315674699,0.927042262096807,"both↑",FALSE,0.852026288885753,"Both approaches",0.679390292585797
"57","Argyranthemum_frutescens","Geometridae_sp",0,0.828599482426913,0.901781468876962,"both↑",FALSE,0.865190475651938,"Both approaches",0.707912697245865
"58","Argyranthemum_frutescens","Gnaphosidae_sp_1",0,0.783697151180682,0.5,"offs↑ only",FALSE,0.783697151180682,"External location",0.531343827558145
"59","Argyranthemum_frutescens","Halictus_fulvipes",0,0.716934193669713,0.809449896550366,"both↑",FALSE,0.76319204511004,"Both approaches",0.486916097738419
"60","Argyranthemum_frutescens","Holepyris_sp",0.142857142857143,NA,NA,NA,TRUE,NA,NA,NA
"61","Argyranthemum_frutescens","Hylaeus_ater",0,0.853269270715809,0.964406253849228,"both↑",FALSE,0.908837762282519,"Both approaches",0.802481818278791
"62","Argyranthemum_frutescens","Lasioglossum_loetum",0.142857142857143,NA,NA,NA,TRUE,NA,NA,NA
"63","Argyranthemum_frutescens","Lasioglossum_viride",0.285714285714286,NA,NA,NA,TRUE,NA,NA,NA
"64","Argyranthemum_frutescens","Leptochilus_cruentatus",0.142857142857143,NA,NA,NA,TRUE,NA,NA,NA
"65","Argyranthemum_frutescens","Leptochilus_eatoni",0,0.790870830300534,0.81890937569945,"both↑",FALSE,0.804890102999992,"Both approaches",0.577261889833316
"66","Argyranthemum_frutescens","Lucilia_sericata",0.142857142857143,NA,NA,NA,TRUE,NA,NA,NA
"67","Argyranthemum_frutescens","Macrocoma_splendens",0,0.827320578368396,0.866603183079595,"both↑",FALSE,0.846961880723996,"Both approaches",0.668417408235324
"68","Argyranthemum_frutescens","Malthinus_mutabilis",0,0.857309579587189,0.949263701234515,"both↑",FALSE,0.903286640410852,"Both approaches",0.790454387556846
"69","Argyranthemum_frutescens","Megachile_canariensis",0,0.692412685211723,NA,NA,FALSE,NA,NA,NA
"70","Argyranthemum_frutescens","Megaselia_sp_1",0,0.750751442566593,0.893785516532555,"both↑",FALSE,0.822268479549574,"Both approaches",0.614915039024077
"71","Argyranthemum_frutescens","Megaselia_sp_2",0,0.882415653148706,0.93585381482093,"both↑",FALSE,0.909134733984818,"Both approaches",0.803125256967105
"72","Argyranthemum_frutescens","Meligethes_canariensis",0.142857142857143,NA,NA,NA,TRUE,NA,NA,NA
"73","Argyranthemum_frutescens","Meligethes_cf_canariensis",0,0.742112355386493,0.918963673563773,"both↑",FALSE,0.830538014475133,"Both approaches",0.632832364696122
"74","Argyranthemum_frutescens","Minotetrastichus_sp",0,0.801033466153755,0.855589709066906,"both↑",FALSE,0.828311587610331,"Both approaches",0.628008439822383
"75","Argyranthemum_frutescens","Monomorium_subopacum",0,0.660497253171341,0.927107376102804,"diag↑ only",FALSE,0.927107376102804,"Single location",0.842065981556076
"76","Argyranthemum_frutescens","Mordellistena_cf_canariensis",0,0.802208855987,0.912756107070752,"both↑",FALSE,0.857482481528876,"Both approaches",0.691212043312565
"77","Argyranthemum_frutescens","Musca_domestica",0,0.88087540503447,0.857884263513059,"both↑",FALSE,0.869379834273764,"Both approaches",0.716989640926489
"78","Argyranthemum_frutescens","Myathropa_florea",0.142857142857143,NA,NA,NA,TRUE,NA,NA,NA
"79","Argyranthemum_frutescens","Myopites_nigrescens",0.285714285714286,NA,NA,NA,TRUE,NA,NA,NA
"80","Argyranthemum_frutescens","Neodryophilus_cryptophagoides",0,0.80876894651756,NA,NA,FALSE,NA,NA,NA
"81","Argyranthemum_frutescens","Nomioides_fortunatus",0,0.773360214348286,NA,NA,FALSE,NA,NA,NA
"82","Argyranthemum_frutescens","Nyctia_lugubris",0,0.758374701381516,NA,NA,FALSE,NA,NA,NA
"83","Argyranthemum_frutescens","Oscinella_sp_1",0.142857142857143,NA,NA,NA,TRUE,NA,NA,NA
"84","Argyranthemum_frutescens","Oscinella_sp_2",0,0.741507873538665,NA,NA,FALSE,NA,NA,NA
"85","Argyranthemum_frutescens","Osmia_latreillei",0,0.735370745790137,NA,NA,FALSE,NA,NA,NA
"86","Argyranthemum_frutescens","Oxyopes_cf_kraepelinorum",0.142857142857143,NA,NA,NA,TRUE,NA,NA,NA
"87","Argyranthemum_frutescens","Oxyopes_kraepelinorum",0,0.697201150542533,0.835815886229744,"diag↑ only",FALSE,0.835815886229744,"Single location",0.644267753497778
"88","Argyranthemum_frutescens","Paratrechina_longicornis",0,0.803934850787587,0.899316501828433,"both↑",FALSE,0.85162567630801,"Both approaches",0.678522298667355
"89","Argyranthemum_frutescens","Phthiria_simonyi",0,0.912428164274187,0.981352878340619,"both↑",FALSE,0.946890521307403,"Both approaches",0.884929462832707
"90","Argyranthemum_frutescens","Physiphora_alceae",0,0.734318110726964,0.5,"offs↑ only",FALSE,0.734318110726964,"External location",0.424355906575089
"91","Argyranthemum_frutescens","Phyto_discrepans",0,0.793262753559599,0.889709510849646,"both↑",FALSE,0.841486132204622,"Both approaches",0.656553286443348
"92","Argyranthemum_frutescens","Pieris_rapae",0.142857142857143,NA,NA,NA,TRUE,NA,NA,NA
"93","Argyranthemum_frutescens","Plagiolepis_schmitzii",0,0.967197690289753,0.925546006906849,"both↑",FALSE,0.946371848598301,"Both approaches",0.883805671962985
"94","Argyranthemum_frutescens","Plagiolepis_sp_2",0.142857142857143,NA,NA,NA,TRUE,NA,NA,NA
"95","Argyranthemum_frutescens","Platypalpus_sp",0,0.76740865631557,0.766714159327404,"both↑",FALSE,0.767061407821487,"Both approaches",0.495299716946555
"96","Argyranthemum_frutescens","Platypalpus_sp_1",0,0.754483564795244,NA,NA,FALSE,NA,NA,NA
"97","Argyranthemum_frutescens","Platypalpus_sp_2",0,0.777445244547604,0.84749910296189,"both↑",FALSE,0.812472173754747,"Both approaches",0.593689709801952
"98","Argyranthemum_frutescens","Pteromalus_sp_1",0.142857142857143,NA,NA,NA,TRUE,NA,NA,NA
"99","Argyranthemum_frutescens","Pteromalus_sp_3",0.142857142857143,NA,NA,NA,TRUE,NA,NA,NA
"100","Argyranthemum_frutescens","Pteromalus_sp_4",0.285714285714286,NA,NA,NA,TRUE,NA,NA,NA
"101","Argyranthemum_frutescens","Sarcophagidae_sp_5",0,0.869326637846938,0.823640154595444,"both↑",FALSE,0.846483396221191,"Both approaches",0.66738069181258
"102","Argyranthemum_frutescens","Sarcophagidae_sp_8",0,0.814726494550272,0.850839530341133,"both↑",FALSE,0.832783012445703,"Both approaches",0.637696526965689
"103","Argyranthemum_frutescens","Scaeva_albomaculata",0,0.744588121174982,0.771969991792487,"both↑",FALSE,0.758279056483735,"Both approaches",0.476271289048092
"104","Argyranthemum_frutescens","Scenopinus_sp",0.285714285714286,NA,NA,NA,TRUE,NA,NA,NA
"105","Argyranthemum_frutescens","Sciaridae_sp",0,0.927381088276808,0.979593383548242,"both↑",FALSE,0.953487235912525,"Both approaches",0.899222344477137
"106","Argyranthemum_frutescens","Sciaridae_sp_1",0,0.838717963412787,0.919082673015576,"both↑",FALSE,0.878900318214181,"Both approaches",0.737617356130726
"107","Argyranthemum_frutescens","Scymnus_canariensis",0,0.702992732467053,0.879441105151435,"both↑",FALSE,0.791216918809244,"Both approaches",0.547636657420028
"108","Argyranthemum_frutescens","Sibinia_sericea",0,0.794342932858771,0.915295868361235,"both↑",FALSE,0.854819400610003,"Both approaches",0.685442034655007
"109","Argyranthemum_frutescens","Sphaeniscus_filiolus",0,0.737827612523521,0.775711139972408,"both↑",FALSE,0.756769376247964,"Both approaches",0.473000315203923
"110","Argyranthemum_frutescens","Stomorhina_lunata",0,0.77552680781711,0.910598226879908,"both↑",FALSE,0.843062517348509,"Both approaches",0.659968787588437
"111","Argyranthemum_frutescens","Synthesomyia_nudiseta",0,0.818761721646854,NA,NA,FALSE,NA,NA,NA
"112","Argyranthemum_frutescens","Syritta_pipiens",0.285714285714286,NA,NA,NA,TRUE,NA,NA,NA
"113","Argyranthemum_frutescens","Tachina_canariensis",0.142857142857143,NA,NA,NA,TRUE,NA,NA,NA
"114","Argyranthemum_frutescens","Tethina_marmorata",0,0.88229416286063,0.939978742220768,"both↑",FALSE,0.911136452540699,"Both approaches",0.807462313838181
"115","Argyranthemum_frutescens","Themnothorax_hesperius",0.142857142857143,NA,NA,NA,TRUE,NA,NA,NA
"116","Argyranthemum_frutescens","Thomisus_cf_globosum",0.142857142857143,NA,NA,NA,TRUE,NA,NA,NA
"117","Argyranthemum_frutescens","Thomisus_cf_onustus",0.142857142857143,NA,NA,NA,TRUE,NA,NA,NA
"118","Argyranthemum_frutescens","Thyridanthrax_indigenus",0.142857142857143,NA,NA,NA,TRUE,NA,NA,NA
"119","Argyranthemum_frutescens","Thysanoptera_sp_1",0.428571428571429,NA,NA,NA,TRUE,NA,NA,NA
"120","Argyranthemum_frutescens","Thysanoptera_sp_2",0.428571428571429,NA,NA,NA,TRUE,NA,NA,NA
"121","Argyranthemum_frutescens","Thysanoptera_sp_3",0.142857142857143,NA,NA,NA,TRUE,NA,NA,NA
"122","Argyranthemum_frutescens","Thysanoptera_sp_7",0.142857142857143,NA,NA,NA,TRUE,NA,NA,NA
"123","Argyranthemum_frutescens","Torymoides_lindbergi",0,0.741712946581174,0.924064890414928,"both↑",FALSE,0.832888918498051,"Both approaches",0.63792599007911
"124","Argyranthemum_frutescens","Trixoscelis_sp",0.142857142857143,NA,NA,NA,TRUE,NA,NA,NA
"125","Argyranthemum_frutescens","Trupanea_augur",0,0.717102308894502,NA,NA,FALSE,NA,NA,NA
"126","Argyranthemum_frutescens","Urelliosoma_guimari",0,0.827881516652232,0.940810257662434,"both↑",FALSE,0.884345887157333,"Both approaches",0.749416088840888
"127","Argyranthemum_sp","Amegilla_sp",0,0.521183902443508,0.5,NA,FALSE,NA,NA,NA
"128","Argyranthemum_sp","Anaspis_cf_saharensis",0,0.5,NA,NA,FALSE,NA,NA,NA
"129","Argyranthemum_sp","Andrena_vachali",0,0.5,NA,NA,FALSE,NA,NA,NA
"130","Argyranthemum_sp","Anthaxia_sp_1",0,0.509546572659118,NA,NA,FALSE,NA,NA,NA
"131","Argyranthemum_sp","Anthophora_sp_1",0,0.5,0.5,NA,FALSE,NA,NA,NA
"132","Argyranthemum_sp","Anthophora_sp_aff_orotavae",0,0.5,0.5,NA,FALSE,NA,NA,NA
"133","Argyranthemum_sp","Aplocnemus_sp_2",0,0.5,0.5,NA,FALSE,NA,NA,NA
"134","Argyranthemum_sp","Aprostocetus_sp_1",0,0.5,0.5,NA,FALSE,NA,NA,NA
"135","Argyranthemum_sp","Arachnospila_sp",0,0.5,0.5,NA,FALSE,NA,NA,NA
"136","Argyranthemum_sp","Attagenus_sp_1",0,0.5,NA,NA,FALSE,NA,NA,NA
"137","Argyranthemum_sp","Axinotarsus_sp_1",0,0.5,0.5,NA,FALSE,NA,NA,NA
"138","Argyranthemum_sp","Bombylius_sp_1",0,0.5,0.5,NA,FALSE,NA,NA,NA
"139","Argyranthemum_sp","Chalicodoma_sicula",0,0.5,0.5,NA,FALSE,NA,NA,NA
"140","Argyranthemum_sp","Chalicodoma_sp",0,0.5,0.5,NA,FALSE,NA,NA,NA
"141","Argyranthemum_sp","Chetogena_acuminata",0,0.5,0.5,NA,FALSE,NA,NA,NA
"142","Argyranthemum_sp","Chloropidae_sp",0,0.5,0.5,NA,FALSE,NA,NA,NA
"143","Argyranthemum_sp","Coleoptera_sp_5",0,0.526603229574786,0.666634871233728,NA,FALSE,NA,NA,NA
"144","Argyranthemum_sp","Colletes1_Waiting_85",0,0.534026621445796,0.5,NA,FALSE,NA,NA,NA
"145","Argyranthemum_sp","Colletes2_Waiting_85",0,0.5,0.5,NA,FALSE,NA,NA,NA
"146","Argyranthemum_sp","Crematogaster_scutellaris",0,0.5,0.5,NA,FALSE,NA,NA,NA
"147","Argyranthemum_sp","Eurytoma_sp_3",0,0.5,0.5,NA,FALSE,NA,NA,NA
"148","Argyranthemum_sp","Hylaeus_sp",0,0.5,0.508631781847123,NA,FALSE,NA,NA,NA
"149","Argyranthemum_sp","Hym_Waiting_85",0,0.5,NA,NA,FALSE,NA,NA,NA
"150","Argyranthemum_sp","Lasioglossum_phoenicurum",0,0.524072431536271,0.555691639654316,NA,FALSE,NA,NA,NA
"151","Argyranthemum_sp","Lucilia_sericata",0,0.96841123754871,0.998228517091838,"both↑",FALSE,0.983319877320274,"Both approaches",0.963859734193927
"152","Argyranthemum_sp","Lucilia_sp_1",0,0.624579057840736,0.808806046514202,"diag↑ only",FALSE,0.808806046514202,"Single location",0.585746434114105
"153","Argyranthemum_sp","Macrocoma_cf_henoni",0,0.5,0.5,NA,FALSE,NA,NA,NA
"154","Argyranthemum_sp","Melecta_sp",0,0.5,0.5,NA,FALSE,NA,NA,NA
"155","Argyranthemum_sp","Musca_domestica",0,0.543126644233535,0.5,NA,FALSE,NA,NA,NA
"156","Argyranthemum_sp","Musca_osiris",0,0.5,NA,NA,FALSE,NA,NA,NA
"157","Argyranthemum_sp","Musca_sorbens",0,0.505574677450288,0.545357150029394,NA,FALSE,NA,NA,NA
"158","Argyranthemum_sp","Nomioides_deceptor",0,0.93870931954933,0.999833828022085,"both↑",FALSE,0.969271573785707,"Both approaches",0.933421743202366
"159","Argyranthemum_sp","Nomioides_sp",0,0.5,0.5687708918653,NA,FALSE,NA,NA,NA
"160","Argyranthemum_sp","Ormyrus_sp_1",0,0.5,0.5,NA,FALSE,NA,NA,NA
"161","Argyranthemum_sp","Paragus_tibialis",0,0.5,0.5,NA,FALSE,NA,NA,NA
"162","Argyranthemum_sp","Physiphora_alceae",0,0.5,0.5,NA,FALSE,NA,NA,NA
"163","Argyranthemum_sp","Plagiolepis_schmitzii",0,0.780444174941326,0.935418473547681,"both↑",FALSE,0.857931324244504,"Both approaches",0.692184535863091
"164","Argyranthemum_sp","Podalonia_sp",0,0.5,0.5,NA,FALSE,NA,NA,NA
"165","Argyranthemum_sp","Proconura_sp_1",0,0.5,0.5,NA,FALSE,NA,NA,NA
"166","Argyranthemum_sp","Pteromalus_sp_2",0,0.511042625524472,NA,NA,FALSE,NA,NA,NA
"167","Argyranthemum_sp","Sarcophaga_sp_1",0,0.5,0.5,NA,FALSE,NA,NA,NA
"168","Argyranthemum_sp","Sarcophagidae_sp",0,0.5,0.5,NA,FALSE,NA,NA,NA
"169","Argyranthemum_sp","Sarcophagidae_sp_2",0,0.5,0.5,NA,FALSE,NA,NA,NA
"170","Argyranthemum_sp","Sarcophagidae_sp_7",0,0.5,NA,NA,FALSE,NA,NA,NA
"171","Argyranthemum_sp","Sciaridae_sp",0,0.814331452972383,0.602281773338267,"offs↑ only",FALSE,0.814331452972383,"External location",0.597718148106829
"172","Argyranthemum_sp","Sciaridae_sp_4",0,0.841439748814046,0.999742110266792,"both↑",FALSE,0.920590929540419,"Both approaches",0.827947014004242
"173","Argyranthemum_sp","Sphecidae_sp",0,0.5,0.5,NA,FALSE,NA,NA,NA
"174","Argyranthemum_sp","Tachinidae_sp_1",0,0.5,NA,NA,FALSE,NA,NA,NA
"175","Argyranthemum_sp","Tapinoma_nigerrimum",0.142857142857143,NA,NA,NA,TRUE,NA,NA,NA
"176","Argyranthemum_sp","Tephritidae_sp_1",0,0.5,NA,NA,FALSE,NA,NA,NA
"177","Argyranthemum_sp","Tethinidae_sp_1",0,0.5,0.5,NA,FALSE,NA,NA,NA
"178","Argyranthemum_sp","Tethinidae_sp_2",0,0.502128036681075,0.538576320169472,NA,FALSE,NA,NA,NA
"179","Argyranthemum_sp","Themnothorax_productus",0,0.5,0.5,NA,FALSE,NA,NA,NA
"180","Argyranthemum_sp","Thyreus_sp_aff_ramosus",0,0.5,0.5,NA,FALSE,NA,NA,NA
"181","Argyranthemum_sp","Thysanoptera_sp",0,0.838487964812373,0.995271881247701,"both↑",FALSE,0.916879923030037,"Both approaches",0.819906499898413
"182","Argyranthemum_sp","Troglops_sp",0,0.5,0.5,NA,FALSE,NA,NA,NA
"183","Argyranthemum_sp","Urelliosoma_guimari",0,0.512038718517248,0.55979232638151,NA,FALSE,NA,NA,NA
"184","Argyranthemum_sp","Urellliosoma_sp",0,0.5,0.5,NA,FALSE,NA,NA,NA
"185","Argyranthemum_sp","Vanessa_Cardui",0,0.5,0.5,NA,FALSE,NA,NA,NA
"186","Argyranthemum_sp","Vestitohalictus_sp",0,0.5,0.5,NA,FALSE,NA,NA,NA
"187","Asparagus_pastorianus","Amegilla_sp",0,0.6785996145992,0.926341455808684,"diag↑ only",FALSE,0.926341455808684,"Single location",0.840406487585483
"188","Asparagus_pastorianus","Anaspis_cf_saharensis",0,0.58858173568018,0.849871768041497,"diag↑ only",FALSE,0.849871768041497,"Single location",0.674722164089911
"189","Asparagus_pastorianus","Andrena_vachali",0,0.570812023126559,0.642880300340702,NA,FALSE,NA,NA,NA
"190","Asparagus_pastorianus","Anthaxia_sp_1",0,0.712613830903077,0.783656384003489,"both↑",FALSE,0.748135107453283,"Both approaches",0.454292732815446
"191","Asparagus_pastorianus","Anthophora_sp_1",0,0.608230047162445,0.825010206999988,"diag↑ only",FALSE,0.825010206999988,"Single location",0.620855448499973
"192","Asparagus_pastorianus","Anthophora_sp_aff_orotavae",0,0.549268470303073,0.645987070345332,NA,FALSE,NA,NA,NA
"193","Asparagus_pastorianus","Aplocnemus_sp_2",0.142857142857143,NA,NA,NA,TRUE,NA,NA,NA
"194","Asparagus_pastorianus","Aprostocetus_sp_1",0,0.582216651751763,NA,NA,FALSE,NA,NA,NA
"195","Asparagus_pastorianus","Arachnospila_sp",0,0.560032517047954,0.791192278683431,"diag↑ only",FALSE,0.791192278683431,"Single location",0.547583270480768
"196","Asparagus_pastorianus","Attagenus_sp_1",0.142857142857143,NA,NA,NA,TRUE,NA,NA,NA
"197","Asparagus_pastorianus","Axinotarsus_sp_1",0.142857142857143,NA,NA,NA,TRUE,NA,NA,NA
"198","Asparagus_pastorianus","Bombylius_sp_1",0,0.564535164120274,NA,NA,FALSE,NA,NA,NA
"199","Asparagus_pastorianus","Chalicodoma_sicula",0,0.555927661710466,0.637747028518197,NA,FALSE,NA,NA,NA
"200","Asparagus_pastorianus","Chalicodoma_sp",0,0.603934977181314,0.5,NA,FALSE,NA,NA,NA
"201","Asparagus_pastorianus","Chetogena_acuminata",0,0.59771974283838,NA,NA,FALSE,NA,NA,NA
"202","Asparagus_pastorianus","Chloropidae_sp",0.142857142857143,NA,NA,NA,TRUE,NA,NA,NA
"203","Asparagus_pastorianus","Coleoptera_sp_5",0.142857142857143,NA,NA,NA,TRUE,NA,NA,NA
"204","Asparagus_pastorianus","Colletes1_Waiting_85",0,0.756094813626274,0.922958149072305,"both↑",FALSE,0.83952648134929,"Both approaches",0.652307376256794
"205","Asparagus_pastorianus","Colletes2_Waiting_85",0,0.588152757233511,0.79372383846476,"diag↑ only",FALSE,0.79372383846476,"Single location",0.553068316673646
"206","Asparagus_pastorianus","Crematogaster_scutellaris",0,0.585658472854505,0.727862643905937,"diag↑ only",FALSE,0.727862643905937,"Single location",0.410369061796196
"207","Asparagus_pastorianus","Eurytoma_sp_3",0,0.644313095296164,0.51896435993724,NA,FALSE,NA,NA,NA
"208","Asparagus_pastorianus","Hylaeus_sp",0,0.733905917575901,NA,NA,FALSE,NA,NA,NA
"209","Asparagus_pastorianus","Hym_Waiting_85",0,0.57273611700031,0.84108188738301,"diag↑ only",FALSE,0.84108188738301,"Single location",0.655677422663189
"210","Asparagus_pastorianus","Lasioglossum_phoenicurum",0,0.667843902980787,0.947597517109684,"diag↑ only",FALSE,0.947597517109684,"Single location",0.886461287070981
"211","Asparagus_pastorianus","Lucilia_sericata",0.142857142857143,NA,NA,NA,TRUE,NA,NA,NA
"212","Asparagus_pastorianus","Lucilia_sp_1",0,0.801604287273509,0.955621301910477,"both↑",FALSE,0.878612794591993,"Both approaches",0.736994388282651
"213","Asparagus_pastorianus","Macrocoma_cf_henoni",0,0.579703927002662,NA,NA,FALSE,NA,NA,NA
"214","Asparagus_pastorianus","Melecta_sp",0,0.576184100113824,0.849723145156375,"diag↑ only",FALSE,0.849723145156375,"Single location",0.674400147838812
"215","Asparagus_pastorianus","Musca_domestica",0,0.738567473249068,0.882882124213564,"both↑",FALSE,0.810724798731316,"Both approaches",0.589903730584517
"216","Asparagus_pastorianus","Musca_osiris",0,0.600846840311808,0.5,NA,FALSE,NA,NA,NA
"217","Asparagus_pastorianus","Musca_sorbens",0,0.738005114216061,NA,NA,FALSE,NA,NA,NA
"218","Asparagus_pastorianus","Nomioides_deceptor",0.142857142857143,NA,NA,NA,TRUE,NA,NA,NA
"219","Asparagus_pastorianus","Nomioides_sp",0,0.701995202706483,0.962762175933111,"both↑",FALSE,0.832378689319797,"Both approaches",0.636820493526226
"220","Asparagus_pastorianus","Ormyrus_sp_1",0,0.574987946265359,NA,NA,FALSE,NA,NA,NA
"221","Asparagus_pastorianus","Paragus_tibialis",0,0.598029321094114,0.746763061889017,"diag↑ only",FALSE,0.746763061889017,"Single location",0.451319967426204
"222","Asparagus_pastorianus","Physiphora_alceae",0,0.599427915949646,0.72597053727739,"diag↑ only",FALSE,0.72597053727739,"Single location",0.406269497434344
"223","Asparagus_pastorianus","Plagiolepis_schmitzii",0,0.86196471095743,0.994273127898216,"both↑",FALSE,0.928118919427823,"Both approaches",0.844257658760283
"224","Asparagus_pastorianus","Podalonia_sp",0.142857142857143,NA,NA,NA,TRUE,NA,NA,NA
"225","Asparagus_pastorianus","Proconura_sp_1",0.142857142857143,NA,NA,NA,TRUE,NA,NA,NA
"226","Asparagus_pastorianus","Pteromalus_sp_2",0,0.593466683942202,0.769081886298083,"diag↑ only",FALSE,0.769081886298083,"Single location",0.499677420312512
"227","Asparagus_pastorianus","Sarcophaga_sp_1",0.142857142857143,NA,NA,NA,TRUE,NA,NA,NA
"228","Asparagus_pastorianus","Sarcophagidae_sp",0.142857142857143,NA,NA,NA,TRUE,NA,NA,NA
"229","Asparagus_pastorianus","Sarcophagidae_sp_2",0,0.661117114744084,0.873523375380816,"diag↑ only",FALSE,0.873523375380816,"Single location",0.725967313325101
"230","Asparagus_pastorianus","Sarcophagidae_sp_7",0,0.675992472904388,NA,NA,FALSE,NA,NA,NA
"231","Asparagus_pastorianus","Sciaridae_sp",0.142857142857143,NA,NA,NA,TRUE,NA,NA,NA
"232","Asparagus_pastorianus","Sciaridae_sp_4",0,0.913869871389716,0.999904989221909,"both↑",FALSE,0.956887430305812,"Both approaches",0.90658943232926
"233","Asparagus_pastorianus","Sphecidae_sp",0,0.595713635614105,0.83136559017523,"diag↑ only",FALSE,0.83136559017523,"Single location",0.634625445379666
"234","Asparagus_pastorianus","Tachinidae_sp_1",0,0.573631088535328,0.808956405883123,"diag↑ only",FALSE,0.808956405883123,"Single location",0.586072212746765
"235","Asparagus_pastorianus","Tapinoma_nigerrimum",0,0.977736561118697,0.999998097337763,"both↑",FALSE,0.98886732922823,"Both approaches",0.975879213327832
"236","Asparagus_pastorianus","Tephritidae_sp_1",0,0.632340426995302,0.771546788825111,"diag↑ only",FALSE,0.771546788825111,"Single location",0.505018042454406
"237","Asparagus_pastorianus","Tethinidae_sp_1",0,0.59662409791677,0.907965661002222,"diag↑ only",FALSE,0.907965661002222,"Single location",0.800592265504815
"238","Asparagus_pastorianus","Tethinidae_sp_2",0.142857142857143,NA,NA,NA,TRUE,NA,NA,NA
"239","Asparagus_pastorianus","Themnothorax_productus",0,0.638494236676004,0.854644385299042,"diag↑ only",FALSE,0.854644385299042,"Single location",0.68506283481459
"240","Asparagus_pastorianus","Thyreus_sp_aff_ramosus",0,0.641774086579324,0.707279292067963,"diag↑ only",FALSE,0.707279292067963,"Single location",0.365771799480587
"241","Asparagus_pastorianus","Thysanoptera_sp",0,0.93074890604956,0.999833877285214,"both↑",FALSE,0.965291391667387,"Both approaches",0.924798015279338
"242","Asparagus_pastorianus","Troglops_sp",0,0.569064425501993,0.661315652292716,NA,FALSE,NA,NA,NA
"243","Asparagus_pastorianus","Urelliosoma_guimari",0,0.735431744275262,0.928790611774669,"both↑",FALSE,0.832111178024966,"Both approaches",0.636240885720759
"244","Asparagus_pastorianus","Urellliosoma_sp",0,0.600152439732713,0.812635905054919,"diag↑ only",FALSE,0.812635905054919,"Single location",0.594044460952325
"245","Asparagus_pastorianus","Vanessa_Cardui",0,0.551897105343821,0.606347163747046,NA,FALSE,NA,NA,NA
"246","Asparagus_pastorianus","Vestitohalictus_sp",0,0.641612188870877,NA,NA,FALSE,NA,NA,NA
"247","Asphaltklee_bituminosa","Agromyzidae_sp_2",0,0.5,NA,NA,FALSE,NA,NA,NA
"248","Asphaltklee_bituminosa","Amegilla_canifrons",0,0.5,0.5,NA,FALSE,NA,NA,NA
"249","Asphaltklee_bituminosa","Amegilla_quadrifasciata",0,0.5,0.5,NA,FALSE,NA,NA,NA
"250","Asphaltklee_bituminosa","Anaspis_cf_canariensis",0,0.510639609047951,NA,NA,FALSE,NA,NA,NA
"251","Asphaltklee_bituminosa","Anaspis_proteus",0,0.998354242199893,0.993035183870956,"both↑",FALSE,0.995694713035425,"Both approaches",0.99067187824342
"252","Asphaltklee_bituminosa","Anthophora_alluaudi",0.285714285714286,NA,NA,NA,TRUE,NA,NA,NA
"253","Asphaltklee_bituminosa","Anthophora_orotavae",0,0.5,0.5,NA,FALSE,NA,NA,NA
"254","Asphaltklee_bituminosa","Apis_mellifera",0,0.517276052319704,0.514886203437355,NA,FALSE,NA,NA,NA
"255","Asphaltklee_bituminosa","Aprostocetus_occidentalis",0,0.578018175382127,0.637826516239853,NA,FALSE,NA,NA,NA
"256","Asphaltklee_bituminosa","Araneidae_sp_1",0,0.5,0.5,NA,FALSE,NA,NA,NA
"257","Asphaltklee_bituminosa","Araneidae_sp_2",0,0.5,0.5,NA,FALSE,NA,NA,NA
"258","Asphaltklee_bituminosa","Attalus_crispus",0,0.5,0.5,NA,FALSE,NA,NA,NA
"259","Asphaltklee_bituminosa","Attalus_pallipes",0,0.5,0.5,NA,FALSE,NA,NA,NA
"260","Asphaltklee_bituminosa","Attalus_rugifrons",0,0.5,0.5,NA,FALSE,NA,NA,NA
"261","Asphaltklee_bituminosa","Aulacoderus_canariensis",0,0.5,0.5,NA,FALSE,NA,NA,NA
"262","Asphaltklee_bituminosa","Bassus_sp",0,0.5,0.5,NA,FALSE,NA,NA,NA
"263","Asphaltklee_bituminosa","Blaesoxipha_sp_1",0,0.5,0.5,NA,FALSE,NA,NA,NA
"264","Asphaltklee_bituminosa","Bracon_sp",0,0.5,0.5,NA,FALSE,NA,NA,NA
"265","Asphaltklee_bituminosa","Bruchidius_wollastoni",0,0.516420597980493,0.558400063936291,NA,FALSE,NA,NA,NA
"266","Asphaltklee_bituminosa","Campiglossa_reticulata",0,0.5,0.5,NA,FALSE,NA,NA,NA
"267","Asphaltklee_bituminosa","Camponotus_feae",0.142857142857143,NA,NA,NA,TRUE,NA,NA,NA
"268","Asphaltklee_bituminosa","Cecydomyiidae_sp",0,0.5,0.5,NA,FALSE,NA,NA,NA
"269","Asphaltklee_bituminosa","Ceratogoponidae_sp",0,0.5,0.5,NA,FALSE,NA,NA,NA
"270","Asphaltklee_bituminosa","Ceratogoponidae_sp_2",0,0.5,0.5,NA,FALSE,NA,NA,NA
"271","Asphaltklee_bituminosa","Chalicodoma_canescens",0.142857142857143,NA,NA,NA,TRUE,NA,NA,NA
"272","Asphaltklee_bituminosa","Chetogena_acuminata",0,0.5,0.5,NA,FALSE,NA,NA,NA
"273","Asphaltklee_bituminosa","Chironomidae_sp",0,0.5,0.5,NA,FALSE,NA,NA,NA
"274","Asphaltklee_bituminosa","Chironomidae_sp_1",0,0.501117577570171,0.53631658539421,NA,FALSE,NA,NA,NA
"275","Asphaltklee_bituminosa","Chloropidae_sp",0,0.5,0.5,NA,FALSE,NA,NA,NA
"276","Asphaltklee_bituminosa","Chloropidae_sp_3",0,0.502195121265138,0.589739540725284,NA,FALSE,NA,NA,NA
"277","Asphaltklee_bituminosa","Chloropidae_sp_4",0,0.5,0.5,NA,FALSE,NA,NA,NA
"278","Asphaltklee_bituminosa","Chloropidae_sp_5",0,0.5,0.5,NA,FALSE,NA,NA,NA
"279","Asphaltklee_bituminosa","Chrysomya_albiceps",0,0.611679393703899,0.5,NA,FALSE,NA,NA,NA
"280","Asphaltklee_bituminosa","Coccinella_miranda",0,0.5,0.5,NA,FALSE,NA,NA,NA
"281","Asphaltklee_bituminosa","Colias_croceus",0.142857142857143,NA,NA,NA,TRUE,NA,NA,NA
"282","Asphaltklee_bituminosa","Colletes_dimidiatus",0,0.581219019089403,NA,NA,FALSE,NA,NA,NA
"283","Asphaltklee_bituminosa","Crematogaster_alluaudi",0,0.5,0.5,NA,FALSE,NA,NA,NA
"284","Asphaltklee_bituminosa","Cryptocephalus_gounellei",0,0.5,0.5,NA,FALSE,NA,NA,NA
"285","Asphaltklee_bituminosa","Cryptocephalus_nitidicollis",0,0.5,0.5,NA,FALSE,NA,NA,NA
"286","Asphaltklee_bituminosa","Dasytes_cf_subaenescens",0,0.5,0.5,NA,FALSE,NA,NA,NA
"287","Asphaltklee_bituminosa","Dasytes_subaenescens",0.142857142857143,NA,NA,NA,TRUE,NA,NA,NA
"288","Asphaltklee_bituminosa","Delia_flavibasis",0,0.5,0.5,NA,FALSE,NA,NA,NA
"289","Asphaltklee_bituminosa","Dilophus_hiemalis",0,0.5,0.527340873894573,NA,FALSE,NA,NA,NA
"290","Asphaltklee_bituminosa","Elasmus_platyedrae",0,0.5,0.5,NA,FALSE,NA,NA,NA
"291","Asphaltklee_bituminosa","Empididae_sp_1",0,0.5,NA,NA,FALSE,NA,NA,NA
"292","Asphaltklee_bituminosa","Empis_sp_1",0,0.5,0.5,NA,FALSE,NA,NA,NA
"293","Asphaltklee_bituminosa","Eristalinus_aeneus",0,0.5,0.5,NA,FALSE,NA,NA,NA
"294","Asphaltklee_bituminosa","Eristalinus_taeniops",0,0.5,0.5,NA,FALSE,NA,NA,NA
"295","Asphaltklee_bituminosa","Eristalis_tenax",0,0.5,0.5,NA,FALSE,NA,NA,NA
"296","Asphaltklee_bituminosa","Estheria_simonyi",0.142857142857143,NA,NA,NA,TRUE,NA,NA,NA
"297","Asphaltklee_bituminosa","Eucera_gracilipes",0.285714285714286,NA,NA,NA,TRUE,NA,NA,NA
"298","Asphaltklee_bituminosa","Euderus_sp",0,0.5,0.5,NA,FALSE,NA,NA,NA
"299","Asphaltklee_bituminosa","Eumerus_latitarsis",0.142857142857143,NA,NA,NA,TRUE,NA,NA,NA
"300","Asphaltklee_bituminosa","Eumerus_nivariae",0,0.50365551527036,0.5,NA,FALSE,NA,NA,NA
"301","Asphaltklee_bituminosa","Eupelmus_sp",0,0.5,NA,NA,FALSE,NA,NA,NA
"302","Asphaltklee_bituminosa","Eupelmus_testaceiventris",0,0.5,0.5,NA,FALSE,NA,NA,NA
"303","Asphaltklee_bituminosa","Eurytoma_sp_2",0,0.5,0.5,NA,FALSE,NA,NA,NA
"304","Asphaltklee_bituminosa","Exetastes_segmentarius",0,0.5,0.5,NA,FALSE,NA,NA,NA
"305","Asphaltklee_bituminosa","Geometridae_sp",0,0.5,0.5,NA,FALSE,NA,NA,NA
"306","Asphaltklee_bituminosa","Halictus_fulvipes",0,0.5,0.5,NA,FALSE,NA,NA,NA
"307","Asphaltklee_bituminosa","Hylaeus_ater",0,0.5,0.5,NA,FALSE,NA,NA,NA
"308","Asphaltklee_bituminosa","Lasioglossum_arctifrons",0,0.5,NA,NA,FALSE,NA,NA,NA
"309","Asphaltklee_bituminosa","Lasioglossum_loetum",0,0.717682018548015,0.781731104504049,"both↑",FALSE,0.749706561526032,"Both approaches",0.457697549973069
"310","Asphaltklee_bituminosa","Lasioglossum_viride",0,0.914692338925915,0.941515713517735,"both↑",FALSE,0.928104026221825,"Both approaches",0.844225390147288
"311","Asphaltklee_bituminosa","Leptochilus_cruentatus",0,0.527206289461733,NA,NA,FALSE,NA,NA,NA
"312","Asphaltklee_bituminosa","Leptochilus_eatoni",0,0.5,0.5,NA,FALSE,NA,NA,NA
"313","Asphaltklee_bituminosa","Linnaemyia_soror",0,0.5,0.524340629031634,NA,FALSE,NA,NA,NA
"314","Asphaltklee_bituminosa","Lucilia_sericata",0,0.70830095597296,0.548868282439378,"offs↑ only",FALSE,0.70830095597296,"External location",0.36798540460808
"315","Asphaltklee_bituminosa","Malthinus_mutabilis",0,0.5,NA,NA,FALSE,NA,NA,NA
"316","Asphaltklee_bituminosa","Megachile_canariensis",0,0.5,0.5,NA,FALSE,NA,NA,NA
"317","Asphaltklee_bituminosa","Megaselia_sp_1",0,0.5,0.5,NA,FALSE,NA,NA,NA
"318","Asphaltklee_bituminosa","Megaselia_sp_2",0,0.5,0.5,NA,FALSE,NA,NA,NA
"319","Asphaltklee_bituminosa","Meligethes_canariensis",0,0.727581740496966,0.847770709543221,"both↑",FALSE,0.787676225020094,"Both approaches",0.539965154210203
"320","Asphaltklee_bituminosa","Minotetrastichus_sp",0,0.5,NA,NA,FALSE,NA,NA,NA
"321","Asphaltklee_bituminosa","Musca_domestica",0,0.53510146846616,0.5,NA,FALSE,NA,NA,NA
"322","Asphaltklee_bituminosa","Myathropa_florea",0,0.512952116784147,0.549862033051779,NA,FALSE,NA,NA,NA
"323","Asphaltklee_bituminosa","Mycetophilidae_sp_1",0,0.5,0.5,NA,FALSE,NA,NA,NA
"324","Asphaltklee_bituminosa","Myopites_nigrescens",0,0.676881420757824,0.660378711766132,NA,FALSE,NA,NA,NA
"325","Asphaltklee_bituminosa","Neodryophilus_cryptophagoides",0,0.5,0.5,NA,FALSE,NA,NA,NA
"326","Asphaltklee_bituminosa","Nyctia_lugubris",0,0.5,0.5,NA,FALSE,NA,NA,NA
"327","Asphaltklee_bituminosa","Osmia_canaria",0,0.5,NA,NA,FALSE,NA,NA,NA
"328","Asphaltklee_bituminosa","Osmia_latreillei",0,0.5,0.5,NA,FALSE,NA,NA,NA
"329","Asphaltklee_bituminosa","Oxyopes_kraepelinorum",0,0.5,NA,NA,FALSE,NA,NA,NA
"330","Asphaltklee_bituminosa","Paratrechina_longicornis",0,0.500283167287207,0.5,NA,FALSE,NA,NA,NA
"331","Asphaltklee_bituminosa","Perilampus_sp_1",0,0.5,0.52459374093865,NA,FALSE,NA,NA,NA
"332","Asphaltklee_bituminosa","Perilampus_sp_2",0,0.5,0.5,NA,FALSE,NA,NA,NA
"333","Asphaltklee_bituminosa","Phalacrus_coruscus",0,0.5,0.5,NA,FALSE,NA,NA,NA
"334","Asphaltklee_bituminosa","Phthiria_simonyi",0,0.510688164940302,0.5,NA,FALSE,NA,NA,NA
"335","Asphaltklee_bituminosa","Pieris_rapae",0,0.5,0.5,NA,FALSE,NA,NA,NA
"336","Asphaltklee_bituminosa","Plagiolepis_schmitzii",0,0.991966500073172,0.999471353673702,"both↑",FALSE,0.995718926873437,"Both approaches",0.990724341559113
"337","Asphaltklee_bituminosa","Plagiolepis_sp_2",0,0.890602379587217,0.719276499388883,"both↑",FALSE,0.80493943948805,"Both approaches",0.577368785557442
"338","Asphaltklee_bituminosa","Platypalpus_sp",0,0.5,0.5,NA,FALSE,NA,NA,NA
"339","Asphaltklee_bituminosa","Platypalpus_sp_1",0,0.5,0.5,NA,FALSE,NA,NA,NA
"340","Asphaltklee_bituminosa","Pteromalus_sp_1",0,0.5,0.5,NA,FALSE,NA,NA,NA
"341","Asphaltklee_bituminosa","Pteromalus_sp_3",0,0.5,NA,NA,FALSE,NA,NA,NA
"342","Asphaltklee_bituminosa","Pteromalus_sp_4",0,0.5,0.5,NA,FALSE,NA,NA,NA
"343","Asphaltklee_bituminosa","Rondania_insularis",0,0.5,0.5,NA,FALSE,NA,NA,NA
"344","Asphaltklee_bituminosa","Sarcophagidae_sp_3",0,0.5,0.5,NA,FALSE,NA,NA,NA
"345","Asphaltklee_bituminosa","Sarcophagidae_sp_5",0,0.553036496289807,0.5,NA,FALSE,NA,NA,NA
"346","Asphaltklee_bituminosa","Sarcophagidae_sp_8",0,0.5,NA,NA,FALSE,NA,NA,NA
"347","Asphaltklee_bituminosa","Scaeva_albomaculata",0,0.5,0.5,NA,FALSE,NA,NA,NA
"348","Asphaltklee_bituminosa","Scenopinus_sp",0,0.5,0.5,NA,FALSE,NA,NA,NA
"349","Asphaltklee_bituminosa","Sciaridae_sp",0,0.634735408032948,0.5,NA,FALSE,NA,NA,NA
"350","Asphaltklee_bituminosa","Sciaridae_sp_1",0,0.5,0.5,NA,FALSE,NA,NA,NA
"351","Asphaltklee_bituminosa","Scymnus_canariensis",0,0.5,0.5,NA,FALSE,NA,NA,NA
"352","Asphaltklee_bituminosa","Spathulina_sicula",0,0.5,0.5,NA,FALSE,NA,NA,NA
"353","Asphaltklee_bituminosa","Syritta_pipiens",0,0.500145744644834,0.5,NA,FALSE,NA,NA,NA
"354","Asphaltklee_bituminosa","Tachina_canariensis",0,0.606904460748646,0.670443906247276,NA,FALSE,NA,NA,NA
"355","Asphaltklee_bituminosa","Tethina_marmorata",0,0.5,NA,NA,FALSE,NA,NA,NA
"356","Asphaltklee_bituminosa","Thaumatomyia_notata",0,0.5,0.5,NA,FALSE,NA,NA,NA
"357","Asphaltklee_bituminosa","Themnothorax_hesperius",0,0.526080243876362,NA,NA,FALSE,NA,NA,NA
"358","Asphaltklee_bituminosa","Thomisus_cf_globosum",0,0.5,0.5,NA,FALSE,NA,NA,NA
"359","Asphaltklee_bituminosa","Thomisus_cf_onustus",0,0.5,0.502524274018204,NA,FALSE,NA,NA,NA
"360","Asphaltklee_bituminosa","Thyridanthrax_indigenus",0,0.907503487408514,0.975053465489471,"both↑",FALSE,0.941278476448993,"Both approaches",0.872770032306151
"361","Asphaltklee_bituminosa","Thysanoptera_sp_1",0,0.963749529522745,0.992645712671016,"both↑",FALSE,0.978197621096881,"Both approaches",0.952761512376575
"362","Asphaltklee_bituminosa","Thysanoptera_sp_2",0,0.921496148167218,0.813341246531459,"both↑",FALSE,0.867418697349338,"Both approaches",0.712740510923566
"363","Asphaltklee_bituminosa","Thysanoptera_sp_3",0,0.5,NA,NA,FALSE,NA,NA,NA
"364","Asphaltklee_bituminosa","Thysanoptera_sp_7",0,0.883869570916446,0.998218476410823,"both↑",FALSE,0.941044023663635,"Both approaches",0.872262051271208
"365","Asphaltklee_bituminosa","Trupanea_augur",0,0.5,0.5,NA,FALSE,NA,NA,NA
"366","Asphaltklee_bituminosa","Urelliosoma_guimari",0,0.500066643286987,0.5,NA,FALSE,NA,NA,NA
"367","Asphaltklee_bituminosa","Villa_nigriceps",0.142857142857143,NA,NA,NA,TRUE,NA,NA,NA
"368","Ceballosia_fruticosa","Agromyzidae_sp_2",0,0.5,NA,NA,FALSE,NA,NA,NA
"369","Ceballosia_fruticosa","Amegilla_canifrons",0,0.51750870053826,0.562863547082786,NA,FALSE,NA,NA,NA
"370","Ceballosia_fruticosa","Amegilla_quadrifasciata",0,0.56232908654356,0.585780583432947,NA,FALSE,NA,NA,NA
"371","Ceballosia_fruticosa","Anaspis_proteus",0.142857142857143,NA,NA,NA,TRUE,NA,NA,NA
"372","Ceballosia_fruticosa","Anthophora_alluaudi",0,0.784280069754774,0.751466670962815,"both↑",FALSE,0.767873370358794,"Both approaches",0.497058969110721
"373","Ceballosia_fruticosa","Anthophora_orotavae",0,0.584529164994755,0.614981448821911,NA,FALSE,NA,NA,NA
"374","Ceballosia_fruticosa","Apis_mellifera",0,0.578008446802558,0.5,NA,FALSE,NA,NA,NA
"375","Ceballosia_fruticosa","Attalus_crispus",0,0.501708367214995,0.5,NA,FALSE,NA,NA,NA
"376","Ceballosia_fruticosa","Attalus_pallipes",0,0.501739170095711,NA,NA,FALSE,NA,NA,NA
"377","Ceballosia_fruticosa","Aulacoderus_canariensis",0,0.616957546568186,0.520967537651091,NA,FALSE,NA,NA,NA
"378","Ceballosia_fruticosa","Bassus_sp",0,0.506916396064968,0.614931141527024,NA,FALSE,NA,NA,NA
"379","Ceballosia_fruticosa","Bracon_sp",0,0.506797376683603,NA,NA,FALSE,NA,NA,NA
"380","Ceballosia_fruticosa","Camponotus_feae",0.285714285714286,NA,NA,NA,TRUE,NA,NA,NA
"381","Ceballosia_fruticosa","Cecydomyiidae_sp",0,0.505025068048989,NA,NA,FALSE,NA,NA,NA
"382","Ceballosia_fruticosa","Ceratogoponidae_sp",0,0.51788115029262,0.5,NA,FALSE,NA,NA,NA
"383","Ceballosia_fruticosa","Ceratogoponidae_sp_2",0,0.5,0.5,NA,FALSE,NA,NA,NA
"384","Ceballosia_fruticosa","Chalicodoma_canescens",0,0.5,0.5,NA,FALSE,NA,NA,NA
"385","Ceballosia_fruticosa","Chetogena_acuminata",0,0.512513417398711,0.541982097866698,NA,FALSE,NA,NA,NA
"386","Ceballosia_fruticosa","Chironomidae_sp",0,0.506670492606536,NA,NA,FALSE,NA,NA,NA
"387","Ceballosia_fruticosa","Chironomidae_sp_1",0,0.514390797985357,NA,NA,FALSE,NA,NA,NA
"388","Ceballosia_fruticosa","Chloropidae_sp",0,0.502755739926237,0.60187222084851,NA,FALSE,NA,NA,NA
"389","Ceballosia_fruticosa","Chloropidae_sp_3",0,0.519220240725166,0.563904623206866,NA,FALSE,NA,NA,NA
"390","Ceballosia_fruticosa","Chloropidae_sp_4",0,0.527831444801679,0.5,NA,FALSE,NA,NA,NA
"391","Ceballosia_fruticosa","Chloropidae_sp_5",0,0.537028564568055,NA,NA,FALSE,NA,NA,NA
"392","Ceballosia_fruticosa","Chrysomya_albiceps",0,0.682898949616984,NA,NA,FALSE,NA,NA,NA
"393","Ceballosia_fruticosa","Coccinella_miranda",0,0.5,0.52013035459546,NA,FALSE,NA,NA,NA
"394","Ceballosia_fruticosa","Colias_croceus",0,0.506178097402493,0.5,NA,FALSE,NA,NA,NA
"395","Ceballosia_fruticosa","Colletes_dimidiatus",0,0.660401479464683,0.796432096878528,"diag↑ only",FALSE,0.796432096878528,"Single location",0.558936209903476
"396","Ceballosia_fruticosa","Crematogaster_alluaudi",0,0.5,NA,NA,FALSE,NA,NA,NA
"397","Ceballosia_fruticosa","Cryptocephalus_gounellei",0,0.5,0.533637811324253,NA,FALSE,NA,NA,NA
"398","Ceballosia_fruticosa","Cryptocephalus_nitidicollis",0,0.501339869121625,0.5,NA,FALSE,NA,NA,NA
"399","Ceballosia_fruticosa","Dasytes_cf_subaenescens",0,0.543172554616111,0.61420414726408,NA,FALSE,NA,NA,NA
"400","Ceballosia_fruticosa","Dasytes_subaenescens",0,0.684682597801751,0.690086483382146,NA,FALSE,NA,NA,NA
"401","Ceballosia_fruticosa","Delia_flavibasis",0,0.502170689950862,0.5,NA,FALSE,NA,NA,NA
"402","Ceballosia_fruticosa","Dilophus_hiemalis",0,0.53470348975551,0.5,NA,FALSE,NA,NA,NA
"403","Ceballosia_fruticosa","Elasmus_platyedrae",0,0.5,NA,NA,FALSE,NA,NA,NA
"404","Ceballosia_fruticosa","Empididae_sp_1",0,0.5,NA,NA,FALSE,NA,NA,NA
"405","Ceballosia_fruticosa","Empis_sp_1",0,0.500974583476272,0.5,NA,FALSE,NA,NA,NA
"406","Ceballosia_fruticosa","Eristalinus_aeneus",0,0.504302828367037,NA,NA,FALSE,NA,NA,NA
"407","Ceballosia_fruticosa","Eristalinus_taeniops",0,0.5,0.5,NA,FALSE,NA,NA,NA
"408","Ceballosia_fruticosa","Eristalis_tenax",0,0.500634007314142,0.5,NA,FALSE,NA,NA,NA
"409","Ceballosia_fruticosa","Estheria_simonyi",0.142857142857143,NA,NA,NA,TRUE,NA,NA,NA
"410","Ceballosia_fruticosa","Eucera_gracilipes",0,0.576921556957309,0.597818958514288,NA,FALSE,NA,NA,NA
"411","Ceballosia_fruticosa","Euderus_sp",0,0.502352602818459,0.541511590850739,NA,FALSE,NA,NA,NA
"412","Ceballosia_fruticosa","Eumerus_latitarsis",0,0.747724894694184,0.750605693197697,"both↑",FALSE,0.749165293945941,"Both approaches",0.456524803549538
"413","Ceballosia_fruticosa","Eumerus_nivariae",0,0.651140207482431,0.779178314092099,"diag↑ only",FALSE,0.779178314092099,"Single location",0.521553013866215
"414","Ceballosia_fruticosa","Geometridae_sp",0,0.5,0.5,NA,FALSE,NA,NA,NA
"415","Ceballosia_fruticosa","Hylaeus_ater",0,0.50412976617918,0.535497147235585,NA,FALSE,NA,NA,NA
"416","Ceballosia_fruticosa","Lasioglossum_arctifrons",0,0.5,0.5,NA,FALSE,NA,NA,NA
"417","Ceballosia_fruticosa","Lasioglossum_loetum",0,0.785722100657951,0.963398515133895,"both↑",FALSE,0.874560307895923,"Both approaches",0.728214000441165
"418","Ceballosia_fruticosa","Lasioglossum_viride",0,0.940464070668252,0.922643495350613,"both↑",FALSE,0.931553783009433,"Both approaches",0.851699863187104
"419","Ceballosia_fruticosa","Leptochilus_cruentatus",0,0.699207967138869,0.823515750611971,"diag↑ only",FALSE,0.823515750611971,"Single location",0.61761745965927
"420","Ceballosia_fruticosa","Leptochilus_eatoni",0,0.500344929740194,NA,NA,FALSE,NA,NA,NA
"421","Ceballosia_fruticosa","Linnaemyia_soror",0,0.5,NA,NA,FALSE,NA,NA,NA
"422","Ceballosia_fruticosa","Lucilia_sericata",0,0.705618978484243,NA,NA,FALSE,NA,NA,NA
"423","Ceballosia_fruticosa","Malthinus_mutabilis",0,0.515371266087111,0.555011697785966,NA,FALSE,NA,NA,NA
"424","Ceballosia_fruticosa","Megachile_canariensis",0,0.502226189199901,0.5,NA,FALSE,NA,NA,NA
"425","Ceballosia_fruticosa","Megaselia_sp_2",0,0.515384833820261,0.634484078178212,NA,FALSE,NA,NA,NA
"426","Ceballosia_fruticosa","Meligethes_canariensis",0.142857142857143,NA,NA,NA,TRUE,NA,NA,NA
"427","Ceballosia_fruticosa","Minotetrastichus_sp",0,0.5,NA,NA,FALSE,NA,NA,NA
"428","Ceballosia_fruticosa","Musca_domestica",0,0.613994449091133,0.714130634845814,"diag↑ only",FALSE,0.714130634845814,"Single location",0.380616375499263
"429","Ceballosia_fruticosa","Myathropa_florea",0,0.561898292803653,0.555905395623346,NA,FALSE,NA,NA,NA
"430","Ceballosia_fruticosa","Mycetophilidae_sp_1",0,0.503851495391287,0.5,NA,FALSE,NA,NA,NA
"431","Ceballosia_fruticosa","Myopites_nigrescens",0,0.674970594737527,0.864660308313462,"diag↑ only",FALSE,0.864660308313462,"Single location",0.706764001345835
"432","Ceballosia_fruticosa","Neodryophilus_cryptophagoides",0,0.506857969766035,0.5,NA,FALSE,NA,NA,NA
"433","Ceballosia_fruticosa","Osmia_canaria",0,0.5,0.5,NA,FALSE,NA,NA,NA
"434","Ceballosia_fruticosa","Paratrechina_longicornis",0,0.502301447410477,0.5,NA,FALSE,NA,NA,NA
"435","Ceballosia_fruticosa","Perilampus_sp_1",0.142857142857143,NA,NA,NA,TRUE,NA,NA,NA
"436","Ceballosia_fruticosa","Perilampus_sp_2",0,0.505236641695713,0.5,NA,FALSE,NA,NA,NA
"437","Ceballosia_fruticosa","Phalacrus_coruscus",0,0.52321186865763,NA,NA,FALSE,NA,NA,NA
"438","Ceballosia_fruticosa","Phthiria_simonyi",0.285714285714286,NA,NA,NA,TRUE,NA,NA,NA
"439","Ceballosia_fruticosa","Plagiolepis_sp_2",0.142857142857143,NA,NA,NA,TRUE,NA,NA,NA
"440","Ceballosia_fruticosa","Platypalpus_sp",0,0.508909084264845,0.5,NA,FALSE,NA,NA,NA
"441","Ceballosia_fruticosa","Pteromalus_sp_1",0,0.516234850024327,0.555489505062953,NA,FALSE,NA,NA,NA
"442","Ceballosia_fruticosa","Pteromalus_sp_3",0,0.508225000230374,0.503431578679517,NA,FALSE,NA,NA,NA
"443","Ceballosia_fruticosa","Pteromalus_sp_4",0,0.5,0.556342616549104,NA,FALSE,NA,NA,NA
"444","Ceballosia_fruticosa","Rondania_insularis",0,0.506207799772214,0.5,NA,FALSE,NA,NA,NA
"445","Ceballosia_fruticosa","Sarcophagidae_sp_3",0,0.508612787185209,0.5,NA,FALSE,NA,NA,NA
"446","Ceballosia_fruticosa","Scaeva_albomaculata",0,0.509276515859163,0.5,NA,FALSE,NA,NA,NA
"447","Ceballosia_fruticosa","Scenopinus_sp",0,0.5,0.5,NA,FALSE,NA,NA,NA
"448","Ceballosia_fruticosa","Sciaridae_sp",0,0.693726941223766,0.5,NA,FALSE,NA,NA,NA
"449","Ceballosia_fruticosa","Sciaridae_sp_1",0,0.514189331474242,0.5,NA,FALSE,NA,NA,NA
"450","Ceballosia_fruticosa","Spathulina_sicula",0,0.502582613766123,0.5,NA,FALSE,NA,NA,NA
"451","Ceballosia_fruticosa","Syritta_pipiens",0.142857142857143,NA,NA,NA,TRUE,NA,NA,NA
"452","Ceballosia_fruticosa","Tachina_canariensis",0,0.557728470267945,0.5,NA,FALSE,NA,NA,NA
"453","Ceballosia_fruticosa","Tethina_marmorata",0,0.505651699007651,NA,NA,FALSE,NA,NA,NA
"454","Ceballosia_fruticosa","Thaumatomyia_notata",0,0.513750468822705,0.537151682943549,NA,FALSE,NA,NA,NA
"455","Ceballosia_fruticosa","Themnothorax_hesperius",0,0.655531741015389,NA,NA,FALSE,NA,NA,NA
"456","Ceballosia_fruticosa","Thomisus_cf_onustus",0,0.514166862354151,0.5,NA,FALSE,NA,NA,NA
"457","Ceballosia_fruticosa","Thysanoptera_sp_1",0,0.919656146584771,0.708179381241629,"both↑",FALSE,0.8139177639132,"Both approaches",0.596821821811934
"458","Ceballosia_fruticosa","Thysanoptera_sp_2",0,0.945446264218777,0.757471382571088,"both↑",FALSE,0.851458823394933,"Both approaches",0.678160784022354
"459","Ceballosia_fruticosa","Thysanoptera_sp_3",0,0.516020735009684,0.555637806086439,NA,FALSE,NA,NA,NA
"460","Ceballosia_fruticosa","Thysanoptera_sp_7",0,0.970403258809577,NA,NA,FALSE,NA,NA,NA
"461","Ceballosia_fruticosa","Urelliosoma_guimari",0,0.554438072550193,NA,NA,FALSE,NA,NA,NA
"462","Ceballosia_fruticosa","Villa_nigriceps",0,0.5,0.5,NA,FALSE,NA,NA,NA
"463","Ceropegia_dichotoma","Agromyzidae_sp_2",0,0.5,0.5,NA,FALSE,NA,NA,NA
"464","Ceropegia_dichotoma","Amegilla_canifrons",0,0.5,0.5,NA,FALSE,NA,NA,NA
"465","Ceropegia_dichotoma","Amegilla_quadrifasciata",0,0.5,0.5,NA,FALSE,NA,NA,NA
"466","Ceropegia_dichotoma","Anaspis_proteus",0,0.997068135592229,0.99730425265847,"both↑",FALSE,0.99718619412535,"Both approaches",0.993903420604924
"467","Ceropegia_dichotoma","Anthophora_alluaudi",0,0.733053755504694,0.650493440432404,"offs↑ only",FALSE,0.733053755504694,"External location",0.421616470260169
"468","Ceropegia_dichotoma","Anthophora_orotavae",0,0.5,0.5,NA,FALSE,NA,NA,NA
"469","Ceropegia_dichotoma","Apis_mellifera",0,0.5,0.5,NA,FALSE,NA,NA,NA
"470","Ceropegia_dichotoma","Attalus_pallipes",0,0.5,0.5,NA,FALSE,NA,NA,NA
"471","Ceropegia_dichotoma","Aulacoderus_canariensis",0,0.553689131936182,NA,NA,FALSE,NA,NA,NA
"472","Ceropegia_dichotoma","Bassus_sp",0,0.5,0.5,NA,FALSE,NA,NA,NA
"473","Ceropegia_dichotoma","Bracon_sp",0,0.5,0.5,NA,FALSE,NA,NA,NA
"474","Ceropegia_dichotoma","Camponotus_feae",0.142857142857143,NA,NA,NA,TRUE,NA,NA,NA
"475","Ceropegia_dichotoma","Ceratogoponidae_sp",0,0.5,NA,NA,FALSE,NA,NA,NA
"476","Ceropegia_dichotoma","Chetogena_acuminata",0,0.5,0.5,NA,FALSE,NA,NA,NA
"477","Ceropegia_dichotoma","Chironomidae_sp",0,0.5,0.5,NA,FALSE,NA,NA,NA
"478","Ceropegia_dichotoma","Chloropidae_sp",0,0.5,NA,NA,FALSE,NA,NA,NA
"479","Ceropegia_dichotoma","Chloropidae_sp_5",0,0.5,0.5,NA,FALSE,NA,NA,NA
"480","Ceropegia_dichotoma","Coccinella_miranda",0,0.5,0.5,NA,FALSE,NA,NA,NA
"481","Ceropegia_dichotoma","Crematogaster_alluaudi",0,0.5,0.5,NA,FALSE,NA,NA,NA
"482","Ceropegia_dichotoma","Cryptocephalus_gounellei",0,0.5,0.5,NA,FALSE,NA,NA,NA
"483","Ceropegia_dichotoma","Dasytes_cf_subaenescens",0,0.5,NA,NA,FALSE,NA,NA,NA
"484","Ceropegia_dichotoma","Dasytes_subaenescens",0,0.581545904164778,0.559525134996673,NA,FALSE,NA,NA,NA
"485","Ceropegia_dichotoma","Elasmus_platyedrae",0,0.5,NA,NA,FALSE,NA,NA,NA
"486","Ceropegia_dichotoma","Eristalinus_aeneus",0,0.5,0.5,NA,FALSE,NA,NA,NA
"487","Ceropegia_dichotoma","Eristalis_tenax",0,0.5,0.5,NA,FALSE,NA,NA,NA
"488","Ceropegia_dichotoma","Estheria_simonyi",0,0.654668562574982,0.66163037808541,NA,FALSE,NA,NA,NA
"489","Ceropegia_dichotoma","Eucera_gracilipes",0,0.5,0.5,NA,FALSE,NA,NA,NA
"490","Ceropegia_dichotoma","Euderus_sp",0,0.5,NA,NA,FALSE,NA,NA,NA
"491","Ceropegia_dichotoma","Eumerus_latitarsis",0,0.688257012920861,0.685313806940496,NA,FALSE,NA,NA,NA
"492","Ceropegia_dichotoma","Eumerus_nivariae",0,0.50855873158611,0.5,NA,FALSE,NA,NA,NA
"493","Ceropegia_dichotoma","Geometridae_sp",0,0.5,0.5,NA,FALSE,NA,NA,NA
"494","Ceropegia_dichotoma","Hylaeus_ater",0,0.5,0.5,NA,FALSE,NA,NA,NA
"495","Ceropegia_dichotoma","Lasioglossum_loetum",0,0.616192171256298,0.5,NA,FALSE,NA,NA,NA
"496","Ceropegia_dichotoma","Lasioglossum_viride",0,0.935242790589409,0.887453870599581,"both↑",FALSE,0.911348330594495,"Both approaches",0.807921382954738
"497","Ceropegia_dichotoma","Leptochilus_cruentatus",0,0.509847280410018,0.5,NA,FALSE,NA,NA,NA
"498","Ceropegia_dichotoma","Leptochilus_eatoni",0,0.5,0.5,NA,FALSE,NA,NA,NA
"499","Ceropegia_dichotoma","Malthinus_mutabilis",0,0.5,0.5,NA,FALSE,NA,NA,NA
"500","Ceropegia_dichotoma","Megaselia_sp_2",0,0.5,NA,NA,FALSE,NA,NA,NA
"501","Ceropegia_dichotoma","Meligethes_canariensis",0,0.685186095190686,0.840220887701433,"diag↑ only",FALSE,0.840220887701433,"Single location",0.653811923353104
"502","Ceropegia_dichotoma","Minotetrastichus_sp",0,0.5,0.5,NA,FALSE,NA,NA,NA
"503","Ceropegia_dichotoma","Musca_domestica",0,0.540522469260413,0.5,NA,FALSE,NA,NA,NA
"504","Ceropegia_dichotoma","Myathropa_florea",0,0.50174618220061,0.5,NA,FALSE,NA,NA,NA
"505","Ceropegia_dichotoma","Neodryophilus_cryptophagoides",0,0.5,0.5,NA,FALSE,NA,NA,NA
"506","Ceropegia_dichotoma","Phthiria_simonyi",0,0.53371343252045,0.58236995117226,NA,FALSE,NA,NA,NA
"507","Ceropegia_dichotoma","Plagiolepis_sp_2",0,0.939834541998366,0.943413613832661,"both↑",FALSE,0.941624077915514,"Both approaches",0.873518835483613
"508","Ceropegia_dichotoma","Platypalpus_sp",0,0.5,NA,NA,FALSE,NA,NA,NA
"509","Ceropegia_dichotoma","Pteromalus_sp_1",0,0.5,0.5,NA,FALSE,NA,NA,NA
"510","Ceropegia_dichotoma","Pteromalus_sp_4",0,0.5,0.5,NA,FALSE,NA,NA,NA
"511","Ceropegia_dichotoma","Scenopinus_sp",0,0.5,0.5,NA,FALSE,NA,NA,NA
"512","Ceropegia_dichotoma","Sciaridae_sp",0,0.623421738109024,0.5,NA,FALSE,NA,NA,NA
"513","Ceropegia_dichotoma","Syritta_pipiens",0,0.533803631047038,0.5,NA,FALSE,NA,NA,NA
"514","Ceropegia_dichotoma","Tethina_marmorata",0,0.5,NA,NA,FALSE,NA,NA,NA
"515","Ceropegia_dichotoma","Themnothorax_hesperius",0,0.509320856280588,0.5,NA,FALSE,NA,NA,NA
"516","Ceropegia_dichotoma","Thomisus_cf_onustus",0,0.5,0.5,NA,FALSE,NA,NA,NA
"517","Ceropegia_dichotoma","Thysanoptera_sp_1",0,0.815069373459977,0.999423486723379,"both↑",FALSE,0.907246430091678,"Both approaches",0.799033931865302
"518","Ceropegia_dichotoma","Thysanoptera_sp_2",0,0.983610106751153,0.999069027939994,"both↑",FALSE,0.991339567345574,"Both approaches",0.981235729248743
"519","Ceropegia_dichotoma","Thysanoptera_sp_3",0.142857142857143,NA,NA,NA,TRUE,NA,NA,NA
"520","Ceropegia_dichotoma","Thysanoptera_sp_7",0.142857142857143,NA,NA,NA,TRUE,NA,NA,NA
"521","Ceropegia_dichotoma","Urelliosoma_guimari",0,0.5,0.5,NA,FALSE,NA,NA,NA
"522","Ceropegia_fusca","Agromyzidae_sp_1",0,0.5,NA,NA,FALSE,NA,NA,NA
"523","Ceropegia_fusca","Amegilla_quadrifasciata",0,0.508256287479687,0.517141864635659,NA,FALSE,NA,NA,NA
"524","Ceropegia_fusca","Ammophila_terminata",0,0.5,0.5,NA,FALSE,NA,NA,NA
"525","Ceropegia_fusca","Anaspis_proteus",0,0.715830893866403,0.857452310434412,"both↑",FALSE,0.786641602150408,"Both approaches",0.537723471325883
"526","Ceropegia_fusca","Anthophora_alluaudi",0,0.53082781230498,NA,NA,FALSE,NA,NA,NA
"527","Ceropegia_fusca","Anthophora_orotavae",0,0.5,0.5,NA,FALSE,NA,NA,NA
"528","Ceropegia_fusca","Apis_mellifera",0,0.576169265742796,NA,NA,FALSE,NA,NA,NA
"529","Ceropegia_fusca","Aprostocetus_occidentalis",0,0.5,0.5,NA,FALSE,NA,NA,NA
"530","Ceropegia_fusca","Aprostocetus_sp_2",0,0.5,0.5,NA,FALSE,NA,NA,NA
"531","Ceropegia_fusca","Attagenus_wollastoni",0,0.5,0.5,NA,FALSE,NA,NA,NA
"532","Ceropegia_fusca","Attalus_ruficollis",0,0.5,0.5,NA,FALSE,NA,NA,NA
"533","Ceropegia_fusca","Blaesoxipha_sp_1",0,0.5,0.5,NA,FALSE,NA,NA,NA
"534","Ceropegia_fusca","Bracon_sp",0,0.5,0.5,NA,FALSE,NA,NA,NA
"535","Ceropegia_fusca","Camponotus_feae",0.142857142857143,NA,NA,NA,TRUE,NA,NA,NA
"536","Ceropegia_fusca","Chalicodoma_canescens",0,0.5,0.5,NA,FALSE,NA,NA,NA
"537","Ceropegia_fusca","Chetogena_acuminata",0,0.5,0.5,NA,FALSE,NA,NA,NA
"538","Ceropegia_fusca","Chloropidae_sp_5",0,0.5,0.5,NA,FALSE,NA,NA,NA
"539","Ceropegia_fusca","Chloropidae_sp_6",0,0.5,NA,NA,FALSE,NA,NA,NA
"540","Ceropegia_fusca","Chrysomya_albiceps",0,0.774585821872064,0.982684529239105,"both↑",FALSE,0.878635175555584,"Both approaches",0.737042880370433
"541","Ceropegia_fusca","Dinarmoides_spilopterus",0,0.5,NA,NA,FALSE,NA,NA,NA
"542","Ceropegia_fusca","Eristalinus_aeneus",0,0.5,0.5,NA,FALSE,NA,NA,NA
"543","Ceropegia_fusca","Eristalinus_taeniops",0,0.5,0.5,NA,FALSE,NA,NA,NA
"544","Ceropegia_fusca","Eristalis_tenax",0,0.5,0.5,NA,FALSE,NA,NA,NA
"545","Ceropegia_fusca","Euderus_sp",0,0.5,0.5,NA,FALSE,NA,NA,NA
"546","Ceropegia_fusca","Eupelmus_sp",0,0.5,NA,NA,FALSE,NA,NA,NA
"547","Ceropegia_fusca","Eurytoma_sp_1",0,0.5,0.5,NA,FALSE,NA,NA,NA
"548","Ceropegia_fusca","Fannia_sp",0,0.5,NA,NA,FALSE,NA,NA,NA
"549","Ceropegia_fusca","Gnaphosidae_sp_1",0,0.5,0.5,NA,FALSE,NA,NA,NA
"550","Ceropegia_fusca","Holepyris_sp",0,0.5,0.5,NA,FALSE,NA,NA,NA
"551","Ceropegia_fusca","Lasioglossum_loetum",0,0.59309682003359,0.5,NA,FALSE,NA,NA,NA
"552","Ceropegia_fusca","Lasioglossum_viride",0,0.675053064480038,0.520112648848539,NA,FALSE,NA,NA,NA
"553","Ceropegia_fusca","Leptochilus_eatoni",0,0.5,0.5,NA,FALSE,NA,NA,NA
"554","Ceropegia_fusca","Lucilia_sericata",0,0.804841280335295,0.73067891773218,"both↑",FALSE,0.767760099033738,"Both approaches",0.496813547906431
"555","Ceropegia_fusca","Macrocoma_splendens",0,0.5,0.5,NA,FALSE,NA,NA,NA
"556","Ceropegia_fusca","Megachile_canariensis",0,0.5,0.5,NA,FALSE,NA,NA,NA
"557","Ceropegia_fusca","Meligethes_cf_canariensis",0,0.5,NA,NA,FALSE,NA,NA,NA
"558","Ceropegia_fusca","Monomorium_subopacum",0,0.5,0.5,NA,FALSE,NA,NA,NA
"559","Ceropegia_fusca","Mordellistena_cf_canariensis",0,0.5,0.5,NA,FALSE,NA,NA,NA
"560","Ceropegia_fusca","Musca_domestica",0,0.559134912942181,0.5,NA,FALSE,NA,NA,NA
"561","Ceropegia_fusca","Myopites_nigrescens",0,0.919431498557638,0.5,"offs↑ only",FALSE,0.919431498557638,"External location",0.825434913541548
"562","Ceropegia_fusca","Nomioides_fortunatus",0,0.5,NA,NA,FALSE,NA,NA,NA
"563","Ceropegia_fusca","Oscinella_sp_1",0,0.539280026212237,NA,NA,FALSE,NA,NA,NA
"564","Ceropegia_fusca","Oscinella_sp_2",0,0.5,0.5,NA,FALSE,NA,NA,NA
"565","Ceropegia_fusca","Oxyopes_cf_kraepelinorum",0,0.5,0.5,NA,FALSE,NA,NA,NA
"566","Ceropegia_fusca","Physiphora_alceae",0,0.5,0.5,NA,FALSE,NA,NA,NA
"567","Ceropegia_fusca","Phyto_discrepans",0,0.5,0.5,NA,FALSE,NA,NA,NA
"568","Ceropegia_fusca","Plagiolepis_schmitzii",0,0.665126442862826,0.5,NA,FALSE,NA,NA,NA
"569","Ceropegia_fusca","Plagiolepis_sp_2",0,0.756593383234153,0.78871223942447,"both↑",FALSE,0.772652811329312,"Both approaches",0.507414424546842
"570","Ceropegia_fusca","Platypalpus_sp",0,0.5,0.5,NA,FALSE,NA,NA,NA
"571","Ceropegia_fusca","Platypalpus_sp_2",0,0.5,0.5,NA,FALSE,NA,NA,NA
"572","Ceropegia_fusca","Pteromalus_sp_3",0,0.5,NA,NA,FALSE,NA,NA,NA
"573","Ceropegia_fusca","Pteromalus_sp_4",0,0.5,NA,NA,FALSE,NA,NA,NA
"574","Ceropegia_fusca","Sarcophagidae_sp_5",0,0.554502924087267,0.533755883849663,NA,FALSE,NA,NA,NA
"575","Ceropegia_fusca","Sarcophagidae_sp_8",0,0.549750088693242,0.559585747208989,NA,FALSE,NA,NA,NA
"576","Ceropegia_fusca","Scenopinus_sp",0,0.5,0.5,NA,FALSE,NA,NA,NA
"577","Ceropegia_fusca","Sciaridae_sp_1",0,0.5,0.5,NA,FALSE,NA,NA,NA
"578","Ceropegia_fusca","Sibinia_sericea",0,0.5,NA,NA,FALSE,NA,NA,NA
"579","Ceropegia_fusca","Sphaeniscus_filiolus",0,0.5,0.5,NA,FALSE,NA,NA,NA
"580","Ceropegia_fusca","Stomorhina_lunata",0,0.5,NA,NA,FALSE,NA,NA,NA
"581","Ceropegia_fusca","Synthesomyia_nudiseta",0,0.5,0.5,NA,FALSE,NA,NA,NA
"582","Ceropegia_fusca","Syritta_pipiens",0,0.5,0.5,NA,FALSE,NA,NA,NA
"583","Ceropegia_fusca","Themnothorax_hesperius",0,0.925291148511841,0.989737025422337,"both↑",FALSE,0.957514086967089,"Both approaches",0.907947188428692
"584","Ceropegia_fusca","Thysanoptera_sp_1",0,0.941110180012894,0.999127054680623,"both↑",FALSE,0.970118617346759,"Both approaches",0.93525700425131
"585","Ceropegia_fusca","Thysanoptera_sp_2",0,0.992303409632289,0.999747539196029,"both↑",FALSE,0.996025474414159,"Both approaches",0.991388527897344
"586","Ceropegia_fusca","Thysanoptera_sp_3",0,0.5,0.5,NA,FALSE,NA,NA,NA
"587","Ceropegia_fusca","Torymoides_lindbergi",0,0.5,0.5,NA,FALSE,NA,NA,NA
"588","Ceropegia_fusca","Trixoscelis_sp",0,0.5,0.5,NA,FALSE,NA,NA,NA
"589","Ceropegia_fusca","Urelliosoma_guimari",0,0.5,0.508422585697009,NA,FALSE,NA,NA,NA
"590","Euphorbia_balsamifera_f","Agromyzidae_sp_1",0.142857142857143,NA,NA,NA,TRUE,NA,NA,NA
"591","Euphorbia_balsamifera_f","Agromyzidae_sp_2",0,0.937812607397866,0.926464098297787,"both↑",FALSE,0.932138352847827,"Both approaches",0.852966431170291
"592","Euphorbia_balsamifera_f","Alliophleps_elliptica",0,0.948888231471323,0.957811320717858,"both↑",FALSE,0.953349776094591,"Both approaches",0.898924514871613
"593","Euphorbia_balsamifera_f","Amegilla_canifrons",0,0.87860048955669,0.902574231612725,"both↑",FALSE,0.890587360584707,"Both approaches",0.762939281266866
"594","Euphorbia_balsamifera_f","Amegilla_quadrifasciata",0,0.899707984949727,0.927731201104015,"both↑",FALSE,0.913719593026871,"Both approaches",0.813059118224888
"595","Euphorbia_balsamifera_f","Amegilla_sp",0,0.960204249222032,0.948903645517414,"both↑",FALSE,0.954553947369723,"Both approaches",0.9015335526344
"596","Euphorbia_balsamifera_f","Ammophila_terminata",0,0.813487294978602,0.74037115404623,"both↑",FALSE,0.776929224512416,"Both approaches",0.516679986443568
"597","Euphorbia_balsamifera_f","Anaspis_cf_canariensis",0,0.905895742034445,0.965094620659095,"both↑",FALSE,0.93549518134677,"Both approaches",0.860239559584668
"598","Euphorbia_balsamifera_f","Anaspis_cf_eversi",0,0.968819466632135,NA,NA,FALSE,NA,NA,NA
"599","Euphorbia_balsamifera_f","Anaspis_cf_saharensis",0,0.949698308785172,0.883878762525156,"both↑",FALSE,0.916788535655164,"Both approaches",0.819708493919523
"600","Euphorbia_balsamifera_f","Anaspis_proteus",0,0.992618297395665,0.959766898703154,"both↑",FALSE,0.976192598049409,"Both approaches",0.94841729577372
"601","Euphorbia_balsamifera_f","Andrena_vachali",0.142857142857143,NA,NA,NA,TRUE,NA,NA,NA
"602","Euphorbia_balsamifera_f","Andrena_vulcana",0,0.955347187081347,0.989071139177156,"both↑",FALSE,0.972209163129252,"Both approaches",0.939786520113378
"603","Euphorbia_balsamifera_f","Andrena_wollastoni",0,0.961764254427148,0.963924828927995,"both↑",FALSE,0.962844541677572,"Both approaches",0.919496506968072
"604","Euphorbia_balsamifera_f","Anthaxia_sp_1",0,0.964293378077354,0.988930644686439,"both↑",FALSE,0.976612011381897,"Both approaches",0.949326024660776
"605","Euphorbia_balsamifera_f","Anthophora_alluaudi",0,0.966350589022269,0.911812992114541,"both↑",FALSE,0.939081790568405,"Both approaches",0.868010546231544
"606","Euphorbia_balsamifera_f","Anthophora_orotavae",0,0.93931553008412,0.846027183335089,"both↑",FALSE,0.892671356709605,"Both approaches",0.767454606204144
"607","Euphorbia_balsamifera_f","Anthophora_sp_1",0,0.909795718435223,0.952837930654704,"both↑",FALSE,0.931316824544964,"Both approaches",0.851186453180755
"608","Euphorbia_balsamifera_f","Anthophora_sp_aff_orotavae",0,0.938605701612733,0.5,"offs↑ only",FALSE,0.938605701612733,"External location",0.866979020160922
"609","Euphorbia_balsamifera_f","Aphthona_wachnitzae",0.142857142857143,NA,NA,NA,TRUE,NA,NA,NA
"610","Euphorbia_balsamifera_f","Apis_mellifera",0.285714285714286,NA,NA,NA,TRUE,NA,NA,NA
"611","Euphorbia_balsamifera_f","Aplocnemus_sp_2",0,0.905425279111035,0.891716229197071,"both↑",FALSE,0.898570754154053,"Both approaches",0.780236634000448
"612","Euphorbia_balsamifera_f","Aprostocetus_occidentalis",0,0.917815916195245,0.883522688712377,"both↑",FALSE,0.900669302453811,"Both approaches",0.784783488649924
"613","Euphorbia_balsamifera_f","Aprostocetus_sp_1",0,0.918370109817798,0.955999285504603,"both↑",FALSE,0.9371846976612,"Both approaches",0.863900178265934
"614","Euphorbia_balsamifera_f","Aprostocetus_sp_2",0,0.906106572091887,0.719740100688776,"both↑",FALSE,0.812923336390332,"Both approaches",0.594667228845718
"615","Euphorbia_balsamifera_f","Arachnospila_sp",0,0.940062829571181,0.914869408382368,"both↑",FALSE,0.927466118976775,"Both approaches",0.842843257783012
"616","Euphorbia_balsamifera_f","Araneae_sp_1",0.142857142857143,NA,NA,NA,TRUE,NA,NA,NA
"617","Euphorbia_balsamifera_f","Araneidae_sp_1",0.142857142857143,NA,NA,NA,TRUE,NA,NA,NA
"618","Euphorbia_balsamifera_f","Araneidae_sp_2",0,0.891050903035846,0.832290449806107,"both↑",FALSE,0.861670676420977,"Both approaches",0.700286465578783
"619","Euphorbia_balsamifera_f","Asteia_caesia",0,0.966291331088226,0.974941604912856,"both↑",FALSE,0.970616468000541,"Both approaches",0.936335680667838
"620","Euphorbia_balsamifera_f","Atherigona_varia",0.142857142857143,NA,NA,NA,TRUE,NA,NA,NA
"621","Euphorbia_balsamifera_f","Attagenus_abbreviatus",0,0.916851684199518,0.963129710687967,"both↑",FALSE,0.939990697443743,"Both approaches",0.869979844461442
"622","Euphorbia_balsamifera_f","Attagenus_sp_1",0,0.924390854695498,0.910118384340988,"both↑",FALSE,0.917254619518242,"Both approaches",0.820718342289525
"623","Euphorbia_balsamifera_f","Attagenus_wollastoni",0,0.869900509036632,0.699267262946876,"offs↑ only",FALSE,0.869900509036632,"External location",0.71811776957937
"624","Euphorbia_balsamifera_f","Attalus_chrysanthemi",0,0.945175379108393,0.962336584676387,"both↑",FALSE,0.95375598189239,"Both approaches",0.899804627433511
"625","Euphorbia_balsamifera_f","Attalus_crispus",0,0.860945527728469,0.602451941770273,"offs↑ only",FALSE,0.860945527728469,"External location",0.69871531007835
"626","Euphorbia_balsamifera_f","Attalus_obscurus",0,0.984740966260066,0.999718573633905,"both↑",FALSE,0.992229769946986,"Both approaches",0.983164501551802
"627","Euphorbia_balsamifera_f","Attalus_olivensis",0,0.989613469712785,0.999786306056872,"both↑",FALSE,0.994699887884829,"Both approaches",0.988516423750462
"628","Euphorbia_balsamifera_f","Attalus_pallipes",0,0.898623468263726,NA,NA,FALSE,NA,NA,NA
"629","Euphorbia_balsamifera_f","Attalus_ruficollis",0,0.622543835798397,0.630306671990752,NA,FALSE,NA,NA,NA
"630","Euphorbia_balsamifera_f","Attalus_rugifrons",0,0.947260242521939,0.760034056277132,"both↑",FALSE,0.853647149399536,"Both approaches",0.682902157032328
"631","Euphorbia_balsamifera_f","Aulacoderus_canariensis",0.142857142857143,NA,NA,NA,TRUE,NA,NA,NA
"632","Euphorbia_balsamifera_f","Axinotarsus_sp_1",0.142857142857143,NA,NA,NA,TRUE,NA,NA,NA
"633","Euphorbia_balsamifera_f","Bassus_sp",0,0.942253348164151,0.938365372646591,"both↑",FALSE,0.940309360405371,"Both approaches",0.870670280878304
"634","Euphorbia_balsamifera_f","Blaesoxipha_sp_1",0.142857142857143,NA,NA,NA,TRUE,NA,NA,NA
"635","Euphorbia_balsamifera_f","Bombylius_pintuarius",0,0.905850570477064,0.971126847409604,"both↑",FALSE,0.938488708943334,"Both approaches",0.86672553604389
"636","Euphorbia_balsamifera_f","Bombylius_sp_1",0,0.912257855782689,0.847873514759262,"both↑",FALSE,0.880065685270975,"Both approaches",0.740142318087113
"637","Euphorbia_balsamifera_f","Bracon_sp",0,0.886674120397109,0.623423158064923,"offs↑ only",FALSE,0.886674120397109,"External location",0.754460594193735
"638","Euphorbia_balsamifera_f","Bruchidius_wollastoni",0.142857142857143,NA,NA,NA,TRUE,NA,NA,NA
"639","Euphorbia_balsamifera_f","Campiglossa_martii",0,0.95796275493033,0.985470413594631,"both↑",FALSE,0.97171658426248,"Both approaches",0.938719265902041
"640","Euphorbia_balsamifera_f","Campiglossa_reticulata",0,0.896806792319544,0.802899063916369,"both↑",FALSE,0.849852928117957,"Both approaches",0.674681344255573
"641","Euphorbia_balsamifera_f","Camponotus_cfr_feae",0,0.961424589459394,0.99628341497387,"both↑",FALSE,0.978854002216632,"Both approaches",0.954183671469369
"642","Euphorbia_balsamifera_f","Camponotus_feae",0.714285714285714,NA,NA,NA,TRUE,NA,NA,NA
"643","Euphorbia_balsamifera_f","Cecidomyiidae_sp",0,0.934270946388976,0.965627602422614,"both↑",FALSE,0.949949274405795,"Both approaches",0.891556761212556
"644","Euphorbia_balsamifera_f","Cecydomyiidae_sp",0,0.858976250847438,NA,NA,FALSE,NA,NA,NA
"645","Euphorbia_balsamifera_f","Cephalodromia_sp",0,0.921260972776006,0.936962618611958,"both↑",FALSE,0.929111795693982,"Both approaches",0.846408890670294
"646","Euphorbia_balsamifera_f","Ceratogoponidae_sp",0.142857142857143,NA,NA,NA,TRUE,NA,NA,NA
"647","Euphorbia_balsamifera_f","Ceratogoponidae_sp_2",0,0.872041190146299,0.767464285920692,"both↑",FALSE,0.819752738033495,"Both approaches",0.60946426573924
"648","Euphorbia_balsamifera_f","Chalicodoma_canescens",0,0.897582176653492,0.835364601822117,"both↑",FALSE,0.866473389237805,"Both approaches",0.710692343348577
"649","Euphorbia_balsamifera_f","Chalicodoma_sicula",0,0.950260775414127,0.763339816699363,"both↑",FALSE,0.856800296056745,"Both approaches",0.689733974789614
"650","Euphorbia_balsamifera_f","Chalicodoma_sp",0,0.933728829766676,0.80190300827609,"both↑",FALSE,0.867815919021383,"Both approaches",0.713601157879663
"651","Euphorbia_balsamifera_f","Chetogena_acuminata",0.142857142857143,NA,NA,NA,TRUE,NA,NA,NA
"652","Euphorbia_balsamifera_f","Chironomidae_sp",0.142857142857143,NA,NA,NA,TRUE,NA,NA,NA
"653","Euphorbia_balsamifera_f","Chironomidae_sp_1",0,0.94033269250505,NA,NA,FALSE,NA,NA,NA
"654","Euphorbia_balsamifera_f","Chloropidae_sp",0,0.940133050993393,0.938493621142145,"both↑",FALSE,0.939313336067769,"Both approaches",0.868512228146833
"655","Euphorbia_balsamifera_f","Chloropidae_sp_1",0,0.929631535856366,0.961757730128243,"both↑",FALSE,0.945694632992304,"Both approaches",0.882338371483326
"656","Euphorbia_balsamifera_f","Chloropidae_sp_2",0,0.930984356654221,0.972377410886376,"both↑",FALSE,0.951680883770299,"Both approaches",0.895308581502314
"657","Euphorbia_balsamifera_f","Chloropidae_sp_3",0.142857142857143,NA,NA,NA,TRUE,NA,NA,NA
"658","Euphorbia_balsamifera_f","Chloropidae_sp_4",0,0.893443363628996,0.72961073628062,"both↑",FALSE,0.811527049954808,"Both approaches",0.591641941568751
"659","Euphorbia_balsamifera_f","Chloropidae_sp_5",0,0.85717457599781,0.756055185469948,"both↑",FALSE,0.806614880733879,"Both approaches",0.580998908256737
"660","Euphorbia_balsamifera_f","Chloropidae_sp_6",0,0.834618368885926,0.675606525202694,"offs↑ only",FALSE,0.834618368885926,"External location",0.641673132586172
"661","Euphorbia_balsamifera_f","Chrysomya_albiceps",0.428571428571429,NA,NA,NA,TRUE,NA,NA,NA
"662","Euphorbia_balsamifera_f","Coccinella_miranda",0,0.917309479139119,0.894153673581833,"both↑",FALSE,0.905731576360476,"Both approaches",0.795751748781031
"663","Euphorbia_balsamifera_f","Coleoptera_sp_5",0.142857142857143,NA,NA,NA,TRUE,NA,NA,NA
"664","Euphorbia_balsamifera_f","Colias_croceus",0,0.779577940407598,0.749849894238413,"both↑",FALSE,0.764713917323006,"Both approaches",0.490213487533179
"665","Euphorbia_balsamifera_f","Colletes1_Waiting_85",0,0.969310991164805,0.915152153075272,"both↑",FALSE,0.942231572120038,"Both approaches",0.87483507292675
"666","Euphorbia_balsamifera_f","Colletes2_Waiting_85",0.142857142857143,NA,NA,NA,TRUE,NA,NA,NA
"667","Euphorbia_balsamifera_f","Colletes_dimidiatus",0.142857142857143,NA,NA,NA,TRUE,NA,NA,NA
"668","Euphorbia_balsamifera_f","Crematogaster_alluaudi",0,0.908917146064312,0.838642880592602,"both↑",FALSE,0.873780013328457,"Both approaches",0.726523362211656
"669","Euphorbia_balsamifera_f","Crematogaster_scutellaris",0,0.942644358916391,0.955455251175011,"both↑",FALSE,0.949049805045701,"Both approaches",0.889607910932352
"670","Euphorbia_balsamifera_f","Cryptocephalus_gounellei",0,0.949798068032248,0.764239962629435,"both↑",FALSE,0.857019015330842,"Both approaches",0.690207866550157
"671","Euphorbia_balsamifera_f","Cryptocephalus_nitidicollis",0,0.897508467324403,NA,NA,FALSE,NA,NA,NA
"672","Euphorbia_balsamifera_f","Cryptocephalus_nubigena",0,0.92674292044414,0.991676224943146,"both↑",FALSE,0.959209572693643,"Both approaches",0.911620740836226
"673","Euphorbia_balsamifera_f","Curculionidae_sp",0.142857142857143,NA,NA,NA,TRUE,NA,NA,NA
"674","Euphorbia_balsamifera_f","Dasytes_cf_subaenescens",0,0.910049161529663,0.878754844908756,"both↑",FALSE,0.894402003219209,"Both approaches",0.771204340308287
"675","Euphorbia_balsamifera_f","Dasytes_lanzarotensis",0,0.945669737143668,0.889601058524412,"both↑",FALSE,0.91763539783404,"Both approaches",0.821543361973753
"676","Euphorbia_balsamifera_f","Dasytes_subaenescens",0,0.919664679239071,0.877207422543489,"both↑",FALSE,0.89843605089128,"Both approaches",0.779944776931106
"677","Euphorbia_balsamifera_f","Delia_flavibasis",0,0.84350075494356,0.768153097638541,"both↑",FALSE,0.805826926291051,"Both approaches",0.57929167363061
"678","Euphorbia_balsamifera_f","Diglyphus_chabrias",0,0.958776283458895,0.980686744939568,"both↑",FALSE,0.969731514199231,"Both approaches",0.934418280765001
"679","Euphorbia_balsamifera_f","Dilophus_hiemalis",0.142857142857143,NA,NA,NA,TRUE,NA,NA,NA
"680","Euphorbia_balsamifera_f","Dinarmoides_spilopterus",0,0.895087583785465,0.879188970245344,"both↑",FALSE,0.887138277015405,"Both approaches",0.75546626686671
"681","Euphorbia_balsamifera_f","Dischistus_atlanticus",0.142857142857143,NA,NA,NA,TRUE,NA,NA,NA
"682","Euphorbia_balsamifera_f","Elasmus_platyedrae",0,0.931748116989161,0.699975815682931,"offs↑ only",FALSE,0.931748116989161,"External location",0.852120920143182
"683","Euphorbia_balsamifera_f","Empididae_sp_1",0.142857142857143,NA,NA,NA,TRUE,NA,NA,NA
"684","Euphorbia_balsamifera_f","Empis_sp_1",0,0.876779866438036,NA,NA,FALSE,NA,NA,NA
"685","Euphorbia_balsamifera_f","Eristalinus_aeneus",0,0.873257805295803,0.735563172890798,"both↑",FALSE,0.8044104890933,"Both approaches",0.576222726368818
"686","Euphorbia_balsamifera_f","Eristalinus_taeniops",0,0.894913249791424,0.696973672069117,"offs↑ only",FALSE,0.894913249791424,"External location",0.772312041214751
"687","Euphorbia_balsamifera_f","Eristalis_tenax",0,0.913398768437884,0.865788489483522,"both↑",FALSE,0.889593628960703,"Both approaches",0.760786196081524
"688","Euphorbia_balsamifera_f","Estheria_simonyi",0.285714285714286,NA,NA,NA,TRUE,NA,NA,NA
"689","Euphorbia_balsamifera_f","Eucera_gracilipes",0,0.946433823492888,0.90101376433742,"both↑",FALSE,0.923723793915154,"Both approaches",0.834734886816167
"690","Euphorbia_balsamifera_f","Euderus_sp",0,0.866510671973737,0.815249380049721,"both↑",FALSE,0.840880026011729,"Both approaches",0.655240056358747
"691","Euphorbia_balsamifera_f","Eumerus_latitarsis",0.285714285714286,NA,NA,NA,TRUE,NA,NA,NA
"692","Euphorbia_balsamifera_f","Eumerus_nivariae",0,0.954871482298853,0.874418438692962,"both↑",FALSE,0.914644960495907,"Both approaches",0.815064081074466
"693","Euphorbia_balsamifera_f","Eupelmus_sp",0,0.81211483493981,0.752493199080516,"both↑",FALSE,0.782304017010163,"Both approaches",0.528325370188686
"694","Euphorbia_balsamifera_f","Eupelmus_testaceiventris",0.142857142857143,NA,NA,NA,TRUE,NA,NA,NA
"695","Euphorbia_balsamifera_f","Eurytoma_sp_1",0,0.899983922510669,0.776629292283502,"both↑",FALSE,0.838306607397085,"Both approaches",0.649664316027018
"696","Euphorbia_balsamifera_f","Eurytoma_sp_2",0,0.961401380828184,0.614933296979345,"offs↑ only",FALSE,0.961401380828184,"External location",0.916369658461065
"697","Euphorbia_balsamifera_f","Eurytoma_sp_3",0,0.916788240120794,0.855221551186497,"both↑",FALSE,0.886004895653646,"Both approaches",0.753010607249566
"698","Euphorbia_balsamifera_f","Exetastes_segmentarius",0,0.777734700403917,0.876209991293951,"both↑",FALSE,0.826972345848934,"Both approaches",0.625106749339357
"699","Euphorbia_balsamifera_f","Exhyalanthrax_canarionae",0,0.894367754254304,0.963872295303267,"both↑",FALSE,0.929120024778785,"Both approaches",0.846426720354035
"700","Euphorbia_balsamifera_f","Fannia_sp",0,0.796306230679674,NA,NA,FALSE,NA,NA,NA
"701","Euphorbia_balsamifera_f","Gasteruption_sp",0,0.901358435815877,0.975308743782284,"both↑",FALSE,0.938333589799081,"Both approaches",0.866389444564675
"702","Euphorbia_balsamifera_f","Geometridae_sp",0,0.848106645115795,0.91318823341315,"both↑",FALSE,0.880647439264473,"Both approaches",0.741402785073024
"703","Euphorbia_balsamifera_f","Geometridae_sp_2",0,0.945141028569265,NA,NA,FALSE,NA,NA,NA
"704","Euphorbia_balsamifera_f","Gnaphosidae_sp_1",0,0.858616299068257,0.655489560041406,"offs↑ only",FALSE,0.858616299068257,"External location",0.693668647981224
"705","Euphorbia_balsamifera_f","Goniozus_sp",0,0.941177722464901,0.920413912684093,"both↑",FALSE,0.930795817574497,"Both approaches",0.850057604744744
"706","Euphorbia_balsamifera_f","Halictus_fulvipes",0,0.904724761622617,0.896888401755066,"both↑",FALSE,0.900806581688841,"Both approaches",0.785080926992489
"707","Euphorbia_balsamifera_f","Holepyris_sp",0,0.87764601959524,0.713318117129647,"both↑",FALSE,0.795482068362443,"Both approaches",0.556877814785293
"708","Euphorbia_balsamifera_f","Hylaeus_ater",0,0.931977584741306,NA,NA,FALSE,NA,NA,NA
"709","Euphorbia_balsamifera_f","Hylaeus_hohmanni",0,0.928307518138394,0.978177892210872,"both↑",FALSE,0.953242705174633,"Both approaches",0.898692527878371
"710","Euphorbia_balsamifera_f","Hylaeus_sp",0,0.925512473891699,0.985916645068681,"both↑",FALSE,0.95571455948019,"Both approaches",0.904048212207079
"711","Euphorbia_balsamifera_f","Hym_Waiting_85",0,0.932765306599244,0.885150556099566,"both↑",FALSE,0.908957931349405,"Both approaches",0.802742184590377
"712","Euphorbia_balsamifera_f","Lasioglossum_arctifrons",0,0.924347751548721,0.744092134137628,"both↑",FALSE,0.834219942843174,"Both approaches",0.640809876160211
"713","Euphorbia_balsamifera_f","Lasioglossum_loetum",0.285714285714286,NA,NA,NA,TRUE,NA,NA,NA
"714","Euphorbia_balsamifera_f","Lasioglossum_phoenicurum",0,0.95352003715161,0.970895977138527,"both↑",FALSE,0.962208007145069,"Both approaches",0.918117348814316
"715","Euphorbia_balsamifera_f","Lasioglossum_viride",0.285714285714286,NA,NA,NA,TRUE,NA,NA,NA
"716","Euphorbia_balsamifera_f","Leptochilus_cruentatus",0,0.953986516452111,0.947147248399705,"both↑",FALSE,0.950566882425908,"Both approaches",0.8928949119228
"717","Euphorbia_balsamifera_f","Leptochilus_eatoni",0,0.904388014889977,0.784716631975541,"both↑",FALSE,0.844552323432759,"Both approaches",0.663196700770977
"718","Euphorbia_balsamifera_f","Leptochilus_fortunatus",0,0.967837732470955,0.684209210118863,"offs↑ only",FALSE,0.967837732470955,"External location",0.930315087020402
"719","Euphorbia_balsamifera_f","Linnaemyia_soror",0,0.866755799050243,NA,NA,FALSE,NA,NA,NA
"720","Euphorbia_balsamifera_f","Lucilia_sericata",0.285714285714286,NA,NA,NA,TRUE,NA,NA,NA
"721","Euphorbia_balsamifera_f","Lucilia_sp_1",0,0.974611253594783,NA,NA,FALSE,NA,NA,NA
"722","Euphorbia_balsamifera_f","Macrocoma_cf_henoni",0,0.893667953801146,NA,NA,FALSE,NA,NA,NA
"723","Euphorbia_balsamifera_f","Macrocoma_splendens",0,0.903516152255404,0.714012356723902,"both↑",FALSE,0.808764254489653,"Both approaches",0.585655884727582
"724","Euphorbia_balsamifera_f","Macroglossum_stellatarum",0,0.972302832721962,0.802005515420058,"both↑",FALSE,0.88715417407101,"Both approaches",0.755500710487189
"725","Euphorbia_balsamifera_f","Malthinus_mutabilis",0,0.95692615786459,NA,NA,FALSE,NA,NA,NA
"726","Euphorbia_balsamifera_f","Megachile_canariensis",0,0.850426891551576,0.662095608486929,"offs↑ only",FALSE,0.850426891551576,"External location",0.675924931695082
"727","Euphorbia_balsamifera_f","Megaselia_sp_1",0,0.879167195335644,0.845939912908876,"both↑",FALSE,0.86255355412226,"Both approaches",0.702199367264896
"728","Euphorbia_balsamifera_f","Megaselia_sp_2",0.142857142857143,NA,NA,NA,TRUE,NA,NA,NA
"729","Euphorbia_balsamifera_f","Melecta_curvispina",0,0.945856428825606,0.764351908976712,"both↑",FALSE,0.855104168901159,"Both approaches",0.686059032619178
"730","Euphorbia_balsamifera_f","Melecta_sp",0,0.906260103446684,0.844803994251332,"both↑",FALSE,0.875532048849008,"Both approaches",0.730319439172851
"731","Euphorbia_balsamifera_f","Meligethes_canariensis",0,0.993862949019899,NA,NA,FALSE,NA,NA,NA
"732","Euphorbia_balsamifera_f","Meligethes_cf_canariensis",0,0.903926150448594,0.642832265685046,"offs↑ only",FALSE,0.903926150448594,"External location",0.791839992638621
"733","Euphorbia_balsamifera_f","Milichiidae_sp",0,0.921918305030032,0.95398850765786,"both↑",FALSE,0.937953406343946,"Both approaches",0.865565713745217
"734","Euphorbia_balsamifera_f","Minotetrastichus_sp",0,0.845014141296,0.720230973293322,"both↑",FALSE,0.782622557294661,"Both approaches",0.529015540805099
"735","Euphorbia_balsamifera_f","Monomorium_subopacum",0,0.914810848776479,0.772514606335598,"both↑",FALSE,0.843662727556039,"Both approaches",0.661269243038084
"736","Euphorbia_balsamifera_f","Mordellistena_cf_canariensis",0,0.888779999236385,0.716579075971975,"both↑",FALSE,0.80267953760418,"Both approaches",0.572472331475723
"737","Euphorbia_balsamifera_f","Musca_domestica",0.142857142857143,NA,NA,NA,TRUE,NA,NA,NA
"738","Euphorbia_balsamifera_f","Musca_osiris",0.142857142857143,NA,NA,NA,TRUE,NA,NA,NA
"739","Euphorbia_balsamifera_f","Musca_sorbens",0.142857142857143,NA,NA,NA,TRUE,NA,NA,NA
"740","Euphorbia_balsamifera_f","Myathropa_florea",0.142857142857143,NA,NA,NA,TRUE,NA,NA,NA
"741","Euphorbia_balsamifera_f","Mycetophilidae_sp_1",0,0.880820724093453,0.749849894238413,"both↑",FALSE,0.815335309165933,"Both approaches",0.599893169859522
"742","Euphorbia_balsamifera_f","Myopites_nigrescens",0,0.967991372268293,0.891140920994574,"both↑",FALSE,0.929566146631433,"Both approaches",0.847393317701439
"743","Euphorbia_balsamifera_f","Neodryophilus_cryptophagoides",0,0.923012259627124,0.638947077891538,"offs↑ only",FALSE,0.923012259627124,"External location",0.833193229192101
"744","Euphorbia_balsamifera_f","Nomioides_deceptor",0,0.993954980021056,0.99999379899942,"both↑",FALSE,0.996974389510238,"Both approaches",0.993444510605516
"745","Euphorbia_balsamifera_f","Nomioides_fortunatus",0,0.90463980565854,0.5,"offs↑ only",FALSE,0.90463980565854,"External location",0.793386245593503
"746","Euphorbia_balsamifera_f","Nomioides_sp",0,0.964948714944846,0.98630718018429,"both↑",FALSE,0.975627947564568,"Both approaches",0.947193886389897
"747","Euphorbia_balsamifera_f","Nyctia_lugubris",0,0.916104786024085,0.821662937285604,"both↑",FALSE,0.868883861654844,"Both approaches",0.715915033585496
"748","Euphorbia_balsamifera_f","Ormyrus_sp_1",0,0.941921815117652,0.955120320985862,"both↑",FALSE,0.948521068051757,"Both approaches",0.888462314112139
"749","Euphorbia_balsamifera_f","Oscinella_sp_1",0.142857142857143,NA,NA,NA,TRUE,NA,NA,NA
"750","Euphorbia_balsamifera_f","Oscinella_sp_2",0,0.841419366204115,0.746622128316148,"both↑",FALSE,0.794020747260131,"Both approaches",0.553711619063617
"751","Euphorbia_balsamifera_f","Oscinimorpha_sp",0,0.891240495601595,0.948364117704076,"both↑",FALSE,0.919802306652835,"Both approaches",0.826238331081143
"752","Euphorbia_balsamifera_f","Osmia_canaria",0,0.917226655330764,0.964591250668218,"both↑",FALSE,0.940908952999491,"Both approaches",0.871969398165564
"753","Euphorbia_balsamifera_f","Osmia_latreillei",0,0.921521161501523,0.929890397452968,"both↑",FALSE,0.925705779477245,"Both approaches",0.839029188867365
"754","Euphorbia_balsamifera_f","Oxyopes_cf_kraepelinorum",0,0.907825853995482,0.5,"offs↑ only",FALSE,0.907825853995482,"External location",0.800289350323545
"755","Euphorbia_balsamifera_f","Oxyopes_kraepelinorum",0,0.821353881886369,0.900867039721916,"both↑",FALSE,0.861110460804142,"Both approaches",0.699072665075641
"756","Euphorbia_balsamifera_f","Paragus_tibialis",0,0.920366631099447,0.940004619572181,"both↑",FALSE,0.930185625335814,"Both approaches",0.848735521560931
"757","Euphorbia_balsamifera_f","Paratrechina_longicornis",0,0.880027797621601,0.751483256000381,"both↑",FALSE,0.815755526810991,"Both approaches",0.600803641423814
"758","Euphorbia_balsamifera_f","Perilampus_sp_1",0,0.860960696744316,NA,NA,FALSE,NA,NA,NA
"759","Euphorbia_balsamifera_f","Perilampus_sp_2",0,0.896280621024841,0.733620695962858,"both↑",FALSE,0.814950658493849,"Both approaches",0.599059760070007
"760","Euphorbia_balsamifera_f","Phalacrus_coruscus",0,0.915647911412685,0.814321280814635,"both↑",FALSE,0.86498459611366,"Both approaches",0.707466624912929
"761","Euphorbia_balsamifera_f","Phthiria_simonyi",0,0.899676883181473,0.872811787806867,"both↑",FALSE,0.88624433549417,"Both approaches",0.753529393570702
"762","Euphorbia_balsamifera_f","Physiphora_alceae",0,0.893373942745137,0.852057726511343,"both↑",FALSE,0.87271583462824,"Both approaches",0.72421764169452
"763","Euphorbia_balsamifera_f","Phyto_discrepans",0,0.523577972093467,0.5,NA,FALSE,NA,NA,NA
"764","Euphorbia_balsamifera_f","Phyto_nigrobarbata",0,0.86593678074988,0.5,"offs↑ only",FALSE,0.86593678074988,"External location",0.70952969162474
"765","Euphorbia_balsamifera_f","Pieris_rapae",0,0.875720360960425,0.824349818887395,"both↑",FALSE,0.85003508992391,"Both approaches",0.675076028168472
"766","Euphorbia_balsamifera_f","Plagiolepis_schmitzii",0.428571428571429,NA,NA,NA,TRUE,NA,NA,NA
"767","Euphorbia_balsamifera_f","Plagiolepis_sp_2",0.142857142857143,NA,NA,NA,TRUE,NA,NA,NA
"768","Euphorbia_balsamifera_f","Platypalpus_sp",0.285714285714286,NA,NA,NA,TRUE,NA,NA,NA
"769","Euphorbia_balsamifera_f","Platypalpus_sp_1",0.142857142857143,NA,NA,NA,TRUE,NA,NA,NA
"770","Euphorbia_balsamifera_f","Platypalpus_sp_2",0,0.823974004568634,NA,NA,FALSE,NA,NA,NA
"771","Euphorbia_balsamifera_f","Podalonia_sp",0,0.906182254241457,0.60473295972646,"offs↑ only",FALSE,0.906182254241457,"External location",0.796728217523158
"772","Euphorbia_balsamifera_f","Proconura_sp_1",0,0.894647347469634,0.909854029231053,"both↑",FALSE,0.902250688350344,"Both approaches",0.788209824759078
"773","Euphorbia_balsamifera_f","Proconura_sp_2",0,0.93765155677279,0.959345631797295,"both↑",FALSE,0.948498594285042,"Both approaches",0.888413620950925
"774","Euphorbia_balsamifera_f","Pteromalus_sp_1",0,0.860548640142749,0.867689491863501,"both↑",FALSE,0.864119066003125,"Both approaches",0.705591309673437
"775","Euphorbia_balsamifera_f","Pteromalus_sp_2",0,0.928125135822119,0.813599944294093,"both↑",FALSE,0.870862540058106,"Both approaches",0.720202170125896
"776","Euphorbia_balsamifera_f","Pteromalus_sp_3",0.142857142857143,NA,NA,NA,TRUE,NA,NA,NA
"777","Euphorbia_balsamifera_f","Pteromalus_sp_4",0,0.903450112127413,0.855317805862684,"both↑",FALSE,0.879383958995049,"Both approaches",0.738665244489272
"778","Euphorbia_balsamifera_f","Rondania_insularis",0,0.770728026955683,0.5,"offs↑ only",FALSE,0.770728026955683,"External location",0.50324405840398
"779","Euphorbia_balsamifera_f","Sapromyza_sp",0,0.954436516947923,0.982069714477153,"both↑",FALSE,0.968253115712538,"Both approaches",0.931215084043832
"780","Euphorbia_balsamifera_f","Sarcophaga_sp_1",0,0.941927759002693,0.835322660153292,"both↑",FALSE,0.888625209577993,"Both approaches",0.758687954085651
"781","Euphorbia_balsamifera_f","Sarcophagidae_sp",0,0.908337862622643,0.870256970333531,"both↑",FALSE,0.889297416478087,"Both approaches",0.760144402369189
"782","Euphorbia_balsamifera_f","Sarcophagidae_sp_2",0,0.95176554242802,0.930365021788074,"both↑",FALSE,0.941065282108047,"Both approaches",0.872308111234102
"783","Euphorbia_balsamifera_f","Sarcophagidae_sp_3",0,0.931606327061328,0.731946840609505,"both↑",FALSE,0.831776583835417,"Both approaches",0.635515931643402
"784","Euphorbia_balsamifera_f","Sarcophagidae_sp_4",0.142857142857143,NA,NA,NA,TRUE,NA,NA,NA
"785","Euphorbia_balsamifera_f","Sarcophagidae_sp_5",0.428571428571429,NA,NA,NA,TRUE,NA,NA,NA
"786","Euphorbia_balsamifera_f","Sarcophagidae_sp_6",0,0.941323824295268,0.876878156633313,"both↑",FALSE,0.90910099046429,"Both approaches",0.803052146005963
"787","Euphorbia_balsamifera_f","Sarcophagidae_sp_7",0,0.966242333355871,0.934829891258457,"both↑",FALSE,0.950536112307164,"Both approaches",0.892828243332189
"788","Euphorbia_balsamifera_f","Sarcophagidae_sp_8",0.142857142857143,NA,NA,NA,TRUE,NA,NA,NA
"789","Euphorbia_balsamifera_f","Scaeva_albomaculata",0,0.896903063934075,0.813299980175683,"both↑",FALSE,0.855101522054879,"Both approaches",0.686053297785572
"790","Euphorbia_balsamifera_f","Scaptomyza_sp_2",0,0.945863542364692,0.808235414175556,"both↑",FALSE,0.877049478270124,"Both approaches",0.733607202918602
"791","Euphorbia_balsamifera_f","Scenopinus_sp",0,0.852671579096481,0.939795297212877,"both↑",FALSE,0.896233438154679,"Both approaches",0.775172449335137
"792","Euphorbia_balsamifera_f","Sciaridae_sp",0.142857142857143,NA,NA,NA,TRUE,NA,NA,NA
"793","Euphorbia_balsamifera_f","Sciaridae_sp_1",0,0.884606704563082,0.782357043820641,"both↑",FALSE,0.833481874191861,"Both approaches",0.639210727415699
"794","Euphorbia_balsamifera_f","Sciaridae_sp_4",0.142857142857143,NA,NA,NA,TRUE,NA,NA,NA
"795","Euphorbia_balsamifera_f","Scymnus_canariensis",0,0.90600915522798,0.903346501162347,"both↑",FALSE,0.904677828195164,"Both approaches",0.793468627756188
"796","Euphorbia_balsamifera_f","Sepsis_sp",0.142857142857143,NA,NA,NA,TRUE,NA,NA,NA
"797","Euphorbia_balsamifera_f","Sibinia_sericea",0,0.800728125134279,0.5,"offs↑ only",FALSE,0.800728125134279,"External location",0.568244271124272
"798","Euphorbia_balsamifera_f","Spathulina_sicula",0,0.802792988625898,0.593187967544733,"offs↑ only",FALSE,0.802792988625898,"External location",0.57271814202278
"799","Euphorbia_balsamifera_f","Sphaeniscus_filiolus",0,0.834737099139229,NA,NA,FALSE,NA,NA,NA
"800","Euphorbia_balsamifera_f","Sphecidae_sp",0,0.931846420253526,0.937625821010512,"both↑",FALSE,0.934736120632019,"Both approaches",0.85859492803604
"801","Euphorbia_balsamifera_f","Stenoselma_sp",0,0.936279192597829,0.957588018315668,"both↑",FALSE,0.946933605456748,"Both approaches",0.885022811822955
"802","Euphorbia_balsamifera_f","Stomorhina_lunata",0,0.769588435381288,0.735759622423439,"both↑",FALSE,0.752674028902364,"Both approaches",0.464127062621788
"803","Euphorbia_balsamifera_f","Synthesomyia_nudiseta",0,0.878013275555556,0.799214002544879,"both↑",FALSE,0.838613639050218,"Both approaches",0.650329551275472
"804","Euphorbia_balsamifera_f","Syritta_pipiens",0,0.856767699326083,0.703755859203035,"both↑",FALSE,0.780261779264559,"Both approaches",0.523900521739878
"805","Euphorbia_balsamifera_f","Tachina_canariensis",0.142857142857143,NA,NA,NA,TRUE,NA,NA,NA
"806","Euphorbia_balsamifera_f","Tachinidae_sp_1",0,0.954579663885239,NA,NA,FALSE,NA,NA,NA
"807","Euphorbia_balsamifera_f","Tachyagetes_aemulans",0,0.945658006867789,0.85582388692464,"both↑",FALSE,0.900740946896215,"Both approaches",0.784938718275132
"808","Euphorbia_balsamifera_f","Tapinoma_nigerrimum",0.142857142857143,NA,NA,NA,TRUE,NA,NA,NA
"809","Euphorbia_balsamifera_f","Tephritidae_sp_1",0,0.939776131309038,0.964881790157403,"both↑",FALSE,0.952328960733221,"Both approaches",0.896712748255311
"810","Euphorbia_balsamifera_f","Tethina_marmorata",0.142857142857143,NA,NA,NA,TRUE,NA,NA,NA
"811","Euphorbia_balsamifera_f","Tethinidae_sp_1",0,0.949923200250306,0.975615774380467,"both↑",FALSE,0.962769487315386,"Both approaches",0.919333889183337
"812","Euphorbia_balsamifera_f","Tethinidae_sp_2",0,0.960078206778131,0.955352162425631,"both↑",FALSE,0.957715184601881,"Both approaches",0.908382899970742
"813","Euphorbia_balsamifera_f","Tethinidae_sp_3",0,0.944953639267883,0.947951675926487,"both↑",FALSE,0.946452657597185,"Both approaches",0.883980758127234
"814","Euphorbia_balsamifera_f","Tetramesa_sp",0,0.972078658152836,0.969974671302247,"both↑",FALSE,0.971026664727542,"Both approaches",0.937224440243007
"815","Euphorbia_balsamifera_f","Thaumatomyia_notata",0,0.839557376596507,0.850501109500834,"both↑",FALSE,0.845029243048671,"Both approaches",0.664230026605453
"816","Euphorbia_balsamifera_f","Themnothorax_hesperius",0.142857142857143,NA,NA,NA,TRUE,NA,NA,NA
"817","Euphorbia_balsamifera_f","Themnothorax_productus",0,0.906313487359065,NA,NA,FALSE,NA,NA,NA
"818","Euphorbia_balsamifera_f","Themnothorax_risii",0,0.829169378168822,0.975183831265249,"both↑",FALSE,0.902176604717035,"Both approaches",0.788049310220243
"819","Euphorbia_balsamifera_f","Thomisus_cf_globosum",0,0.82357093376025,NA,NA,FALSE,NA,NA,NA
"820","Euphorbia_balsamifera_f","Thomisus_cf_onustus",0,0.874099531286123,0.779505622614611,"both↑",FALSE,0.826802576950367,"Both approaches",0.624738916725795
"821","Euphorbia_balsamifera_f","Thyreus_sp_aff_ramosus",0,0.902944509782758,0.974694676692761,"both↑",FALSE,0.93881959323776,"Both approaches",0.867442452015146
"822","Euphorbia_balsamifera_f","Thyridanthrax_indigenus",0.142857142857143,NA,NA,NA,TRUE,NA,NA,NA
"823","Euphorbia_balsamifera_f","Thysanoptera_sp",0,0.97349486609629,0.999925385537714,"both↑",FALSE,0.986710125817002,"Both approaches",0.971205272603505
"824","Euphorbia_balsamifera_f","Thysanoptera_sp_1",0.285714285714286,NA,NA,NA,TRUE,NA,NA,NA
"825","Euphorbia_balsamifera_f","Thysanoptera_sp_2",0,0.997617153284968,0.93134666914817,"both↑",FALSE,0.964481911216569,"Both approaches",0.923044140969233
"826","Euphorbia_balsamifera_f","Thysanoptera_sp_3",0,0.948000876655518,0.762037533744228,"both↑",FALSE,0.855019205199873,"Both approaches",0.685874944599725
"827","Euphorbia_balsamifera_f","Thysanoptera_sp_4",0,0.970462705247964,0.970491585269672,"both↑",FALSE,0.970477145258818,"Both approaches",0.936033814727439
"828","Euphorbia_balsamifera_f","Thysanoptera_sp_7",0,0.99750570710884,0.999818518965413,"both↑",FALSE,0.998662113037127,"Both approaches",0.997101244913775
"829","Euphorbia_balsamifera_f","Torymoides_lindbergi",0,0.916678691283959,0.5,"offs↑ only",FALSE,0.916678691283959,"External location",0.819470497781911
"830","Euphorbia_balsamifera_f","Trixoscelis_sp",0,0.742389052021923,0.712576890984668,"both↑",FALSE,0.727482971503295,"Both approaches",0.409546438257139
"831","Euphorbia_balsamifera_f","Troglops_sp",0,0.90964313544876,0.920867231546037,"both↑",FALSE,0.915255183497398,"Both approaches",0.81638623091103
"832","Euphorbia_balsamifera_f","Tropinota_squalida",0,0.888712351364956,0.922949207314068,"both↑",FALSE,0.905830779339512,"Both approaches",0.795966688568942
"833","Euphorbia_balsamifera_f","Trupanea_augur",0,0.862934755045283,NA,NA,FALSE,NA,NA,NA
"834","Euphorbia_balsamifera_f","Urelliosoma_guimari",0,0.933916199903229,0.87420206064377,"both↑",FALSE,0.904059130273499,"Both approaches",0.792128115592582
"835","Euphorbia_balsamifera_f","Urellliosoma_sp",0,0.931887601252745,0.938567738961988,"both↑",FALSE,0.935227670107367,"Both approaches",0.859659951899294
"836","Euphorbia_balsamifera_f","Vanessa_Cardui",0,0.936990373681523,0.950831892904083,"both↑",FALSE,0.943911133292803,"Both approaches",0.878474122134407
"837","Euphorbia_balsamifera_f","Vestitohalictus_sp",0,0.930886341760919,0.89431240544323,"both↑",FALSE,0.912599373602074,"Both approaches",0.810631976137828
"838","Euphorbia_balsamifera_f","Villa_nigriceps",0,0.802476535197234,0.65256393558694,"offs↑ only",FALSE,0.802476535197234,"External location",0.57203249292734
"839","Euphorbia_balsamifera_m","Agromyzidae_sp_1",0.142857142857143,NA,NA,NA,TRUE,NA,NA,NA
"840","Euphorbia_balsamifera_m","Agromyzidae_sp_2",0,0.994235259945978,0.982481631405713,"both↑",FALSE,0.988358445675845,"Both approaches",0.974776632297665
"841","Euphorbia_balsamifera_m","Alliophleps_elliptica",0,0.998152680937247,NA,NA,FALSE,NA,NA,NA
"842","Euphorbia_balsamifera_m","Amegilla_canifrons",0,0.996975888891531,0.999686805000655,"both↑",FALSE,0.998331346946093,"Both approaches",0.996384585049868
"843","Euphorbia_balsamifera_m","Amegilla_quadrifasciata",0,0.994455366767263,0.965637267955725,"both↑",FALSE,0.980046317361494,"Both approaches",0.956767020949904
"844","Euphorbia_balsamifera_m","Amegilla_sp",0,0.99815482280059,0.999361508760164,"both↑",FALSE,0.998758165780377,"Both approaches",0.997309359190817
"845","Euphorbia_balsamifera_m","Ammophila_terminata",0,0.98529246206064,NA,NA,FALSE,NA,NA,NA
"846","Euphorbia_balsamifera_m","Anaspis_cf_canariensis",0.142857142857143,NA,NA,NA,TRUE,NA,NA,NA
"847","Euphorbia_balsamifera_m","Anaspis_cf_eversi",0,0.998969909024138,0.999988119956229,"both↑",FALSE,0.999479014490184,"Both approaches",0.998871198062065
"848","Euphorbia_balsamifera_m","Anaspis_cf_saharensis",0.142857142857143,NA,NA,NA,TRUE,NA,NA,NA
"849","Euphorbia_balsamifera_m","Anaspis_proteus",0.571428571428571,NA,NA,NA,TRUE,NA,NA,NA
"850","Euphorbia_balsamifera_m","Andrena_vachali",0,0.997111385173156,0.989925991643798,"both↑",FALSE,0.993518688408477,"Both approaches",0.985957158218368
"851","Euphorbia_balsamifera_m","Andrena_vulcana",0,0.998829036602832,0.999996971144278,"both↑",FALSE,0.999413003873555,"Both approaches",0.998728175059369
"852","Euphorbia_balsamifera_m","Andrena_wollastoni",0.142857142857143,NA,NA,NA,TRUE,NA,NA,NA
"853","Euphorbia_balsamifera_m","Anthaxia_sp_1",0,0.997049172149063,NA,NA,FALSE,NA,NA,NA
"854","Euphorbia_balsamifera_m","Anthophora_alluaudi",0,0.997283490710385,0.968866814123919,"both↑",FALSE,0.983075152417152,"Both approaches",0.963329496903829
"855","Euphorbia_balsamifera_m","Anthophora_orotavae",0,0.981170498123288,0.951360611559078,"both↑",FALSE,0.966265554841183,"Both approaches",0.926908702155897
"856","Euphorbia_balsamifera_m","Anthophora_sp_1",0,0.988407918115021,0.998578348151762,"both↑",FALSE,0.993493133133392,"Both approaches",0.985901788455682
"857","Euphorbia_balsamifera_m","Anthophora_sp_aff_orotavae",0,0.995534378798317,NA,NA,FALSE,NA,NA,NA
"858","Euphorbia_balsamifera_m","Aphthona_wachnitzae",0.142857142857143,NA,NA,NA,TRUE,NA,NA,NA
"859","Euphorbia_balsamifera_m","Apis_mellifera",0.142857142857143,NA,NA,NA,TRUE,NA,NA,NA
"860","Euphorbia_balsamifera_m","Aplocnemus_sp_2",0,0.996376718505944,0.99058904748474,"both↑",FALSE,0.993482882995342,"Both approaches",0.98587957982324
"861","Euphorbia_balsamifera_m","Aprostocetus_occidentalis",0,0.992797722538882,0.886044806433093,"both↑",FALSE,0.939421264485988,"Both approaches",0.868746073052974
"862","Euphorbia_balsamifera_m","Aprostocetus_sp_1",0,0.99515648065872,0.991417165648214,"both↑",FALSE,0.993286823153467,"Both approaches",0.985454783499178
"863","Euphorbia_balsamifera_m","Aprostocetus_sp_2",0,0.987211670630167,0.82748273081903,"both↑",FALSE,0.907347200724599,"Both approaches",0.79925226823663
"864","Euphorbia_balsamifera_m","Arachnospila_sp",0.142857142857143,NA,NA,NA,TRUE,NA,NA,NA
"865","Euphorbia_balsamifera_m","Araneae_sp_1",0,0.997586197872267,0.999982282279769,"both↑",FALSE,0.998784240076018,"Both approaches",0.997365853498038
"866","Euphorbia_balsamifera_m","Araneidae_sp_1",0,0.993823354825293,0.97764194757064,"both↑",FALSE,0.985732651197966,"Both approaches",0.969087410928927
"867","Euphorbia_balsamifera_m","Araneidae_sp_2",0,0.991974879758934,0.963327138766904,"both↑",FALSE,0.977651009262919,"Both approaches",0.951577186736324
"868","Euphorbia_balsamifera_m","Asteia_caesia",0.142857142857143,NA,NA,NA,TRUE,NA,NA,NA
"869","Euphorbia_balsamifera_m","Atherigona_varia",0,0.997717064519718,0.996204101018002,"both↑",FALSE,0.99696058276886,"Both approaches",0.993414595999196
"870","Euphorbia_balsamifera_m","Attagenus_abbreviatus",0,0.998574033994472,0.99998830842145,"both↑",FALSE,0.999281171207961,"Both approaches",0.998442537617249
"871","Euphorbia_balsamifera_m","Attagenus_sp_1",0,0.994652240393087,NA,NA,FALSE,NA,NA,NA
"872","Euphorbia_balsamifera_m","Attagenus_wollastoni",0.142857142857143,NA,NA,NA,TRUE,NA,NA,NA
"873","Euphorbia_balsamifera_m","Attalus_chrysanthemi",0,0.99801049743292,0.99992258552245,"both↑",FALSE,0.998966541477685,"Both approaches",0.997760839868317
"874","Euphorbia_balsamifera_m","Attalus_crispus",0,0.989994003767013,0.937206075073336,"both↑",FALSE,0.963600039420175,"Both approaches",0.921133418743712
"875","Euphorbia_balsamifera_m","Attalus_obscurus",0.142857142857143,NA,NA,NA,TRUE,NA,NA,NA
"876","Euphorbia_balsamifera_m","Attalus_olivensis",0.142857142857143,NA,NA,NA,TRUE,NA,NA,NA
"877","Euphorbia_balsamifera_m","Attalus_pallipes",0.142857142857143,NA,NA,NA,TRUE,NA,NA,NA
"878","Euphorbia_balsamifera_m","Attalus_ruficollis",0.142857142857143,NA,NA,NA,TRUE,NA,NA,NA
"879","Euphorbia_balsamifera_m","Attalus_rugifrons",0,0.99191524614895,0.993989157630146,"both↑",FALSE,0.992952201889548,"Both approaches",0.984729770760687
"880","Euphorbia_balsamifera_m","Aulacoderus_canariensis",0.142857142857143,NA,NA,NA,TRUE,NA,NA,NA
"881","Euphorbia_balsamifera_m","Axinotarsus_sp_1",0,0.996981995877123,0.997343574301057,"both↑",FALSE,0.99716278508909,"Both approaches",0.993852701026362
"882","Euphorbia_balsamifera_m","Bassus_sp",0.142857142857143,NA,NA,NA,TRUE,NA,NA,NA
"883","Euphorbia_balsamifera_m","Blaesoxipha_sp_1",0,0.982560437341539,0.956346305586821,"both↑",FALSE,0.96945337146418,"Both approaches",0.933815638172389
"884","Euphorbia_balsamifera_m","Bombylius_pintuarius",0,0.996132585716678,0.999971568315021,"both↑",FALSE,0.99805207701585,"Both approaches",0.995779500201008
"885","Euphorbia_balsamifera_m","Bombylius_sp_1",0.142857142857143,NA,NA,NA,TRUE,NA,NA,NA
"886","Euphorbia_balsamifera_m","Bracon_sp",0.285714285714286,NA,NA,NA,TRUE,NA,NA,NA
"887","Euphorbia_balsamifera_m","Bruchidius_wollastoni",0,0.997458054737375,0.998461102385717,"both↑",FALSE,0.997959578561546,"Both approaches",0.99557908688335
"888","Euphorbia_balsamifera_m","Campiglossa_martii",0,0.998496352521939,0.993522360474784,"both↑",FALSE,0.996009356498361,"Both approaches",0.99135360574645
"889","Euphorbia_balsamifera_m","Campiglossa_reticulata",0,0.985369808428969,0.994358645810812,"both↑",FALSE,0.98986422711989,"Both approaches",0.978039158759763
"890","Euphorbia_balsamifera_m","Camponotus_cfr_feae",0,0.998430016565138,0.999996955860196,"both↑",FALSE,0.999213486212667,"Both approaches",0.998295886794113
"891","Euphorbia_balsamifera_m","Camponotus_feae",0.714285714285714,NA,NA,NA,TRUE,NA,NA,NA
"892","Euphorbia_balsamifera_m","Cecidomyiidae_sp",0.142857142857143,NA,NA,NA,TRUE,NA,NA,NA
"893","Euphorbia_balsamifera_m","Cecydomyiidae_sp",0.142857142857143,NA,NA,NA,TRUE,NA,NA,NA
"894","Euphorbia_balsamifera_m","Cephalodromia_sp",0,0.997081870301896,0.984822766967099,"both↑",FALSE,0.990952318634497,"Both approaches",0.980396690374744
"895","Euphorbia_balsamifera_m","Ceratogoponidae_sp",0,0.994213617969991,0.999675803941573,"both↑",FALSE,0.996944710955782,"Both approaches",0.993380207070861
"896","Euphorbia_balsamifera_m","Ceratogoponidae_sp_2",0,0.990615927175515,NA,NA,FALSE,NA,NA,NA
"897","Euphorbia_balsamifera_m","Chalicodoma_canescens",0.142857142857143,NA,NA,NA,TRUE,NA,NA,NA
"898","Euphorbia_balsamifera_m","Chalicodoma_sicula",0,0.994631289905313,0.997566942301303,"both↑",FALSE,0.996099116103308,"Both approaches",0.991548084890501
"899","Euphorbia_balsamifera_m","Chalicodoma_sp",0,0.996811393932739,0.998973115540033,"both↑",FALSE,0.997892254736386,"Both approaches",0.995433218595504
"900","Euphorbia_balsamifera_m","Chetogena_acuminata",0.142857142857143,NA,NA,NA,TRUE,NA,NA,NA
"901","Euphorbia_balsamifera_m","Chironomidae_sp",0,0.997324540313781,0.990066544647018,"both↑",FALSE,0.9936955424804,"Both approaches",0.986340342040866
"902","Euphorbia_balsamifera_m","Chironomidae_sp_1",0.142857142857143,NA,NA,NA,TRUE,NA,NA,NA
"903","Euphorbia_balsamifera_m","Chloropidae_sp",0.142857142857143,NA,NA,NA,TRUE,NA,NA,NA
"904","Euphorbia_balsamifera_m","Chloropidae_sp_1",0,0.997510094952641,0.998317758539578,"both↑",FALSE,0.997913926746109,"Both approaches",0.99548017461657
"905","Euphorbia_balsamifera_m","Chloropidae_sp_2",0.285714285714286,NA,NA,NA,TRUE,NA,NA,NA
"906","Euphorbia_balsamifera_m","Chloropidae_sp_3",0.142857142857143,NA,NA,NA,TRUE,NA,NA,NA
"907","Euphorbia_balsamifera_m","Chloropidae_sp_4",0.142857142857143,NA,NA,NA,TRUE,NA,NA,NA
"908","Euphorbia_balsamifera_m","Chloropidae_sp_5",0,0.978241729701302,NA,NA,FALSE,NA,NA,NA
"909","Euphorbia_balsamifera_m","Chloropidae_sp_6",0,0.974015335443885,0.887672097728426,"both↑",FALSE,0.930843716586156,"Both approaches",0.85016138593667
"910","Euphorbia_balsamifera_m","Chrysomya_albiceps",0.142857142857143,NA,NA,NA,TRUE,NA,NA,NA
"911","Euphorbia_balsamifera_m","Coccinella_miranda",0,0.994451501985355,0.994584166289405,"both↑",FALSE,0.99451783413738,"Both approaches",0.988121973964323
"912","Euphorbia_balsamifera_m","Coleoptera_sp_5",0.142857142857143,NA,NA,NA,TRUE,NA,NA,NA
"913","Euphorbia_balsamifera_m","Colias_croceus",0,0.982713451710514,0.96024059676824,"both↑",FALSE,0.971477024239377,"Both approaches",0.938200219185317
"914","Euphorbia_balsamifera_m","Colletes1_Waiting_85",0,0.998239857919496,NA,NA,FALSE,NA,NA,NA
"915","Euphorbia_balsamifera_m","Colletes2_Waiting_85",0,0.996938044182345,NA,NA,FALSE,NA,NA,NA
"916","Euphorbia_balsamifera_m","Colletes_dimidiatus",0,0.987194172752012,0.975349518000428,"both↑",FALSE,0.98127184537622,"Both approaches",0.959422331648477
"917","Euphorbia_balsamifera_m","Crematogaster_alluaudi",0.142857142857143,NA,NA,NA,TRUE,NA,NA,NA
"918","Euphorbia_balsamifera_m","Crematogaster_scutellaris",0.142857142857143,NA,NA,NA,TRUE,NA,NA,NA
"919","Euphorbia_balsamifera_m","Cryptocephalus_gounellei",0.142857142857143,NA,NA,NA,TRUE,NA,NA,NA
"920","Euphorbia_balsamifera_m","Cryptocephalus_nitidicollis",0.142857142857143,NA,NA,NA,TRUE,NA,NA,NA
"921","Euphorbia_balsamifera_m","Cryptocephalus_nubigena",0.142857142857143,NA,NA,NA,TRUE,NA,NA,NA
"922","Euphorbia_balsamifera_m","Curculionidae_sp",0,0.998144674705839,0.999630187871744,"both↑",FALSE,0.998887431288792,"Both approaches",0.997589434459049
"923","Euphorbia_balsamifera_m","Dasytes_cf_subaenescens",0.142857142857143,NA,NA,NA,TRUE,NA,NA,NA
"924","Euphorbia_balsamifera_m","Dasytes_lanzarotensis",0,0.993391291015376,NA,NA,FALSE,NA,NA,NA
"925","Euphorbia_balsamifera_m","Dasytes_subaenescens",0.428571428571429,NA,NA,NA,TRUE,NA,NA,NA
"926","Euphorbia_balsamifera_m","Delia_flavibasis",0,0.98802458064661,0.956074227598463,"both↑",FALSE,0.972049404122536,"Both approaches",0.939440375598829
"927","Euphorbia_balsamifera_m","Diglyphus_chabrias",0,0.999647704702948,0.999987362901931,"both↑",FALSE,0.99981753380244,"Both approaches",0.999604656571952
"928","Euphorbia_balsamifera_m","Dilophus_hiemalis",0,0.98585223275693,0.986709994626154,"both↑",FALSE,0.986281113691542,"Both approaches",0.970275746331674
"929","Euphorbia_balsamifera_m","Dinarmoides_spilopterus",0.142857142857143,NA,NA,NA,TRUE,NA,NA,NA
"930","Euphorbia_balsamifera_m","Dischistus_atlanticus",0,0.998771648829211,NA,NA,FALSE,NA,NA,NA
"931","Euphorbia_balsamifera_m","Elasmus_platyedrae",0,0.997059914502789,0.999636496372617,"both↑",FALSE,0.998348205437703,"Both approaches",0.996421111781689
"932","Euphorbia_balsamifera_m","Empididae_sp_1",0.142857142857143,NA,NA,NA,TRUE,NA,NA,NA
"933","Euphorbia_balsamifera_m","Empis_sp_1",0,0.986424938415368,0.951029402668647,"both↑",FALSE,0.968727170542007,"Both approaches",0.932242202841016
"934","Euphorbia_balsamifera_m","Eristalinus_aeneus",0,0.987878741489742,0.906163458494177,"both↑",FALSE,0.947021099991959,"Both approaches",0.885212383315912
"935","Euphorbia_balsamifera_m","Eristalinus_taeniops",0,0.981143311946371,0.92497505857996,"both↑",FALSE,0.953059185263165,"Both approaches",0.898294901403525
"936","Euphorbia_balsamifera_m","Eristalis_tenax",0,0.990225551776601,0.951145655528856,"both↑",FALSE,0.970685603652728,"Both approaches",0.936485474580911
"937","Euphorbia_balsamifera_m","Estheria_simonyi",0.142857142857143,NA,NA,NA,TRUE,NA,NA,NA
"938","Euphorbia_balsamifera_m","Eucera_gracilipes",0,0.997540829381688,0.997370832719418,"both↑",FALSE,0.997455831050553,"Both approaches",0.994487633942865
"939","Euphorbia_balsamifera_m","Euderus_sp",0,0.987092072724286,0.933252827889639,"both↑",FALSE,0.960172450306963,"Both approaches",0.913706975665086
"940","Euphorbia_balsamifera_m","Eumerus_latitarsis",0.428571428571429,NA,NA,NA,TRUE,NA,NA,NA
"941","Euphorbia_balsamifera_m","Eumerus_nivariae",0.142857142857143,NA,NA,NA,TRUE,NA,NA,NA
"942","Euphorbia_balsamifera_m","Eupelmus_sp",0,0.986744326452012,0.696041229886958,"offs↑ only",FALSE,0.986744326452012,"External location",0.971279373979359
"943","Euphorbia_balsamifera_m","Eupelmus_testaceiventris",0,0.994892729121152,0.987185319058007,"both↑",FALSE,0.991039024089579,"Both approaches",0.980584552194089
"944","Euphorbia_balsamifera_m","Eurytoma_sp_1",0,0.992458743722605,0.924697220480277,"both↑",FALSE,0.958577982101441,"Both approaches",0.910252294553122
"945","Euphorbia_balsamifera_m","Eurytoma_sp_2",0,0.989159749362372,0.987903677763788,"both↑",FALSE,0.98853171356308,"Both approaches",0.97515204605334
"946","Euphorbia_balsamifera_m","Eurytoma_sp_3",0.142857142857143,NA,NA,NA,TRUE,NA,NA,NA
"947","Euphorbia_balsamifera_m","Exetastes_segmentarius",0,0.988766027165395,0.993862727167578,"both↑",FALSE,0.991314377166486,"Both approaches",0.981181150527387
"948","Euphorbia_balsamifera_m","Exhyalanthrax_canarionae",0,0.994902937839907,0.999976646391786,"both↑",FALSE,0.997439792115846,"Both approaches",0.994452882917667
"949","Euphorbia_balsamifera_m","Fannia_sp",0,0.978995913318488,0.912180914955943,"both↑",FALSE,0.945588414137216,"Both approaches",0.882108230630634
"950","Euphorbia_balsamifera_m","Gasteruption_sp",0,0.994967716776232,0.999659866227327,"both↑",FALSE,0.997313791501779,"Both approaches",0.994179881587189
"951","Euphorbia_balsamifera_m","Geometridae_sp",0,0.991233512121869,0.999512737764183,"both↑",FALSE,0.995373124943026,"Both approaches",0.989975104043224
"952","Euphorbia_balsamifera_m","Geometridae_sp_2",0,0.997799850193975,0.999987421043109,"both↑",FALSE,0.998893635618542,"Both approaches",0.997602877173508
"953","Euphorbia_balsamifera_m","Gnaphosidae_sp_1",0,0.967054384283641,0.860661057267123,"both↑",FALSE,0.913857720775382,"Both approaches",0.813358395013328
"954","Euphorbia_balsamifera_m","Goniozus_sp",0,0.994023796278514,0.997660027471927,"both↑",FALSE,0.995841911875221,"Both approaches",0.990990809062978
"955","Euphorbia_balsamifera_m","Halictus_fulvipes",0,0.994883750324231,0.940782543037317,"both↑",FALSE,0.967833146680774,"Both approaches",0.930305151141678
"956","Euphorbia_balsamifera_m","Holepyris_sp",0,0.975329645433207,0.857818254371175,"both↑",FALSE,0.916573949902191,"Both approaches",0.819243558121414
"957","Euphorbia_balsamifera_m","Hylaeus_ater",0,0.99916671160439,0.996597318948692,"both↑",FALSE,0.997882015276541,"Both approaches",0.995411033099173
"958","Euphorbia_balsamifera_m","Hylaeus_hohmanni",0,0.995586064512358,0.999954392819946,"both↑",FALSE,0.997770228666152,"Both approaches",0.995168828776662
"959","Euphorbia_balsamifera_m","Hylaeus_sp",0.142857142857143,NA,NA,NA,TRUE,NA,NA,NA
"960","Euphorbia_balsamifera_m","Hym_Waiting_85",0,0.995129343747431,0.998161765168581,"both↑",FALSE,0.996645554458006,"Both approaches",0.992732034659013
"961","Euphorbia_balsamifera_m","Lasioglossum_arctifrons",0,0.98106348284541,0.978405437811222,"both↑",FALSE,0.979734460328316,"Both approaches",0.956091330711351
"962","Euphorbia_balsamifera_m","Lasioglossum_loetum",0.428571428571429,NA,NA,NA,TRUE,NA,NA,NA
"963","Euphorbia_balsamifera_m","Lasioglossum_phoenicurum",0.142857142857143,NA,NA,NA,TRUE,NA,NA,NA
"964","Euphorbia_balsamifera_m","Lasioglossum_viride",0.714285714285714,NA,NA,NA,TRUE,NA,NA,NA
"965","Euphorbia_balsamifera_m","Leptochilus_cruentatus",0,0.998185763721643,0.999364849240993,"both↑",FALSE,0.998775306481318,"Both approaches",0.997346497376189
"966","Euphorbia_balsamifera_m","Leptochilus_eatoni",0.142857142857143,NA,NA,NA,TRUE,NA,NA,NA
"967","Euphorbia_balsamifera_m","Leptochilus_fortunatus",0,0.998280918226773,0.999811770656989,"both↑",FALSE,0.999046344441881,"Both approaches",0.997933746290742
"968","Euphorbia_balsamifera_m","Linnaemyia_soror",0,0.992617566373879,0.818715342393706,"both↑",FALSE,0.905666454383793,"Both approaches",0.795610651164884
"969","Euphorbia_balsamifera_m","Lucilia_sericata",0.285714285714286,NA,NA,NA,TRUE,NA,NA,NA
"970","Euphorbia_balsamifera_m","Lucilia_sp_1",0.142857142857143,NA,NA,NA,TRUE,NA,NA,NA
"971","Euphorbia_balsamifera_m","Macrocoma_cf_henoni",0,0.991869633198484,0.998495006890295,"both↑",FALSE,0.995182320044389,"Both approaches",0.98956169342951
"972","Euphorbia_balsamifera_m","Macrocoma_splendens",0,0.98082780970663,0.897852409195206,"both↑",FALSE,0.939340109450918,"Both approaches",0.868570237143656
"973","Euphorbia_balsamifera_m","Macroglossum_stellatarum",0,0.999321820161053,0.991832665941577,"both↑",FALSE,0.995577243051315,"Both approaches",0.990417359944515
"974","Euphorbia_balsamifera_m","Malthinus_mutabilis",0.142857142857143,NA,NA,NA,TRUE,NA,NA,NA
"975","Euphorbia_balsamifera_m","Megachile_canariensis",0,0.99298502115011,0.900761100762786,"both↑",FALSE,0.946873060956448,"Both approaches",0.884891632072303
"976","Euphorbia_balsamifera_m","Megaselia_sp_1",0,0.987071483192484,0.980756011644526,"both↑",FALSE,0.983913747418505,"Both approaches",0.965146452740094
"977","Euphorbia_balsamifera_m","Megaselia_sp_2",0,0.997517107671838,NA,NA,FALSE,NA,NA,NA
"978","Euphorbia_balsamifera_m","Melecta_curvispina",0,0.99708580382411,0.987776010934141,"both↑",FALSE,0.992430907379126,"Both approaches",0.983600299321439
"979","Euphorbia_balsamifera_m","Melecta_sp",0,0.99474436566609,0.981445095957068,"both↑",FALSE,0.988094730811579,"Both approaches",0.974205250091754
"980","Euphorbia_balsamifera_m","Meligethes_canariensis",0,0.999865050964464,0.99998914787003,"both↑",FALSE,0.999927099417247,"Both approaches",0.999842048737369
"981","Euphorbia_balsamifera_m","Meligethes_cf_canariensis",0,0.988629710947586,0.844323312988882,"both↑",FALSE,0.916476511968234,"Both approaches",0.819032442597841
"982","Euphorbia_balsamifera_m","Milichiidae_sp",0.142857142857143,NA,NA,NA,TRUE,NA,NA,NA
"983","Euphorbia_balsamifera_m","Minotetrastichus_sp",0.142857142857143,NA,NA,NA,TRUE,NA,NA,NA
"984","Euphorbia_balsamifera_m","Monomorium_subopacum",0,0.987164178806969,0.770325316164916,"both↑",FALSE,0.878744747485942,"Both approaches",0.737280286219541
"985","Euphorbia_balsamifera_m","Mordellistena_cf_canariensis",0,0.942311929693782,0.921068392307644,"both↑",FALSE,0.931690161000713,"Both approaches",0.851995348834878
"986","Euphorbia_balsamifera_m","Musca_domestica",0.285714285714286,NA,NA,NA,TRUE,NA,NA,NA
"987","Euphorbia_balsamifera_m","Musca_osiris",0.142857142857143,NA,NA,NA,TRUE,NA,NA,NA
"988","Euphorbia_balsamifera_m","Musca_sorbens",0.142857142857143,NA,NA,NA,TRUE,NA,NA,NA
"989","Euphorbia_balsamifera_m","Myathropa_florea",0,0.988009846603892,0.974982927003398,"both↑",FALSE,0.981496386803645,"Both approaches",0.959908838074565
"990","Euphorbia_balsamifera_m","Mycetophilidae_sp_1",0,0.992638014177717,NA,NA,FALSE,NA,NA,NA
"991","Euphorbia_balsamifera_m","Myopites_nigrescens",0,0.998755359925331,0.995018712196707,"both↑",FALSE,0.996887036061019,"Both approaches",0.993255244798875
"992","Euphorbia_balsamifera_m","Neodryophilus_cryptophagoides",0,0.992187753067977,0.987678231323292,"both↑",FALSE,0.989932992195634,"Both approaches",0.978188149757208
"993","Euphorbia_balsamifera_m","Nomioides_deceptor",0,0.998783055758481,NA,NA,FALSE,NA,NA,NA
"994","Euphorbia_balsamifera_m","Nomioides_fortunatus",0,0.970324354938105,NA,NA,FALSE,NA,NA,NA
"995","Euphorbia_balsamifera_m","Nomioides_sp",0,0.99732921174705,0.999684151312937,"both↑",FALSE,0.998506681529994,"Both approaches",0.996764476648319
"996","Euphorbia_balsamifera_m","Nyctia_lugubris",0.142857142857143,NA,NA,NA,TRUE,NA,NA,NA
"997","Euphorbia_balsamifera_m","Ormyrus_sp_1",0,0.992871209357376,0.99867017832931,"both↑",FALSE,0.995770693843343,"Both approaches",0.990836503327243
"998","Euphorbia_balsamifera_m","Oscinella_sp_1",0.142857142857143,NA,NA,NA,TRUE,NA,NA,NA
"999","Euphorbia_balsamifera_m","Oscinella_sp_2",0.142857142857143,NA,NA,NA,TRUE,NA,NA,NA
"1000","Euphorbia_balsamifera_m","Oscinimorpha_sp",0,0.999583187291847,0.972971768597585,"both↑",FALSE,0.986277477944716,"Both approaches",0.970267868880218
"1001","Euphorbia_balsamifera_m","Osmia_canaria",0,0.995787441020804,0.96877544722606,"both↑",FALSE,0.982281444123432,"Both approaches",0.961609795600769
"1002","Euphorbia_balsamifera_m","Osmia_latreillei",0,0.997603828117538,0.901213598046875,"both↑",FALSE,0.949408713082207,"Both approaches",0.890385545011448
"1003","Euphorbia_balsamifera_m","Oxyopes_cf_kraepelinorum",0,0.923580922790097,0.817366611466673,"both↑",FALSE,0.870473767128385,"Both approaches",0.719359828778167
"1004","Euphorbia_balsamifera_m","Oxyopes_kraepelinorum",0.142857142857143,NA,NA,NA,TRUE,NA,NA,NA
"1005","Euphorbia_balsamifera_m","Paragus_tibialis",0,0.99569873287653,0.998942245680088,"both↑",FALSE,0.997320489278309,"Both approaches",0.994194393436336
"1006","Euphorbia_balsamifera_m","Paratrechina_longicornis",0.142857142857143,NA,NA,NA,TRUE,NA,NA,NA
"1007","Euphorbia_balsamifera_m","Perilampus_sp_1",0.142857142857143,NA,NA,NA,TRUE,NA,NA,NA
"1008","Euphorbia_balsamifera_m","Perilampus_sp_2",0,0.988805540946233,0.963604594769057,"both↑",FALSE,0.976205067857645,"Both approaches",0.948444313691565
"1009","Euphorbia_balsamifera_m","Phalacrus_coruscus",0.142857142857143,NA,NA,NA,TRUE,NA,NA,NA
"1010","Euphorbia_balsamifera_m","Phthiria_simonyi",0,0.988253678872691,0.993024688817676,"both↑",FALSE,0.990639183845184,"Both approaches",0.979718231664564
"1011","Euphorbia_balsamifera_m","Physiphora_alceae",0.142857142857143,NA,NA,NA,TRUE,NA,NA,NA
"1012","Euphorbia_balsamifera_m","Phyto_discrepans",0,0.988482795440223,0.857860058563554,"both↑",FALSE,0.923171427001888,"Both approaches",0.833538091837425
"1013","Euphorbia_balsamifera_m","Phyto_nigrobarbata",0.142857142857143,NA,NA,NA,TRUE,NA,NA,NA
"1014","Euphorbia_balsamifera_m","Pieris_rapae",0,0.988829070925925,0.965439141195934,"both↑",FALSE,0.977134106060929,"Both approaches",0.95045722979868
"1015","Euphorbia_balsamifera_m","Plagiolepis_schmitzii",0.428571428571429,NA,NA,NA,TRUE,NA,NA,NA
"1016","Euphorbia_balsamifera_m","Plagiolepis_sp_2",0.285714285714286,NA,NA,NA,TRUE,NA,NA,NA
"1017","Euphorbia_balsamifera_m","Platypalpus_sp",0,0.988481678135214,0.99958530491779,"both↑",FALSE,0.994033491526502,"Both approaches",0.987072564974088
"1018","Euphorbia_balsamifera_m","Platypalpus_sp_1",0.142857142857143,NA,NA,NA,TRUE,NA,NA,NA
"1019","Euphorbia_balsamifera_m","Platypalpus_sp_2",0,0.985688688110377,0.863128390450096,"both↑",FALSE,0.924408539280236,"Both approaches",0.836218501773845
"1020","Euphorbia_balsamifera_m","Podalonia_sp",0.142857142857143,NA,NA,NA,TRUE,NA,NA,NA
"1021","Euphorbia_balsamifera_m","Proconura_sp_1",0,0.99472068454464,0.998551093463339,"both↑",FALSE,0.996635889003989,"Both approaches",0.992711092841977
"1022","Euphorbia_balsamifera_m","Proconura_sp_2",0,0.998218472340315,0.999980161422711,"both↑",FALSE,0.999099316881513,"Both approaches",0.998048519909945
"1023","Euphorbia_balsamifera_m","Pteromalus_sp_1",0,0.998403043114911,0.984390841155068,"both↑",FALSE,0.99139694213499,"Both approaches",0.981360041292478
"1024","Euphorbia_balsamifera_m","Pteromalus_sp_2",0,0.997591587420516,0.980427404910669,"both↑",FALSE,0.989009496165592,"Both approaches",0.976187241692116
"1025","Euphorbia_balsamifera_m","Pteromalus_sp_3",0,0.988259926161974,0.789267895558025,"both↑",FALSE,0.88876391086,"Both approaches",0.758988473529999
"1026","Euphorbia_balsamifera_m","Pteromalus_sp_4",0,0.974043875646101,0.91439206005372,"both↑",FALSE,0.944217967849911,"Both approaches",0.879138930341473
"1027","Euphorbia_balsamifera_m","Rondania_insularis",0.142857142857143,NA,NA,NA,TRUE,NA,NA,NA
"1028","Euphorbia_balsamifera_m","Sapromyza_sp",0.142857142857143,NA,NA,NA,TRUE,NA,NA,NA
"1029","Euphorbia_balsamifera_m","Sarcophaga_sp_1",0.142857142857143,NA,NA,NA,TRUE,NA,NA,NA
"1030","Euphorbia_balsamifera_m","Sarcophagidae_sp",0,0.993836732216551,0.991368272428632,"both↑",FALSE,0.992602502322592,"Both approaches",0.983972088365615
"1031","Euphorbia_balsamifera_m","Sarcophagidae_sp_2",0.142857142857143,NA,NA,NA,TRUE,NA,NA,NA
"1032","Euphorbia_balsamifera_m","Sarcophagidae_sp_3",0.142857142857143,NA,NA,NA,TRUE,NA,NA,NA
"1033","Euphorbia_balsamifera_m","Sarcophagidae_sp_4",0.142857142857143,NA,NA,NA,TRUE,NA,NA,NA
"1034","Euphorbia_balsamifera_m","Sarcophagidae_sp_5",0.285714285714286,NA,NA,NA,TRUE,NA,NA,NA
"1035","Euphorbia_balsamifera_m","Sarcophagidae_sp_6",0,0.999577112501228,0.999987108373513,"both↑",FALSE,0.99978211043737,"Both approaches",0.999527905947636
"1036","Euphorbia_balsamifera_m","Sarcophagidae_sp_7",0.142857142857143,NA,NA,NA,TRUE,NA,NA,NA
"1037","Euphorbia_balsamifera_m","Sarcophagidae_sp_8",0,0.995575882021584,0.984396628761352,"both↑",FALSE,0.989986255391468,"Both approaches",0.978303553348181
"1038","Euphorbia_balsamifera_m","Scaeva_albomaculata",0,0.988894146127189,0.858261669177441,"both↑",FALSE,0.923577907652315,"Both approaches",0.834418799913349
"1039","Euphorbia_balsamifera_m","Scaptomyza_sp_2",0.142857142857143,NA,NA,NA,TRUE,NA,NA,NA
"1040","Euphorbia_balsamifera_m","Scenopinus_sp",0,0.995874455634347,0.998025758113831,"both↑",FALSE,0.996950106874089,"Both approaches",0.993391898227193
"1041","Euphorbia_balsamifera_m","Sciaridae_sp",0.428571428571429,NA,NA,NA,TRUE,NA,NA,NA
"1042","Euphorbia_balsamifera_m","Sciaridae_sp_1",0,0.994287591806861,0.950297781421895,"both↑",FALSE,0.972292686614378,"Both approaches",0.939967487664485
"1043","Euphorbia_balsamifera_m","Sciaridae_sp_4",0,0.99899155084177,0.99592379434425,"both↑",FALSE,0.99745767259301,"Both approaches",0.994491623951522
"1044","Euphorbia_balsamifera_m","Scymnus_canariensis",0,0.986007658324029,0.988040586955583,"both↑",FALSE,0.987024122639806,"Both approaches",0.971885599052913
"1045","Euphorbia_balsamifera_m","Sepsis_sp",0.142857142857143,NA,NA,NA,TRUE,NA,NA,NA
"1046","Euphorbia_balsamifera_m","Sibinia_sericea",0.142857142857143,NA,NA,NA,TRUE,NA,NA,NA
"1047","Euphorbia_balsamifera_m","Spathulina_sicula",0,0.986795463964595,0.949155599715368,"both↑",FALSE,0.967975531839982,"Both approaches",0.93061365231996
"1048","Euphorbia_balsamifera_m","Sphaeniscus_filiolus",0,0.971048060157843,0.903154222791522,"both↑",FALSE,0.937101141474683,"Both approaches",0.863719139861812
"1049","Euphorbia_balsamifera_m","Sphecidae_sp",0,0.993427075260576,0.997317252680866,"both↑",FALSE,0.995372163970721,"Both approaches",0.989973021936563
"1050","Euphorbia_balsamifera_m","Stenoselma_sp",0.142857142857143,NA,NA,NA,TRUE,NA,NA,NA
"1051","Euphorbia_balsamifera_m","Stomorhina_lunata",0,0.942058209828199,NA,NA,FALSE,NA,NA,NA
"1052","Euphorbia_balsamifera_m","Synthesomyia_nudiseta",0,0.988140866844539,0.857399902956386,"both↑",FALSE,0.922770384900462,"Both approaches",0.832669167284335
"1053","Euphorbia_balsamifera_m","Syritta_pipiens",0,0.98527847820019,0.991626875535493,"both↑",FALSE,0.988452676867841,"Both approaches",0.974980799880323
"1054","Euphorbia_balsamifera_m","Tachina_canariensis",0.142857142857143,NA,NA,NA,TRUE,NA,NA,NA
"1055","Euphorbia_balsamifera_m","Tachinidae_sp_1",0.142857142857143,NA,NA,NA,TRUE,NA,NA,NA
"1056","Euphorbia_balsamifera_m","Tachyagetes_aemulans",0.142857142857143,NA,NA,NA,TRUE,NA,NA,NA
"1057","Euphorbia_balsamifera_m","Tapinoma_nigerrimum",0.142857142857143,NA,NA,NA,TRUE,NA,NA,NA
"1058","Euphorbia_balsamifera_m","Tephritidae_sp_1",0,0.998030103021854,0.999246114196685,"both↑",FALSE,0.99863810860927,"Both approaches",0.997049235320085
"1059","Euphorbia_balsamifera_m","Tethina_marmorata",0,0.99656829363729,0.998655619422491,"both↑",FALSE,0.99761195652989,"Both approaches",0.994825905814762
"1060","Euphorbia_balsamifera_m","Tethinidae_sp_1",0,0.99597664083597,0.998362559586777,"both↑",FALSE,0.997169600211373,"Both approaches",0.993867467124641
"1061","Euphorbia_balsamifera_m","Tethinidae_sp_2",0,0.998696031837394,NA,NA,FALSE,NA,NA,NA
"1062","Euphorbia_balsamifera_m","Tethinidae_sp_3",0.142857142857143,NA,NA,NA,TRUE,NA,NA,NA
"1063","Euphorbia_balsamifera_m","Tetramesa_sp",0.142857142857143,NA,NA,NA,TRUE,NA,NA,NA
"1064","Euphorbia_balsamifera_m","Thaumatomyia_notata",0,0.996102080756179,0.963105336058195,"both↑",FALSE,0.979603708407187,"Both approaches",0.955808034882238
"1065","Euphorbia_balsamifera_m","Themnothorax_hesperius",0.285714285714286,NA,NA,NA,TRUE,NA,NA,NA
"1066","Euphorbia_balsamifera_m","Themnothorax_productus",0.142857142857143,NA,NA,NA,TRUE,NA,NA,NA
"1067","Euphorbia_balsamifera_m","Themnothorax_risii",0,0.988722442919615,0.999978568788055,"both↑",FALSE,0.994350505853835,"Both approaches",0.987759429349976
"1068","Euphorbia_balsamifera_m","Thomisus_cf_globosum",0,0.990694897382323,0.973794412279508,"both↑",FALSE,0.982244654830916,"Both approaches",0.961530085466984
"1069","Euphorbia_balsamifera_m","Thomisus_cf_onustus",0.285714285714286,NA,NA,NA,TRUE,NA,NA,NA
"1070","Euphorbia_balsamifera_m","Thyreus_sp_aff_ramosus",0,0.996702171482697,NA,NA,FALSE,NA,NA,NA
"1071","Euphorbia_balsamifera_m","Thyridanthrax_indigenus",0.142857142857143,NA,NA,NA,TRUE,NA,NA,NA
"1072","Euphorbia_balsamifera_m","Thysanoptera_sp",0.142857142857143,NA,NA,NA,TRUE,NA,NA,NA
"1073","Euphorbia_balsamifera_m","Thysanoptera_sp_1",0.857142857142857,NA,NA,NA,TRUE,NA,NA,NA
"1074","Euphorbia_balsamifera_m","Thysanoptera_sp_2",0,0.999539010456282,0.998506405210901,"both↑",FALSE,0.999022707833591,"Both approaches",0.997882533639448
"1075","Euphorbia_balsamifera_m","Thysanoptera_sp_3",0.142857142857143,NA,NA,NA,TRUE,NA,NA,NA
"1076","Euphorbia_balsamifera_m","Thysanoptera_sp_4",0,0.99851823027797,0.993917311864783,"both↑",FALSE,0.996217771071376,"Both approaches",0.991805170654649
"1077","Euphorbia_balsamifera_m","Thysanoptera_sp_7",0.142857142857143,NA,NA,NA,TRUE,NA,NA,NA
"1078","Euphorbia_balsamifera_m","Torymoides_lindbergi",0,0.905032380200011,0.912974421466323,"both↑",FALSE,0.909003400833167,"Both approaches",0.802840701805195
"1079","Euphorbia_balsamifera_m","Trixoscelis_sp",0,0.976120214413796,0.861276628773209,"both↑",FALSE,0.918698421593503,"Both approaches",0.823846580119256
"1080","Euphorbia_balsamifera_m","Troglops_sp",0,0.997710835157272,0.995327275385105,"both↑",FALSE,0.996519055271188,"Both approaches",0.992457953087575
"1081","Euphorbia_balsamifera_m","Tropinota_squalida",0,0.998951408595942,0.999945710480977,"both↑",FALSE,0.999448559538459,"Both approaches",0.998805212333329
"1082","Euphorbia_balsamifera_m","Trupanea_augur",0,0.976765356624398,0.9657050670369,"both↑",FALSE,0.971235211830649,"Both approaches",0.93767629229974
"1083","Euphorbia_balsamifera_m","Urelliosoma_guimari",0.142857142857143,NA,NA,NA,TRUE,NA,NA,NA
"1084","Euphorbia_balsamifera_m","Urellliosoma_sp",0,0.995858163061728,0.999061172532891,"both↑",FALSE,0.99745966779731,"Both approaches",0.994495946894171
"1085","Euphorbia_balsamifera_m","Vanessa_Cardui",0.142857142857143,NA,NA,NA,TRUE,NA,NA,NA
"1086","Euphorbia_balsamifera_m","Vestitohalictus_sp",0,0.996837567931714,0.998399646790186,"both↑",FALSE,0.99761860736095,"Both approaches",0.994840315948726
"1087","Euphorbia_balsamifera_m","Villa_nigriceps",0,0.988723821989849,0.918444780061922,"both↑",FALSE,0.953584301025886,"Both approaches",0.899432652222752
"1088","Euphorbia_lamarckii","Agromyzidae_sp_1",0,0.734753348121526,NA,NA,FALSE,NA,NA,NA
"1089","Euphorbia_lamarckii","Agromyzidae_sp_2",0,0.563509784257117,0.5,NA,FALSE,NA,NA,NA
"1090","Euphorbia_lamarckii","Amegilla_canifrons",0,0.61706440231435,0.501823569611591,NA,FALSE,NA,NA,NA
"1091","Euphorbia_lamarckii","Amegilla_quadrifasciata",0,0.725453331617563,0.5,"offs↑ only",FALSE,0.725453331617563,"External location",0.405148885171386
"1092","Euphorbia_lamarckii","Ammophila_terminata",0,0.640265595384827,0.69569542539062,NA,FALSE,NA,NA,NA
"1093","Euphorbia_lamarckii","Anaspis_cf_canariensis",0,0.774299748571752,NA,NA,FALSE,NA,NA,NA
"1094","Euphorbia_lamarckii","Anaspis_proteus",0.142857142857143,NA,NA,NA,TRUE,NA,NA,NA
"1095","Euphorbia_lamarckii","Anthophora_alluaudi",0.142857142857143,NA,NA,NA,TRUE,NA,NA,NA
"1096","Euphorbia_lamarckii","Anthophora_orotavae",0,0.668965846640865,0.674433549203877,NA,FALSE,NA,NA,NA
"1097","Euphorbia_lamarckii","Apis_mellifera",0.142857142857143,NA,NA,NA,TRUE,NA,NA,NA
"1098","Euphorbia_lamarckii","Aprostocetus_occidentalis",0.142857142857143,NA,NA,NA,TRUE,NA,NA,NA
"1099","Euphorbia_lamarckii","Aprostocetus_sp_2",0.142857142857143,NA,NA,NA,TRUE,NA,NA,NA
"1100","Euphorbia_lamarckii","Araneidae_sp_1",0,0.631051888939374,0.672019834873973,NA,FALSE,NA,NA,NA
"1101","Euphorbia_lamarckii","Araneidae_sp_2",0,0.657836242595594,0.769422660748231,"diag↑ only",FALSE,0.769422660748231,"Single location",0.500415764954499
"1102","Euphorbia_lamarckii","Attagenus_wollastoni",0,0.814582875062519,0.772304046223985,"both↑",FALSE,0.793443460643252,"Both approaches",0.552460831393712
"1103","Euphorbia_lamarckii","Attalus_crispus",0.142857142857143,NA,NA,NA,TRUE,NA,NA,NA
"1104","Euphorbia_lamarckii","Attalus_pallipes",0,0.619885046232685,0.5,NA,FALSE,NA,NA,NA
"1105","Euphorbia_lamarckii","Attalus_ruficollis",0,0.701397926876338,0.640264293382048,"offs↑ only",FALSE,0.701397926876338,"External location",0.353028841565399
"1106","Euphorbia_lamarckii","Attalus_rugifrons",0,0.68594818861626,0.603740336955383,NA,FALSE,NA,NA,NA
"1107","Euphorbia_lamarckii","Aulacoderus_canariensis",0,0.718768360502848,0.5,"offs↑ only",FALSE,0.718768360502848,"External location",0.390664781089505
"1108","Euphorbia_lamarckii","Bassus_sp",0,0.631916102076999,NA,NA,FALSE,NA,NA,NA
"1109","Euphorbia_lamarckii","Blaesoxipha_sp_1",0.142857142857143,NA,NA,NA,TRUE,NA,NA,NA
"1110","Euphorbia_lamarckii","Bracon_sp",0,0.606626840808485,0.593288053425322,NA,FALSE,NA,NA,NA
"1111","Euphorbia_lamarckii","Bruchidius_wollastoni",0,0.796604381367748,0.938355747064653,"both↑",FALSE,0.8674800642162,"Both approaches",0.712873472468434
"1112","Euphorbia_lamarckii","Campiglossa_reticulata",0,0.68243710053053,NA,NA,FALSE,NA,NA,NA
"1113","Euphorbia_lamarckii","Camponotus_feae",0.571428571428571,NA,NA,NA,TRUE,NA,NA,NA
"1114","Euphorbia_lamarckii","Cecydomyiidae_sp",0,0.869204261585795,0.9976730453546,"both↑",FALSE,0.933438653470197,"Both approaches",0.855783749185427
"1115","Euphorbia_lamarckii","Ceratogoponidae_sp",0.142857142857143,NA,NA,NA,TRUE,NA,NA,NA
"1116","Euphorbia_lamarckii","Ceratogoponidae_sp_2",0.142857142857143,NA,NA,NA,TRUE,NA,NA,NA
"1117","Euphorbia_lamarckii","Chalicodoma_canescens",0,0.735766671801295,0.738371896511492,"both↑",FALSE,0.737069284156393,"Both approaches",0.430316782338851
"1118","Euphorbia_lamarckii","Chetogena_acuminata",0.285714285714286,NA,NA,NA,TRUE,NA,NA,NA
"1119","Euphorbia_lamarckii","Chironomidae_sp",0,0.638320999424241,0.5,NA,FALSE,NA,NA,NA
"1120","Euphorbia_lamarckii","Chironomidae_sp_1",0.142857142857143,NA,NA,NA,TRUE,NA,NA,NA
"1121","Euphorbia_lamarckii","Chloropidae_sp",0,0.670850336165384,0.5,NA,FALSE,NA,NA,NA
"1122","Euphorbia_lamarckii","Chloropidae_sp_3",0.142857142857143,NA,NA,NA,TRUE,NA,NA,NA
"1123","Euphorbia_lamarckii","Chloropidae_sp_4",0,0.789683225986279,0.819047669265656,"both↑",FALSE,0.804365447625968,"Both approaches",0.57612513652293
"1124","Euphorbia_lamarckii","Chloropidae_sp_5",0,0.647851079457595,0.597449100366556,NA,FALSE,NA,NA,NA
"1125","Euphorbia_lamarckii","Chloropidae_sp_6",0,0.622642572565839,0.6368521138728,NA,FALSE,NA,NA,NA
"1126","Euphorbia_lamarckii","Chrysomya_albiceps",0.142857142857143,NA,NA,NA,TRUE,NA,NA,NA
"1127","Euphorbia_lamarckii","Coccinella_miranda",0,0.576548693168281,0.5,NA,FALSE,NA,NA,NA
"1128","Euphorbia_lamarckii","Colias_croceus",0,0.860143402421621,NA,NA,FALSE,NA,NA,NA
"1129","Euphorbia_lamarckii","Colletes_dimidiatus",0.142857142857143,NA,NA,NA,TRUE,NA,NA,NA
"1130","Euphorbia_lamarckii","Crematogaster_alluaudi",0,0.672862651758416,0.5,NA,FALSE,NA,NA,NA
"1131","Euphorbia_lamarckii","Cryptocephalus_gounellei",0,0.707789840853788,NA,NA,FALSE,NA,NA,NA
"1132","Euphorbia_lamarckii","Cryptocephalus_nitidicollis",0,0.942359473676918,0.95687191445973,"both↑",FALSE,0.949615694068324,"Both approaches",0.890834003814701
"1133","Euphorbia_lamarckii","Dasytes_cf_subaenescens",0,0.534784439494538,0.5,NA,FALSE,NA,NA,NA
"1134","Euphorbia_lamarckii","Dasytes_subaenescens",0.285714285714286,NA,NA,NA,TRUE,NA,NA,NA
"1135","Euphorbia_lamarckii","Delia_flavibasis",0,0.905397334922228,0.995491150395687,"both↑",FALSE,0.950444242658957,"Both approaches",0.892629192427741
"1136","Euphorbia_lamarckii","Dilophus_hiemalis",0.142857142857143,NA,NA,NA,TRUE,NA,NA,NA
"1137","Euphorbia_lamarckii","Dinarmoides_spilopterus",0,0.675272820633354,0.676627109240181,NA,FALSE,NA,NA,NA
"1138","Euphorbia_lamarckii","Elasmus_platyedrae",0,0.652162185449153,0.5,NA,FALSE,NA,NA,NA
"1139","Euphorbia_lamarckii","Empididae_sp_1",0,0.811945243703439,0.824750360989913,"both↑",FALSE,0.818347802346676,"Both approaches",0.606420238417797
"1140","Euphorbia_lamarckii","Empis_sp_1",0.142857142857143,NA,NA,NA,TRUE,NA,NA,NA
"1141","Euphorbia_lamarckii","Eristalinus_aeneus",0,0.591205845838906,0.665288215489455,NA,FALSE,NA,NA,NA
"1142","Euphorbia_lamarckii","Eristalinus_taeniops",0.285714285714286,NA,NA,NA,TRUE,NA,NA,NA
"1143","Euphorbia_lamarckii","Eristalis_tenax",0.142857142857143,NA,NA,NA,TRUE,NA,NA,NA
"1144","Euphorbia_lamarckii","Estheria_simonyi",0.428571428571429,NA,NA,NA,TRUE,NA,NA,NA
"1145","Euphorbia_lamarckii","Eucera_gracilipes",0.285714285714286,NA,NA,NA,TRUE,NA,NA,NA
"1146","Euphorbia_lamarckii","Euderus_sp",0,0.744034856388856,0.713776918423735,"both↑",FALSE,0.728905887406296,"Both approaches",0.412629422713641
"1147","Euphorbia_lamarckii","Eumerus_latitarsis",0.142857142857143,NA,NA,NA,TRUE,NA,NA,NA
"1148","Euphorbia_lamarckii","Eumerus_nivariae",0.142857142857143,NA,NA,NA,TRUE,NA,NA,NA
"1149","Euphorbia_lamarckii","Eupelmus_sp",0,0.684181935043664,0.709400694932636,"diag↑ only",FALSE,0.709400694932636,"Single location",0.370368172354045
"1150","Euphorbia_lamarckii","Eupelmus_testaceiventris",0,0.677269028001049,NA,NA,FALSE,NA,NA,NA
"1151","Euphorbia_lamarckii","Eurytoma_sp_1",0,0.676931458054039,0.713021114020767,"diag↑ only",FALSE,0.713021114020767,"Single location",0.378212413711661
"1152","Euphorbia_lamarckii","Eurytoma_sp_2",0,0.682579702263753,0.793730668748254,"diag↑ only",FALSE,0.793730668748254,"Single location",0.553083115621217
"1153","Euphorbia_lamarckii","Exetastes_segmentarius",0.142857142857143,NA,NA,NA,TRUE,NA,NA,NA
"1154","Euphorbia_lamarckii","Fannia_sp",0,0.67213924969051,0.701664018275707,"diag↑ only",FALSE,0.701664018275707,"Single location",0.353605372930698
"1155","Euphorbia_lamarckii","Geometridae_sp",0,0.565421241818805,NA,NA,FALSE,NA,NA,NA
"1156","Euphorbia_lamarckii","Gnaphosidae_sp_1",0,0.689848426168729,0.64080291280883,NA,FALSE,NA,NA,NA
"1157","Euphorbia_lamarckii","Halictus_fulvipes",0,0.72115639155025,NA,NA,FALSE,NA,NA,NA
"1158","Euphorbia_lamarckii","Holepyris_sp",0,0.653796560760661,0.603815154151734,NA,FALSE,NA,NA,NA
"1159","Euphorbia_lamarckii","Hylaeus_ater",0,0.573666621704009,0.5,NA,FALSE,NA,NA,NA
"1160","Euphorbia_lamarckii","Lasioglossum_arctifrons",0,0.920446148838978,0.99406434050164,"both↑",FALSE,0.957255244670309,"Both approaches",0.907386363452336
"1161","Euphorbia_lamarckii","Lasioglossum_loetum",0.285714285714286,NA,NA,NA,TRUE,NA,NA,NA
"1162","Euphorbia_lamarckii","Lasioglossum_viride",0.142857142857143,NA,NA,NA,TRUE,NA,NA,NA
"1163","Euphorbia_lamarckii","Leptochilus_cruentatus",0,0.7616263232244,0.696527626475701,"offs↑ only",FALSE,0.7616263232244,"External location",0.483523700319533
"1164","Euphorbia_lamarckii","Leptochilus_eatoni",0,0.702999874874268,0.549600478816375,"offs↑ only",FALSE,0.702999874874268,"External location",0.356499728894248
"1165","Euphorbia_lamarckii","Linnaemyia_soror",0.142857142857143,NA,NA,NA,TRUE,NA,NA,NA
"1166","Euphorbia_lamarckii","Lucilia_sericata",0.285714285714286,NA,NA,NA,TRUE,NA,NA,NA
"1167","Euphorbia_lamarckii","Macrocoma_splendens",0.142857142857143,NA,NA,NA,TRUE,NA,NA,NA
"1168","Euphorbia_lamarckii","Malthinus_mutabilis",0,0.580107801430499,0.5,NA,FALSE,NA,NA,NA
"1169","Euphorbia_lamarckii","Megachile_canariensis",0.142857142857143,NA,NA,NA,TRUE,NA,NA,NA
"1170","Euphorbia_lamarckii","Megaselia_sp_1",0,0.720682645662131,0.717465289870066,"both↑",FALSE,0.719073967766098,"Both approaches",0.39132693015988
"1171","Euphorbia_lamarckii","Megaselia_sp_2",0,0.541107342813827,0.553562304812978,NA,FALSE,NA,NA,NA
"1172","Euphorbia_lamarckii","Meligethes_canariensis",0,0.833250395986231,0.878657357106476,"both↑",FALSE,0.855953876546353,"Both approaches",0.687900065850432
"1173","Euphorbia_lamarckii","Meligethes_cf_canariensis",0,0.6229744296158,0.600974762378931,NA,FALSE,NA,NA,NA
"1174","Euphorbia_lamarckii","Minotetrastichus_sp",0,0.641583004763956,NA,NA,FALSE,NA,NA,NA
"1175","Euphorbia_lamarckii","Monomorium_subopacum",0,0.650559888192497,0.699549471276319,NA,FALSE,NA,NA,NA
"1176","Euphorbia_lamarckii","Mordellistena_cf_canariensis",0.142857142857143,NA,NA,NA,TRUE,NA,NA,NA
"1177","Euphorbia_lamarckii","Musca_domestica",0.285714285714286,NA,NA,NA,TRUE,NA,NA,NA
"1178","Euphorbia_lamarckii","Myathropa_florea",0.142857142857143,NA,NA,NA,TRUE,NA,NA,NA
"1179","Euphorbia_lamarckii","Mycetophilidae_sp_1",0.142857142857143,NA,NA,NA,TRUE,NA,NA,NA
"1180","Euphorbia_lamarckii","Myopites_nigrescens",0,0.893952674365119,0.902288278511475,"both↑",FALSE,0.898120476438297,"Both approaches",0.779261032282977
"1181","Euphorbia_lamarckii","Neodryophilus_cryptophagoides",0,0.713920565363262,0.740694113933652,"both↑",FALSE,0.727307339648457,"Both approaches",0.409165902571657
"1182","Euphorbia_lamarckii","Nomioides_fortunatus",0,0.611629727547929,0.688431302540732,NA,FALSE,NA,NA,NA
"1183","Euphorbia_lamarckii","Nyctia_lugubris",0.142857142857143,NA,NA,NA,TRUE,NA,NA,NA
"1184","Euphorbia_lamarckii","Oscinella_sp_1",0,0.685733719814327,0.676183383329369,NA,FALSE,NA,NA,NA
"1185","Euphorbia_lamarckii","Oscinella_sp_2",0,0.649804010157164,0.685605904338683,NA,FALSE,NA,NA,NA
"1186","Euphorbia_lamarckii","Osmia_canaria",0,0.911989779251676,0.99505861172225,"both↑",FALSE,0.953524195486963,"Both approaches",0.899302423555087
"1187","Euphorbia_lamarckii","Osmia_latreillei",0,0.666102672577061,0.5,NA,FALSE,NA,NA,NA
"1188","Euphorbia_lamarckii","Oxyopes_cf_kraepelinorum",0,0.657690184876072,0.681339751848975,NA,FALSE,NA,NA,NA
"1189","Euphorbia_lamarckii","Oxyopes_kraepelinorum",0,0.709461184261672,0.777574344932231,"both↑",FALSE,0.743517764596952,"Both approaches",0.444288489960061
"1190","Euphorbia_lamarckii","Paratrechina_longicornis",0.142857142857143,NA,NA,NA,TRUE,NA,NA,NA
"1191","Euphorbia_lamarckii","Perilampus_sp_1",0,0.915159994915074,0.992620251338443,"both↑",FALSE,0.953890123126758,"Both approaches",0.900095266774643
"1192","Euphorbia_lamarckii","Perilampus_sp_2",0.142857142857143,NA,NA,NA,TRUE,NA,NA,NA
"1193","Euphorbia_lamarckii","Phalacrus_coruscus",0,0.915402196815872,0.990471254909092,"both↑",FALSE,0.952936725862482,"Both approaches",0.898029572702044
"1194","Euphorbia_lamarckii","Phthiria_simonyi",0,0.813063373258406,0.992621475698177,"both↑",FALSE,0.902842424478291,"Both approaches",0.789491919702965
"1195","Euphorbia_lamarckii","Physiphora_alceae",0,0.654245057465487,0.667637916087465,NA,FALSE,NA,NA,NA
"1196","Euphorbia_lamarckii","Phyto_discrepans",0.142857142857143,NA,NA,NA,TRUE,NA,NA,NA
"1197","Euphorbia_lamarckii","Pieris_rapae",0,0.720801375829282,0.816284841772699,"both↑",FALSE,0.76854310880099,"Both approaches",0.498510069068812
"1198","Euphorbia_lamarckii","Plagiolepis_schmitzii",0,0.977264586650375,0.840341201884508,"both↑",FALSE,0.908802894267442,"Both approaches",0.80240627091279
"1199","Euphorbia_lamarckii","Plagiolepis_sp_2",0.142857142857143,NA,NA,NA,TRUE,NA,NA,NA
"1200","Euphorbia_lamarckii","Platypalpus_sp",0,0.654672758455469,0.550444797282048,NA,FALSE,NA,NA,NA
"1201","Euphorbia_lamarckii","Platypalpus_sp_1",0,0.681363043828975,0.793539180570505,"diag↑ only",FALSE,0.793539180570505,"Single location",0.552668224569428
"1202","Euphorbia_lamarckii","Platypalpus_sp_2",0.142857142857143,NA,NA,NA,TRUE,NA,NA,NA
"1203","Euphorbia_lamarckii","Pteromalus_sp_1",0,0.654829561975746,0.5,NA,FALSE,NA,NA,NA
"1204","Euphorbia_lamarckii","Pteromalus_sp_3",0,0.77127188882441,0.995282143621881,"both↑",FALSE,0.883277016223145,"Both approaches",0.747100201816815
"1205","Euphorbia_lamarckii","Pteromalus_sp_4",0,0.654201014268175,0.715875645771831,"diag↑ only",FALSE,0.715875645771831,"Single location",0.384397232505634
"1206","Euphorbia_lamarckii","Rondania_insularis",0,0.92586197642337,0.972176390223413,"both↑",FALSE,0.949019183323391,"Both approaches",0.889541563867348
"1207","Euphorbia_lamarckii","Sarcophagidae_sp_3",0,0.925763755528481,0.964334183996627,"both↑",FALSE,0.945048969762554,"Both approaches",0.880939434485533
"1208","Euphorbia_lamarckii","Sarcophagidae_sp_5",0,0.791514983402833,0.705587397397356,"both↑",FALSE,0.748551190400094,"Both approaches",0.45519424586687
"1209","Euphorbia_lamarckii","Sarcophagidae_sp_8",0.142857142857143,NA,NA,NA,TRUE,NA,NA,NA
"1210","Euphorbia_lamarckii","Scaeva_albomaculata",0.142857142857143,NA,NA,NA,TRUE,NA,NA,NA
"1211","Euphorbia_lamarckii","Scenopinus_sp",0,0.656240940574559,NA,NA,FALSE,NA,NA,NA
"1212","Euphorbia_lamarckii","Sciaridae_sp",0.142857142857143,NA,NA,NA,TRUE,NA,NA,NA
"1213","Euphorbia_lamarckii","Sciaridae_sp_1",0.142857142857143,NA,NA,NA,TRUE,NA,NA,NA
"1214","Euphorbia_lamarckii","Scymnus_canariensis",0,0.676179783021411,0.818488474399736,"diag↑ only",FALSE,0.818488474399736,"Single location",0.606725027866094
"1215","Euphorbia_lamarckii","Sibinia_sericea",0,0.733845772256027,0.691176657970007,"offs↑ only",FALSE,0.733845772256027,"External location",0.423332506554725
"1216","Euphorbia_lamarckii","Spathulina_sicula",0,0.894242297459079,0.992625657508814,"both↑",FALSE,0.943433977483946,"Both approaches",0.87744028454855
"1217","Euphorbia_lamarckii","Sphaeniscus_filiolus",0,0.625557902854913,0.536676737734036,NA,FALSE,NA,NA,NA
"1218","Euphorbia_lamarckii","Stomorhina_lunata",0,0.703344963922934,0.678709713802015,"offs↑ only",FALSE,0.703344963922934,"External location",0.357247421833024
"1219","Euphorbia_lamarckii","Synthesomyia_nudiseta",0.142857142857143,NA,NA,NA,TRUE,NA,NA,NA
"1220","Euphorbia_lamarckii","Syritta_pipiens",0.142857142857143,NA,NA,NA,TRUE,NA,NA,NA
"1221","Euphorbia_lamarckii","Tachina_canariensis",0.285714285714286,NA,NA,NA,TRUE,NA,NA,NA
"1222","Euphorbia_lamarckii","Tethina_marmorata",0,0.633735510843265,NA,NA,FALSE,NA,NA,NA
"1223","Euphorbia_lamarckii","Thaumatomyia_notata",0.142857142857143,NA,NA,NA,TRUE,NA,NA,NA
"1224","Euphorbia_lamarckii","Themnothorax_hesperius",0,0.873189868235657,0.777018490603984,"both↑",FALSE,0.82510417941982,"Both approaches",0.621059055409611
"1225","Euphorbia_lamarckii","Thomisus_cf_globosum",0,0.689840439798348,0.721289364006488,"diag↑ only",FALSE,0.721289364006488,"Single location",0.396126955347391
"1226","Euphorbia_lamarckii","Thomisus_cf_onustus",0,0.705533286256713,0.70880602785853,"both↑",FALSE,0.707169657057621,"Both approaches",0.365534256958179
"1227","Euphorbia_lamarckii","Thyridanthrax_indigenus",0,0.934905076559363,0.995175309173615,"both↑",FALSE,0.965040192866489,"Both approaches",0.924253751210726
"1228","Euphorbia_lamarckii","Thysanoptera_sp_1",0.142857142857143,NA,NA,NA,TRUE,NA,NA,NA
"1229","Euphorbia_lamarckii","Thysanoptera_sp_2",0,0.986877247526609,0.993180174105238,"both↑",FALSE,0.990028710815923,"Both approaches",0.978395540101167
"1230","Euphorbia_lamarckii","Thysanoptera_sp_3",0,0.656901323489294,NA,NA,FALSE,NA,NA,NA
"1231","Euphorbia_lamarckii","Thysanoptera_sp_7",0,0.917114293944912,0.999235544280955,"both↑",FALSE,0.958174919112933,"Both approaches",0.909378991411356
"1232","Euphorbia_lamarckii","Torymoides_lindbergi",0,0.711850993074767,0.617137394565769,"offs↑ only",FALSE,0.711850993074767,"External location",0.375677151661994
"1233","Euphorbia_lamarckii","Trixoscelis_sp",0,0.658047517139858,0.706060836186139,"diag↑ only",FALSE,0.706060836186139,"Single location",0.363131811736634
"1234","Euphorbia_lamarckii","Trupanea_augur",0,0.655452415279231,0.777517691598458,"diag↑ only",FALSE,0.777517691598458,"Single location",0.517954998463325
"1235","Euphorbia_lamarckii","Urelliosoma_guimari",0,0.70718236121891,0.762451749498503,"both↑",FALSE,0.734817055358707,"Both approaches",0.425436953277197
"1236","Euphorbia_lamarckii","Villa_nigriceps",0,0.890333252070048,0.972176390223413,"both↑",FALSE,0.93125482114673,"Both approaches",0.851052112484583
"1237","Euphorbia_regis_jubae","Agromyzidae_sp_1",0.142857142857143,NA,NA,NA,TRUE,NA,NA,NA
"1238","Euphorbia_regis_jubae","Alliophleps_elliptica",0,0.675732153001917,0.770051558216945,"diag↑ only",FALSE,0.770051558216945,"Single location",0.501778376136714
"1239","Euphorbia_regis_jubae","Amegilla_quadrifasciata",0,0.763049040036413,0.930421566145161,"both↑",FALSE,0.846735303090787,"Both approaches",0.667926490030038
"1240","Euphorbia_regis_jubae","Anaspis_proteus",0.142857142857143,NA,NA,NA,TRUE,NA,NA,NA
"1241","Euphorbia_regis_jubae","Andrena_vulcana",0.142857142857143,NA,NA,NA,TRUE,NA,NA,NA
"1242","Euphorbia_regis_jubae","Andrena_wollastoni",0,0.69895595871512,0.90140503356187,"diag↑ only",FALSE,0.90140503356187,"Single location",0.786377572717385
"1243","Euphorbia_regis_jubae","Anthophora_alluaudi",0.142857142857143,NA,NA,NA,TRUE,NA,NA,NA
"1244","Euphorbia_regis_jubae","Anthophora_orotavae",0,0.639220654107463,0.906922515710867,"diag↑ only",FALSE,0.906922515710867,"Single location",0.798332117373545
"1245","Euphorbia_regis_jubae","Apis_mellifera",0,0.804228342096702,0.972860008879378,"both↑",FALSE,0.88854417548804,"Both approaches",0.758512380224087
"1246","Euphorbia_regis_jubae","Atherigona_varia",0,0.663801561160148,0.829471069776985,"diag↑ only",FALSE,0.829471069776985,"Single location",0.630520651183468
"1247","Euphorbia_regis_jubae","Attagenus_wollastoni",0,0.748355180867037,0.881912346800309,"both↑",FALSE,0.815133763833673,"Both approaches",0.599456488306291
"1248","Euphorbia_regis_jubae","Attalus_obscurus",0.142857142857143,NA,NA,NA,TRUE,NA,NA,NA
"1249","Euphorbia_regis_jubae","Bombylius_pintuarius",0.142857142857143,NA,NA,NA,TRUE,NA,NA,NA
"1250","Euphorbia_regis_jubae","Camponotus_feae",0.142857142857143,NA,NA,NA,TRUE,NA,NA,NA
"1251","Euphorbia_regis_jubae","Cephalodromia_sp",0,0.633407229651657,0.766961079098481,"diag↑ only",FALSE,0.766961079098481,"Single location",0.495082338046709
"1252","Euphorbia_regis_jubae","Chetogena_acuminata",0,0.645120600301226,NA,NA,FALSE,NA,NA,NA
"1253","Euphorbia_regis_jubae","Chloropidae_sp_2",0,0.717403479549021,0.896126844659415,"both↑",FALSE,0.806765162104218,"Both approaches",0.581324517892472
"1254","Euphorbia_regis_jubae","Chrysomya_albiceps",0.142857142857143,NA,NA,NA,TRUE,NA,NA,NA
"1255","Euphorbia_regis_jubae","Coccinella_miranda",0,0.670884611255378,0.817203457566499,"diag↑ only",FALSE,0.817203457566499,"Single location",0.603940824727414
"1256","Euphorbia_regis_jubae","Colletes_dimidiatus",0.142857142857143,NA,NA,NA,TRUE,NA,NA,NA
"1257","Euphorbia_regis_jubae","Curculionidae_sp",0,0.665629695766331,0.700003457526203,"diag↑ only",FALSE,0.700003457526203,"Single location",0.350007491306774
"1258","Euphorbia_regis_jubae","Dinarmoides_spilopterus",0,0.671723499465749,0.857388330997033,"diag↑ only",FALSE,0.857388330997033,"Single location",0.691008050493572
"1259","Euphorbia_regis_jubae","Eristalinus_taeniops",0.142857142857143,NA,NA,NA,TRUE,NA,NA,NA
"1260","Euphorbia_regis_jubae","Eucera_gracilipes",0.142857142857143,NA,NA,NA,TRUE,NA,NA,NA
"1261","Euphorbia_regis_jubae","Exhyalanthrax_canarionae",0.142857142857143,NA,NA,NA,TRUE,NA,NA,NA
"1262","Euphorbia_regis_jubae","Gasteruption_sp",0.142857142857143,NA,NA,NA,TRUE,NA,NA,NA
"1263","Euphorbia_regis_jubae","Hylaeus_hohmanni",0.142857142857143,NA,NA,NA,TRUE,NA,NA,NA
"1264","Euphorbia_regis_jubae","Lasioglossum_loetum",0,0.920835429026348,NA,NA,FALSE,NA,NA,NA
"1265","Euphorbia_regis_jubae","Lasioglossum_viride",0.142857142857143,NA,NA,NA,TRUE,NA,NA,NA
"1266","Euphorbia_regis_jubae","Lucilia_sericata",0.142857142857143,NA,NA,NA,TRUE,NA,NA,NA
"1267","Euphorbia_regis_jubae","Macroglossum_stellatarum",0,0.63348737700672,0.893152229017251,"diag↑ only",FALSE,0.893152229017251,"Single location",0.768496496204045
"1268","Euphorbia_regis_jubae","Melecta_curvispina",0.142857142857143,NA,NA,NA,TRUE,NA,NA,NA
"1269","Euphorbia_regis_jubae","Musca_domestica",0.142857142857143,NA,NA,NA,TRUE,NA,NA,NA
"1270","Euphorbia_regis_jubae","Oscinella_sp_1",0.142857142857143,NA,NA,NA,TRUE,NA,NA,NA
"1271","Euphorbia_regis_jubae","Osmia_canaria",0,0.669560313963445,0.815291541007479,"diag↑ only",FALSE,0.815291541007479,"Single location",0.599798338849539
"1272","Euphorbia_regis_jubae","Osmia_latreillei",0,0.669291369425791,NA,NA,FALSE,NA,NA,NA
"1273","Euphorbia_regis_jubae","Phthiria_simonyi",0,0.730555470869998,0.830754988766754,"both↑",FALSE,0.780655229818376,"Both approaches",0.524752997939815
"1274","Euphorbia_regis_jubae","Pieris_rapae",0,0.757999883708628,NA,NA,FALSE,NA,NA,NA
"1275","Euphorbia_regis_jubae","Plagiolepis_sp_2",0,0.745991515374719,0.841000514083206,"both↑",FALSE,0.793496014728962,"Both approaches",0.552574698579419
"1276","Euphorbia_regis_jubae","Sarcophagidae_sp_5",0.142857142857143,NA,NA,NA,TRUE,NA,NA,NA
"1277","Euphorbia_regis_jubae","Scaeva_albomaculata",0.142857142857143,NA,NA,NA,TRUE,NA,NA,NA
"1278","Euphorbia_regis_jubae","Sepsis_sp",0,0.683775983069118,NA,NA,FALSE,NA,NA,NA
"1279","Euphorbia_regis_jubae","Stenoselma_sp",0,0.684333547829404,0.897933871231021,"diag↑ only",FALSE,0.897933871231021,"Single location",0.778856721000544
"1280","Euphorbia_regis_jubae","Themnothorax_risii",0,0.718609875631397,0.835226924938771,"both↑",FALSE,0.776918400285084,"Both approaches",0.516656533951015
"1281","Euphorbia_regis_jubae","Thomisus_cf_onustus",0,0.69459675746653,0.845432689298962,"diag↑ only",FALSE,0.845432689298962,"Single location",0.665104160147751
"1282","Euphorbia_regis_jubae","Thysanoptera_sp_1",0,0.985916386743317,0.986269812025575,"both↑",FALSE,0.986093099384446,"Both approaches",0.969868381999633
"1283","Euphorbia_regis_jubae","Thysanoptera_sp_2",0,0.934576224185276,0.953214181160486,"both↑",FALSE,0.943895202672881,"Both approaches",0.878439605791242
"1284","Euphorbia_regis_jubae","Thysanoptera_sp_3",0,0.68358279899939,0.904847584075004,"diag↑ only",FALSE,0.904847584075004,"Single location",0.793836432162509
"1285","Euphorbia_regis_jubae","Tropinota_squalida",0,0.663608759090521,0.792094323459359,"diag↑ only",FALSE,0.792094323459359,"Single location",0.549537700828612
"1286","Euphorbia_regis_jubae","Urelliosoma_guimari",0,0.75208421448112,0.822845567062359,"both↑",FALSE,0.787464890771739,"Both approaches",0.539507263338768
"1287","Fagonia_albiflora","Agromyzidae_sp_1",0,0.54717379908055,0.5,NA,FALSE,NA,NA,NA
"1288","Fagonia_albiflora","Agromyzidae_sp_2",0,0.615392509542744,0.758382233381501,"diag↑ only",FALSE,0.758382233381501,"Single location",0.476494838993253
"1289","Fagonia_albiflora","Alliophleps_elliptica",0,0.533687733277775,0.510228770433549,NA,FALSE,NA,NA,NA
"1290","Fagonia_albiflora","Amegilla_canifrons",0,0.646202998384373,NA,NA,FALSE,NA,NA,NA
"1291","Fagonia_albiflora","Amegilla_quadrifasciata",0,0.585362582363567,0.551087090465569,NA,FALSE,NA,NA,NA
"1292","Fagonia_albiflora","Amegilla_sp",0.142857142857143,NA,NA,NA,TRUE,NA,NA,NA
"1293","Fagonia_albiflora","Ammophila_terminata",0,0.5,NA,NA,FALSE,NA,NA,NA
"1294","Fagonia_albiflora","Anaspis_cf_canariensis",0,0.561714796706557,0.537849728806355,NA,FALSE,NA,NA,NA
"1295","Fagonia_albiflora","Anaspis_cf_saharensis",0,0.527979583145722,0.5,NA,FALSE,NA,NA,NA
"1296","Fagonia_albiflora","Anaspis_proteus",0.142857142857143,NA,NA,NA,TRUE,NA,NA,NA
"1297","Fagonia_albiflora","Andrena_vachali",0,0.524414331068126,NA,NA,FALSE,NA,NA,NA
"1298","Fagonia_albiflora","Andrena_vulcana",0.142857142857143,NA,NA,NA,TRUE,NA,NA,NA
"1299","Fagonia_albiflora","Andrena_wollastoni",0,0.597425534471928,0.533107443801883,NA,FALSE,NA,NA,NA
"1300","Fagonia_albiflora","Anthaxia_sp_1",0,0.591244246628107,0.626893671861725,NA,FALSE,NA,NA,NA
"1301","Fagonia_albiflora","Anthophora_alluaudi",0.285714285714286,NA,NA,NA,TRUE,NA,NA,NA
"1302","Fagonia_albiflora","Anthophora_orotavae",0.142857142857143,NA,NA,NA,TRUE,NA,NA,NA
"1303","Fagonia_albiflora","Anthophora_sp_1",0,0.531489155617849,0.5,NA,FALSE,NA,NA,NA
"1304","Fagonia_albiflora","Anthophora_sp_aff_orotavae",0,0.5,NA,NA,FALSE,NA,NA,NA
"1305","Fagonia_albiflora","Apis_mellifera",0.142857142857143,NA,NA,NA,TRUE,NA,NA,NA
"1306","Fagonia_albiflora","Aplocnemus_sp_2",0,0.531418958080155,0.5,NA,FALSE,NA,NA,NA
"1307","Fagonia_albiflora","Aprostocetus_occidentalis",0,0.630026925957748,0.750917212819124,"diag↑ only",FALSE,0.750917212819124,"Single location",0.460320627774769
"1308","Fagonia_albiflora","Aprostocetus_sp_1",0,0.520954745329341,0.5,NA,FALSE,NA,NA,NA
"1309","Fagonia_albiflora","Aprostocetus_sp_2",0,0.52463660725506,0.5,NA,FALSE,NA,NA,NA
"1310","Fagonia_albiflora","Arachnospila_sp",0,0.540571433896523,NA,NA,FALSE,NA,NA,NA
"1311","Fagonia_albiflora","Araneidae_sp_1",0,0.523482696992087,0.5,NA,FALSE,NA,NA,NA
"1312","Fagonia_albiflora","Araneidae_sp_2",0,0.5,0.5,NA,FALSE,NA,NA,NA
"1313","Fagonia_albiflora","Atherigona_varia",0,0.502932328771653,0.5,NA,FALSE,NA,NA,NA
"1314","Fagonia_albiflora","Attagenus_sp_1",0,0.527676505163445,0.5,NA,FALSE,NA,NA,NA
"1315","Fagonia_albiflora","Attagenus_wollastoni",0,0.55748005228825,0.51980575915942,NA,FALSE,NA,NA,NA
"1316","Fagonia_albiflora","Attalus_obscurus",0.142857142857143,NA,NA,NA,TRUE,NA,NA,NA
"1317","Fagonia_albiflora","Attalus_pallipes",0,0.591662181575665,0.717307855611041,"diag↑ only",FALSE,0.717307855611041,"Single location",0.387500353823923
"1318","Fagonia_albiflora","Attalus_ruficollis",0,0.5,0.5,NA,FALSE,NA,NA,NA
"1319","Fagonia_albiflora","Attalus_rugifrons",0,0.521158294362919,0.5,NA,FALSE,NA,NA,NA
"1320","Fagonia_albiflora","Aulacoderus_canariensis",0,0.707445242271136,0.777425409055951,"both↑",FALSE,0.742435325663544,"Both approaches",0.441943205604344
"1321","Fagonia_albiflora","Axinotarsus_sp_1",0,0.526832748567644,NA,NA,FALSE,NA,NA,NA
"1322","Fagonia_albiflora","Bassus_sp",0,0.606991862592593,0.592729180395321,NA,FALSE,NA,NA,NA
"1323","Fagonia_albiflora","Blaesoxipha_sp_1",0,0.512544681356991,0.5,NA,FALSE,NA,NA,NA
"1324","Fagonia_albiflora","Bombylius_pintuarius",0,0.547886585709227,0.5,NA,FALSE,NA,NA,NA
"1325","Fagonia_albiflora","Bombylius_sp_1",0,0.504441999414705,0.5,NA,FALSE,NA,NA,NA
"1326","Fagonia_albiflora","Bracon_sp",0,0.563060748604732,0.596128293161554,NA,FALSE,NA,NA,NA
"1327","Fagonia_albiflora","Bruchidius_wollastoni",0,0.582923075415009,0.578144129035517,NA,FALSE,NA,NA,NA
"1328","Fagonia_albiflora","Campiglossa_reticulata",0,0.533383606208629,0.5,NA,FALSE,NA,NA,NA
"1329","Fagonia_albiflora","Camponotus_feae",0.285714285714286,NA,NA,NA,TRUE,NA,NA,NA
"1330","Fagonia_albiflora","Cephalodromia_sp",0,0.554362883136845,NA,NA,FALSE,NA,NA,NA
"1331","Fagonia_albiflora","Ceratogoponidae_sp",0,0.610746414269658,0.834804492626673,"diag↑ only",FALSE,0.834804492626673,"Single location",0.642076400691125
"1332","Fagonia_albiflora","Chalicodoma_canescens",0,0.535747771929675,0.5,NA,FALSE,NA,NA,NA
"1333","Fagonia_albiflora","Chalicodoma_sicula",0,0.5,0.5,NA,FALSE,NA,NA,NA
"1334","Fagonia_albiflora","Chalicodoma_sp",0,0.518595040248471,0.5,NA,FALSE,NA,NA,NA
"1335","Fagonia_albiflora","Chetogena_acuminata",0,0.537341109672127,0.5,NA,FALSE,NA,NA,NA
"1336","Fagonia_albiflora","Chironomidae_sp",0,0.622336836364558,0.748095162607567,"diag↑ only",FALSE,0.748095162607567,"Single location",0.454206185649729
"1337","Fagonia_albiflora","Chloropidae_sp",0,0.587149833616494,0.59151054870145,NA,FALSE,NA,NA,NA
"1338","Fagonia_albiflora","Chloropidae_sp_2",0,0.622553280816577,NA,NA,FALSE,NA,NA,NA
"1339","Fagonia_albiflora","Chloropidae_sp_4",0,0.53990636570756,0.5,NA,FALSE,NA,NA,NA
"1340","Fagonia_albiflora","Chloropidae_sp_5",0,0.592864305367122,0.604985420575474,NA,FALSE,NA,NA,NA
"1341","Fagonia_albiflora","Chloropidae_sp_6",0,0.514542454902722,0.5,NA,FALSE,NA,NA,NA
"1342","Fagonia_albiflora","Chrysomya_albiceps",0,0.7722329117777,0.933280857299533,"both↑",FALSE,0.852756884538617,"Both approaches",0.680973249833669
"1343","Fagonia_albiflora","Coccinella_miranda",0,0.583518548443999,0.570973950556559,NA,FALSE,NA,NA,NA
"1344","Fagonia_albiflora","Coleoptera_sp_5",0,0.601185931821962,0.686863793148338,NA,FALSE,NA,NA,NA
"1345","Fagonia_albiflora","Colletes1_Waiting_85",0,0.627962045985918,0.55037496680963,NA,FALSE,NA,NA,NA
"1346","Fagonia_albiflora","Colletes2_Waiting_85",0,0.53322770871756,0.5,NA,FALSE,NA,NA,NA
"1347","Fagonia_albiflora","Colletes_dimidiatus",0,0.640003229269942,0.53135925985982,NA,FALSE,NA,NA,NA
"1348","Fagonia_albiflora","Crematogaster_alluaudi",0,0.583683839919368,0.741925034543806,"diag↑ only",FALSE,0.741925034543806,"Single location",0.440837574844914
"1349","Fagonia_albiflora","Crematogaster_scutellaris",0,0.52410415185365,0.5,NA,FALSE,NA,NA,NA
"1350","Fagonia_albiflora","Cryptocephalus_gounellei",0,0.622712192468741,NA,NA,FALSE,NA,NA,NA
"1351","Fagonia_albiflora","Curculionidae_sp",0,0.527403496676993,0.5,NA,FALSE,NA,NA,NA
"1352","Fagonia_albiflora","Dasytes_cf_subaenescens",0,0.623802122033398,NA,NA,FALSE,NA,NA,NA
"1353","Fagonia_albiflora","Dasytes_subaenescens",0,0.723484971190231,0.681004375494349,"offs↑ only",FALSE,0.723484971190231,"External location",0.400884104245501
"1354","Fagonia_albiflora","Dinarmoides_spilopterus",0,0.53423208574129,0.5,NA,FALSE,NA,NA,NA
"1355","Fagonia_albiflora","Elasmus_platyedrae",0,0.634936823176179,0.676269131435641,NA,FALSE,NA,NA,NA
"1356","Fagonia_albiflora","Empididae_sp_1",0,0.524626261761758,0.5,NA,FALSE,NA,NA,NA
"1357","Fagonia_albiflora","Eristalinus_aeneus",0,0.569115918802007,0.621251206372989,NA,FALSE,NA,NA,NA
"1358","Fagonia_albiflora","Eristalinus_taeniops",0,0.551263011112443,0.5,NA,FALSE,NA,NA,NA
"1359","Fagonia_albiflora","Eristalis_tenax",0,0.580924640666565,0.64411283053674,NA,FALSE,NA,NA,NA
"1360","Fagonia_albiflora","Estheria_simonyi",0,0.741052203523591,0.720666509336407,"both↑",FALSE,0.730859356429999,"Both approaches",0.416861938931664
"1361","Fagonia_albiflora","Eucera_gracilipes",0,0.603309240956638,0.66835385765745,NA,FALSE,NA,NA,NA
"1362","Fagonia_albiflora","Euderus_sp",0,0.602376167196233,0.646093766777806,NA,FALSE,NA,NA,NA
"1363","Fagonia_albiflora","Eumerus_latitarsis",0,0.907781713641487,0.91088150123073,"both↑",FALSE,0.909331607436108,"Both approaches",0.803551816111568
"1364","Fagonia_albiflora","Eumerus_nivariae",0,0.788577139682615,0.90189225081591,"both↑",FALSE,0.845234695249263,"Both approaches",0.664675173040069
"1365","Fagonia_albiflora","Eupelmus_sp",0,0.510885675022741,0.5,NA,FALSE,NA,NA,NA
"1366","Fagonia_albiflora","Eupelmus_testaceiventris",0,0.523810149891219,0.5,NA,FALSE,NA,NA,NA
"1367","Fagonia_albiflora","Eurytoma_sp_1",0,0.523209471664012,NA,NA,FALSE,NA,NA,NA
"1368","Fagonia_albiflora","Eurytoma_sp_2",0,0.518473733053163,0.5,NA,FALSE,NA,NA,NA
"1369","Fagonia_albiflora","Eurytoma_sp_3",0,0.528485062212093,0.5,NA,FALSE,NA,NA,NA
"1370","Fagonia_albiflora","Exetastes_segmentarius",0,0.5,0.5,NA,FALSE,NA,NA,NA
"1371","Fagonia_albiflora","Exhyalanthrax_canarionae",0,0.5,0.5,NA,FALSE,NA,NA,NA
"1372","Fagonia_albiflora","Fannia_sp",0,0.539413288436576,0.5,NA,FALSE,NA,NA,NA
"1373","Fagonia_albiflora","Gasteruption_sp",0,0.502943412226726,NA,NA,FALSE,NA,NA,NA
"1374","Fagonia_albiflora","Geometridae_sp",0,0.627190460001318,0.655114344260511,NA,FALSE,NA,NA,NA
"1375","Fagonia_albiflora","Gnaphosidae_sp_1",0,0.520325981994649,0.5,NA,FALSE,NA,NA,NA
"1376","Fagonia_albiflora","Halictus_fulvipes",0,0.529147300442312,NA,NA,FALSE,NA,NA,NA
"1377","Fagonia_albiflora","Holepyris_sp",0,0.536439048949015,0.5,NA,FALSE,NA,NA,NA
"1378","Fagonia_albiflora","Hylaeus_ater",0,0.625007078104124,NA,NA,FALSE,NA,NA,NA
"1379","Fagonia_albiflora","Hylaeus_hohmanni",0,0.560828341699632,0.632937820260368,NA,FALSE,NA,NA,NA
"1380","Fagonia_albiflora","Hylaeus_sp",0,0.547808704099291,0.511787205283935,NA,FALSE,NA,NA,NA
"1381","Fagonia_albiflora","Hym_Waiting_85",0,0.515712830518487,0.5,NA,FALSE,NA,NA,NA
"1382","Fagonia_albiflora","Lasioglossum_loetum",0.285714285714286,NA,NA,NA,TRUE,NA,NA,NA
"1383","Fagonia_albiflora","Lasioglossum_phoenicurum",0,0.548469699485806,0.617427249763471,NA,FALSE,NA,NA,NA
"1384","Fagonia_albiflora","Lasioglossum_viride",0.285714285714286,NA,NA,NA,TRUE,NA,NA,NA
"1385","Fagonia_albiflora","Leptochilus_cruentatus",0,0.822640225135597,0.844855092718744,"both↑",FALSE,0.833747658927171,"Both approaches",0.639786594342203
"1386","Fagonia_albiflora","Leptochilus_eatoni",0,0.568638671160687,0.587319114786491,NA,FALSE,NA,NA,NA
"1387","Fagonia_albiflora","Lucilia_sericata",0,0.854533534662156,0.676745320714306,"offs↑ only",FALSE,0.854533534662156,"External location",0.684822658434671
"1388","Fagonia_albiflora","Lucilia_sp_1",0,0.693730538742227,0.605361169498794,NA,FALSE,NA,NA,NA
"1389","Fagonia_albiflora","Macrocoma_cf_henoni",0,0.5,NA,NA,FALSE,NA,NA,NA
"1390","Fagonia_albiflora","Macrocoma_splendens",0,0.521092043612571,NA,NA,FALSE,NA,NA,NA
"1391","Fagonia_albiflora","Macroglossum_stellatarum",0,0.550102923053074,0.610581074259312,NA,FALSE,NA,NA,NA
"1392","Fagonia_albiflora","Malthinus_mutabilis",0,0.595190212152162,NA,NA,FALSE,NA,NA,NA
"1393","Fagonia_albiflora","Megachile_canariensis",0,0.522619380199179,0.5,NA,FALSE,NA,NA,NA
"1394","Fagonia_albiflora","Megaselia_sp_1",0,0.520987323611821,0.5,NA,FALSE,NA,NA,NA
"1395","Fagonia_albiflora","Megaselia_sp_2",0,0.639503839132914,0.767771808672515,"diag↑ only",FALSE,0.767771808672515,"Single location",0.496838918790449
"1396","Fagonia_albiflora","Melecta_curvispina",0,0.55669943229485,0.5,NA,FALSE,NA,NA,NA
"1397","Fagonia_albiflora","Melecta_sp",0,0.522755006105671,0.5,NA,FALSE,NA,NA,NA
"1398","Fagonia_albiflora","Meligethes_canariensis",0,0.92302663079984,0.970061687271883,"both↑",FALSE,0.946544159035862,"Both approaches",0.884179011244367
"1399","Fagonia_albiflora","Meligethes_cf_canariensis",0,0.500124330934845,0.5,NA,FALSE,NA,NA,NA
"1400","Fagonia_albiflora","Minotetrastichus_sp",0,0.65736715206778,NA,NA,FALSE,NA,NA,NA
"1401","Fagonia_albiflora","Monomorium_subopacum",0,0.5,0.5,NA,FALSE,NA,NA,NA
"1402","Fagonia_albiflora","Mordellistena_cf_canariensis",0,0.526730857069825,0.5,NA,FALSE,NA,NA,NA
"1403","Fagonia_albiflora","Musca_domestica",0,0.694980654856641,0.5,NA,FALSE,NA,NA,NA
"1404","Fagonia_albiflora","Musca_osiris",0,0.538716202203769,0.5,NA,FALSE,NA,NA,NA
"1405","Fagonia_albiflora","Musca_sorbens",0,0.585672347793954,0.584402014305357,NA,FALSE,NA,NA,NA
"1406","Fagonia_albiflora","Myathropa_florea",0,0.678111038130441,0.851018114249524,"diag↑ only",FALSE,0.851018114249524,"Single location",0.677205914207302
"1407","Fagonia_albiflora","Myopites_nigrescens",0,0.727390213346465,0.731754228039053,"both↑",FALSE,0.729572220692759,"Both approaches",0.414073144834311
"1408","Fagonia_albiflora","Neodryophilus_cryptophagoides",0,0.631330566340326,0.650624009622016,NA,FALSE,NA,NA,NA
"1409","Fagonia_albiflora","Nomioides_deceptor",0,0.872616991451614,0.999766706825994,"both↑",FALSE,0.936191849138804,"Both approaches",0.861749006467409
"1410","Fagonia_albiflora","Nomioides_fortunatus",0,0.513062102824078,NA,NA,FALSE,NA,NA,NA
"1411","Fagonia_albiflora","Nomioides_sp",0,0.592097910273656,0.593392821435056,NA,FALSE,NA,NA,NA
"1412","Fagonia_albiflora","Nyctia_lugubris",0,0.5,0.5,NA,FALSE,NA,NA,NA
"1413","Fagonia_albiflora","Ormyrus_sp_1",0,0.522666144776361,0.5,NA,FALSE,NA,NA,NA
"1414","Fagonia_albiflora","Oscinella_sp_1",0,0.657897775732533,0.715574248922181,"diag↑ only",FALSE,0.715574248922181,"Single location",0.38374420599806
"1415","Fagonia_albiflora","Oscinella_sp_2",0,0.566050826426877,0.5,NA,FALSE,NA,NA,NA
"1416","Fagonia_albiflora","Osmia_canaria",0,0.5,0.549210850134955,NA,FALSE,NA,NA,NA
"1417","Fagonia_albiflora","Osmia_latreillei",0,0.536714738492736,NA,NA,FALSE,NA,NA,NA
"1418","Fagonia_albiflora","Oxyopes_cf_kraepelinorum",0,0.534718566925743,NA,NA,FALSE,NA,NA,NA
"1419","Fagonia_albiflora","Oxyopes_kraepelinorum",0,0.507602371587627,0.5,NA,FALSE,NA,NA,NA
"1420","Fagonia_albiflora","Paragus_tibialis",0,0.541179414021129,0.5,NA,FALSE,NA,NA,NA
"1421","Fagonia_albiflora","Paratrechina_longicornis",0,0.54073561859631,0.5,NA,FALSE,NA,NA,NA
"1422","Fagonia_albiflora","Phthiria_simonyi",0,0.586057566445852,0.778257166649152,"diag↑ only",FALSE,0.778257166649152,"Single location",0.519557194406497
"1423","Fagonia_albiflora","Physiphora_alceae",0,0.520329347617476,0.5,NA,FALSE,NA,NA,NA
"1424","Fagonia_albiflora","Phyto_discrepans",0,0.519932181209637,0.5,NA,FALSE,NA,NA,NA
"1425","Fagonia_albiflora","Pieris_rapae",0,0.543790608304876,0.533157871411176,NA,FALSE,NA,NA,NA
"1426","Fagonia_albiflora","Plagiolepis_schmitzii",0,0.857653011296741,0.716244490091249,"both↑",FALSE,0.786948750693995,"Both approaches",0.538388959836989
"1427","Fagonia_albiflora","Plagiolepis_sp_2",0,0.800115116843762,0.785626444318605,"both↑",FALSE,0.792870780581184,"Both approaches",0.551220024592564
"1428","Fagonia_albiflora","Platypalpus_sp",0,0.55785701694914,0.500616445031778,NA,FALSE,NA,NA,NA
"1429","Fagonia_albiflora","Platypalpus_sp_1",0,0.516795066033366,0.5,NA,FALSE,NA,NA,NA
"1430","Fagonia_albiflora","Platypalpus_sp_2",0,0.522224453482076,0.5,NA,FALSE,NA,NA,NA
"1431","Fagonia_albiflora","Podalonia_sp",0,0.534414234979002,0.5,NA,FALSE,NA,NA,NA
"1432","Fagonia_albiflora","Proconura_sp_1",0,0.522932324419512,0.5,NA,FALSE,NA,NA,NA
"1433","Fagonia_albiflora","Pteromalus_sp_1",0,0.600378418971857,0.791451058924981,"diag↑ only",FALSE,0.791451058924981,"Single location",0.548143961004126
"1434","Fagonia_albiflora","Pteromalus_sp_2",0,0.522959589551686,0.5,NA,FALSE,NA,NA,NA
"1435","Fagonia_albiflora","Pteromalus_sp_3",0,0.5,0.5,NA,FALSE,NA,NA,NA
"1436","Fagonia_albiflora","Pteromalus_sp_4",0,0.574607064702274,0.624365123671102,NA,FALSE,NA,NA,NA
"1437","Fagonia_albiflora","Sarcophaga_sp_1",0,0.533355614993578,0.5,NA,FALSE,NA,NA,NA
"1438","Fagonia_albiflora","Sarcophagidae_sp",0,0.525737603449741,NA,NA,FALSE,NA,NA,NA
"1439","Fagonia_albiflora","Sarcophagidae_sp_2",0,0.505102978320047,0.5,NA,FALSE,NA,NA,NA
"1440","Fagonia_albiflora","Sarcophagidae_sp_5",0,0.591583223274094,0.5,NA,FALSE,NA,NA,NA
"1441","Fagonia_albiflora","Sarcophagidae_sp_7",0,0.552963967294037,0.5,NA,FALSE,NA,NA,NA
"1442","Fagonia_albiflora","Sarcophagidae_sp_8",0,0.5537691904174,0.525377986578695,NA,FALSE,NA,NA,NA
"1443","Fagonia_albiflora","Scaeva_albomaculata",0.142857142857143,NA,NA,NA,TRUE,NA,NA,NA
"1444","Fagonia_albiflora","Scenopinus_sp",0,0.593404434144812,0.5,NA,FALSE,NA,NA,NA
"1445","Fagonia_albiflora","Sciaridae_sp",0,0.851124168448126,0.815948165586268,"both↑",FALSE,0.833536167017197,"Both approaches",0.639328361870593
"1446","Fagonia_albiflora","Sciaridae_sp_1",0,0.523503173902786,0.5,NA,FALSE,NA,NA,NA
"1447","Fagonia_albiflora","Sciaridae_sp_4",0,0.823245521533297,0.999309527521021,"both↑",FALSE,0.911277524527159,"Both approaches",0.807767969808845
"1448","Fagonia_albiflora","Scymnus_canariensis",0,0.528483943732785,0.5,NA,FALSE,NA,NA,NA
"1449","Fagonia_albiflora","Sepsis_sp",0,0.522565443482542,0.522425341575033,NA,FALSE,NA,NA,NA
"1450","Fagonia_albiflora","Sibinia_sericea",0,0.5,0.5,NA,FALSE,NA,NA,NA
"1451","Fagonia_albiflora","Sphaeniscus_filiolus",0,0.54205702391298,NA,NA,FALSE,NA,NA,NA
"1452","Fagonia_albiflora","Sphecidae_sp",0,0.5,NA,NA,FALSE,NA,NA,NA
"1453","Fagonia_albiflora","Stenoselma_sp",0,0.548068004887536,0.542567773195111,NA,FALSE,NA,NA,NA
"1454","Fagonia_albiflora","Stomorhina_lunata",0,0.5,0.5,NA,FALSE,NA,NA,NA
"1455","Fagonia_albiflora","Synthesomyia_nudiseta",0,0.536981958650201,0.5,NA,FALSE,NA,NA,NA
"1456","Fagonia_albiflora","Syritta_pipiens",0,0.714254940214059,0.679395913243095,"offs↑ only",FALSE,0.714254940214059,"External location",0.380885703797128
"1457","Fagonia_albiflora","Tachina_canariensis",0,0.703874109923172,0.794651720513951,"both↑",FALSE,0.749262915218562,"Both approaches",0.456736316306883
"1458","Fagonia_albiflora","Tachinidae_sp_1",0,0.520585303606306,0.5,NA,FALSE,NA,NA,NA
"1459","Fagonia_albiflora","Tapinoma_nigerrimum",0,0.977143970966375,0.809697682019611,"both↑",FALSE,0.893420826492993,"Both approaches",0.769078457401486
"1460","Fagonia_albiflora","Tephritidae_sp_1",0,0.5,0.5,NA,FALSE,NA,NA,NA
"1461","Fagonia_albiflora","Tethina_marmorata",0,0.600076781051807,0.722106607652641,"diag↑ only",FALSE,0.722106607652641,"Single location",0.397897649914056
"1462","Fagonia_albiflora","Tethinidae_sp_1",0,0.540635181945144,NA,NA,FALSE,NA,NA,NA
"1463","Fagonia_albiflora","Tethinidae_sp_2",0,0.557348887459561,0.535912751242262,NA,FALSE,NA,NA,NA
"1464","Fagonia_albiflora","Themnothorax_hesperius",0,0.88987692839212,0.893192610208939,"both↑",FALSE,0.891534769300529,"Both approaches",0.764992000151146
"1465","Fagonia_albiflora","Themnothorax_productus",0,0.540563611581532,0.5,NA,FALSE,NA,NA,NA
"1466","Fagonia_albiflora","Themnothorax_risii",0,0.553139537227793,0.515528037170456,NA,FALSE,NA,NA,NA
"1467","Fagonia_albiflora","Thomisus_cf_globosum",0,0.54037376031564,0.5,NA,FALSE,NA,NA,NA
"1468","Fagonia_albiflora","Thomisus_cf_onustus",0,0.57090952913652,0.502587983774769,NA,FALSE,NA,NA,NA
"1469","Fagonia_albiflora","Thyreus_sp_aff_ramosus",0,0.564063888987393,0.5,NA,FALSE,NA,NA,NA
"1470","Fagonia_albiflora","Thyridanthrax_indigenus",0,0.894924991831677,0.977763368679156,"both↑",FALSE,0.936344180255416,"Both approaches",0.862079057220069
"1471","Fagonia_albiflora","Thysanoptera_sp",0,0.910492860948113,0.5,"offs↑ only",FALSE,0.910492860948113,"External location",0.806067865387578
"1472","Fagonia_albiflora","Thysanoptera_sp_1",0,0.985698712672084,0.949370209776104,"both↑",FALSE,0.967534461224094,"Both approaches",0.929657999318871
"1473","Fagonia_albiflora","Thysanoptera_sp_2",0.428571428571429,NA,NA,NA,TRUE,NA,NA,NA
"1474","Fagonia_albiflora","Thysanoptera_sp_3",0,0.564000032141938,0.633284998412265,NA,FALSE,NA,NA,NA
"1475","Fagonia_albiflora","Thysanoptera_sp_7",0,0.997605146869714,0.999713191591718,"both↑",FALSE,0.998659169230716,"Both approaches",0.997094866666552
"1476","Fagonia_albiflora","Torymoides_lindbergi",0,0.5,0.5,NA,FALSE,NA,NA,NA
"1477","Fagonia_albiflora","Trixoscelis_sp",0,0.520349383794668,0.5,NA,FALSE,NA,NA,NA
"1478","Fagonia_albiflora","Troglops_sp",0.142857142857143,NA,NA,NA,TRUE,NA,NA,NA
"1479","Fagonia_albiflora","Tropinota_squalida",0,0.515790411575947,0.5,NA,FALSE,NA,NA,NA
"1480","Fagonia_albiflora","Trupanea_augur",0,0.52602799097798,0.5,NA,FALSE,NA,NA,NA
"1481","Fagonia_albiflora","Urelliosoma_guimari",0,0.592426950225123,0.509156376324003,NA,FALSE,NA,NA,NA
"1482","Fagonia_albiflora","Urellliosoma_sp",0,0.531905502486708,0.5,NA,FALSE,NA,NA,NA
"1483","Fagonia_albiflora","Vanessa_Cardui",0,0.519803911810215,0.5,NA,FALSE,NA,NA,NA
"1484","Fagonia_albiflora","Vestitohalictus_sp",0,0.527627566236701,0.5,NA,FALSE,NA,NA,NA
"1485","Frankenia_laevis","Agromyzidae_sp_1",0,0.524292949503987,0.580658725617402,NA,FALSE,NA,NA,NA
"1486","Frankenia_laevis","Agromyzidae_sp_2",0,0.503688702853354,0.5,NA,FALSE,NA,NA,NA
"1487","Frankenia_laevis","Amegilla_canifrons",0,0.5,0.5,NA,FALSE,NA,NA,NA
"1488","Frankenia_laevis","Amegilla_quadrifasciata",0,0.555076829819542,0.5,NA,FALSE,NA,NA,NA
"1489","Frankenia_laevis","Ammophila_terminata",0.142857142857143,NA,NA,NA,TRUE,NA,NA,NA
"1490","Frankenia_laevis","Anaspis_proteus",0,0.9021016749449,0.942495221529644,"both↑",FALSE,0.922298448237272,"Both approaches",0.831646637847423
"1491","Frankenia_laevis","Anthophora_alluaudi",0,0.711506110352975,0.633357582555387,"offs↑ only",FALSE,0.711506110352975,"External location",0.37492990576478
"1492","Frankenia_laevis","Anthophora_orotavae",0,0.5,0.5,NA,FALSE,NA,NA,NA
"1493","Frankenia_laevis","Apis_mellifera",0,0.578183652742086,0.557137963225728,NA,FALSE,NA,NA,NA
"1494","Frankenia_laevis","Aprostocetus_occidentalis",0,0.538372335965795,0.5,NA,FALSE,NA,NA,NA
"1495","Frankenia_laevis","Aprostocetus_sp_2",0,0.5,NA,NA,FALSE,NA,NA,NA
"1496","Frankenia_laevis","Attagenus_wollastoni",0,0.508749851938871,0.536639547347518,NA,FALSE,NA,NA,NA
"1497","Frankenia_laevis","Attalus_pallipes",0,0.5,0.5,NA,FALSE,NA,NA,NA
"1498","Frankenia_laevis","Attalus_ruficollis",0,0.5,0.5,NA,FALSE,NA,NA,NA
"1499","Frankenia_laevis","Aulacoderus_canariensis",0,0.5,0.5,NA,FALSE,NA,NA,NA
"1500","Frankenia_laevis","Bassus_sp",0,0.5,0.5,NA,FALSE,NA,NA,NA
"1501","Frankenia_laevis","Blaesoxipha_sp_1",0,0.5,0.5,NA,FALSE,NA,NA,NA
"1502","Frankenia_laevis","Bracon_sp",0,0.5,0.5,NA,FALSE,NA,NA,NA
"1503","Frankenia_laevis","Camponotus_feae",0.285714285714286,NA,NA,NA,TRUE,NA,NA,NA
"1504","Frankenia_laevis","Ceratogoponidae_sp",0,0.5,NA,NA,FALSE,NA,NA,NA
"1505","Frankenia_laevis","Chalicodoma_canescens",0,0.5,NA,NA,FALSE,NA,NA,NA
"1506","Frankenia_laevis","Chetogena_acuminata",0.142857142857143,NA,NA,NA,TRUE,NA,NA,NA
"1507","Frankenia_laevis","Chironomidae_sp",0,0.5,0.5,NA,FALSE,NA,NA,NA
"1508","Frankenia_laevis","Chloropidae_sp",0,0.5,0.5,NA,FALSE,NA,NA,NA
"1509","Frankenia_laevis","Chloropidae_sp_5",0,0.501923566683747,0.5006059128533,NA,FALSE,NA,NA,NA
"1510","Frankenia_laevis","Chloropidae_sp_6",0,0.5,0.5,NA,FALSE,NA,NA,NA
"1511","Frankenia_laevis","Chrysomya_albiceps",0,0.96231854684181,0.868971748169923,"both↑",FALSE,0.915645147505866,"Both approaches",0.817231152929377
"1512","Frankenia_laevis","Coccinella_miranda",0,0.5,0.5,NA,FALSE,NA,NA,NA
"1513","Frankenia_laevis","Crematogaster_alluaudi",0,0.5,0.5,NA,FALSE,NA,NA,NA
"1514","Frankenia_laevis","Cryptocephalus_gounellei",0,0.5,0.5,NA,FALSE,NA,NA,NA
"1515","Frankenia_laevis","Dasytes_cf_subaenescens",0,0.5,0.5,NA,FALSE,NA,NA,NA
"1516","Frankenia_laevis","Dasytes_subaenescens",0,0.660877649553395,0.625825055927135,NA,FALSE,NA,NA,NA
"1517","Frankenia_laevis","Dinarmoides_spilopterus",0,0.5,0.5,NA,FALSE,NA,NA,NA
"1518","Frankenia_laevis","Elasmus_platyedrae",0,0.5,0.5,NA,FALSE,NA,NA,NA
"1519","Frankenia_laevis","Eristalinus_aeneus",0,0.500334597043146,0.5,NA,FALSE,NA,NA,NA
"1520","Frankenia_laevis","Eristalinus_taeniops",0,0.509668654427253,NA,NA,FALSE,NA,NA,NA
"1521","Frankenia_laevis","Eristalis_tenax",0,0.500804758579579,0.5,NA,FALSE,NA,NA,NA
"1522","Frankenia_laevis","Estheria_simonyi",0,0.667920327991643,0.696685463964442,NA,FALSE,NA,NA,NA
"1523","Frankenia_laevis","Eucera_gracilipes",0,0.5,0.5,NA,FALSE,NA,NA,NA
"1524","Frankenia_laevis","Euderus_sp",0,0.501110789794013,0.5,NA,FALSE,NA,NA,NA
"1525","Frankenia_laevis","Eumerus_latitarsis",0,0.750267334548084,0.667771009593414,"offs↑ only",FALSE,0.750267334548084,"External location",0.458912558187516
"1526","Frankenia_laevis","Eumerus_nivariae",0,0.503874741650213,NA,NA,FALSE,NA,NA,NA
"1527","Frankenia_laevis","Eupelmus_sp",0,0.5,0.5,NA,FALSE,NA,NA,NA
"1528","Frankenia_laevis","Eurytoma_sp_1",0,0.5,0.509513782664437,NA,FALSE,NA,NA,NA
"1529","Frankenia_laevis","Fannia_sp",0,0.500129817136986,0.521945881810085,NA,FALSE,NA,NA,NA
"1530","Frankenia_laevis","Geometridae_sp",0,0.5,NA,NA,FALSE,NA,NA,NA
"1531","Frankenia_laevis","Gnaphosidae_sp_1",0,0.5,0.506230396459419,NA,FALSE,NA,NA,NA
"1532","Frankenia_laevis","Holepyris_sp",0,0.5,0.5,NA,FALSE,NA,NA,NA
"1533","Frankenia_laevis","Hylaeus_ater",0.142857142857143,NA,NA,NA,TRUE,NA,NA,NA
"1534","Frankenia_laevis","Lasioglossum_loetum",0,0.630236823798573,0.5,NA,FALSE,NA,NA,NA
"1535","Frankenia_laevis","Lasioglossum_viride",0,0.88222457047182,0.965897995729129,"both↑",FALSE,0.924061283100475,"Both approaches",0.835466113384362
"1536","Frankenia_laevis","Leptochilus_cruentatus",0,0.548386942068348,0.51304980994355,NA,FALSE,NA,NA,NA
"1537","Frankenia_laevis","Leptochilus_eatoni",0,0.5,0.5,NA,FALSE,NA,NA,NA
"1538","Frankenia_laevis","Lucilia_sericata",0,0.815410839977219,0.708515013833554,"both↑",FALSE,0.761962926905387,"Both approaches",0.484253008295004
"1539","Frankenia_laevis","Macrocoma_splendens",0,0.504891570946503,0.5,NA,FALSE,NA,NA,NA
"1540","Frankenia_laevis","Malthinus_mutabilis",0,0.5,0.5,NA,FALSE,NA,NA,NA
"1541","Frankenia_laevis","Megachile_canariensis",0,0.5,0.5,NA,FALSE,NA,NA,NA
"1542","Frankenia_laevis","Megaselia_sp_2",0,0.5,0.5,NA,FALSE,NA,NA,NA
"1543","Frankenia_laevis","Meligethes_canariensis",0,0.790602628396173,0.804252004113691,"both↑",FALSE,0.797427316254932,"Both approaches",0.561092518552353
"1544","Frankenia_laevis","Meligethes_cf_canariensis",0,0.5,0.5,NA,FALSE,NA,NA,NA
"1545","Frankenia_laevis","Minotetrastichus_sp",0,0.5,0.5,NA,FALSE,NA,NA,NA
"1546","Frankenia_laevis","Monomorium_subopacum",0.142857142857143,NA,NA,NA,TRUE,NA,NA,NA
"1547","Frankenia_laevis","Mordellistena_cf_canariensis",0,0.5,NA,NA,FALSE,NA,NA,NA
"1548","Frankenia_laevis","Musca_domestica",0,0.620330768276577,0.578237302151721,NA,FALSE,NA,NA,NA
"1549","Frankenia_laevis","Myathropa_florea",0,0.506291736164175,NA,NA,FALSE,NA,NA,NA
"1550","Frankenia_laevis","Myopites_nigrescens",0,0.914270116732367,0.988111136612451,"both↑",FALSE,0.951190626672409,"Both approaches",0.89424635779022
"1551","Frankenia_laevis","Neodryophilus_cryptophagoides",0,0.5,0.5,NA,FALSE,NA,NA,NA
"1552","Frankenia_laevis","Nomioides_fortunatus",0,0.5,0.5,NA,FALSE,NA,NA,NA
"1553","Frankenia_laevis","Oscinella_sp_1",0,0.541942613702653,0.5,NA,FALSE,NA,NA,NA
"1554","Frankenia_laevis","Oscinella_sp_2",0,0.5,NA,NA,FALSE,NA,NA,NA
"1555","Frankenia_laevis","Oxyopes_cf_kraepelinorum",0,0.5,0.529909906680333,NA,FALSE,NA,NA,NA
"1556","Frankenia_laevis","Phthiria_simonyi",0,0.521030870666756,0.515125380486209,NA,FALSE,NA,NA,NA
"1557","Frankenia_laevis","Physiphora_alceae",0,0.5,0.509724111802159,NA,FALSE,NA,NA,NA
"1558","Frankenia_laevis","Phyto_discrepans",0,0.5,0.545142244559254,NA,FALSE,NA,NA,NA
"1559","Frankenia_laevis","Plagiolepis_schmitzii",0,0.749040583255571,NA,NA,FALSE,NA,NA,NA
"1560","Frankenia_laevis","Plagiolepis_sp_2",0.142857142857143,NA,NA,NA,TRUE,NA,NA,NA
"1561","Frankenia_laevis","Platypalpus_sp",0,0.5,0.5,NA,FALSE,NA,NA,NA
"1562","Frankenia_laevis","Platypalpus_sp_2",0,0.5,NA,NA,FALSE,NA,NA,NA
"1563","Frankenia_laevis","Pteromalus_sp_1",0,0.5,0.5,NA,FALSE,NA,NA,NA
"1564","Frankenia_laevis","Pteromalus_sp_3",0,0.5,0.50486016217704,NA,FALSE,NA,NA,NA
"1565","Frankenia_laevis","Pteromalus_sp_4",0,0.500598511600724,0.530872998308709,NA,FALSE,NA,NA,NA
"1566","Frankenia_laevis","Sarcophagidae_sp_5",0,0.650569440310828,0.639379692217129,NA,FALSE,NA,NA,NA
"1567","Frankenia_laevis","Sarcophagidae_sp_8",0,0.653650084346827,NA,NA,FALSE,NA,NA,NA
"1568","Frankenia_laevis","Scenopinus_sp",0,0.5,NA,NA,FALSE,NA,NA,NA
"1569","Frankenia_laevis","Sciaridae_sp",0,0.502169280590542,0.5,NA,FALSE,NA,NA,NA
"1570","Frankenia_laevis","Sciaridae_sp_1",0,0.526911094915676,0.607557826233915,NA,FALSE,NA,NA,NA
"1571","Frankenia_laevis","Sibinia_sericea",0,0.5,0.506230396459419,NA,FALSE,NA,NA,NA
"1572","Frankenia_laevis","Sphaeniscus_filiolus",0,0.5,0.5,NA,FALSE,NA,NA,NA
"1573","Frankenia_laevis","Stomorhina_lunata",0,0.5,NA,NA,FALSE,NA,NA,NA
"1574","Frankenia_laevis","Synthesomyia_nudiseta",0,0.505170087006033,0.568650059523485,NA,FALSE,NA,NA,NA
"1575","Frankenia_laevis","Syritta_pipiens",0,0.550452346775277,0.5,NA,FALSE,NA,NA,NA
"1576","Frankenia_laevis","Tethina_marmorata",0,0.5,NA,NA,FALSE,NA,NA,NA
"1577","Frankenia_laevis","Themnothorax_hesperius",0.142857142857143,NA,NA,NA,TRUE,NA,NA,NA
"1578","Frankenia_laevis","Thomisus_cf_onustus",0,0.5,0.5,NA,FALSE,NA,NA,NA
"1579","Frankenia_laevis","Thysanoptera_sp_1",0,0.954781283584789,0.92900536545072,"both↑",FALSE,0.941893324517755,"Both approaches",0.874102203121802
"1580","Frankenia_laevis","Thysanoptera_sp_2",0,0.978264792109761,0.999786060821184,"both↑",FALSE,0.989025426465472,"Both approaches",0.976221757341857
"1581","Frankenia_laevis","Thysanoptera_sp_3",0,0.500896718518715,0.501139785114747,NA,FALSE,NA,NA,NA
"1582","Frankenia_laevis","Thysanoptera_sp_7",0,0.958482772106823,0.998380292670497,"both↑",FALSE,0.97843153238866,"Both approaches",0.95326832017543
"1583","Frankenia_laevis","Torymoides_lindbergi",0,0.5,0.520543067155803,NA,FALSE,NA,NA,NA
"1584","Frankenia_laevis","Trixoscelis_sp",0,0.5,0.5,NA,FALSE,NA,NA,NA
"1585","Frankenia_laevis","Urelliosoma_guimari",0,0.548086047250715,0.590084228344087,NA,FALSE,NA,NA,NA
"1586","Helianthemum_canariensis","Agromyzidae_sp_1",0,0.5,NA,NA,FALSE,NA,NA,NA
"1587","Helianthemum_canariensis","Amegilla_quadrifasciata",0,0.552009623415887,NA,NA,FALSE,NA,NA,NA
"1588","Helianthemum_canariensis","Amegilla_sp",0,0.555636917034321,0.565499892422067,NA,FALSE,NA,NA,NA
"1589","Helianthemum_canariensis","Ammophila_terminata",0,0.5,0.5,NA,FALSE,NA,NA,NA
"1590","Helianthemum_canariensis","Anaspis_cf_eversi",0,0.5,0.5,NA,FALSE,NA,NA,NA
"1591","Helianthemum_canariensis","Anaspis_cf_saharensis",0,0.5,NA,NA,FALSE,NA,NA,NA
"1592","Helianthemum_canariensis","Anaspis_proteus",0,0.773454041790559,0.721246894602388,"both↑",FALSE,0.747350468196474,"Both approaches",0.45259268109236
"1593","Helianthemum_canariensis","Andrena_vachali",0,0.5,0.5,NA,FALSE,NA,NA,NA
"1594","Helianthemum_canariensis","Anthaxia_sp_1",0,0.536223447859228,0.552408219624074,NA,FALSE,NA,NA,NA
"1595","Helianthemum_canariensis","Anthophora_alluaudi",0,0.744294396150328,0.671495434510014,"offs↑ only",FALSE,0.744294396150328,"External location",0.445971191659043
"1596","Helianthemum_canariensis","Anthophora_orotavae",0,0.5,0.5,NA,FALSE,NA,NA,NA
"1597","Helianthemum_canariensis","Anthophora_sp_1",0,0.5,NA,NA,FALSE,NA,NA,NA
"1598","Helianthemum_canariensis","Anthophora_sp_aff_orotavae",0,0.5,0.5,NA,FALSE,NA,NA,NA
"1599","Helianthemum_canariensis","Aphthona_wachnitzae",0,0.624798710328847,0.773116210526688,"diag↑ only",FALSE,0.773116210526688,"Single location",0.508418456141156
"1600","Helianthemum_canariensis","Apis_mellifera",0.142857142857143,NA,NA,NA,TRUE,NA,NA,NA
"1601","Helianthemum_canariensis","Aplocnemus_sp_2",0,0.5,0.5,NA,FALSE,NA,NA,NA
"1602","Helianthemum_canariensis","Aprostocetus_occidentalis",0,0.54800423000396,NA,NA,FALSE,NA,NA,NA
"1603","Helianthemum_canariensis","Aprostocetus_sp_1",0,0.5,0.5,NA,FALSE,NA,NA,NA
"1604","Helianthemum_canariensis","Aprostocetus_sp_2",0,0.5,0.5,NA,FALSE,NA,NA,NA
"1605","Helianthemum_canariensis","Arachnospila_sp",0,0.5,0.5,NA,FALSE,NA,NA,NA
"1606","Helianthemum_canariensis","Araneae_sp_1",0,0.5,0.5,NA,FALSE,NA,NA,NA
"1607","Helianthemum_canariensis","Asteia_caesia",0,0.5,NA,NA,FALSE,NA,NA,NA
"1608","Helianthemum_canariensis","Attagenus_abbreviatus",0,0.5,NA,NA,FALSE,NA,NA,NA
"1609","Helianthemum_canariensis","Attagenus_sp_1",0,0.5,0.5,NA,FALSE,NA,NA,NA
"1610","Helianthemum_canariensis","Attagenus_wollastoni",0,0.50685650484888,0.516760700977283,NA,FALSE,NA,NA,NA
"1611","Helianthemum_canariensis","Attalus_chrysanthemi",0,0.5,0.5,NA,FALSE,NA,NA,NA
"1612","Helianthemum_canariensis","Attalus_olivensis",0,0.724313065547743,0.95579264857845,"both↑",FALSE,0.840052857063096,"Both approaches",0.653447856970042
"1613","Helianthemum_canariensis","Attalus_ruficollis",0,0.5,0.5,NA,FALSE,NA,NA,NA
"1614","Helianthemum_canariensis","Aulacoderus_canariensis",0,0.862301630488178,0.994143265902707,"both↑",FALSE,0.928222448195442,"Both approaches",0.844481971090125
"1615","Helianthemum_canariensis","Axinotarsus_sp_1",0,0.5,0.5,NA,FALSE,NA,NA,NA
"1616","Helianthemum_canariensis","Blaesoxipha_sp_1",0,0.5,0.5,NA,FALSE,NA,NA,NA
"1617","Helianthemum_canariensis","Bombylius_sp_1",0,0.5,0.5,NA,FALSE,NA,NA,NA
"1618","Helianthemum_canariensis","Bracon_sp",0,0.5,0.5,NA,FALSE,NA,NA,NA
"1619","Helianthemum_canariensis","Campiglossa_martii",0,0.50440241248005,0.5,NA,FALSE,NA,NA,NA
"1620","Helianthemum_canariensis","Camponotus_cfr_feae",0,0.507567246021366,0.5,NA,FALSE,NA,NA,NA
"1621","Helianthemum_canariensis","Camponotus_feae",0.142857142857143,NA,NA,NA,TRUE,NA,NA,NA
"1622","Helianthemum_canariensis","Cecidomyiidae_sp",0,0.5,0.5,NA,FALSE,NA,NA,NA
"1623","Helianthemum_canariensis","Cephalodromia_sp",0,0.5,0.5,NA,FALSE,NA,NA,NA
"1624","Helianthemum_canariensis","Chalicodoma_canescens",0,0.5,0.5,NA,FALSE,NA,NA,NA
"1625","Helianthemum_canariensis","Chalicodoma_sicula",0,0.5,0.5,NA,FALSE,NA,NA,NA
"1626","Helianthemum_canariensis","Chalicodoma_sp",0,0.5,NA,NA,FALSE,NA,NA,NA
"1627","Helianthemum_canariensis","Chetogena_acuminata",0,0.5,0.5,NA,FALSE,NA,NA,NA
"1628","Helianthemum_canariensis","Chloropidae_sp",0,0.5,NA,NA,FALSE,NA,NA,NA
"1629","Helianthemum_canariensis","Chloropidae_sp_1",0,0.5,0.5,NA,FALSE,NA,NA,NA
"1630","Helianthemum_canariensis","Chloropidae_sp_2",0,0.5,0.5,NA,FALSE,NA,NA,NA
"1631","Helianthemum_canariensis","Chloropidae_sp_5",0,0.5,0.5,NA,FALSE,NA,NA,NA
"1632","Helianthemum_canariensis","Chloropidae_sp_6",0,0.5,NA,NA,FALSE,NA,NA,NA
"1633","Helianthemum_canariensis","Chrysomya_albiceps",0,0.722651332863144,0.745189460598526,"both↑",FALSE,0.733920396730835,"Both approaches",0.423494192916808
"1634","Helianthemum_canariensis","Coleoptera_sp_5",0,0.564386487425513,0.611847093231655,NA,FALSE,NA,NA,NA
"1635","Helianthemum_canariensis","Colletes1_Waiting_85",0,0.556291758830183,0.5,NA,FALSE,NA,NA,NA
"1636","Helianthemum_canariensis","Colletes2_Waiting_85",0,0.5,0.5,NA,FALSE,NA,NA,NA
"1637","Helianthemum_canariensis","Crematogaster_scutellaris",0,0.5,0.5,NA,FALSE,NA,NA,NA
"1638","Helianthemum_canariensis","Cryptocephalus_nubigena",0,0.5,NA,NA,FALSE,NA,NA,NA
"1639","Helianthemum_canariensis","Dasytes_lanzarotensis",0,0.501047040855379,0.5,NA,FALSE,NA,NA,NA
"1640","Helianthemum_canariensis","Diglyphus_chabrias",0,0.5,0.507980464915404,NA,FALSE,NA,NA,NA
"1641","Helianthemum_canariensis","Dinarmoides_spilopterus",0,0.5,0.5,NA,FALSE,NA,NA,NA
"1642","Helianthemum_canariensis","Dischistus_atlanticus",0.142857142857143,NA,NA,NA,TRUE,NA,NA,NA
"1643","Helianthemum_canariensis","Eristalinus_aeneus",0,0.5,NA,NA,FALSE,NA,NA,NA
"1644","Helianthemum_canariensis","Eristalinus_taeniops",0,0.523119929512997,0.5,NA,FALSE,NA,NA,NA
"1645","Helianthemum_canariensis","Eristalis_tenax",0,0.5,NA,NA,FALSE,NA,NA,NA
"1646","Helianthemum_canariensis","Euderus_sp",0,0.5,0.5,NA,FALSE,NA,NA,NA
"1647","Helianthemum_canariensis","Eupelmus_sp",0,0.5,0.5,NA,FALSE,NA,NA,NA
"1648","Helianthemum_canariensis","Eurytoma_sp_1",0.142857142857143,NA,NA,NA,TRUE,NA,NA,NA
"1649","Helianthemum_canariensis","Eurytoma_sp_2",0,0.5,NA,NA,FALSE,NA,NA,NA
"1650","Helianthemum_canariensis","Eurytoma_sp_3",0,0.5,0.5,NA,FALSE,NA,NA,NA
"1651","Helianthemum_canariensis","Fannia_sp",0,0.501950996111728,NA,NA,FALSE,NA,NA,NA
"1652","Helianthemum_canariensis","Geometridae_sp_2",0,0.5,0.5,NA,FALSE,NA,NA,NA
"1653","Helianthemum_canariensis","Gnaphosidae_sp_1",0,0.5,0.5,NA,FALSE,NA,NA,NA
"1654","Helianthemum_canariensis","Goniozus_sp",0,0.5,0.5,NA,FALSE,NA,NA,NA
"1655","Helianthemum_canariensis","Holepyris_sp",0,0.5,0.5,NA,FALSE,NA,NA,NA
"1656","Helianthemum_canariensis","Hylaeus_sp",0,0.502589799789917,NA,NA,FALSE,NA,NA,NA
"1657","Helianthemum_canariensis","Hym_Waiting_85",0,0.5,0.5,NA,FALSE,NA,NA,NA
"1658","Helianthemum_canariensis","Lasioglossum_loetum",0,0.641825573331906,0.5,NA,FALSE,NA,NA,NA
"1659","Helianthemum_canariensis","Lasioglossum_phoenicurum",0,0.507417330086841,0.700878946722061,"diag↑ only",FALSE,0.700878946722061,"Single location",0.351904384564465
"1660","Helianthemum_canariensis","Lasioglossum_viride",0,0.783818117087499,0.598784315150774,"offs↑ only",FALSE,0.783818117087499,"External location",0.531605920356248
"1661","Helianthemum_canariensis","Leptochilus_eatoni",0,0.5,0.5,NA,FALSE,NA,NA,NA
"1662","Helianthemum_canariensis","Leptochilus_fortunatus",0,0.5,NA,NA,FALSE,NA,NA,NA
"1663","Helianthemum_canariensis","Lucilia_sericata",0,0.86589968599355,0.806629311776939,"both↑",FALSE,0.836264498885245,"Both approaches",0.645239747584696
"1664","Helianthemum_canariensis","Lucilia_sp_1",0,0.655412255716081,0.65629427349133,NA,FALSE,NA,NA,NA
"1665","Helianthemum_canariensis","Macrocoma_cf_henoni",0,0.5,NA,NA,FALSE,NA,NA,NA
"1666","Helianthemum_canariensis","Macrocoma_splendens",0,0.5,NA,NA,FALSE,NA,NA,NA
"1667","Helianthemum_canariensis","Megachile_canariensis",0,0.5,0.5,NA,FALSE,NA,NA,NA
"1668","Helianthemum_canariensis","Melecta_sp",0,0.5,0.5,NA,FALSE,NA,NA,NA
"1669","Helianthemum_canariensis","Meligethes_cf_canariensis",0,0.5,0.5,NA,FALSE,NA,NA,NA
"1670","Helianthemum_canariensis","Milichiidae_sp",0,0.5,0.5,NA,FALSE,NA,NA,NA
"1671","Helianthemum_canariensis","Monomorium_subopacum",0,0.5,NA,NA,FALSE,NA,NA,NA
"1672","Helianthemum_canariensis","Mordellistena_cf_canariensis",0,0.5,0.5,NA,FALSE,NA,NA,NA
"1673","Helianthemum_canariensis","Musca_domestica",0,0.607810492633472,0.5,NA,FALSE,NA,NA,NA
"1674","Helianthemum_canariensis","Musca_osiris",0,0.5,0.5,NA,FALSE,NA,NA,NA
"1675","Helianthemum_canariensis","Musca_sorbens",0,0.508580233291166,0.583710736957585,NA,FALSE,NA,NA,NA
"1676","Helianthemum_canariensis","Myopites_nigrescens",0,0.907993872000343,NA,NA,FALSE,NA,NA,NA
"1677","Helianthemum_canariensis","Nomioides_deceptor",0,0.797050725612867,0.999828190034271,"both↑",FALSE,0.898439457823569,"Both approaches",0.779952158617733
"1678","Helianthemum_canariensis","Nomioides_fortunatus",0,0.5,NA,NA,FALSE,NA,NA,NA
"1679","Helianthemum_canariensis","Nomioides_sp",0,0.513596339222774,0.523448540798372,NA,FALSE,NA,NA,NA
"1680","Helianthemum_canariensis","Nyctia_lugubris",0,0.5,0.5,NA,FALSE,NA,NA,NA
"1681","Helianthemum_canariensis","Ormyrus_sp_1",0,0.5,NA,NA,FALSE,NA,NA,NA
"1682","Helianthemum_canariensis","Oscinella_sp_1",0,0.531185244962401,0.5,NA,FALSE,NA,NA,NA
"1683","Helianthemum_canariensis","Oscinella_sp_2",0,0.5,0.5,NA,FALSE,NA,NA,NA
"1684","Helianthemum_canariensis","Oscinimorpha_sp",0,0.5,0.5,NA,FALSE,NA,NA,NA
"1685","Helianthemum_canariensis","Oxyopes_cf_kraepelinorum",0,0.5,NA,NA,FALSE,NA,NA,NA
"1686","Helianthemum_canariensis","Paragus_tibialis",0,0.5,0.5,NA,FALSE,NA,NA,NA
"1687","Helianthemum_canariensis","Phalacrus_coruscus",0,0.5,0.5,NA,FALSE,NA,NA,NA
"1688","Helianthemum_canariensis","Physiphora_alceae",0,0.5,0.5,NA,FALSE,NA,NA,NA
"1689","Helianthemum_canariensis","Phyto_discrepans",0,0.506235081245192,NA,NA,FALSE,NA,NA,NA
"1690","Helianthemum_canariensis","Phyto_nigrobarbata",0,0.5,0.5,NA,FALSE,NA,NA,NA
"1691","Helianthemum_canariensis","Plagiolepis_schmitzii",0,0.838414123197921,0.788667987651298,"both↑",FALSE,0.813541055424609,"Both approaches",0.596005620086654
"1692","Helianthemum_canariensis","Plagiolepis_sp_2",0.142857142857143,NA,NA,NA,TRUE,NA,NA,NA
"1693","Helianthemum_canariensis","Platypalpus_sp",0,0.5,0.5,NA,FALSE,NA,NA,NA
"1694","Helianthemum_canariensis","Platypalpus_sp_1",0,0.5,0.5,NA,FALSE,NA,NA,NA
"1695","Helianthemum_canariensis","Platypalpus_sp_2",0,0.5,NA,NA,FALSE,NA,NA,NA
"1696","Helianthemum_canariensis","Podalonia_sp",0,0.5,NA,NA,FALSE,NA,NA,NA
"1697","Helianthemum_canariensis","Proconura_sp_1",0,0.5,0.5,NA,FALSE,NA,NA,NA
"1698","Helianthemum_canariensis","Proconura_sp_2",0,0.5,0.5,NA,FALSE,NA,NA,NA
"1699","Helianthemum_canariensis","Pteromalus_sp_2",0,0.510122618672261,0.5,NA,FALSE,NA,NA,NA
"1700","Helianthemum_canariensis","Pteromalus_sp_3",0,0.5,0.501831529079358,NA,FALSE,NA,NA,NA
"1701","Helianthemum_canariensis","Pteromalus_sp_4",0,0.5,0.541655968743835,NA,FALSE,NA,NA,NA
"1702","Helianthemum_canariensis","Sapromyza_sp",0,0.5,0.5,NA,FALSE,NA,NA,NA
"1703","Helianthemum_canariensis","Sarcophaga_sp_1",0,0.5,0.5,NA,FALSE,NA,NA,NA
"1704","Helianthemum_canariensis","Sarcophagidae_sp",0,0.5,NA,NA,FALSE,NA,NA,NA
"1705","Helianthemum_canariensis","Sarcophagidae_sp_2",0,0.5,0.5,NA,FALSE,NA,NA,NA
"1706","Helianthemum_canariensis","Sarcophagidae_sp_4",0.142857142857143,NA,NA,NA,TRUE,NA,NA,NA
"1707","Helianthemum_canariensis","Sarcophagidae_sp_5",0,0.677848300024387,0.669442330238672,NA,FALSE,NA,NA,NA
"1708","Helianthemum_canariensis","Sarcophagidae_sp_6",0,0.5,0.5,NA,FALSE,NA,NA,NA
"1709","Helianthemum_canariensis","Sarcophagidae_sp_7",0,0.502160826638614,0.5,NA,FALSE,NA,NA,NA
"1710","Helianthemum_canariensis","Sarcophagidae_sp_8",0,0.583869118799551,0.5724891338422,NA,FALSE,NA,NA,NA
"1711","Helianthemum_canariensis","Scaptomyza_sp_2",0,0.5,0.5,NA,FALSE,NA,NA,NA
"1712","Helianthemum_canariensis","Scenopinus_sp",0,0.5,0.5,NA,FALSE,NA,NA,NA
"1713","Helianthemum_canariensis","Sciaridae_sp",0,0.891471037627513,0.985821495921016,"both↑",FALSE,0.938646266774265,"Both approaches",0.86706691134424
"1714","Helianthemum_canariensis","Sciaridae_sp_1",0,0.504301625062055,0.557511637776541,NA,FALSE,NA,NA,NA
"1715","Helianthemum_canariensis","Sciaridae_sp_4",0,0.913649673042533,0.749696047483561,"both↑",FALSE,0.831672860263047,"Both approaches",0.635291197236601
"1716","Helianthemum_canariensis","Sibinia_sericea",0,0.5,0.5,NA,FALSE,NA,NA,NA
"1717","Helianthemum_canariensis","Sphaeniscus_filiolus",0,0.5,0.5,NA,FALSE,NA,NA,NA
"1718","Helianthemum_canariensis","Sphecidae_sp",0,0.5,0.5,NA,FALSE,NA,NA,NA
"1719","Helianthemum_canariensis","Stomorhina_lunata",0,0.5,0.5,NA,FALSE,NA,NA,NA
"1720","Helianthemum_canariensis","Synthesomyia_nudiseta",0,0.5,0.543713953470511,NA,FALSE,NA,NA,NA
"1721","Helianthemum_canariensis","Syritta_pipiens",0,0.515718149578606,0.5,NA,FALSE,NA,NA,NA
"1722","Helianthemum_canariensis","Tachinidae_sp_1",0,0.5,0.5,NA,FALSE,NA,NA,NA
"1723","Helianthemum_canariensis","Tachyagetes_aemulans",0,0.5,0.5,NA,FALSE,NA,NA,NA
"1724","Helianthemum_canariensis","Tapinoma_nigerrimum",0.142857142857143,NA,NA,NA,TRUE,NA,NA,NA
"1725","Helianthemum_canariensis","Tephritidae_sp_1",0,0.5,0.5,NA,FALSE,NA,NA,NA
"1726","Helianthemum_canariensis","Tethinidae_sp_1",0,0.5,0.5,NA,FALSE,NA,NA,NA
"1727","Helianthemum_canariensis","Tethinidae_sp_2",0,0.50380863921172,0.523530212885512,NA,FALSE,NA,NA,NA
"1728","Helianthemum_canariensis","Tethinidae_sp_3",0,0.5,0.5,NA,FALSE,NA,NA,NA
"1729","Helianthemum_canariensis","Tetramesa_sp",0,0.5,0.5,NA,FALSE,NA,NA,NA
"1730","Helianthemum_canariensis","Themnothorax_hesperius",0.142857142857143,NA,NA,NA,TRUE,NA,NA,NA
"1731","Helianthemum_canariensis","Themnothorax_productus",0,0.5,0.5,NA,FALSE,NA,NA,NA
"1732","Helianthemum_canariensis","Thyreus_sp_aff_ramosus",0,0.508197905042595,0.5,NA,FALSE,NA,NA,NA
"1733","Helianthemum_canariensis","Thysanoptera_sp",0,0.80455670183451,0.871581673095935,"both↑",FALSE,0.838069187465223,"Both approaches",0.649149906174649
"1734","Helianthemum_canariensis","Thysanoptera_sp_1",0.142857142857143,NA,NA,NA,TRUE,NA,NA,NA
"1735","Helianthemum_canariensis","Thysanoptera_sp_2",0.285714285714286,NA,NA,NA,TRUE,NA,NA,NA
"1736","Helianthemum_canariensis","Thysanoptera_sp_3",0,0.5,0.5,NA,FALSE,NA,NA,NA
"1737","Helianthemum_canariensis","Thysanoptera_sp_4",0,0.5,0.5,NA,FALSE,NA,NA,NA
"1738","Helianthemum_canariensis","Torymoides_lindbergi",0,0.5,0.5,NA,FALSE,NA,NA,NA
"1739","Helianthemum_canariensis","Trixoscelis_sp",0,0.5,0.5,NA,FALSE,NA,NA,NA
"1740","Helianthemum_canariensis","Troglops_sp",0,0.5,0.5,NA,FALSE,NA,NA,NA
"1741","Helianthemum_canariensis","Urelliosoma_guimari",0,0.532046678851857,0.503326409833599,NA,FALSE,NA,NA,NA
"1742","Helianthemum_canariensis","Urellliosoma_sp",0,0.5,NA,NA,FALSE,NA,NA,NA
"1743","Helianthemum_canariensis","Vanessa_Cardui",0,0.5,0.5,NA,FALSE,NA,NA,NA
"1744","Helianthemum_canariensis","Vestitohalictus_sp",0,0.5,0.5,NA,FALSE,NA,NA,NA
"1745","Kickxia_heterophylla","Amegilla_sp",0.142857142857143,NA,NA,NA,TRUE,NA,NA,NA
"1746","Kickxia_heterophylla","Anaspis_cf_eversi",0,0.5,0.5,NA,FALSE,NA,NA,NA
"1747","Kickxia_heterophylla","Anaspis_cf_saharensis",0,0.5,0.5,NA,FALSE,NA,NA,NA
"1748","Kickxia_heterophylla","Anaspis_proteus",0,0.707368436773647,NA,NA,FALSE,NA,NA,NA
"1749","Kickxia_heterophylla","Andrena_vachali",0,0.5,NA,NA,FALSE,NA,NA,NA
"1750","Kickxia_heterophylla","Anthaxia_sp_1",0,0.522171496948336,0.708246505740385,"diag↑ only",FALSE,0.708246505740385,"Single location",0.367867429104168
"1751","Kickxia_heterophylla","Anthophora_alluaudi",0,0.749887853459063,0.786828107436312,"both↑",FALSE,0.768357980447687,"Both approaches",0.498108957636656
"1752","Kickxia_heterophylla","Anthophora_sp_1",0,0.5,0.5,NA,FALSE,NA,NA,NA
"1753","Kickxia_heterophylla","Anthophora_sp_aff_orotavae",0,0.5,0.5,NA,FALSE,NA,NA,NA
"1754","Kickxia_heterophylla","Aphthona_wachnitzae",0,0.532937452837546,0.5,NA,FALSE,NA,NA,NA
"1755","Kickxia_heterophylla","Aplocnemus_sp_2",0,0.5,0.5,NA,FALSE,NA,NA,NA
"1756","Kickxia_heterophylla","Aprostocetus_sp_1",0,0.5,0.5,NA,FALSE,NA,NA,NA
"1757","Kickxia_heterophylla","Arachnospila_sp",0,0.5,0.5,NA,FALSE,NA,NA,NA
"1758","Kickxia_heterophylla","Araneae_sp_1",0,0.5,0.5,NA,FALSE,NA,NA,NA
"1759","Kickxia_heterophylla","Asteia_caesia",0,0.5,0.5,NA,FALSE,NA,NA,NA
"1760","Kickxia_heterophylla","Attagenus_abbreviatus",0,0.5,NA,NA,FALSE,NA,NA,NA
"1761","Kickxia_heterophylla","Attagenus_sp_1",0.142857142857143,NA,NA,NA,TRUE,NA,NA,NA
"1762","Kickxia_heterophylla","Attalus_chrysanthemi",0,0.5,0.5,NA,FALSE,NA,NA,NA
"1763","Kickxia_heterophylla","Attalus_olivensis",0,0.684990220141448,NA,NA,FALSE,NA,NA,NA
"1764","Kickxia_heterophylla","Aulacoderus_canariensis",0,0.781926773886815,0.991578752452614,"both↑",FALSE,0.886752763169714,"Both approaches",0.754630986867714
"1765","Kickxia_heterophylla","Axinotarsus_sp_1",0,0.5,0.5,NA,FALSE,NA,NA,NA
"1766","Kickxia_heterophylla","Blaesoxipha_sp_1",0,0.5,0.5,NA,FALSE,NA,NA,NA
"1767","Kickxia_heterophylla","Bombylius_sp_1",0,0.5,0.5,NA,FALSE,NA,NA,NA
"1768","Kickxia_heterophylla","Campiglossa_martii",0,0.5,0.5,NA,FALSE,NA,NA,NA
"1769","Kickxia_heterophylla","Camponotus_cfr_feae",0,0.5,0.5,NA,FALSE,NA,NA,NA
"1770","Kickxia_heterophylla","Camponotus_feae",0,0.916666666618294,0.5,"offs↑ only",FALSE,0.916666666618294,"External location",0.819444444339637
"1771","Kickxia_heterophylla","Cecidomyiidae_sp",0,0.5,0.5,NA,FALSE,NA,NA,NA
"1772","Kickxia_heterophylla","Cephalodromia_sp",0,0.5,0.5,NA,FALSE,NA,NA,NA
"1773","Kickxia_heterophylla","Chalicodoma_sicula",0,0.5,0.5,NA,FALSE,NA,NA,NA
"1774","Kickxia_heterophylla","Chalicodoma_sp",0,0.5,0.5,NA,FALSE,NA,NA,NA
"1775","Kickxia_heterophylla","Chetogena_acuminata",0,0.5,0.5,NA,FALSE,NA,NA,NA
"1776","Kickxia_heterophylla","Chloropidae_sp",0,0.5,0.5,NA,FALSE,NA,NA,NA
"1777","Kickxia_heterophylla","Chloropidae_sp_1",0,0.5,0.5,NA,FALSE,NA,NA,NA
"1778","Kickxia_heterophylla","Chloropidae_sp_2",0,0.5,0.5,NA,FALSE,NA,NA,NA
"1779","Kickxia_heterophylla","Chrysomya_albiceps",0,0.624949851136014,0.5,NA,FALSE,NA,NA,NA
"1780","Kickxia_heterophylla","Coleoptera_sp_5",0,0.559994413527762,0.647922560838209,NA,FALSE,NA,NA,NA
"1781","Kickxia_heterophylla","Colletes1_Waiting_85",0.142857142857143,NA,NA,NA,TRUE,NA,NA,NA
"1782","Kickxia_heterophylla","Colletes2_Waiting_85",0,0.5,0.5,NA,FALSE,NA,NA,NA
"1783","Kickxia_heterophylla","Crematogaster_scutellaris",0,0.5,0.5,NA,FALSE,NA,NA,NA
"1784","Kickxia_heterophylla","Cryptocephalus_nubigena",0,0.5,0.500584496623514,NA,FALSE,NA,NA,NA
"1785","Kickxia_heterophylla","Dasytes_lanzarotensis",0,0.5,0.5,NA,FALSE,NA,NA,NA
"1786","Kickxia_heterophylla","Diglyphus_chabrias",0,0.5,0.5,NA,FALSE,NA,NA,NA
"1787","Kickxia_heterophylla","Dischistus_atlanticus",0,0.5,0.5,NA,FALSE,NA,NA,NA
"1788","Kickxia_heterophylla","Eurytoma_sp_1",0,0.5,0.5,NA,FALSE,NA,NA,NA
"1789","Kickxia_heterophylla","Eurytoma_sp_2",0,0.5,0.5,NA,FALSE,NA,NA,NA
"1790","Kickxia_heterophylla","Eurytoma_sp_3",0,0.5,0.5,NA,FALSE,NA,NA,NA
"1791","Kickxia_heterophylla","Geometridae_sp_2",0,0.5,0.5,NA,FALSE,NA,NA,NA
"1792","Kickxia_heterophylla","Goniozus_sp",0.142857142857143,NA,NA,NA,TRUE,NA,NA,NA
"1793","Kickxia_heterophylla","Hylaeus_sp",0,0.5,NA,NA,FALSE,NA,NA,NA
"1794","Kickxia_heterophylla","Hym_Waiting_85",0,0.5,NA,NA,FALSE,NA,NA,NA
"1795","Kickxia_heterophylla","Lasioglossum_loetum",0,0.670506352393259,0.5,NA,FALSE,NA,NA,NA
"1796","Kickxia_heterophylla","Lasioglossum_phoenicurum",0.142857142857143,NA,NA,NA,TRUE,NA,NA,NA
"1797","Kickxia_heterophylla","Leptochilus_fortunatus",0,0.5,0.5,NA,FALSE,NA,NA,NA
"1798","Kickxia_heterophylla","Lucilia_sericata",0,0.810439358630251,0.891863515481106,"both↑",FALSE,0.851151437055679,"Both approaches",0.677494780287303
"1799","Kickxia_heterophylla","Lucilia_sp_1",0,0.650086387749116,0.814413310027439,"diag↑ only",FALSE,0.814413310027439,"Single location",0.597895505059452
"1800","Kickxia_heterophylla","Macrocoma_cf_henoni",0,0.5,0.5,NA,FALSE,NA,NA,NA
"1801","Kickxia_heterophylla","Melecta_sp",0,0.5,NA,NA,FALSE,NA,NA,NA
"1802","Kickxia_heterophylla","Milichiidae_sp",0,0.5,0.5,NA,FALSE,NA,NA,NA
"1803","Kickxia_heterophylla","Musca_domestica",0,0.502531689074633,0.5,NA,FALSE,NA,NA,NA
"1804","Kickxia_heterophylla","Musca_osiris",0,0.5,0.5,NA,FALSE,NA,NA,NA
"1805","Kickxia_heterophylla","Musca_sorbens",0,0.524758833335795,NA,NA,FALSE,NA,NA,NA
"1806","Kickxia_heterophylla","Nomioides_deceptor",0,0.941570302618883,0.87960194402169,"both↑",FALSE,0.910586123320287,"Both approaches",0.806269933860621
"1807","Kickxia_heterophylla","Nomioides_sp",0,0.527558339795295,0.618642154357962,NA,FALSE,NA,NA,NA
"1808","Kickxia_heterophylla","Nyctia_lugubris",0,0.5,0.5,NA,FALSE,NA,NA,NA
"1809","Kickxia_heterophylla","Ormyrus_sp_1",0,0.5,NA,NA,FALSE,NA,NA,NA
"1810","Kickxia_heterophylla","Oscinimorpha_sp",0.142857142857143,NA,NA,NA,TRUE,NA,NA,NA
"1811","Kickxia_heterophylla","Paragus_tibialis",0,0.5,0.5,NA,FALSE,NA,NA,NA
"1812","Kickxia_heterophylla","Phalacrus_coruscus",0,0.5,0.5,NA,FALSE,NA,NA,NA
"1813","Kickxia_heterophylla","Physiphora_alceae",0,0.5,0.5,NA,FALSE,NA,NA,NA
"1814","Kickxia_heterophylla","Phyto_nigrobarbata",0,0.5,0.5,NA,FALSE,NA,NA,NA
"1815","Kickxia_heterophylla","Plagiolepis_schmitzii",0.142857142857143,NA,NA,NA,TRUE,NA,NA,NA
"1816","Kickxia_heterophylla","Platypalpus_sp_1",0,0.5,0.5,NA,FALSE,NA,NA,NA
"1817","Kickxia_heterophylla","Podalonia_sp",0,0.5,0.5,NA,FALSE,NA,NA,NA
"1818","Kickxia_heterophylla","Proconura_sp_1",0,0.5,0.5,NA,FALSE,NA,NA,NA
"1819","Kickxia_heterophylla","Proconura_sp_2",0,0.5,0.5,NA,FALSE,NA,NA,NA
"1820","Kickxia_heterophylla","Pteromalus_sp_2",0,0.505170925645767,0.564390908406334,NA,FALSE,NA,NA,NA
"1821","Kickxia_heterophylla","Sapromyza_sp",0,0.5,0.5,NA,FALSE,NA,NA,NA
"1822","Kickxia_heterophylla","Sarcophaga_sp_1",0,0.5,0.5,NA,FALSE,NA,NA,NA
"1823","Kickxia_heterophylla","Sarcophagidae_sp",0,0.5,0.5,NA,FALSE,NA,NA,NA
"1824","Kickxia_heterophylla","Sarcophagidae_sp_2",0,0.5,0.507065907341667,NA,FALSE,NA,NA,NA
"1825","Kickxia_heterophylla","Sarcophagidae_sp_4",0,0.504907179645382,0.548072028254535,NA,FALSE,NA,NA,NA
"1826","Kickxia_heterophylla","Sarcophagidae_sp_5",0,0.729674402533577,0.894132170467885,"both↑",FALSE,0.811903286500731,"Both approaches",0.592457120751584
"1827","Kickxia_heterophylla","Sarcophagidae_sp_6",0,0.5,0.5,NA,FALSE,NA,NA,NA
"1828","Kickxia_heterophylla","Sarcophagidae_sp_7",0,0.503191476913283,NA,NA,FALSE,NA,NA,NA
"1829","Kickxia_heterophylla","Scaptomyza_sp_2",0,0.5,0.5,NA,FALSE,NA,NA,NA
"1830","Kickxia_heterophylla","Sciaridae_sp",0,0.831347528657098,0.913622037234338,"both↑",FALSE,0.872484782945718,"Both approaches",0.723717029715722
"1831","Kickxia_heterophylla","Sciaridae_sp_4",0,0.821925086520177,0.998965414593445,"both↑",FALSE,0.910445250556811,"Both approaches",0.805964709539757
"1832","Kickxia_heterophylla","Sphecidae_sp",0,0.5,NA,NA,FALSE,NA,NA,NA
"1833","Kickxia_heterophylla","Tachinidae_sp_1",0,0.5,0.5,NA,FALSE,NA,NA,NA
"1834","Kickxia_heterophylla","Tachyagetes_aemulans",0,0.5,NA,NA,FALSE,NA,NA,NA
"1835","Kickxia_heterophylla","Tapinoma_nigerrimum",0.142857142857143,NA,NA,NA,TRUE,NA,NA,NA
"1836","Kickxia_heterophylla","Tephritidae_sp_1",0,0.5,0.5,NA,FALSE,NA,NA,NA
"1837","Kickxia_heterophylla","Tethinidae_sp_1",0,0.50168418588595,0.527001164159615,NA,FALSE,NA,NA,NA
"1838","Kickxia_heterophylla","Tethinidae_sp_2",0,0.500306713722768,NA,NA,FALSE,NA,NA,NA
"1839","Kickxia_heterophylla","Tethinidae_sp_3",0,0.5,0.5,NA,FALSE,NA,NA,NA
"1840","Kickxia_heterophylla","Tetramesa_sp",0,0.5,0.5,NA,FALSE,NA,NA,NA
"1841","Kickxia_heterophylla","Themnothorax_productus",0,0.5,0.5,NA,FALSE,NA,NA,NA
"1842","Kickxia_heterophylla","Thyreus_sp_aff_ramosus",0,0.5,0.5,NA,FALSE,NA,NA,NA
"1843","Kickxia_heterophylla","Thysanoptera_sp",0,0.8255537489863,NA,NA,FALSE,NA,NA,NA
"1844","Kickxia_heterophylla","Thysanoptera_sp_1",0,0.896156578392702,0.999999994957237,"both↑",FALSE,0.948078286674969,"Both approaches",0.887502954462434
"1845","Kickxia_heterophylla","Thysanoptera_sp_2",0.142857142857143,NA,NA,NA,TRUE,NA,NA,NA
"1846","Kickxia_heterophylla","Thysanoptera_sp_4",0,0.5,0.5,NA,FALSE,NA,NA,NA
"1847","Kickxia_heterophylla","Troglops_sp",0,0.5,0.5,NA,FALSE,NA,NA,NA
"1848","Kickxia_heterophylla","Urelliosoma_guimari",0,0.534956005643501,0.538470768104523,NA,FALSE,NA,NA,NA
"1849","Kickxia_heterophylla","Urellliosoma_sp",0,0.5,0.5,NA,FALSE,NA,NA,NA
"1850","Kickxia_heterophylla","Vanessa_Cardui",0,0.5,NA,NA,FALSE,NA,NA,NA
"1851","Kickxia_heterophylla","Vestitohalictus_sp",0,0.5,NA,NA,FALSE,NA,NA,NA
"1852","Kickxia_scoparia","Agromyzidae_sp_1",0,0.5,0.5,NA,FALSE,NA,NA,NA
"1853","Kickxia_scoparia","Agromyzidae_sp_2",0,0.5,0.5,NA,FALSE,NA,NA,NA
"1854","Kickxia_scoparia","Alliophleps_elliptica",0,0.5,0.5,NA,FALSE,NA,NA,NA
"1855","Kickxia_scoparia","Amegilla_canifrons",0,0.5,0.5,NA,FALSE,NA,NA,NA
"1856","Kickxia_scoparia","Amegilla_quadrifasciata",0.142857142857143,NA,NA,NA,TRUE,NA,NA,NA
"1857","Kickxia_scoparia","Anaspis_cf_canariensis",0,0.501621787123917,0.5,NA,FALSE,NA,NA,NA
"1858","Kickxia_scoparia","Anaspis_proteus",0,0.933317873868848,0.980480209738,"both↑",FALSE,0.956899041803424,"Both approaches",0.906614590574085
"1859","Kickxia_scoparia","Andrena_vulcana",0,0.503690504545312,NA,NA,FALSE,NA,NA,NA
"1860","Kickxia_scoparia","Andrena_wollastoni",0,0.5,NA,NA,FALSE,NA,NA,NA
"1861","Kickxia_scoparia","Anthophora_alluaudi",0.142857142857143,NA,NA,NA,TRUE,NA,NA,NA
"1862","Kickxia_scoparia","Anthophora_orotavae",0,0.5,0.5,NA,FALSE,NA,NA,NA
"1863","Kickxia_scoparia","Apis_mellifera",0,0.521653069336538,0.5,NA,FALSE,NA,NA,NA
"1864","Kickxia_scoparia","Aprostocetus_occidentalis",0,0.569567393095859,NA,NA,FALSE,NA,NA,NA
"1865","Kickxia_scoparia","Araneidae_sp_1",0,0.5,0.5,NA,FALSE,NA,NA,NA
"1866","Kickxia_scoparia","Araneidae_sp_2",0,0.5,0.5,NA,FALSE,NA,NA,NA
"1867","Kickxia_scoparia","Atherigona_varia",0,0.5,0.5,NA,FALSE,NA,NA,NA
"1868","Kickxia_scoparia","Attagenus_wollastoni",0,0.5,0.5,NA,FALSE,NA,NA,NA
"1869","Kickxia_scoparia","Attalus_obscurus",0,0.764627880985373,0.864560195147541,"both↑",FALSE,0.814594038066457,"Both approaches",0.598287082477323
"1870","Kickxia_scoparia","Attalus_pallipes",0,0.5,0.5,NA,FALSE,NA,NA,NA
"1871","Kickxia_scoparia","Attalus_rugifrons",0,0.5,0.5,NA,FALSE,NA,NA,NA
"1872","Kickxia_scoparia","Aulacoderus_canariensis",0,0.522147214304783,0.5,NA,FALSE,NA,NA,NA
"1873","Kickxia_scoparia","Bassus_sp",0,0.5,0.5,NA,FALSE,NA,NA,NA
"1874","Kickxia_scoparia","Blaesoxipha_sp_1",0,0.5,0.5,NA,FALSE,NA,NA,NA
"1875","Kickxia_scoparia","Bombylius_pintuarius",0,0.5,0.5,NA,FALSE,NA,NA,NA
"1876","Kickxia_scoparia","Bracon_sp",0,0.5,0.5,NA,FALSE,NA,NA,NA
"1877","Kickxia_scoparia","Bruchidius_wollastoni",0,0.502302507144948,0.554759547841022,NA,FALSE,NA,NA,NA
"1878","Kickxia_scoparia","Campiglossa_reticulata",0,0.5,0.5,NA,FALSE,NA,NA,NA
"1879","Kickxia_scoparia","Camponotus_feae",0.142857142857143,NA,NA,NA,TRUE,NA,NA,NA
"1880","Kickxia_scoparia","Cephalodromia_sp",0,0.5,0.5,NA,FALSE,NA,NA,NA
"1881","Kickxia_scoparia","Ceratogoponidae_sp",0,0.5,0.5,NA,FALSE,NA,NA,NA
"1882","Kickxia_scoparia","Chalicodoma_canescens",0,0.5,0.5,NA,FALSE,NA,NA,NA
"1883","Kickxia_scoparia","Chetogena_acuminata",0,0.5,0.5,NA,FALSE,NA,NA,NA
"1884","Kickxia_scoparia","Chironomidae_sp",0,0.5,0.5,NA,FALSE,NA,NA,NA
"1885","Kickxia_scoparia","Chloropidae_sp",0,0.5,0.5,NA,FALSE,NA,NA,NA
"1886","Kickxia_scoparia","Chloropidae_sp_2",0,0.5,0.5,NA,FALSE,NA,NA,NA
"1887","Kickxia_scoparia","Chloropidae_sp_4",0,0.5,NA,NA,FALSE,NA,NA,NA
"1888","Kickxia_scoparia","Chloropidae_sp_5",0,0.5,NA,NA,FALSE,NA,NA,NA
"1889","Kickxia_scoparia","Chrysomya_albiceps",0,0.651376328554163,0.579359710984845,NA,FALSE,NA,NA,NA
"1890","Kickxia_scoparia","Coccinella_miranda",0,0.5,0.5,NA,FALSE,NA,NA,NA
"1891","Kickxia_scoparia","Colletes_dimidiatus",0,0.545563875028184,0.5,NA,FALSE,NA,NA,NA
"1892","Kickxia_scoparia","Crematogaster_alluaudi",0,0.5,0.5,NA,FALSE,NA,NA,NA
"1893","Kickxia_scoparia","Cryptocephalus_gounellei",0,0.5,NA,NA,FALSE,NA,NA,NA
"1894","Kickxia_scoparia","Curculionidae_sp",0,0.5,0.5,NA,FALSE,NA,NA,NA
"1895","Kickxia_scoparia","Dasytes_cf_subaenescens",0,0.5,0.5,NA,FALSE,NA,NA,NA
"1896","Kickxia_scoparia","Dasytes_subaenescens",0,0.525485396005089,0.552610474284154,NA,FALSE,NA,NA,NA
"1897","Kickxia_scoparia","Dinarmoides_spilopterus",0,0.5,0.5,NA,FALSE,NA,NA,NA
"1898","Kickxia_scoparia","Elasmus_platyedrae",0,0.5,0.5,NA,FALSE,NA,NA,NA
"1899","Kickxia_scoparia","Empididae_sp_1",0,0.5,0.5,NA,FALSE,NA,NA,NA
"1900","Kickxia_scoparia","Eristalinus_aeneus",0,0.5,0.5,NA,FALSE,NA,NA,NA
"1901","Kickxia_scoparia","Eristalinus_taeniops",0,0.5,0.5,NA,FALSE,NA,NA,NA
"1902","Kickxia_scoparia","Eristalis_tenax",0,0.5,0.5,NA,FALSE,NA,NA,NA
"1903","Kickxia_scoparia","Estheria_simonyi",0,0.606185045626299,0.569052174656604,NA,FALSE,NA,NA,NA
"1904","Kickxia_scoparia","Eucera_gracilipes",0,0.5,0.5,NA,FALSE,NA,NA,NA
"1905","Kickxia_scoparia","Euderus_sp",0,0.5,0.5,NA,FALSE,NA,NA,NA
"1906","Kickxia_scoparia","Eumerus_latitarsis",0,0.767941152414432,0.844400398653938,"both↑",FALSE,0.806170775534185,"Both approaches",0.580036680324067
"1907","Kickxia_scoparia","Eumerus_nivariae",0,0.5,NA,NA,FALSE,NA,NA,NA
"1908","Kickxia_scoparia","Eupelmus_sp",0,0.5,0.5,NA,FALSE,NA,NA,NA
"1909","Kickxia_scoparia","Eupelmus_testaceiventris",0,0.5,0.5,NA,FALSE,NA,NA,NA
"1910","Kickxia_scoparia","Eurytoma_sp_2",0,0.5,0.5,NA,FALSE,NA,NA,NA
"1911","Kickxia_scoparia","Exetastes_segmentarius",0,0.5,0.5,NA,FALSE,NA,NA,NA
"1912","Kickxia_scoparia","Exhyalanthrax_canarionae",0,0.5,0.5,NA,FALSE,NA,NA,NA
"1913","Kickxia_scoparia","Gasteruption_sp",0,0.5,0.5,NA,FALSE,NA,NA,NA
"1914","Kickxia_scoparia","Geometridae_sp",0,0.5,0.5,NA,FALSE,NA,NA,NA
"1915","Kickxia_scoparia","Halictus_fulvipes",0,0.5,NA,NA,FALSE,NA,NA,NA
"1916","Kickxia_scoparia","Hylaeus_ater",0,0.5,NA,NA,FALSE,NA,NA,NA
"1917","Kickxia_scoparia","Hylaeus_hohmanni",0,0.50079061195081,0.5,NA,FALSE,NA,NA,NA
"1918","Kickxia_scoparia","Lasioglossum_loetum",0,0.717451859105173,0.663295899514892,"offs↑ only",FALSE,0.717451859105173,"External location",0.387812361394541
"1919","Kickxia_scoparia","Lasioglossum_viride",0.142857142857143,NA,NA,NA,TRUE,NA,NA,NA
"1920","Kickxia_scoparia","Leptochilus_cruentatus",0,0.503786951353965,0.5,NA,FALSE,NA,NA,NA
"1921","Kickxia_scoparia","Leptochilus_eatoni",0,0.5,0.5,NA,FALSE,NA,NA,NA
"1922","Kickxia_scoparia","Lucilia_sericata",0,0.681339119423612,0.5,NA,FALSE,NA,NA,NA
"1923","Kickxia_scoparia","Macroglossum_stellatarum",0,0.5,0.5,NA,FALSE,NA,NA,NA
"1924","Kickxia_scoparia","Malthinus_mutabilis",0,0.5,NA,NA,FALSE,NA,NA,NA
"1925","Kickxia_scoparia","Megaselia_sp_1",0,0.5,0.5,NA,FALSE,NA,NA,NA
"1926","Kickxia_scoparia","Megaselia_sp_2",0,0.5,0.5,NA,FALSE,NA,NA,NA
"1927","Kickxia_scoparia","Melecta_curvispina",0,0.5,0.5,NA,FALSE,NA,NA,NA
"1928","Kickxia_scoparia","Meligethes_canariensis",0,0.753403945133824,NA,NA,FALSE,NA,NA,NA
"1929","Kickxia_scoparia","Minotetrastichus_sp",0,0.5,0.5,NA,FALSE,NA,NA,NA
"1930","Kickxia_scoparia","Musca_domestica",0,0.603327145358347,0.612417881471145,NA,FALSE,NA,NA,NA
"1931","Kickxia_scoparia","Myathropa_florea",0,0.5,NA,NA,FALSE,NA,NA,NA
"1932","Kickxia_scoparia","Myopites_nigrescens",0,0.590275673271684,0.5,NA,FALSE,NA,NA,NA
"1933","Kickxia_scoparia","Neodryophilus_cryptophagoides",0,0.5,0.5,NA,FALSE,NA,NA,NA
"1934","Kickxia_scoparia","Nyctia_lugubris",0,0.5,NA,NA,FALSE,NA,NA,NA
"1935","Kickxia_scoparia","Oscinella_sp_1",0,0.570875144263374,NA,NA,FALSE,NA,NA,NA
"1936","Kickxia_scoparia","Osmia_canaria",0,0.5,0.5,NA,FALSE,NA,NA,NA
"1937","Kickxia_scoparia","Osmia_latreillei",0,0.5,0.5,NA,FALSE,NA,NA,NA
"1938","Kickxia_scoparia","Oxyopes_kraepelinorum",0,0.5,0.5,NA,FALSE,NA,NA,NA
"1939","Kickxia_scoparia","Paratrechina_longicornis",0,0.5,0.5,NA,FALSE,NA,NA,NA
"1940","Kickxia_scoparia","Phthiria_simonyi",0,0.502640519007111,0.5,NA,FALSE,NA,NA,NA
"1941","Kickxia_scoparia","Pieris_rapae",0,0.5,NA,NA,FALSE,NA,NA,NA
"1942","Kickxia_scoparia","Plagiolepis_schmitzii",0,0.982353480344105,NA,NA,FALSE,NA,NA,NA
"1943","Kickxia_scoparia","Plagiolepis_sp_2",0,0.719029779927846,0.727166303571725,"both↑",FALSE,0.723098041749785,"Both approaches",0.400045757124535
"1944","Kickxia_scoparia","Platypalpus_sp",0,0.5,NA,NA,FALSE,NA,NA,NA
"1945","Kickxia_scoparia","Platypalpus_sp_1",0,0.5,0.5,NA,FALSE,NA,NA,NA
"1946","Kickxia_scoparia","Pteromalus_sp_1",0,0.5,0.5,NA,FALSE,NA,NA,NA
"1947","Kickxia_scoparia","Pteromalus_sp_4",0,0.5,0.5,NA,FALSE,NA,NA,NA
"1948","Kickxia_scoparia","Sarcophagidae_sp_5",0,0.543574590668327,0.5,NA,FALSE,NA,NA,NA
"1949","Kickxia_scoparia","Sarcophagidae_sp_8",0,0.52533653111594,0.5,NA,FALSE,NA,NA,NA
"1950","Kickxia_scoparia","Scaeva_albomaculata",0,0.5,0.5,NA,FALSE,NA,NA,NA
"1951","Kickxia_scoparia","Scenopinus_sp",0,0.5,NA,NA,FALSE,NA,NA,NA
"1952","Kickxia_scoparia","Sciaridae_sp",0,0.598952405387645,0.5,NA,FALSE,NA,NA,NA
"1953","Kickxia_scoparia","Sciaridae_sp_1",0,0.5,0.5,NA,FALSE,NA,NA,NA
"1954","Kickxia_scoparia","Scymnus_canariensis",0,0.5,0.5,NA,FALSE,NA,NA,NA
"1955","Kickxia_scoparia","Sepsis_sp",0,0.5,0.5,NA,FALSE,NA,NA,NA
"1956","Kickxia_scoparia","Stenoselma_sp",0,0.5,0.5,NA,FALSE,NA,NA,NA
"1957","Kickxia_scoparia","Syritta_pipiens",0,0.524688559094228,0.5,NA,FALSE,NA,NA,NA
"1958","Kickxia_scoparia","Tachina_canariensis",0,0.694165554123065,0.762592365038217,"diag↑ only",FALSE,0.762592365038217,"Single location",0.485616790916136
"1959","Kickxia_scoparia","Tethina_marmorata",0,0.5,0.5,NA,FALSE,NA,NA,NA
"1960","Kickxia_scoparia","Themnothorax_hesperius",0,0.610355077019904,0.5,NA,FALSE,NA,NA,NA
"1961","Kickxia_scoparia","Themnothorax_risii",0.142857142857143,NA,NA,NA,TRUE,NA,NA,NA
"1962","Kickxia_scoparia","Thomisus_cf_globosum",0,0.5,0.5,NA,FALSE,NA,NA,NA
"1963","Kickxia_scoparia","Thomisus_cf_onustus",0,0.5,0.5,NA,FALSE,NA,NA,NA
"1964","Kickxia_scoparia","Thyridanthrax_indigenus",0,0.831792859351013,0.986159178063997,"both↑",FALSE,0.908976018707505,"Both approaches",0.802781373866261
"1965","Kickxia_scoparia","Thysanoptera_sp_1",0,0.953050401645991,0.874429780344064,"both↑",FALSE,0.913740090995028,"Both approaches",0.813103530489227
"1966","Kickxia_scoparia","Thysanoptera_sp_2",0.285714285714286,NA,NA,NA,TRUE,NA,NA,NA
"1967","Kickxia_scoparia","Thysanoptera_sp_3",0,0.5,0.5,NA,FALSE,NA,NA,NA
"1968","Kickxia_scoparia","Thysanoptera_sp_7",0,0.98894115109354,0.995463155278811,"both↑",FALSE,0.992202153186175,"Both approaches",0.983104665236713
"1969","Kickxia_scoparia","Tropinota_squalida",0,0.5,NA,NA,FALSE,NA,NA,NA
"1970","Kickxia_scoparia","Trupanea_augur",0,0.5,0.5,NA,FALSE,NA,NA,NA
"1971","Kickxia_scoparia","Urelliosoma_guimari",0,0.500333183339999,0.5,NA,FALSE,NA,NA,NA
"1972","Launaea_arborescens","Agromyzidae_sp_1",0,0.661950992527611,0.553438066238761,NA,FALSE,NA,NA,NA
"1973","Launaea_arborescens","Agromyzidae_sp_2",0,0.541807610048915,0.5,NA,FALSE,NA,NA,NA
"1974","Launaea_arborescens","Alliophleps_elliptica",0.142857142857143,NA,NA,NA,TRUE,NA,NA,NA
"1975","Launaea_arborescens","Amegilla_canifrons",0,0.561375362300025,0.5,NA,FALSE,NA,NA,NA
"1976","Launaea_arborescens","Amegilla_quadrifasciata",0,0.695028356402198,0.632754725205306,NA,FALSE,NA,NA,NA
"1977","Launaea_arborescens","Amegilla_sp",0,0.789073974218016,NA,NA,FALSE,NA,NA,NA
"1978","Launaea_arborescens","Ammophila_terminata",0,0.643097196965522,0.5,NA,FALSE,NA,NA,NA
"1979","Launaea_arborescens","Anaspis_cf_canariensis",0,0.798994521665861,0.877246812732961,"both↑",FALSE,0.838120667199411,"Both approaches",0.649261445598723
"1980","Launaea_arborescens","Anaspis_cf_eversi",0.142857142857143,NA,NA,NA,TRUE,NA,NA,NA
"1981","Launaea_arborescens","Anaspis_cf_saharensis",0,0.660112360807288,0.707172766744979,"diag↑ only",FALSE,0.707172766744979,"Single location",0.36554099461412
"1982","Launaea_arborescens","Anaspis_proteus",0.428571428571429,NA,NA,NA,TRUE,NA,NA,NA
"1983","Launaea_arborescens","Andrena_vachali",0,0.720592869225589,0.640026880967998,"offs↑ only",FALSE,0.720592869225589,"External location",0.39461788332211
"1984","Launaea_arborescens","Andrena_vulcana",0,0.728406647102924,0.59783565891186,"offs↑ only",FALSE,0.728406647102924,"External location",0.411547735389669
"1985","Launaea_arborescens","Andrena_wollastoni",0,0.626727764810142,NA,NA,FALSE,NA,NA,NA
"1986","Launaea_arborescens","Anthaxia_sp_1",0.142857142857143,NA,NA,NA,TRUE,NA,NA,NA
"1987","Launaea_arborescens","Anthophora_alluaudi",0.285714285714286,NA,NA,NA,TRUE,NA,NA,NA
"1988","Launaea_arborescens","Anthophora_orotavae",0,0.607258423254735,0.545065078736602,NA,FALSE,NA,NA,NA
"1989","Launaea_arborescens","Anthophora_sp_1",0,0.666646766969066,0.614239368156297,NA,FALSE,NA,NA,NA
"1990","Launaea_arborescens","Anthophora_sp_aff_orotavae",0,0.689204956241685,0.652025893016611,NA,FALSE,NA,NA,NA
"1991","Launaea_arborescens","Aphthona_wachnitzae",0.142857142857143,NA,NA,NA,TRUE,NA,NA,NA
"1992","Launaea_arborescens","Apis_mellifera",0.285714285714286,NA,NA,NA,TRUE,NA,NA,NA
"1993","Launaea_arborescens","Aplocnemus_sp_2",0,0.595182553840408,0.654386193821121,NA,FALSE,NA,NA,NA
"1994","Launaea_arborescens","Aprostocetus_occidentalis",0.142857142857143,NA,NA,NA,TRUE,NA,NA,NA
"1995","Launaea_arborescens","Aprostocetus_sp_1",0.142857142857143,NA,NA,NA,TRUE,NA,NA,NA
"1996","Launaea_arborescens","Aprostocetus_sp_2",0,0.574465292603272,0.521649100396218,NA,FALSE,NA,NA,NA
"1997","Launaea_arborescens","Arachnospila_sp",0,0.632265507653812,NA,NA,FALSE,NA,NA,NA
"1998","Launaea_arborescens","Araneae_sp_1",0,0.748593652420313,0.774089296461415,"both↑",FALSE,0.761341474440864,"Both approaches",0.482906527955205
"1999","Launaea_arborescens","Araneidae_sp_1",0,0.749308288825968,0.603345562703342,"offs↑ only",FALSE,0.749308288825968,"External location",0.456834625789597
"2000","Launaea_arborescens","Araneidae_sp_2",0,0.715042140747094,0.640833552742551,"offs↑ only",FALSE,0.715042140747094,"External location",0.382591304952037
"2001","Launaea_arborescens","Asteia_caesia",0,0.796316202333102,0.857394088951046,"both↑",FALSE,0.826855145642074,"Both approaches",0.624852815557827
"2002","Launaea_arborescens","Atherigona_varia",0,0.604873998325146,0.5,NA,FALSE,NA,NA,NA
"2003","Launaea_arborescens","Attagenus_abbreviatus",0.142857142857143,NA,NA,NA,TRUE,NA,NA,NA
"2004","Launaea_arborescens","Attagenus_sp_1",0.142857142857143,NA,NA,NA,TRUE,NA,NA,NA
"2005","Launaea_arborescens","Attagenus_wollastoni",0.285714285714286,NA,NA,NA,TRUE,NA,NA,NA
"2006","Launaea_arborescens","Attalus_chrysanthemi",0.142857142857143,NA,NA,NA,TRUE,NA,NA,NA
"2007","Launaea_arborescens","Attalus_obscurus",0.142857142857143,NA,NA,NA,TRUE,NA,NA,NA
"2008","Launaea_arborescens","Attalus_olivensis",0.142857142857143,NA,NA,NA,TRUE,NA,NA,NA
"2009","Launaea_arborescens","Attalus_pallipes",0,0.552567992182235,NA,NA,FALSE,NA,NA,NA
"2010","Launaea_arborescens","Attalus_ruficollis",0,0.619603732565865,0.523888316412743,NA,FALSE,NA,NA,NA
"2011","Launaea_arborescens","Attalus_rugifrons",0,0.673579289868857,NA,NA,FALSE,NA,NA,NA
"2012","Launaea_arborescens","Aulacoderus_canariensis",0.142857142857143,NA,NA,NA,TRUE,NA,NA,NA
"2013","Launaea_arborescens","Axinotarsus_sp_1",0,0.707694850324194,0.652568194544104,"offs↑ only",FALSE,0.707694850324194,"External location",0.366672175702419
"2014","Launaea_arborescens","Bassus_sp",0,0.539084295126067,0.5,NA,FALSE,NA,NA,NA
"2015","Launaea_arborescens","Blaesoxipha_sp_1",0,0.731954136109305,0.672637882406536,"offs↑ only",FALSE,0.731954136109305,"External location",0.41923396157016
"2016","Launaea_arborescens","Bombylius_pintuarius",0,0.666232920706646,0.5,NA,FALSE,NA,NA,NA
"2017","Launaea_arborescens","Bombylius_sp_1",0,0.715254926026491,0.710930521163565,"both↑",FALSE,0.713092723595028,"Both approaches",0.378367567789228
"2018","Launaea_arborescens","Bracon_sp",0,0.631627652531806,0.510963046116764,NA,FALSE,NA,NA,NA
"2019","Launaea_arborescens","Bruchidius_wollastoni",0.142857142857143,NA,NA,NA,TRUE,NA,NA,NA
"2020","Launaea_arborescens","Campiglossa_martii",0.142857142857143,NA,NA,NA,TRUE,NA,NA,NA
"2021","Launaea_arborescens","Campiglossa_reticulata",0,0.688657385320597,0.667922800974764,NA,FALSE,NA,NA,NA
"2022","Launaea_arborescens","Camponotus_cfr_feae",0.142857142857143,NA,NA,NA,TRUE,NA,NA,NA
"2023","Launaea_arborescens","Camponotus_feae",0.285714285714286,NA,NA,NA,TRUE,NA,NA,NA
"2024","Launaea_arborescens","Cecidomyiidae_sp",0,0.731478885505751,0.789493574114955,"both↑",FALSE,0.760486229810353,"Both approaches",0.481053497922432
"2025","Launaea_arborescens","Cephalodromia_sp",0.142857142857143,NA,NA,NA,TRUE,NA,NA,NA
"2026","Launaea_arborescens","Ceratogoponidae_sp",0,0.532341126718405,0.5,NA,FALSE,NA,NA,NA
"2027","Launaea_arborescens","Chalicodoma_canescens",0.142857142857143,NA,NA,NA,TRUE,NA,NA,NA
"2028","Launaea_arborescens","Chalicodoma_sicula",0.142857142857143,NA,NA,NA,TRUE,NA,NA,NA
"2029","Launaea_arborescens","Chalicodoma_sp",0,0.732874579085546,0.749520812226178,"both↑",FALSE,0.741197695655862,"Both approaches",0.439261673921034
"2030","Launaea_arborescens","Chetogena_acuminata",0,0.670513223835106,0.582887346767462,NA,FALSE,NA,NA,NA
"2031","Launaea_arborescens","Chironomidae_sp",0,0.51501180229084,0.5,NA,FALSE,NA,NA,NA
"2032","Launaea_arborescens","Chloropidae_sp",0,0.634375838301209,0.61178130579924,NA,FALSE,NA,NA,NA
"2033","Launaea_arborescens","Chloropidae_sp_1",0,0.761200065530183,0.745557763080506,"both↑",FALSE,0.753378914305344,"Both approaches",0.465654314328246
"2034","Launaea_arborescens","Chloropidae_sp_2",0,0.71284263816531,0.69616767719596,"offs↑ only",FALSE,0.71284263816531,"External location",0.377825716024838
"2035","Launaea_arborescens","Chloropidae_sp_4",0,0.672486415801708,0.689742785599185,NA,FALSE,NA,NA,NA
"2036","Launaea_arborescens","Chloropidae_sp_5",0,0.627747024136339,0.5,NA,FALSE,NA,NA,NA
"2037","Launaea_arborescens","Chloropidae_sp_6",0,0.676456971210166,NA,NA,FALSE,NA,NA,NA
"2038","Launaea_arborescens","Chrysomya_albiceps",0.142857142857143,NA,NA,NA,TRUE,NA,NA,NA
"2039","Launaea_arborescens","Coccinella_miranda",0,0.606776048048382,0.5,NA,FALSE,NA,NA,NA
"2040","Launaea_arborescens","Coleoptera_sp_5",0.142857142857143,NA,NA,NA,TRUE,NA,NA,NA
"2041","Launaea_arborescens","Colletes1_Waiting_85",0,0.830313411475173,0.792642409285474,"both↑",FALSE,0.811477910380324,"Both approaches",0.591535472490701
"2042","Launaea_arborescens","Colletes2_Waiting_85",0,0.692493535636675,NA,NA,FALSE,NA,NA,NA
"2043","Launaea_arborescens","Colletes_dimidiatus",0,0.724244097998606,0.501205969998031,"offs↑ only",FALSE,0.724244097998606,"External location",0.40252887899698
"2044","Launaea_arborescens","Crematogaster_alluaudi",0,0.522038865328199,0.5,NA,FALSE,NA,NA,NA
"2045","Launaea_arborescens","Crematogaster_scutellaris",0,0.671243902754,0.66060339807497,NA,FALSE,NA,NA,NA
"2046","Launaea_arborescens","Cryptocephalus_gounellei",0,0.549204417935035,NA,NA,FALSE,NA,NA,NA
"2047","Launaea_arborescens","Cryptocephalus_nubigena",0,0.777354836104645,NA,NA,FALSE,NA,NA,NA
"2048","Launaea_arborescens","Curculionidae_sp",0,0.56897401859293,0.5,NA,FALSE,NA,NA,NA
"2049","Launaea_arborescens","Dasytes_cf_subaenescens",0,0.587425720031039,0.5,NA,FALSE,NA,NA,NA
"2050","Launaea_arborescens","Dasytes_lanzarotensis",0.142857142857143,NA,NA,NA,TRUE,NA,NA,NA
"2051","Launaea_arborescens","Dasytes_subaenescens",0.285714285714286,NA,NA,NA,TRUE,NA,NA,NA
"2052","Launaea_arborescens","Diglyphus_chabrias",0.142857142857143,NA,NA,NA,TRUE,NA,NA,NA
"2053","Launaea_arborescens","Dinarmoides_spilopterus",0.285714285714286,NA,NA,NA,TRUE,NA,NA,NA
"2054","Launaea_arborescens","Dischistus_atlanticus",0.142857142857143,NA,NA,NA,TRUE,NA,NA,NA
"2055","Launaea_arborescens","Elasmus_platyedrae",0,0.535208696092152,NA,NA,FALSE,NA,NA,NA
"2056","Launaea_arborescens","Empididae_sp_1",0,0.70134458877161,0.758209584115412,"both↑",FALSE,0.729777086443511,"Both approaches",0.414517020627606
"2057","Launaea_arborescens","Eristalinus_aeneus",0,0.632784992271926,0.519316982378293,NA,FALSE,NA,NA,NA
"2058","Launaea_arborescens","Eristalinus_taeniops",0.142857142857143,NA,NA,NA,TRUE,NA,NA,NA
"2059","Launaea_arborescens","Eristalis_tenax",0,0.560104136787958,0.5,NA,FALSE,NA,NA,NA
"2060","Launaea_arborescens","Estheria_simonyi",0.142857142857143,NA,NA,NA,TRUE,NA,NA,NA
"2061","Launaea_arborescens","Eucera_gracilipes",0,0.643148230096554,0.511672362605832,NA,FALSE,NA,NA,NA
"2062","Launaea_arborescens","Euderus_sp",0.142857142857143,NA,NA,NA,TRUE,NA,NA,NA
"2063","Launaea_arborescens","Eumerus_latitarsis",0,0.893472575609829,0.853764775543063,"both↑",FALSE,0.873618675576446,"Both approaches",0.7261737970823
"2064","Launaea_arborescens","Eumerus_nivariae",0,0.647415489212963,NA,NA,FALSE,NA,NA,NA
"2065","Launaea_arborescens","Eupelmus_sp",0.142857142857143,NA,NA,NA,TRUE,NA,NA,NA
"2066","Launaea_arborescens","Eupelmus_testaceiventris",0,0.711810302011344,0.676647707531126,"offs↑ only",FALSE,0.711810302011344,"External location",0.375588987691245
"2067","Launaea_arborescens","Eurytoma_sp_1",0.142857142857143,NA,NA,NA,TRUE,NA,NA,NA
"2068","Launaea_arborescens","Eurytoma_sp_2",0.142857142857143,NA,NA,NA,TRUE,NA,NA,NA
"2069","Launaea_arborescens","Eurytoma_sp_3",0,0.713249040211836,0.707953405758288,"both↑",FALSE,0.710601222985062,"Both approaches",0.372969316467634
"2070","Launaea_arborescens","Exetastes_segmentarius",0,0.696240654495763,0.704584324619972,"diag↑ only",FALSE,0.704584324619972,"Single location",0.359932703343272
"2071","Launaea_arborescens","Exhyalanthrax_canarionae",0,0.628294453703088,0.5,NA,FALSE,NA,NA,NA
"2072","Launaea_arborescens","Fannia_sp",0,0.652874031825003,0.668335353628546,NA,FALSE,NA,NA,NA
"2073","Launaea_arborescens","Gasteruption_sp",0,0.615064170116155,NA,NA,FALSE,NA,NA,NA
"2074","Launaea_arborescens","Geometridae_sp",0,0.562267495289859,0.5,NA,FALSE,NA,NA,NA
"2075","Launaea_arborescens","Geometridae_sp_2",0.142857142857143,NA,NA,NA,TRUE,NA,NA,NA
"2076","Launaea_arborescens","Gnaphosidae_sp_1",0,0.588473300482137,NA,NA,FALSE,NA,NA,NA
"2077","Launaea_arborescens","Goniozus_sp",0,0.741418428492313,0.740247201045651,"both↑",FALSE,0.740832814768982,"Both approaches",0.438471098666127
"2078","Launaea_arborescens","Halictus_fulvipes",0.142857142857143,NA,NA,NA,TRUE,NA,NA,NA
"2079","Launaea_arborescens","Holepyris_sp",0,0.60519629763489,NA,NA,FALSE,NA,NA,NA
"2080","Launaea_arborescens","Hylaeus_ater",0,0.544173133346209,0.5,NA,FALSE,NA,NA,NA
"2081","Launaea_arborescens","Hylaeus_hohmanni",0,0.737304862852699,0.686006386110824,"offs↑ only",FALSE,0.737304862852699,"External location",0.430827202847515
"2082","Launaea_arborescens","Hylaeus_sp",0.142857142857143,NA,NA,NA,TRUE,NA,NA,NA
"2083","Launaea_arborescens","Hym_Waiting_85",0,0.678421441266128,NA,NA,FALSE,NA,NA,NA
"2084","Launaea_arborescens","Lasioglossum_loetum",0.285714285714286,NA,NA,NA,TRUE,NA,NA,NA
"2085","Launaea_arborescens","Lasioglossum_phoenicurum",0.142857142857143,NA,NA,NA,TRUE,NA,NA,NA
"2086","Launaea_arborescens","Lasioglossum_viride",0.428571428571429,NA,NA,NA,TRUE,NA,NA,NA
"2087","Launaea_arborescens","Leptochilus_cruentatus",0,0.681575178950825,0.5,NA,FALSE,NA,NA,NA
"2088","Launaea_arborescens","Leptochilus_eatoni",0,0.589594079386812,0.518904261323224,NA,FALSE,NA,NA,NA
"2089","Launaea_arborescens","Leptochilus_fortunatus",0.142857142857143,NA,NA,NA,TRUE,NA,NA,NA
"2090","Launaea_arborescens","Lucilia_sericata",0.142857142857143,NA,NA,NA,TRUE,NA,NA,NA
"2091","Launaea_arborescens","Lucilia_sp_1",0,0.876555992853563,0.911536634021527,"both↑",FALSE,0.894046313437545,"Both approaches",0.770433679114682
"2092","Launaea_arborescens","Macrocoma_cf_henoni",0,0.651714635833188,0.652493874012264,NA,FALSE,NA,NA,NA
"2093","Launaea_arborescens","Macrocoma_splendens",0,0.654037803142065,0.543505221206117,NA,FALSE,NA,NA,NA
"2094","Launaea_arborescens","Macroglossum_stellatarum",0,0.634169022889122,0.5,NA,FALSE,NA,NA,NA
"2095","Launaea_arborescens","Malthinus_mutabilis",0,0.534593647902913,0.5,NA,FALSE,NA,NA,NA
"2096","Launaea_arborescens","Megachile_canariensis",0,0.69752758742615,0.60271070911405,NA,FALSE,NA,NA,NA
"2097","Launaea_arborescens","Megaselia_sp_1",0,0.688530805489044,0.680149383146983,NA,FALSE,NA,NA,NA
"2098","Launaea_arborescens","Megaselia_sp_2",0.142857142857143,NA,NA,NA,TRUE,NA,NA,NA
"2099","Launaea_arborescens","Melecta_curvispina",0,0.674653973142392,0.5,NA,FALSE,NA,NA,NA
"2100","Launaea_arborescens","Melecta_sp",0,0.669889404015318,NA,NA,FALSE,NA,NA,NA
"2101","Launaea_arborescens","Meligethes_canariensis",0,0.858877388545945,NA,NA,FALSE,NA,NA,NA
"2102","Launaea_arborescens","Meligethes_cf_canariensis",0,0.619048273500859,NA,NA,FALSE,NA,NA,NA
"2103","Launaea_arborescens","Milichiidae_sp",0,0.746924680766312,0.755805268725115,"both↑",FALSE,0.751364974745713,"Both approaches",0.461290778615712
"2104","Launaea_arborescens","Minotetrastichus_sp",0,0.563977456915269,0.5,NA,FALSE,NA,NA,NA
"2105","Launaea_arborescens","Monomorium_subopacum",0,0.608450544746066,0.553040253680807,NA,FALSE,NA,NA,NA
"2106","Launaea_arborescens","Mordellistena_cf_canariensis",0,0.636606847715132,0.522596816501811,NA,FALSE,NA,NA,NA
"2107","Launaea_arborescens","Musca_domestica",0,0.797220785830143,0.653425377478283,"offs↑ only",FALSE,0.797220785830143,"External location",0.560645035965309
"2108","Launaea_arborescens","Musca_osiris",0,0.73777719157618,0.764333066598247,"both↑",FALSE,0.751055129087213,"Both approaches",0.460619446355629
"2109","Launaea_arborescens","Musca_sorbens",0,0.804731960192778,0.885297686242296,"both↑",FALSE,0.845014823217537,"Both approaches",0.664198783637997
"2110","Launaea_arborescens","Myathropa_florea",0,0.554164935681438,0.5,NA,FALSE,NA,NA,NA
"2111","Launaea_arborescens","Myopites_nigrescens",0.142857142857143,NA,NA,NA,TRUE,NA,NA,NA
"2112","Launaea_arborescens","Neodryophilus_cryptophagoides",0,0.545504776681223,0.5,NA,FALSE,NA,NA,NA
"2113","Launaea_arborescens","Nomioides_deceptor",0.142857142857143,NA,NA,NA,TRUE,NA,NA,NA
"2114","Launaea_arborescens","Nomioides_fortunatus",0,0.632822082290799,0.502270923244954,NA,FALSE,NA,NA,NA
"2115","Launaea_arborescens","Nomioides_sp",0,0.772352150656644,0.924722268551327,"both↑",FALSE,0.848537209603986,"Both approaches",0.671830620808635
"2116","Launaea_arborescens","Nyctia_lugubris",0,0.727504484695928,0.705354315740008,"both↑",FALSE,0.716429400217968,"Both approaches",0.385597033805596
"2117","Launaea_arborescens","Ormyrus_sp_1",0.142857142857143,NA,NA,NA,TRUE,NA,NA,NA
"2118","Launaea_arborescens","Oscinella_sp_1",0,0.795263224039484,0.693305947973932,"offs↑ only",FALSE,0.795263224039484,"External location",0.556403652085548
"2119","Launaea_arborescens","Oscinella_sp_2",0,0.635593716259,0.5,NA,FALSE,NA,NA,NA
"2120","Launaea_arborescens","Oscinimorpha_sp",0,0.74985231298548,0.808746957965835,"both↑",FALSE,0.779299635475658,"Both approaches",0.521815876863924
"2121","Launaea_arborescens","Osmia_canaria",0,0.621305087345575,0.5,NA,FALSE,NA,NA,NA
"2122","Launaea_arborescens","Osmia_latreillei",0.285714285714286,NA,NA,NA,TRUE,NA,NA,NA
"2123","Launaea_arborescens","Oxyopes_cf_kraepelinorum",0,0.691385311562913,0.57258025482113,NA,FALSE,NA,NA,NA
"2124","Launaea_arborescens","Oxyopes_kraepelinorum",0,0.667475342099048,0.673585434487213,NA,FALSE,NA,NA,NA
"2125","Launaea_arborescens","Paragus_tibialis",0.285714285714286,NA,NA,NA,TRUE,NA,NA,NA
"2126","Launaea_arborescens","Paratrechina_longicornis",0,0.766790800847345,NA,NA,FALSE,NA,NA,NA
"2127","Launaea_arborescens","Phalacrus_coruscus",0,0.768423454061533,0.875088027629472,"both↑",FALSE,0.821755740845502,"Both approaches",0.613804105165254
"2128","Launaea_arborescens","Phthiria_simonyi",0,0.644807510561319,0.5,NA,FALSE,NA,NA,NA
"2129","Launaea_arborescens","Physiphora_alceae",0,0.644228071333628,0.761943669393827,"diag↑ only",FALSE,0.761943669393827,"Single location",0.484211283686625
"2130","Launaea_arborescens","Phyto_discrepans",0,0.651525621406524,0.637877521094863,NA,FALSE,NA,NA,NA
"2131","Launaea_arborescens","Phyto_nigrobarbata",0,0.803100644427699,0.869564819752419,"both↑",FALSE,0.836332732090059,"Both approaches",0.645387586195127
"2132","Launaea_arborescens","Pieris_rapae",0.285714285714286,NA,NA,NA,TRUE,NA,NA,NA
"2133","Launaea_arborescens","Plagiolepis_schmitzii",0.285714285714286,NA,NA,NA,TRUE,NA,NA,NA
"2134","Launaea_arborescens","Plagiolepis_sp_2",0.285714285714286,NA,NA,NA,TRUE,NA,NA,NA
"2135","Launaea_arborescens","Platypalpus_sp",0,0.610915773072339,0.516064084251131,NA,FALSE,NA,NA,NA
"2136","Launaea_arborescens","Platypalpus_sp_1",0,0.710936192830968,0.737004901586572,"both↑",FALSE,0.72397054720877,"Both approaches",0.401936185619001
"2137","Launaea_arborescens","Platypalpus_sp_2",0,0.654777105534575,NA,NA,FALSE,NA,NA,NA
"2138","Launaea_arborescens","Podalonia_sp",0,0.704881399108385,0.780280220586129,"both↑",FALSE,0.742580809847257,"Both approaches",0.442258421335723
"2139","Launaea_arborescens","Proconura_sp_1",0,0.704042839826891,0.700628588777421,"both↑",FALSE,0.702335714302156,"Both approaches",0.355060714321339
"2140","Launaea_arborescens","Proconura_sp_2",0.142857142857143,NA,NA,NA,TRUE,NA,NA,NA
"2141","Launaea_arborescens","Pteromalus_sp_1",0,0.553561878112526,0.5,NA,FALSE,NA,NA,NA
"2142","Launaea_arborescens","Pteromalus_sp_2",0.285714285714286,NA,NA,NA,TRUE,NA,NA,NA
"2143","Launaea_arborescens","Pteromalus_sp_3",0,0.723712941409141,0.573739854866199,"offs↑ only",FALSE,0.723712941409141,"External location",0.401378039719806
"2144","Launaea_arborescens","Pteromalus_sp_4",0,0.607419590036299,0.577476598060119,NA,FALSE,NA,NA,NA
"2145","Launaea_arborescens","Sapromyza_sp",0,0.776316713798415,0.849219390070026,"both↑",FALSE,0.812768051934221,"Both approaches",0.594330779190811
"2146","Launaea_arborescens","Sarcophaga_sp_1",0,0.686337019151956,0.645381054408669,NA,FALSE,NA,NA,NA
"2147","Launaea_arborescens","Sarcophagidae_sp",0,0.634015955141174,0.633176372814747,NA,FALSE,NA,NA,NA
"2148","Launaea_arborescens","Sarcophagidae_sp_2",0,0.72749871292464,0.849143784612332,"both↑",FALSE,0.788321248768486,"Both approaches",0.541362705665053
"2149","Launaea_arborescens","Sarcophagidae_sp_4",0.142857142857143,NA,NA,NA,TRUE,NA,NA,NA
"2150","Launaea_arborescens","Sarcophagidae_sp_5",0,0.777229549727297,0.754626323534194,"both↑",FALSE,0.765927936630745,"Both approaches",0.492843862699948
"2151","Launaea_arborescens","Sarcophagidae_sp_6",0.142857142857143,NA,NA,NA,TRUE,NA,NA,NA
"2152","Launaea_arborescens","Sarcophagidae_sp_7",0,0.777195651572715,0.866774201022388,"both↑",FALSE,0.821984926297551,"Both approaches",0.614300673644695
"2153","Launaea_arborescens","Sarcophagidae_sp_8",0,0.746558131115633,0.772606656307278,"both↑",FALSE,0.759582393711455,"Both approaches",0.47909518637482
"2154","Launaea_arborescens","Scaeva_albomaculata",0,0.679806612070776,0.606626714109773,NA,FALSE,NA,NA,NA
"2155","Launaea_arborescens","Scaptomyza_sp_2",0,0.739171209505603,0.912628913449222,"both↑",FALSE,0.825900061477413,"Both approaches",0.622783466534394
"2156","Launaea_arborescens","Scenopinus_sp",0,0.608670018755101,0.543315388198967,NA,FALSE,NA,NA,NA
"2157","Launaea_arborescens","Sciaridae_sp",0.285714285714286,NA,NA,NA,TRUE,NA,NA,NA
"2158","Launaea_arborescens","Sciaridae_sp_1",0,0.717682975176998,0.72801669130869,"both↑",FALSE,0.722849833242844,"Both approaches",0.399507972026162
"2159","Launaea_arborescens","Sciaridae_sp_4",0,0.974312908401649,NA,NA,FALSE,NA,NA,NA
"2160","Launaea_arborescens","Scymnus_canariensis",0,0.659835099297311,0.63883339140505,NA,FALSE,NA,NA,NA
"2161","Launaea_arborescens","Sepsis_sp",0,0.627752971371196,0.503346739398576,NA,FALSE,NA,NA,NA
"2162","Launaea_arborescens","Sibinia_sericea",0,0.615789965465068,0.5,NA,FALSE,NA,NA,NA
"2163","Launaea_arborescens","Sphaeniscus_filiolus",0,0.596495599934881,0.538832729077276,NA,FALSE,NA,NA,NA
"2164","Launaea_arborescens","Sphecidae_sp",0.142857142857143,NA,NA,NA,TRUE,NA,NA,NA
"2165","Launaea_arborescens","Stenoselma_sp",0,0.60733397381038,0.519995972335691,NA,FALSE,NA,NA,NA
"2166","Launaea_arborescens","Stomorhina_lunata",0,0.573292628528738,NA,NA,FALSE,NA,NA,NA
"2167","Launaea_arborescens","Synthesomyia_nudiseta",0,0.706026351202721,NA,NA,FALSE,NA,NA,NA
"2168","Launaea_arborescens","Syritta_pipiens",0.142857142857143,NA,NA,NA,TRUE,NA,NA,NA
"2169","Launaea_arborescens","Tachina_canariensis",0,0.877253036708009,0.92844988186812,"both↑",FALSE,0.902851459288065,"Both approaches",0.78951149512414
"2170","Launaea_arborescens","Tachinidae_sp_1",0,0.688007421727652,0.638067384253207,NA,FALSE,NA,NA,NA
"2171","Launaea_arborescens","Tachyagetes_aemulans",0,0.743083381957737,0.669779320480575,"offs↑ only",FALSE,0.743083381957737,"External location",0.443347327575097
"2172","Launaea_arborescens","Tapinoma_nigerrimum",0,0.994242335587616,0.998461751686752,"both↑",FALSE,0.996352043637184,"Both approaches",0.992096094547232
"2173","Launaea_arborescens","Tephritidae_sp_1",0.142857142857143,NA,NA,NA,TRUE,NA,NA,NA
"2174","Launaea_arborescens","Tethina_marmorata",0,0.552839398907197,NA,NA,FALSE,NA,NA,NA
"2175","Launaea_arborescens","Tethinidae_sp_1",0,0.72784446406036,0.543590289509253,"offs↑ only",FALSE,0.72784446406036,"External location",0.41032967213078
"2176","Launaea_arborescens","Tethinidae_sp_2",0,0.744089558200441,0.687743036597673,"offs↑ only",FALSE,0.744089558200441,"External location",0.445527376100956
"2177","Launaea_arborescens","Tethinidae_sp_3",0,0.789597165229134,0.742854263188731,"both↑",FALSE,0.766225714208932,"Both approaches",0.493489047452687
"2178","Launaea_arborescens","Tetramesa_sp",0,0.78925270021741,0.930614353513068,"both↑",FALSE,0.859933526865239,"Both approaches",0.696522641541351
"2179","Launaea_arborescens","Themnothorax_hesperius",0.142857142857143,NA,NA,NA,TRUE,NA,NA,NA
"2180","Launaea_arborescens","Themnothorax_productus",0,0.737990718556553,0.744557966915474,"both↑",FALSE,0.741274342736014,"Both approaches",0.439427742594696
"2181","Launaea_arborescens","Themnothorax_risii",0.142857142857143,NA,NA,NA,TRUE,NA,NA,NA
"2182","Launaea_arborescens","Thomisus_cf_globosum",0,0.708234887817994,0.596058473482184,"offs↑ only",FALSE,0.708234887817994,"External location",0.367842256938986
"2183","Launaea_arborescens","Thomisus_cf_onustus",0,0.62065541656672,0.549644668368844,NA,FALSE,NA,NA,NA
"2184","Launaea_arborescens","Thyreus_sp_aff_ramosus",0.142857142857143,NA,NA,NA,TRUE,NA,NA,NA
"2185","Launaea_arborescens","Thyridanthrax_indigenus",0.142857142857143,NA,NA,NA,TRUE,NA,NA,NA
"2186","Launaea_arborescens","Thysanoptera_sp",0,0.897414466571176,0.999625659660512,"both↑",FALSE,0.948520063115844,"Both approaches",0.888460136750995
"2187","Launaea_arborescens","Thysanoptera_sp_1",0,0.981140384452398,0.989626221823895,"both↑",FALSE,0.985383303138147,"Both approaches",0.968330490132651
"2188","Launaea_arborescens","Thysanoptera_sp_2",0.571428571428571,NA,NA,NA,TRUE,NA,NA,NA
"2189","Launaea_arborescens","Thysanoptera_sp_3",0,0.60844053143368,0.512235961736384,NA,FALSE,NA,NA,NA
"2190","Launaea_arborescens","Thysanoptera_sp_4",0,0.785394492148023,0.807112500377787,"both↑",FALSE,0.796253496262905,"Both approaches",0.558549241902961
"2191","Launaea_arborescens","Thysanoptera_sp_7",0,0.931952181011892,NA,NA,FALSE,NA,NA,NA
"2192","Launaea_arborescens","Torymoides_lindbergi",0.142857142857143,NA,NA,NA,TRUE,NA,NA,NA
"2193","Launaea_arborescens","Trixoscelis_sp",0,0.611068551706058,0.54714903493708,NA,FALSE,NA,NA,NA
"2194","Launaea_arborescens","Troglops_sp",0,0.632489491277696,0.625743311647286,NA,FALSE,NA,NA,NA
"2195","Launaea_arborescens","Tropinota_squalida",0.142857142857143,NA,NA,NA,TRUE,NA,NA,NA
"2196","Launaea_arborescens","Trupanea_augur",0,0.707264949062163,0.610411771535208,"offs↑ only",FALSE,0.707264949062163,"External location",0.36574072296802
"2197","Launaea_arborescens","Urelliosoma_guimari",0.857142857142857,NA,NA,NA,TRUE,NA,NA,NA
"2198","Launaea_arborescens","Urellliosoma_sp",0.142857142857143,NA,NA,NA,TRUE,NA,NA,NA
"2199","Launaea_arborescens","Vanessa_Cardui",0,0.667648445200499,0.672099037248145,NA,FALSE,NA,NA,NA
"2200","Launaea_arborescens","Vestitohalictus_sp",0.142857142857143,NA,NA,NA,TRUE,NA,NA,NA
"2201","Lavendula_buchii","Agromyzidae_sp_2",0,0.5,0.5,NA,FALSE,NA,NA,NA
"2202","Lavendula_buchii","Amegilla_canifrons",0,0.5,0.5,NA,FALSE,NA,NA,NA
"2203","Lavendula_buchii","Amegilla_quadrifasciata",0.142857142857143,NA,NA,NA,TRUE,NA,NA,NA
"2204","Lavendula_buchii","Anaspis_proteus",0,0.988612476503927,0.997402281047079,"both↑",FALSE,0.993007378775503,"Both approaches",0.984849320680257
"2205","Lavendula_buchii","Anthophora_alluaudi",0.142857142857143,NA,NA,NA,TRUE,NA,NA,NA
"2206","Lavendula_buchii","Anthophora_orotavae",0.142857142857143,NA,NA,NA,TRUE,NA,NA,NA
"2207","Lavendula_buchii","Apis_mellifera",0,0.501642569609663,NA,NA,FALSE,NA,NA,NA
"2208","Lavendula_buchii","Attalus_pallipes",0,0.5,NA,NA,FALSE,NA,NA,NA
"2209","Lavendula_buchii","Aulacoderus_canariensis",0,0.5,0.5,NA,FALSE,NA,NA,NA
"2210","Lavendula_buchii","Bassus_sp",0,0.5,NA,NA,FALSE,NA,NA,NA
"2211","Lavendula_buchii","Bracon_sp",0,0.5,0.5,NA,FALSE,NA,NA,NA
"2212","Lavendula_buchii","Camponotus_feae",0.142857142857143,NA,NA,NA,TRUE,NA,NA,NA
"2213","Lavendula_buchii","Ceratogoponidae_sp",0,0.5,0.5,NA,FALSE,NA,NA,NA
"2214","Lavendula_buchii","Chetogena_acuminata",0,0.5,NA,NA,FALSE,NA,NA,NA
"2215","Lavendula_buchii","Chironomidae_sp",0,0.5,NA,NA,FALSE,NA,NA,NA
"2216","Lavendula_buchii","Chloropidae_sp",0,0.5,0.5,NA,FALSE,NA,NA,NA
"2217","Lavendula_buchii","Chloropidae_sp_5",0,0.5,NA,NA,FALSE,NA,NA,NA
"2218","Lavendula_buchii","Coccinella_miranda",0,0.5,0.5,NA,FALSE,NA,NA,NA
"2219","Lavendula_buchii","Crematogaster_alluaudi",0,0.5,0.5,NA,FALSE,NA,NA,NA
"2220","Lavendula_buchii","Cryptocephalus_gounellei",0,0.5,NA,NA,FALSE,NA,NA,NA
"2221","Lavendula_buchii","Dasytes_cf_subaenescens",0,0.5,0.5,NA,FALSE,NA,NA,NA
"2222","Lavendula_buchii","Dasytes_subaenescens",0,0.644012755283837,NA,NA,FALSE,NA,NA,NA
"2223","Lavendula_buchii","Elasmus_platyedrae",0,0.5,NA,NA,FALSE,NA,NA,NA
"2224","Lavendula_buchii","Eristalinus_aeneus",0,0.5,0.5,NA,FALSE,NA,NA,NA
"2225","Lavendula_buchii","Eristalis_tenax",0,0.5,0.5,NA,FALSE,NA,NA,NA
"2226","Lavendula_buchii","Estheria_simonyi",0,0.654631258646503,NA,NA,FALSE,NA,NA,NA
"2227","Lavendula_buchii","Eucera_gracilipes",0,0.523850815184806,0.503451960208118,NA,FALSE,NA,NA,NA
"2228","Lavendula_buchii","Euderus_sp",0,0.5,0.5,NA,FALSE,NA,NA,NA
"2229","Lavendula_buchii","Eumerus_latitarsis",0,0.645914399070824,0.781585953339984,"diag↑ only",FALSE,0.781585953339984,"Single location",0.526769565569964
"2230","Lavendula_buchii","Eumerus_nivariae",0,0.5,0.5,NA,FALSE,NA,NA,NA
"2231","Lavendula_buchii","Geometridae_sp",0,0.5,0.5,NA,FALSE,NA,NA,NA
"2232","Lavendula_buchii","Hylaeus_ater",0,0.5,0.5,NA,FALSE,NA,NA,NA
"2233","Lavendula_buchii","Lasioglossum_loetum",0,0.698361163073814,0.5,NA,FALSE,NA,NA,NA
"2234","Lavendula_buchii","Lasioglossum_viride",0,0.946628885746108,NA,NA,FALSE,NA,NA,NA
"2235","Lavendula_buchii","Leptochilus_cruentatus",0.142857142857143,NA,NA,NA,TRUE,NA,NA,NA
"2236","Lavendula_buchii","Leptochilus_eatoni",0,0.5,0.5,NA,FALSE,NA,NA,NA
"2237","Lavendula_buchii","Malthinus_mutabilis",0,0.5,0.5,NA,FALSE,NA,NA,NA
"2238","Lavendula_buchii","Megaselia_sp_2",0,0.5,NA,NA,FALSE,NA,NA,NA
"2239","Lavendula_buchii","Meligethes_canariensis",0,0.704259613947382,0.893113666538235,"both↑",FALSE,0.798686640242808,"Both approaches",0.563821053859418
"2240","Lavendula_buchii","Minotetrastichus_sp",0,0.5,NA,NA,FALSE,NA,NA,NA
"2241","Lavendula_buchii","Musca_domestica",0,0.525416530091336,0.5,NA,FALSE,NA,NA,NA
"2242","Lavendula_buchii","Myathropa_florea",0,0.5,0.5,NA,FALSE,NA,NA,NA
"2243","Lavendula_buchii","Neodryophilus_cryptophagoides",0,0.5,0.5,NA,FALSE,NA,NA,NA
"2244","Lavendula_buchii","Phthiria_simonyi",0,0.597023850317465,0.525243902779613,NA,FALSE,NA,NA,NA
"2245","Lavendula_buchii","Plagiolepis_sp_2",0,0.905572238061751,0.974029805055878,"both↑",FALSE,0.939801021558814,"Both approaches",0.869568880044098
"2246","Lavendula_buchii","Platypalpus_sp",0,0.5,0.5,NA,FALSE,NA,NA,NA
"2247","Lavendula_buchii","Pteromalus_sp_1",0,0.5,0.5,NA,FALSE,NA,NA,NA
"2248","Lavendula_buchii","Pteromalus_sp_4",0,0.5,0.5,NA,FALSE,NA,NA,NA
"2249","Lavendula_buchii","Scenopinus_sp",0,0.5,0.5,NA,FALSE,NA,NA,NA
"2250","Lavendula_buchii","Sciaridae_sp",0,0.5,NA,NA,FALSE,NA,NA,NA
"2251","Lavendula_buchii","Syritta_pipiens",0,0.557861954474553,NA,NA,FALSE,NA,NA,NA
"2252","Lavendula_buchii","Tethina_marmorata",0,0.5,0.5,NA,FALSE,NA,NA,NA
"2253","Lavendula_buchii","Themnothorax_hesperius",0,0.634665232385342,NA,NA,FALSE,NA,NA,NA
"2254","Lavendula_buchii","Thomisus_cf_onustus",0,0.5,0.5,NA,FALSE,NA,NA,NA
"2255","Lavendula_buchii","Thysanoptera_sp_1",0,0.955699939841486,NA,NA,FALSE,NA,NA,NA
"2256","Lavendula_buchii","Thysanoptera_sp_2",0,0.991505503791096,0.997706429839116,"both↑",FALSE,0.994605966815106,"Both approaches",0.988312928099397
"2257","Lavendula_buchii","Thysanoptera_sp_3",0,0.5,NA,NA,FALSE,NA,NA,NA
"2258","Lavendula_buchii","Thysanoptera_sp_7",0,0.855238423496023,NA,NA,FALSE,NA,NA,NA
"2259","Lavendula_buchii","Urelliosoma_guimari",0,0.5,NA,NA,FALSE,NA,NA,NA
"2260","Lavendula_minutolii","Agromyzidae_sp_1",0,0.5,0.5,NA,FALSE,NA,NA,NA
"2261","Lavendula_minutolii","Alliophleps_elliptica",0,0.5,0.5,NA,FALSE,NA,NA,NA
"2262","Lavendula_minutolii","Amegilla_quadrifasciata",0,0.5,0.5,NA,FALSE,NA,NA,NA
"2263","Lavendula_minutolii","Anaspis_proteus",0,0.877536960691405,0.948816539785111,"both↑",FALSE,0.913176750238258,"Both approaches",0.811882958849559
"2264","Lavendula_minutolii","Andrena_vulcana",0,0.5,NA,NA,FALSE,NA,NA,NA
"2265","Lavendula_minutolii","Andrena_wollastoni",0,0.5,0.5,NA,FALSE,NA,NA,NA
"2266","Lavendula_minutolii","Anthophora_alluaudi",0.142857142857143,NA,NA,NA,TRUE,NA,NA,NA
"2267","Lavendula_minutolii","Anthophora_orotavae",0,0.5,NA,NA,FALSE,NA,NA,NA
"2268","Lavendula_minutolii","Apis_mellifera",0,0.532299020862284,0.5,NA,FALSE,NA,NA,NA
"2269","Lavendula_minutolii","Atherigona_varia",0,0.5,0.5,NA,FALSE,NA,NA,NA
"2270","Lavendula_minutolii","Attagenus_wollastoni",0,0.5,NA,NA,FALSE,NA,NA,NA
"2271","Lavendula_minutolii","Attalus_obscurus",0,0.693471622681928,0.917868903228856,"diag↑ only",FALSE,0.917868903228856,"Single location",0.822049290329187
"2272","Lavendula_minutolii","Bombylius_pintuarius",0,0.5,0.5,NA,FALSE,NA,NA,NA
"2273","Lavendula_minutolii","Camponotus_feae",0,0.999999998741431,0.999999999999927,"both↑",FALSE,0.999999999370679,"Both approaches",0.999999998636471
"2274","Lavendula_minutolii","Cephalodromia_sp",0,0.5,0.5,NA,FALSE,NA,NA,NA
"2275","Lavendula_minutolii","Chetogena_acuminata",0,0.5,0.5,NA,FALSE,NA,NA,NA
"2276","Lavendula_minutolii","Chloropidae_sp_2",0,0.5,0.5,NA,FALSE,NA,NA,NA
"2277","Lavendula_minutolii","Chrysomya_albiceps",0,0.688946927832565,0.641424637969671,NA,FALSE,NA,NA,NA
"2278","Lavendula_minutolii","Coccinella_miranda",0,0.5,0.5,NA,FALSE,NA,NA,NA
"2279","Lavendula_minutolii","Colletes_dimidiatus",0,0.526514016004109,0.5,NA,FALSE,NA,NA,NA
"2280","Lavendula_minutolii","Curculionidae_sp",0,0.5,0.5,NA,FALSE,NA,NA,NA
"2281","Lavendula_minutolii","Dinarmoides_spilopterus",0,0.5,0.5,NA,FALSE,NA,NA,NA
"2282","Lavendula_minutolii","Eristalinus_taeniops",0,0.5,NA,NA,FALSE,NA,NA,NA
"2283","Lavendula_minutolii","Eucera_gracilipes",0,0.5,0.5,NA,FALSE,NA,NA,NA
"2284","Lavendula_minutolii","Exhyalanthrax_canarionae",0,0.5,0.5,NA,FALSE,NA,NA,NA
"2285","Lavendula_minutolii","Gasteruption_sp",0,0.5,0.5,NA,FALSE,NA,NA,NA
"2286","Lavendula_minutolii","Hylaeus_hohmanni",0,0.5,NA,NA,FALSE,NA,NA,NA
"2287","Lavendula_minutolii","Lasioglossum_loetum",0,0.72893808692405,0.595465686998335,"offs↑ only",FALSE,0.72893808692405,"External location",0.412699188335442
"2288","Lavendula_minutolii","Lasioglossum_viride",0,0.901106243522871,0.882028299368793,"both↑",FALSE,0.891567271445832,"Both approaches",0.765062421465969
"2289","Lavendula_minutolii","Lucilia_sericata",0,0.727386997485095,0.5,"offs↑ only",FALSE,0.727386997485095,"External location",0.409338494551038
"2290","Lavendula_minutolii","Macroglossum_stellatarum",0,0.5,0.5,NA,FALSE,NA,NA,NA
"2291","Lavendula_minutolii","Melecta_curvispina",0,0.5,0.5,NA,FALSE,NA,NA,NA
"2292","Lavendula_minutolii","Musca_domestica",0,0.686846103427033,0.781637089191922,"diag↑ only",FALSE,0.781637089191922,"Single location",0.52688035991583
"2293","Lavendula_minutolii","Oscinella_sp_1",0,0.572250736303841,0.581617377606806,NA,FALSE,NA,NA,NA
"2294","Lavendula_minutolii","Osmia_canaria",0,0.5,NA,NA,FALSE,NA,NA,NA
"2295","Lavendula_minutolii","Osmia_latreillei",0,0.5,0.5,NA,FALSE,NA,NA,NA
"2296","Lavendula_minutolii","Phthiria_simonyi",0,0.500040671101449,0.5,NA,FALSE,NA,NA,NA
"2297","Lavendula_minutolii","Pieris_rapae",0,0.5,0.5,NA,FALSE,NA,NA,NA
"2298","Lavendula_minutolii","Plagiolepis_sp_2",0,0.635789644220795,NA,NA,FALSE,NA,NA,NA
"2299","Lavendula_minutolii","Sarcophagidae_sp_5",0,0.551174214010407,0.5,NA,FALSE,NA,NA,NA
"2300","Lavendula_minutolii","Scaeva_albomaculata",0,0.5,NA,NA,FALSE,NA,NA,NA
"2301","Lavendula_minutolii","Sepsis_sp",0,0.5,0.5,NA,FALSE,NA,NA,NA
"2302","Lavendula_minutolii","Stenoselma_sp",0,0.5,0.5,NA,FALSE,NA,NA,NA
"2303","Lavendula_minutolii","Themnothorax_risii",0,0.5,0.5,NA,FALSE,NA,NA,NA
"2304","Lavendula_minutolii","Thomisus_cf_onustus",0,0.5,0.5,NA,FALSE,NA,NA,NA
"2305","Lavendula_minutolii","Thysanoptera_sp_1",0,0.943454039966893,0.854315411643914,"both↑",FALSE,0.898884725805403,"Both approaches",0.780916905911707
"2306","Lavendula_minutolii","Thysanoptera_sp_2",0,0.823922875827177,NA,NA,FALSE,NA,NA,NA
"2307","Lavendula_minutolii","Thysanoptera_sp_3",0,0.5,0.5,NA,FALSE,NA,NA,NA
"2308","Lavendula_minutolii","Tropinota_squalida",0,0.5,0.5,NA,FALSE,NA,NA,NA
"2309","Lavendula_minutolii","Urelliosoma_guimari",0,0.5,0.5,NA,FALSE,NA,NA,NA
"2310","Lavendula_multifida","Agromyzidae_sp_1",0,0.5,0.5,NA,FALSE,NA,NA,NA
"2311","Lavendula_multifida","Amegilla_quadrifasciata",0.142857142857143,NA,NA,NA,TRUE,NA,NA,NA
"2312","Lavendula_multifida","Ammophila_terminata",0,0.5,0.5,NA,FALSE,NA,NA,NA
"2313","Lavendula_multifida","Anaspis_cf_canariensis",0,0.501143855169769,0.5,NA,FALSE,NA,NA,NA
"2314","Lavendula_multifida","Anaspis_proteus",0,0.864647439904596,0.538631622653847,"offs↑ only",FALSE,0.864647439904596,"External location",0.70673611979329
"2315","Lavendula_multifida","Anthophora_alluaudi",0,0.605301282799599,0.5,NA,FALSE,NA,NA,NA
"2316","Lavendula_multifida","Anthophora_orotavae",0.142857142857143,NA,NA,NA,TRUE,NA,NA,NA
"2317","Lavendula_multifida","Apis_mellifera",0.142857142857143,NA,NA,NA,TRUE,NA,NA,NA
"2318","Lavendula_multifida","Aprostocetus_occidentalis",0,0.581170661734773,0.587862852058245,NA,FALSE,NA,NA,NA
"2319","Lavendula_multifida","Aprostocetus_sp_2",0,0.5,NA,NA,FALSE,NA,NA,NA
"2320","Lavendula_multifida","Araneidae_sp_1",0,0.5,0.5,NA,FALSE,NA,NA,NA
"2321","Lavendula_multifida","Araneidae_sp_2",0,0.5,0.5,NA,FALSE,NA,NA,NA
"2322","Lavendula_multifida","Attagenus_wollastoni",0,0.5,0.523927094677039,NA,FALSE,NA,NA,NA
"2323","Lavendula_multifida","Attalus_ruficollis",0,0.5,0.5,NA,FALSE,NA,NA,NA
"2324","Lavendula_multifida","Attalus_rugifrons",0,0.5,0.5,NA,FALSE,NA,NA,NA
"2325","Lavendula_multifida","Blaesoxipha_sp_1",0,0.5,0.5,NA,FALSE,NA,NA,NA
"2326","Lavendula_multifida","Bracon_sp",0,0.5,0.5,NA,FALSE,NA,NA,NA
"2327","Lavendula_multifida","Bruchidius_wollastoni",0,0.51076606478464,NA,NA,FALSE,NA,NA,NA
"2328","Lavendula_multifida","Campiglossa_reticulata",0,0.5,0.5,NA,FALSE,NA,NA,NA
"2329","Lavendula_multifida","Camponotus_feae",0.285714285714286,NA,NA,NA,TRUE,NA,NA,NA
"2330","Lavendula_multifida","Chalicodoma_canescens",0,0.5,0.5,NA,FALSE,NA,NA,NA
"2331","Lavendula_multifida","Chetogena_acuminata",0,0.5,0.5,NA,FALSE,NA,NA,NA
"2332","Lavendula_multifida","Chloropidae_sp_4",0,0.5,0.5,NA,FALSE,NA,NA,NA
"2333","Lavendula_multifida","Chloropidae_sp_5",0,0.5,NA,NA,FALSE,NA,NA,NA
"2334","Lavendula_multifida","Chloropidae_sp_6",0,0.5,0.5,NA,FALSE,NA,NA,NA
"2335","Lavendula_multifida","Chrysomya_albiceps",0,0.745209874097929,0.746710977113409,"both↑",FALSE,0.745960425605669,"Both approaches",0.449580922145616
"2336","Lavendula_multifida","Dasytes_subaenescens",0,0.52298378034036,0.5,NA,FALSE,NA,NA,NA
"2337","Lavendula_multifida","Dinarmoides_spilopterus",0,0.5,0.5,NA,FALSE,NA,NA,NA
"2338","Lavendula_multifida","Empididae_sp_1",0,0.5,0.5,NA,FALSE,NA,NA,NA
"2339","Lavendula_multifida","Eristalinus_aeneus",0,0.5,NA,NA,FALSE,NA,NA,NA
"2340","Lavendula_multifida","Eristalinus_taeniops",0,0.5,NA,NA,FALSE,NA,NA,NA
"2341","Lavendula_multifida","Eristalis_tenax",0,0.5,NA,NA,FALSE,NA,NA,NA
"2342","Lavendula_multifida","Estheria_simonyi",0,0.563514328816761,0.5,NA,FALSE,NA,NA,NA
"2343","Lavendula_multifida","Euderus_sp",0,0.500811205432339,0.5,NA,FALSE,NA,NA,NA
"2344","Lavendula_multifida","Eumerus_latitarsis",0,0.904374943118455,0.9893953210789,"both↑",FALSE,0.946885132098677,"Both approaches",0.884917786213801
"2345","Lavendula_multifida","Eupelmus_sp",0,0.5,NA,NA,FALSE,NA,NA,NA
"2346","Lavendula_multifida","Eupelmus_testaceiventris",0,0.5,0.5,NA,FALSE,NA,NA,NA
"2347","Lavendula_multifida","Eurytoma_sp_1",0,0.5,NA,NA,FALSE,NA,NA,NA
"2348","Lavendula_multifida","Eurytoma_sp_2",0,0.5,0.5,NA,FALSE,NA,NA,NA
"2349","Lavendula_multifida","Exetastes_segmentarius",0,0.5,0.5,NA,FALSE,NA,NA,NA
"2350","Lavendula_multifida","Fannia_sp",0,0.5,0.5,NA,FALSE,NA,NA,NA
"2351","Lavendula_multifida","Gnaphosidae_sp_1",0,0.5,NA,NA,FALSE,NA,NA,NA
"2352","Lavendula_multifida","Halictus_fulvipes",0,0.5,0.5,NA,FALSE,NA,NA,NA
"2353","Lavendula_multifida","Holepyris_sp",0,0.5,0.5,NA,FALSE,NA,NA,NA
"2354","Lavendula_multifida","Lasioglossum_loetum",0,0.71367758263214,0.603796793837222,"offs↑ only",FALSE,0.71367758263214,"External location",0.379634762369637
"2355","Lavendula_multifida","Lasioglossum_viride",0.142857142857143,NA,NA,NA,TRUE,NA,NA,NA
"2356","Lavendula_multifida","Leptochilus_eatoni",0,0.5,0.5,NA,FALSE,NA,NA,NA
"2357","Lavendula_multifida","Lucilia_sericata",0,0.76173179052283,0.5,"offs↑ only",FALSE,0.76173179052283,"External location",0.483752212799465
"2358","Lavendula_multifida","Macrocoma_splendens",0,0.5,NA,NA,FALSE,NA,NA,NA
"2359","Lavendula_multifida","Megachile_canariensis",0,0.5,0.5,NA,FALSE,NA,NA,NA
"2360","Lavendula_multifida","Megaselia_sp_1",0,0.5,0.5,NA,FALSE,NA,NA,NA
"2361","Lavendula_multifida","Meligethes_cf_canariensis",0,0.5,0.5,NA,FALSE,NA,NA,NA
"2362","Lavendula_multifida","Monomorium_subopacum",0,0.5,0.5,NA,FALSE,NA,NA,NA
"2363","Lavendula_multifida","Mordellistena_cf_canariensis",0,0.5,0.5,NA,FALSE,NA,NA,NA
"2364","Lavendula_multifida","Musca_domestica",0,0.551368562267999,0.5,NA,FALSE,NA,NA,NA
"2365","Lavendula_multifida","Myopites_nigrescens",0,0.703391843740955,0.73955714206194,"both↑",FALSE,0.721474492901447,"Both approaches",0.396528067953136
"2366","Lavendula_multifida","Nomioides_fortunatus",0,0.5,0.5141370380819,NA,FALSE,NA,NA,NA
"2367","Lavendula_multifida","Nyctia_lugubris",0,0.5,0.5,NA,FALSE,NA,NA,NA
"2368","Lavendula_multifida","Oscinella_sp_1",0,0.5,0.5,NA,FALSE,NA,NA,NA
"2369","Lavendula_multifida","Oscinella_sp_2",0,0.5,0.5,NA,FALSE,NA,NA,NA
"2370","Lavendula_multifida","Osmia_latreillei",0,0.5,0.5,NA,FALSE,NA,NA,NA
"2371","Lavendula_multifida","Oxyopes_cf_kraepelinorum",0,0.5,0.5,NA,FALSE,NA,NA,NA
"2372","Lavendula_multifida","Oxyopes_kraepelinorum",0,0.5,0.5,NA,FALSE,NA,NA,NA
"2373","Lavendula_multifida","Paratrechina_longicornis",0,0.5,NA,NA,FALSE,NA,NA,NA
"2374","Lavendula_multifida","Physiphora_alceae",0,0.5,0.5,NA,FALSE,NA,NA,NA
"2375","Lavendula_multifida","Phyto_discrepans",0,0.5,0.5,NA,FALSE,NA,NA,NA
"2376","Lavendula_multifida","Pieris_rapae",0,0.5,0.5,NA,FALSE,NA,NA,NA
"2377","Lavendula_multifida","Plagiolepis_schmitzii",0,0.916211208910064,0.999576839567291,"both↑",FALSE,0.957894024238677,"Both approaches",0.908770385850467
"2378","Lavendula_multifida","Plagiolepis_sp_2",0,0.755007448217387,0.873017752380966,"both↑",FALSE,0.814012600299176,"Both approaches",0.597027300648216
"2379","Lavendula_multifida","Platypalpus_sp",0,0.5,0.5,NA,FALSE,NA,NA,NA
"2380","Lavendula_multifida","Platypalpus_sp_1",0,0.5,0.5,NA,FALSE,NA,NA,NA
"2381","Lavendula_multifida","Platypalpus_sp_2",0,0.5,0.5,NA,FALSE,NA,NA,NA
"2382","Lavendula_multifida","Pteromalus_sp_3",0,0.5,0.5,NA,FALSE,NA,NA,NA
"2383","Lavendula_multifida","Pteromalus_sp_4",0,0.5,0.5,NA,FALSE,NA,NA,NA
"2384","Lavendula_multifida","Sarcophagidae_sp_5",0,0.555218288694734,0.506506351617962,NA,FALSE,NA,NA,NA
"2385","Lavendula_multifida","Sarcophagidae_sp_8",0,0.556835984200643,0.523245385331148,NA,FALSE,NA,NA,NA
"2386","Lavendula_multifida","Scaeva_albomaculata",0,0.5,0.5,NA,FALSE,NA,NA,NA
"2387","Lavendula_multifida","Scenopinus_sp",0,0.5,0.5,NA,FALSE,NA,NA,NA
"2388","Lavendula_multifida","Sciaridae_sp_1",0,0.501781466349985,0.5,NA,FALSE,NA,NA,NA
"2389","Lavendula_multifida","Scymnus_canariensis",0,0.5,0.5,NA,FALSE,NA,NA,NA
"2390","Lavendula_multifida","Sibinia_sericea",0,0.5,0.5,NA,FALSE,NA,NA,NA
"2391","Lavendula_multifida","Sphaeniscus_filiolus",0.142857142857143,NA,NA,NA,TRUE,NA,NA,NA
"2392","Lavendula_multifida","Stomorhina_lunata",0.142857142857143,NA,NA,NA,TRUE,NA,NA,NA
"2393","Lavendula_multifida","Synthesomyia_nudiseta",0,0.5,NA,NA,FALSE,NA,NA,NA
"2394","Lavendula_multifida","Syritta_pipiens",0,0.510150358125437,NA,NA,FALSE,NA,NA,NA
"2395","Lavendula_multifida","Tachina_canariensis",0,0.672850204639175,0.747854677001815,"diag↑ only",FALSE,0.747854677001815,"Single location",0.453685133503933
"2396","Lavendula_multifida","Themnothorax_hesperius",0.142857142857143,NA,NA,NA,TRUE,NA,NA,NA
"2397","Lavendula_multifida","Thomisus_cf_globosum",0,0.5,0.5,NA,FALSE,NA,NA,NA
"2398","Lavendula_multifida","Thomisus_cf_onustus",0,0.5,0.5,NA,FALSE,NA,NA,NA
"2399","Lavendula_multifida","Thyridanthrax_indigenus",0,0.883248562152583,0.971383729562976,"both↑",FALSE,0.92731614585778,"Both approaches",0.84251831602519
"2400","Lavendula_multifida","Thysanoptera_sp_1",0,0.972408214716765,0.998933059203847,"both↑",FALSE,0.985670636960306,"Both approaches",0.96895304674733
"2401","Lavendula_multifida","Thysanoptera_sp_2",0,0.973013625467439,0.967591303670807,"both↑",FALSE,0.970302464569123,"Both approaches",0.935655339899766
"2402","Lavendula_multifida","Thysanoptera_sp_3",0,0.5,0.5,NA,FALSE,NA,NA,NA
"2403","Lavendula_multifida","Torymoides_lindbergi",0,0.5,NA,NA,FALSE,NA,NA,NA
"2404","Lavendula_multifida","Trixoscelis_sp",0,0.5,0.5,NA,FALSE,NA,NA,NA
"2405","Lavendula_multifida","Trupanea_augur",0,0.5,0.5,NA,FALSE,NA,NA,NA
"2406","Lavendula_multifida","Urelliosoma_guimari",0,0.515997644400112,0.5,NA,FALSE,NA,NA,NA
"2407","Lotus_glaucus","Anthophora_alluaudi",0,0.684595475282358,0.515604603159791,NA,FALSE,NA,NA,NA
"2408","Lotus_glaucus","Attalus_crispus",0,0.5,0.5,NA,FALSE,NA,NA,NA
"2409","Lotus_glaucus","Camponotus_feae",0,0.999999999988648,1,"both↑",FALSE,0.999999999994324,"Both approaches",0.999999999987702
"2410","Lotus_glaucus","Cecydomyiidae_sp",0,0.5,0.5,NA,FALSE,NA,NA,NA
"2411","Lotus_glaucus","Ceratogoponidae_sp",0,0.5,0.5,NA,FALSE,NA,NA,NA
"2412","Lotus_glaucus","Ceratogoponidae_sp_2",0,0.5,0.5,NA,FALSE,NA,NA,NA
"2413","Lotus_glaucus","Chalicodoma_canescens",0.142857142857143,NA,NA,NA,TRUE,NA,NA,NA
"2414","Lotus_glaucus","Chironomidae_sp_1",0,0.5,0.5,NA,FALSE,NA,NA,NA
"2415","Lotus_glaucus","Chloropidae_sp_3",0,0.503496451931435,0.625624716489926,NA,FALSE,NA,NA,NA
"2416","Lotus_glaucus","Chloropidae_sp_4",0,0.5,0.5,NA,FALSE,NA,NA,NA
"2417","Lotus_glaucus","Chrysomya_albiceps",0,0.614529368325808,0.5,NA,FALSE,NA,NA,NA
"2418","Lotus_glaucus","Colias_croceus",0,0.5,0.5,NA,FALSE,NA,NA,NA
"2419","Lotus_glaucus","Colletes_dimidiatus",0,0.58331581675232,0.794878453422281,"diag↑ only",FALSE,0.794878453422281,"Single location",0.555569982414941
"2420","Lotus_glaucus","Cryptocephalus_nitidicollis",0,0.5,NA,NA,FALSE,NA,NA,NA
"2421","Lotus_glaucus","Dasytes_subaenescens",0,0.5,0.5,NA,FALSE,NA,NA,NA
"2422","Lotus_glaucus","Delia_flavibasis",0,0.5,0.5,NA,FALSE,NA,NA,NA
"2423","Lotus_glaucus","Dilophus_hiemalis",0,0.5,0.5,NA,FALSE,NA,NA,NA
"2424","Lotus_glaucus","Empididae_sp_1",0,0.5,NA,NA,FALSE,NA,NA,NA
"2425","Lotus_glaucus","Empis_sp_1",0,0.5,0.5,NA,FALSE,NA,NA,NA
"2426","Lotus_glaucus","Eristalinus_taeniops",0,0.5,0.5,NA,FALSE,NA,NA,NA
"2427","Lotus_glaucus","Estheria_simonyi",0,0.707557549615999,0.736182291593544,"both↑",FALSE,0.721869920604772,"Both approaches",0.397384827977005
"2428","Lotus_glaucus","Eucera_gracilipes",0,0.525363301678954,0.5,NA,FALSE,NA,NA,NA
"2429","Lotus_glaucus","Euderus_sp",0,0.5,0.5,NA,FALSE,NA,NA,NA
"2430","Lotus_glaucus","Eumerus_latitarsis",0,0.627361103368478,0.5,NA,FALSE,NA,NA,NA
"2431","Lotus_glaucus","Lasioglossum_arctifrons",0.142857142857143,NA,NA,NA,TRUE,NA,NA,NA
"2432","Lotus_glaucus","Lasioglossum_loetum",0,0.836867861246363,0.944764291042781,"both↑",FALSE,0.890816076144572,"Both approaches",0.763434831646573
"2433","Lotus_glaucus","Lasioglossum_viride",0.142857142857143,NA,NA,NA,TRUE,NA,NA,NA
"2434","Lotus_glaucus","Linnaemyia_soror",0,0.5,0.5,NA,FALSE,NA,NA,NA
"2435","Lotus_glaucus","Lucilia_sericata",0,0.704540174285044,0.5,"offs↑ only",FALSE,0.704540174285044,"External location",0.359837044284262
"2436","Lotus_glaucus","Megachile_canariensis",0.142857142857143,NA,NA,NA,TRUE,NA,NA,NA
"2437","Lotus_glaucus","Myathropa_florea",0,0.518966970567925,0.5,NA,FALSE,NA,NA,NA
"2438","Lotus_glaucus","Mycetophilidae_sp_1",0,0.5,0.5,NA,FALSE,NA,NA,NA
"2439","Lotus_glaucus","Myopites_nigrescens",0,0.674174259631358,0.700115009872962,"diag↑ only",FALSE,0.700115009872962,"Single location",0.350249188058084
"2440","Lotus_glaucus","Neodryophilus_cryptophagoides",0,0.5,0.5,NA,FALSE,NA,NA,NA
"2441","Lotus_glaucus","Osmia_canaria",0.142857142857143,NA,NA,NA,TRUE,NA,NA,NA
"2442","Lotus_glaucus","Paratrechina_longicornis",0,0.5,NA,NA,FALSE,NA,NA,NA
"2443","Lotus_glaucus","Perilampus_sp_1",0,0.5,0.5,NA,FALSE,NA,NA,NA
"2444","Lotus_glaucus","Perilampus_sp_2",0,0.5,NA,NA,FALSE,NA,NA,NA
"2445","Lotus_glaucus","Phalacrus_coruscus",0,0.5,0.5,NA,FALSE,NA,NA,NA
"2446","Lotus_glaucus","Phthiria_simonyi",0,0.506408092257367,0.5,NA,FALSE,NA,NA,NA
"2447","Lotus_glaucus","Pteromalus_sp_3",0,0.5,0.5,NA,FALSE,NA,NA,NA
"2448","Lotus_glaucus","Rondania_insularis",0,0.5,0.5,NA,FALSE,NA,NA,NA
"2449","Lotus_glaucus","Sarcophagidae_sp_3",0,0.5,0.5,NA,FALSE,NA,NA,NA
"2450","Lotus_glaucus","Scaeva_albomaculata",0,0.5,0.5,NA,FALSE,NA,NA,NA
"2451","Lotus_glaucus","Sciaridae_sp",0,0.647132994659802,0.5,NA,FALSE,NA,NA,NA
"2452","Lotus_glaucus","Sciaridae_sp_1",0.142857142857143,NA,NA,NA,TRUE,NA,NA,NA
"2453","Lotus_glaucus","Spathulina_sicula",0,0.5,0.5,NA,FALSE,NA,NA,NA
"2454","Lotus_glaucus","Syritta_pipiens",0,0.5,0.5,NA,FALSE,NA,NA,NA
"2455","Lotus_glaucus","Tachina_canariensis",0,0.546903665679315,0.5,NA,FALSE,NA,NA,NA
"2456","Lotus_glaucus","Thaumatomyia_notata",0,0.5,0.5,NA,FALSE,NA,NA,NA
"2457","Lotus_glaucus","Thomisus_cf_onustus",0,0.5,NA,NA,FALSE,NA,NA,NA
"2458","Lotus_glaucus","Thysanoptera_sp_1",0,0.899330635704986,0.999122042946117,"both↑",FALSE,0.949226339325551,"Both approaches",0.889990401872027
"2459","Lotus_glaucus","Thysanoptera_sp_2",0.142857142857143,NA,NA,NA,TRUE,NA,NA,NA
"2460","Lotus_glaucus","Villa_nigriceps",0,0.5,0.5,NA,FALSE,NA,NA,NA
"2461","Lotus_lancerottensis","Anaspis_cf_eversi",0,0.5,0.5,NA,FALSE,NA,NA,NA
"2462","Lotus_lancerottensis","Anaspis_proteus",0,0.643074018396823,0.5,NA,FALSE,NA,NA,NA
"2463","Lotus_lancerottensis","Anthophora_alluaudi",0,0.748887596954494,0.638428810636464,"offs↑ only",FALSE,0.748887596954494,"External location",0.455923126734737
"2464","Lotus_lancerottensis","Aphthona_wachnitzae",0,0.55117857022284,0.791451430650186,"diag↑ only",FALSE,0.791451430650186,"Single location",0.548144766408737
"2465","Lotus_lancerottensis","Araneae_sp_1",0,0.5,0.5,NA,FALSE,NA,NA,NA
"2466","Lotus_lancerottensis","Asteia_caesia",0,0.5,0.5,NA,FALSE,NA,NA,NA
"2467","Lotus_lancerottensis","Attagenus_abbreviatus",0,0.5,0.5,NA,FALSE,NA,NA,NA
"2468","Lotus_lancerottensis","Attalus_chrysanthemi",0,0.5,0.5,NA,FALSE,NA,NA,NA
"2469","Lotus_lancerottensis","Attalus_olivensis",0.142857142857143,NA,NA,NA,TRUE,NA,NA,NA
"2470","Lotus_lancerottensis","Aulacoderus_canariensis",0,0.77180372132954,0.992889059519527,"both↑",FALSE,0.882346390424534,"Both approaches",0.745083845919823
"2471","Lotus_lancerottensis","Blaesoxipha_sp_1",0,0.5,0.5,NA,FALSE,NA,NA,NA
"2472","Lotus_lancerottensis","Campiglossa_martii",0,0.5,0.5,NA,FALSE,NA,NA,NA
"2473","Lotus_lancerottensis","Camponotus_cfr_feae",0.142857142857143,NA,NA,NA,TRUE,NA,NA,NA
"2474","Lotus_lancerottensis","Camponotus_feae",0,0.916666666540412,0.5,"offs↑ only",FALSE,0.916666666540412,"External location",0.819444444170893
"2475","Lotus_lancerottensis","Cecidomyiidae_sp",0,0.5,0.5,NA,FALSE,NA,NA,NA
"2476","Lotus_lancerottensis","Cephalodromia_sp",0,0.5,0.5,NA,FALSE,NA,NA,NA
"2477","Lotus_lancerottensis","Chalicodoma_sicula",0,0.5,0.5,NA,FALSE,NA,NA,NA
"2478","Lotus_lancerottensis","Chetogena_acuminata",0,0.5,0.5,NA,FALSE,NA,NA,NA
"2479","Lotus_lancerottensis","Chloropidae_sp_1",0.142857142857143,NA,NA,NA,TRUE,NA,NA,NA
"2480","Lotus_lancerottensis","Chloropidae_sp_2",0,0.5,0.5,NA,FALSE,NA,NA,NA
"2481","Lotus_lancerottensis","Chrysomya_albiceps",0,0.621711941058766,0.5,NA,FALSE,NA,NA,NA
"2482","Lotus_lancerottensis","Cryptocephalus_nubigena",0,0.5,0.5,NA,FALSE,NA,NA,NA
"2483","Lotus_lancerottensis","Dasytes_lanzarotensis",0,0.5,NA,NA,FALSE,NA,NA,NA
"2484","Lotus_lancerottensis","Diglyphus_chabrias",0,0.5,0.5,NA,FALSE,NA,NA,NA
"2485","Lotus_lancerottensis","Dischistus_atlanticus",0,0.5,0.5,NA,FALSE,NA,NA,NA
"2486","Lotus_lancerottensis","Eurytoma_sp_1",0,0.5,0.5,NA,FALSE,NA,NA,NA
"2487","Lotus_lancerottensis","Eurytoma_sp_2",0,0.5,0.5,NA,FALSE,NA,NA,NA
"2488","Lotus_lancerottensis","Geometridae_sp_2",0,0.5,0.5,NA,FALSE,NA,NA,NA
"2489","Lotus_lancerottensis","Goniozus_sp",0,0.5,0.5,NA,FALSE,NA,NA,NA
"2490","Lotus_lancerottensis","Lasioglossum_loetum",0,0.64832484083443,0.5,NA,FALSE,NA,NA,NA
"2491","Lotus_lancerottensis","Leptochilus_fortunatus",0,0.5,0.5,NA,FALSE,NA,NA,NA
"2492","Lotus_lancerottensis","Lucilia_sericata",0,0.745758095536282,0.907755741558954,"both↑",FALSE,0.826756918547618,"Both approaches",0.624639990186506
"2493","Lotus_lancerottensis","Milichiidae_sp",0,0.5,NA,NA,FALSE,NA,NA,NA
"2494","Lotus_lancerottensis","Musca_osiris",0,0.5,0.5,NA,FALSE,NA,NA,NA
"2495","Lotus_lancerottensis","Nyctia_lugubris",0,0.5,0.5,NA,FALSE,NA,NA,NA
"2496","Lotus_lancerottensis","Oscinimorpha_sp",0,0.5,0.5,NA,FALSE,NA,NA,NA
"2497","Lotus_lancerottensis","Paragus_tibialis",0,0.5,0.5,NA,FALSE,NA,NA,NA
"2498","Lotus_lancerottensis","Phalacrus_coruscus",0,0.5,0.5,NA,FALSE,NA,NA,NA
"2499","Lotus_lancerottensis","Phyto_nigrobarbata",0,0.5,0.5,NA,FALSE,NA,NA,NA
"2500","Lotus_lancerottensis","Plagiolepis_schmitzii",0,0.999999685992854,1,"both↑",FALSE,0.999999842996427,"Both approaches",0.999999659825592
"2501","Lotus_lancerottensis","Platypalpus_sp_1",0,0.5,0.5,NA,FALSE,NA,NA,NA
"2502","Lotus_lancerottensis","Proconura_sp_2",0,0.5,0.5,NA,FALSE,NA,NA,NA
"2503","Lotus_lancerottensis","Pteromalus_sp_2",0,0.501675387992844,NA,NA,FALSE,NA,NA,NA
"2504","Lotus_lancerottensis","Sapromyza_sp",0,0.5,0.5,NA,FALSE,NA,NA,NA
"2505","Lotus_lancerottensis","Sarcophagidae_sp_4",0,0.506221188162078,0.523633240083138,NA,FALSE,NA,NA,NA
"2506","Lotus_lancerottensis","Sarcophagidae_sp_5",0,0.705981914667426,NA,NA,FALSE,NA,NA,NA
"2507","Lotus_lancerottensis","Sarcophagidae_sp_6",0,0.5,0.5,NA,FALSE,NA,NA,NA
"2508","Lotus_lancerottensis","Scaptomyza_sp_2",0,0.5,0.5,NA,FALSE,NA,NA,NA
"2509","Lotus_lancerottensis","Sciaridae_sp",0,0.738900277914701,0.929122203138985,"both↑",FALSE,0.834011240526843,"Both approaches",0.640357687808159
"2510","Lotus_lancerottensis","Tachyagetes_aemulans",0,0.5,0.5,NA,FALSE,NA,NA,NA
"2511","Lotus_lancerottensis","Tethinidae_sp_3",0,0.5,0.5,NA,FALSE,NA,NA,NA
"2512","Lotus_lancerottensis","Tetramesa_sp",0,0.5,0.5,NA,FALSE,NA,NA,NA
"2513","Lotus_lancerottensis","Thysanoptera_sp_1",0,0.94818196790892,0.999999966180444,"both↑",FALSE,0.974090967044682,"Both approaches",0.943863761930144
"2514","Lotus_lancerottensis","Thysanoptera_sp_2",0,0.844657367616449,0.871652311309986,"both↑",FALSE,0.858154839463217,"Both approaches",0.692668818836971
"2515","Lotus_lancerottensis","Thysanoptera_sp_4",0,0.5,0.5,NA,FALSE,NA,NA,NA
"2516","Lotus_lancerottensis","Urelliosoma_guimari",0,0.51139067276259,0.5,NA,FALSE,NA,NA,NA
"2517","Lotus_sessilifolius","Agromyzidae_sp_1",0,0.5,0.5,NA,FALSE,NA,NA,NA
"2518","Lotus_sessilifolius","Amegilla_quadrifasciata",0,0.500821435480887,0.535771090106772,NA,FALSE,NA,NA,NA
"2519","Lotus_sessilifolius","Ammophila_terminata",0,0.5,NA,NA,FALSE,NA,NA,NA
"2520","Lotus_sessilifolius","Anaspis_proteus",0,0.827404171939517,0.860939352032913,"both↑",FALSE,0.844171761986215,"Both approaches",0.662372150970133
"2521","Lotus_sessilifolius","Anthophora_alluaudi",0.142857142857143,NA,NA,NA,TRUE,NA,NA,NA
"2522","Lotus_sessilifolius","Anthophora_orotavae",0,0.5,0.5,NA,FALSE,NA,NA,NA
"2523","Lotus_sessilifolius","Apis_mellifera",0,0.544883663625013,0.5,NA,FALSE,NA,NA,NA
"2524","Lotus_sessilifolius","Aprostocetus_occidentalis",0,0.525709875647325,0.5,NA,FALSE,NA,NA,NA
"2525","Lotus_sessilifolius","Aprostocetus_sp_2",0,0.5,NA,NA,FALSE,NA,NA,NA
"2526","Lotus_sessilifolius","Attagenus_wollastoni",0,0.5,NA,NA,FALSE,NA,NA,NA
"2527","Lotus_sessilifolius","Attalus_ruficollis",0,0.5,0.5,NA,FALSE,NA,NA,NA
"2528","Lotus_sessilifolius","Blaesoxipha_sp_1",0,0.5,0.5,NA,FALSE,NA,NA,NA
"2529","Lotus_sessilifolius","Bracon_sp",0,0.5,0.5,NA,FALSE,NA,NA,NA
"2530","Lotus_sessilifolius","Camponotus_feae",0.142857142857143,NA,NA,NA,TRUE,NA,NA,NA
"2531","Lotus_sessilifolius","Chalicodoma_canescens",0,0.5,0.5,NA,FALSE,NA,NA,NA
"2532","Lotus_sessilifolius","Chetogena_acuminata",0,0.5,NA,NA,FALSE,NA,NA,NA
"2533","Lotus_sessilifolius","Chloropidae_sp_5",0,0.5,NA,NA,FALSE,NA,NA,NA
"2534","Lotus_sessilifolius","Chloropidae_sp_6",0,0.5,0.5,NA,FALSE,NA,NA,NA
"2535","Lotus_sessilifolius","Chrysomya_albiceps",0,0.973508686776996,0.865562982926049,"both↑",FALSE,0.919535834851522,"Both approaches",0.825660975511632
"2536","Lotus_sessilifolius","Dinarmoides_spilopterus",0,0.5,0.5,NA,FALSE,NA,NA,NA
"2537","Lotus_sessilifolius","Eristalinus_aeneus",0,0.5,NA,NA,FALSE,NA,NA,NA
"2538","Lotus_sessilifolius","Eristalinus_taeniops",0,0.5,NA,NA,FALSE,NA,NA,NA
"2539","Lotus_sessilifolius","Eristalis_tenax",0,0.5,NA,NA,FALSE,NA,NA,NA
"2540","Lotus_sessilifolius","Euderus_sp",0,0.5,0.5,NA,FALSE,NA,NA,NA
"2541","Lotus_sessilifolius","Eupelmus_sp",0,0.5,0.5,NA,FALSE,NA,NA,NA
"2542","Lotus_sessilifolius","Eurytoma_sp_1",0,0.5,0.5,NA,FALSE,NA,NA,NA
"2543","Lotus_sessilifolius","Fannia_sp",0,0.5,0.5,NA,FALSE,NA,NA,NA
"2544","Lotus_sessilifolius","Gnaphosidae_sp_1",0,0.5,NA,NA,FALSE,NA,NA,NA
"2545","Lotus_sessilifolius","Holepyris_sp",0,0.5,0.5,NA,FALSE,NA,NA,NA
"2546","Lotus_sessilifolius","Lasioglossum_loetum",0,0.659589884988911,0.5,NA,FALSE,NA,NA,NA
"2547","Lotus_sessilifolius","Lasioglossum_viride",0,0.660385229310903,NA,NA,FALSE,NA,NA,NA
"2548","Lotus_sessilifolius","Leptochilus_eatoni",0,0.5,0.5,NA,FALSE,NA,NA,NA
"2549","Lotus_sessilifolius","Lucilia_sericata",0,0.846073068267487,0.801799503866901,"both↑",FALSE,0.823936286067194,"Both approaches",0.618528619812253
"2550","Lotus_sessilifolius","Macrocoma_splendens",0,0.5,0.5,NA,FALSE,NA,NA,NA
"2551","Lotus_sessilifolius","Megachile_canariensis",0,0.5,0.5,NA,FALSE,NA,NA,NA
"2552","Lotus_sessilifolius","Meligethes_cf_canariensis",0.142857142857143,NA,NA,NA,TRUE,NA,NA,NA
"2553","Lotus_sessilifolius","Monomorium_subopacum",0,0.5,0.5,NA,FALSE,NA,NA,NA
"2554","Lotus_sessilifolius","Mordellistena_cf_canariensis",0,0.5,0.5,NA,FALSE,NA,NA,NA
"2555","Lotus_sessilifolius","Musca_domestica",0,0.51776618804169,0.5,NA,FALSE,NA,NA,NA
"2556","Lotus_sessilifolius","Myopites_nigrescens",0,0.851953565051294,NA,NA,FALSE,NA,NA,NA
"2557","Lotus_sessilifolius","Nomioides_fortunatus",0.142857142857143,NA,NA,NA,TRUE,NA,NA,NA
"2558","Lotus_sessilifolius","Oscinella_sp_1",0,0.537533669191456,0.5,NA,FALSE,NA,NA,NA
"2559","Lotus_sessilifolius","Oscinella_sp_2",0,0.5,0.5,NA,FALSE,NA,NA,NA
"2560","Lotus_sessilifolius","Oxyopes_cf_kraepelinorum",0,0.5,0.5,NA,FALSE,NA,NA,NA
"2561","Lotus_sessilifolius","Physiphora_alceae",0,0.5,0.5,NA,FALSE,NA,NA,NA
"2562","Lotus_sessilifolius","Phyto_discrepans",0,0.5,NA,NA,FALSE,NA,NA,NA
"2563","Lotus_sessilifolius","Plagiolepis_schmitzii",0,0.699116651214177,0.5,NA,FALSE,NA,NA,NA
"2564","Lotus_sessilifolius","Plagiolepis_sp_2",0,0.796143515080951,NA,NA,FALSE,NA,NA,NA
"2565","Lotus_sessilifolius","Platypalpus_sp",0,0.5,NA,NA,FALSE,NA,NA,NA
"2566","Lotus_sessilifolius","Platypalpus_sp_2",0,0.5,NA,NA,FALSE,NA,NA,NA
"2567","Lotus_sessilifolius","Pteromalus_sp_3",0,0.5,NA,NA,FALSE,NA,NA,NA
"2568","Lotus_sessilifolius","Pteromalus_sp_4",0,0.5,0.5,NA,FALSE,NA,NA,NA
"2569","Lotus_sessilifolius","Sarcophagidae_sp_5",0,0.548466609857586,0.5,NA,FALSE,NA,NA,NA
"2570","Lotus_sessilifolius","Sarcophagidae_sp_8",0,0.527470077224183,0.593220060531808,NA,FALSE,NA,NA,NA
"2571","Lotus_sessilifolius","Scenopinus_sp",0,0.5,0.5,NA,FALSE,NA,NA,NA
"2572","Lotus_sessilifolius","Sciaridae_sp_1",0,0.5,0.5,NA,FALSE,NA,NA,NA
"2573","Lotus_sessilifolius","Sibinia_sericea",0,0.5,0.5,NA,FALSE,NA,NA,NA
"2574","Lotus_sessilifolius","Sphaeniscus_filiolus",0,0.5,0.5,NA,FALSE,NA,NA,NA
"2575","Lotus_sessilifolius","Stomorhina_lunata",0,0.5,0.5,NA,FALSE,NA,NA,NA
"2576","Lotus_sessilifolius","Synthesomyia_nudiseta",0,0.5,0.5,NA,FALSE,NA,NA,NA
"2577","Lotus_sessilifolius","Syritta_pipiens",0,0.5,0.5,NA,FALSE,NA,NA,NA
"2578","Lotus_sessilifolius","Themnothorax_hesperius",0.142857142857143,NA,NA,NA,TRUE,NA,NA,NA
"2579","Lotus_sessilifolius","Thysanoptera_sp_1",0,0.969207432236834,NA,NA,FALSE,NA,NA,NA
"2580","Lotus_sessilifolius","Thysanoptera_sp_2",0,0.998677193870052,0.999917985094379,"both↑",FALSE,0.999297589482215,"Both approaches",0.9984781105448
"2581","Lotus_sessilifolius","Thysanoptera_sp_3",0,0.5,0.5,NA,FALSE,NA,NA,NA
"2582","Lotus_sessilifolius","Torymoides_lindbergi",0,0.5,0.5,NA,FALSE,NA,NA,NA
"2583","Lotus_sessilifolius","Trixoscelis_sp",0,0.5,NA,NA,FALSE,NA,NA,NA
"2584","Lotus_sessilifolius","Urelliosoma_guimari",0,0.501484645840522,NA,NA,FALSE,NA,NA,NA
"2585","Lotus_sp","Amegilla_sp",0,0.517407563325984,0.690120487631934,NA,FALSE,NA,NA,NA
"2586","Lotus_sp","Anaspis_cf_saharensis",0,0.5,0.5,NA,FALSE,NA,NA,NA
"2587","Lotus_sp","Andrena_vachali",0,0.5,0.5,NA,FALSE,NA,NA,NA
"2588","Lotus_sp","Anthaxia_sp_1",0,0.514640071998219,0.685313025509533,NA,FALSE,NA,NA,NA
"2589","Lotus_sp","Anthophora_sp_1",0,0.5,0.5,NA,FALSE,NA,NA,NA
"2590","Lotus_sp","Anthophora_sp_aff_orotavae",0,0.5,NA,NA,FALSE,NA,NA,NA
"2591","Lotus_sp","Aplocnemus_sp_2",0,0.5,0.5,NA,FALSE,NA,NA,NA
"2592","Lotus_sp","Aprostocetus_sp_1",0,0.5,0.5,NA,FALSE,NA,NA,NA
"2593","Lotus_sp","Arachnospila_sp",0,0.5,0.5,NA,FALSE,NA,NA,NA
"2594","Lotus_sp","Attagenus_sp_1",0,0.5,0.5,NA,FALSE,NA,NA,NA
"2595","Lotus_sp","Axinotarsus_sp_1",0,0.5,0.5,NA,FALSE,NA,NA,NA
"2596","Lotus_sp","Bombylius_sp_1",0,0.5,0.5,NA,FALSE,NA,NA,NA
"2597","Lotus_sp","Chalicodoma_sicula",0.142857142857143,NA,NA,NA,TRUE,NA,NA,NA
"2598","Lotus_sp","Chalicodoma_sp",0.142857142857143,NA,NA,NA,TRUE,NA,NA,NA
"2599","Lotus_sp","Chetogena_acuminata",0,0.5,0.5,NA,FALSE,NA,NA,NA
"2600","Lotus_sp","Chloropidae_sp",0,0.5,0.512041224689873,NA,FALSE,NA,NA,NA
"2601","Lotus_sp","Coleoptera_sp_5",0,0.571671291029511,0.5,NA,FALSE,NA,NA,NA
"2602","Lotus_sp","Colletes1_Waiting_85",0,0.553830343987799,NA,NA,FALSE,NA,NA,NA
"2603","Lotus_sp","Colletes2_Waiting_85",0,0.5,0.5,NA,FALSE,NA,NA,NA
"2604","Lotus_sp","Crematogaster_scutellaris",0,0.5,0.5,NA,FALSE,NA,NA,NA
"2605","Lotus_sp","Eurytoma_sp_3",0,0.5,0.5,NA,FALSE,NA,NA,NA
"2606","Lotus_sp","Hylaeus_sp",0,0.502630860865875,NA,NA,FALSE,NA,NA,NA
"2607","Lotus_sp","Hym_Waiting_85",0,0.5,0.5,NA,FALSE,NA,NA,NA
"2608","Lotus_sp","Lasioglossum_phoenicurum",0,0.537041779648298,0.634559484747151,NA,FALSE,NA,NA,NA
"2609","Lotus_sp","Lucilia_sericata",0.142857142857143,NA,NA,NA,TRUE,NA,NA,NA
"2610","Lotus_sp","Lucilia_sp_1",0,0.655828585563884,0.765330577561083,"diag↑ only",FALSE,0.765330577561083,"Single location",0.49154958471568
"2611","Lotus_sp","Macrocoma_cf_henoni",0,0.5,0.5,NA,FALSE,NA,NA,NA
"2612","Lotus_sp","Melecta_sp",0,0.5,NA,NA,FALSE,NA,NA,NA
"2613","Lotus_sp","Musca_domestica",0,0.56787511362183,NA,NA,FALSE,NA,NA,NA
"2614","Lotus_sp","Musca_osiris",0,0.5,NA,NA,FALSE,NA,NA,NA
"2615","Lotus_sp","Musca_sorbens",0,0.546360650939731,0.684757481388045,NA,FALSE,NA,NA,NA
"2616","Lotus_sp","Nomioides_deceptor",0,0.933629047018236,NA,NA,FALSE,NA,NA,NA
"2617","Lotus_sp","Nomioides_sp",0,0.542016509777917,0.654021751815902,NA,FALSE,NA,NA,NA
"2618","Lotus_sp","Ormyrus_sp_1",0,0.5,0.5,NA,FALSE,NA,NA,NA
"2619","Lotus_sp","Paragus_tibialis",0,0.5,0.5,NA,FALSE,NA,NA,NA
"2620","Lotus_sp","Physiphora_alceae",0,0.5,0.5,NA,FALSE,NA,NA,NA
"2621","Lotus_sp","Plagiolepis_schmitzii",0,0.848156677528776,0.949601124802458,"both↑",FALSE,0.898878901165617,"Both approaches",0.780904285858837
"2622","Lotus_sp","Podalonia_sp",0,0.5,NA,NA,FALSE,NA,NA,NA
"2623","Lotus_sp","Proconura_sp_1",0,0.5,0.5,NA,FALSE,NA,NA,NA
"2624","Lotus_sp","Pteromalus_sp_2",0,0.5,NA,NA,FALSE,NA,NA,NA
"2625","Lotus_sp","Sarcophaga_sp_1",0,0.5,0.5,NA,FALSE,NA,NA,NA
"2626","Lotus_sp","Sarcophagidae_sp",0,0.5,0.5,NA,FALSE,NA,NA,NA
"2627","Lotus_sp","Sarcophagidae_sp_2",0,0.5,0.532981770762726,NA,FALSE,NA,NA,NA
"2628","Lotus_sp","Sarcophagidae_sp_7",0,0.502571559162504,0.528389614267344,NA,FALSE,NA,NA,NA
"2629","Lotus_sp","Sciaridae_sp",0,0.941441664983087,0.674488492774319,"offs↑ only",FALSE,0.941441664983087,"External location",0.873123607463354
"2630","Lotus_sp","Sciaridae_sp_4",0,0.974561221684783,NA,NA,FALSE,NA,NA,NA
"2631","Lotus_sp","Sphecidae_sp",0,0.5,NA,NA,FALSE,NA,NA,NA
"2632","Lotus_sp","Tachinidae_sp_1",0,0.5,0.5,NA,FALSE,NA,NA,NA
"2633","Lotus_sp","Tapinoma_nigerrimum",0,0.989920770952863,0.999959059218915,"both↑",FALSE,0.994939915085889,"Both approaches",0.989036482686094
"2634","Lotus_sp","Tephritidae_sp_1",0,0.501815220860718,0.631069467004656,NA,FALSE,NA,NA,NA
"2635","Lotus_sp","Tethinidae_sp_1",0.142857142857143,NA,NA,NA,TRUE,NA,NA,NA
"2636","Lotus_sp","Tethinidae_sp_2",0.142857142857143,NA,NA,NA,TRUE,NA,NA,NA
"2637","Lotus_sp","Themnothorax_productus",0,0.5,0.5,NA,FALSE,NA,NA,NA
"2638","Lotus_sp","Thyreus_sp_aff_ramosus",0,0.5,0.5,NA,FALSE,NA,NA,NA
"2639","Lotus_sp","Thysanoptera_sp",0,0.900910061549109,0.873416010776018,"both↑",FALSE,0.887163036162563,"Both approaches",0.755519911685554
"2640","Lotus_sp","Troglops_sp",0,0.5,0.5,NA,FALSE,NA,NA,NA
"2641","Lotus_sp","Urelliosoma_guimari",0,0.554481818650241,0.633592715075712,NA,FALSE,NA,NA,NA
"2642","Lotus_sp","Urellliosoma_sp",0,0.5,0.5,NA,FALSE,NA,NA,NA
"2643","Lotus_sp","Vanessa_Cardui",0,0.5,0.5,NA,FALSE,NA,NA,NA
"2644","Lotus_sp","Vestitohalictus_sp",0,0.5,0.501805776130209,NA,FALSE,NA,NA,NA
"2645","Lotus_spartioides","Agromyzidae_sp_1",0,0.5,0.5,NA,FALSE,NA,NA,NA
"2646","Lotus_spartioides","Alliophleps_elliptica",0,0.5,0.5,NA,FALSE,NA,NA,NA
"2647","Lotus_spartioides","Amegilla_quadrifasciata",0,0.509898557960915,0.5,NA,FALSE,NA,NA,NA
"2648","Lotus_spartioides","Anaspis_proteus",0,0.827412675878074,0.912634069695418,"both↑",FALSE,0.870023372786746,"Both approaches",0.718383974371283
"2649","Lotus_spartioides","Andrena_vulcana",0,0.5,0.5,NA,FALSE,NA,NA,NA
"2650","Lotus_spartioides","Andrena_wollastoni",0,0.5,NA,NA,FALSE,NA,NA,NA
"2651","Lotus_spartioides","Anthophora_alluaudi",0,0.738346113955253,NA,NA,FALSE,NA,NA,NA
"2652","Lotus_spartioides","Anthophora_orotavae",0,0.5,0.5,NA,FALSE,NA,NA,NA
"2653","Lotus_spartioides","Apis_mellifera",0,0.603080075230283,NA,NA,FALSE,NA,NA,NA
"2654","Lotus_spartioides","Atherigona_varia",0,0.5,0.5,NA,FALSE,NA,NA,NA
"2655","Lotus_spartioides","Attagenus_wollastoni",0,0.505441604176561,0.5,NA,FALSE,NA,NA,NA
"2656","Lotus_spartioides","Attalus_obscurus",0,0.683342884146077,0.760786497504795,"diag↑ only",FALSE,0.760786497504795,"Single location",0.481704077927055
"2657","Lotus_spartioides","Bombylius_pintuarius",0,0.5,0.5,NA,FALSE,NA,NA,NA
"2658","Lotus_spartioides","Camponotus_feae",0,0.999999999987714,1,"both↑",FALSE,0.999999999993857,"Both approaches",0.999999999986691
"2659","Lotus_spartioides","Cephalodromia_sp",0,0.5,0.5,NA,FALSE,NA,NA,NA
"2660","Lotus_spartioides","Chetogena_acuminata",0,0.5,0.5,NA,FALSE,NA,NA,NA
"2661","Lotus_spartioides","Chloropidae_sp_2",0,0.5,0.5,NA,FALSE,NA,NA,NA
"2662","Lotus_spartioides","Chrysomya_albiceps",0,0.668586860472695,0.658550789562737,NA,FALSE,NA,NA,NA
"2663","Lotus_spartioides","Coccinella_miranda",0,0.5,0.5,NA,FALSE,NA,NA,NA
"2664","Lotus_spartioides","Colletes_dimidiatus",0,0.524940521543185,0.5,NA,FALSE,NA,NA,NA
"2665","Lotus_spartioides","Curculionidae_sp",0,0.5,0.5,NA,FALSE,NA,NA,NA
"2666","Lotus_spartioides","Dinarmoides_spilopterus",0,0.5,0.5,NA,FALSE,NA,NA,NA
"2667","Lotus_spartioides","Eristalinus_taeniops",0,0.5,0.5,NA,FALSE,NA,NA,NA
"2668","Lotus_spartioides","Eucera_gracilipes",0,0.5,0.5,NA,FALSE,NA,NA,NA
"2669","Lotus_spartioides","Exhyalanthrax_canarionae",0,0.5,0.5,NA,FALSE,NA,NA,NA
"2670","Lotus_spartioides","Gasteruption_sp",0,0.5,0.5,NA,FALSE,NA,NA,NA
"2671","Lotus_spartioides","Hylaeus_hohmanni",0,0.5,0.5,NA,FALSE,NA,NA,NA
"2672","Lotus_spartioides","Lasioglossum_loetum",0,0.688954765885414,0.630955824224482,NA,FALSE,NA,NA,NA
"2673","Lotus_spartioides","Lasioglossum_viride",0,0.83802530317162,0.890791825975839,"both↑",FALSE,0.86440856457373,"Both approaches",0.706218556576414
"2674","Lotus_spartioides","Lucilia_sericata",0,0.707369895214354,NA,NA,FALSE,NA,NA,NA
"2675","Lotus_spartioides","Macroglossum_stellatarum",0,0.5,0.5,NA,FALSE,NA,NA,NA
"2676","Lotus_spartioides","Melecta_curvispina",0,0.5,0.5,NA,FALSE,NA,NA,NA
"2677","Lotus_spartioides","Musca_domestica",0,0.645003167723255,0.740104352349332,"diag↑ only",FALSE,0.740104352349332,"Single location",0.436892763423552
"2678","Lotus_spartioides","Oscinella_sp_1",0,0.547975948637951,0.515237655108287,NA,FALSE,NA,NA,NA
"2679","Lotus_spartioides","Osmia_canaria",0.142857142857143,NA,NA,NA,TRUE,NA,NA,NA
"2680","Lotus_spartioides","Osmia_latreillei",0,0.5,0.5,NA,FALSE,NA,NA,NA
"2681","Lotus_spartioides","Phthiria_simonyi",0,0.5,0.5,NA,FALSE,NA,NA,NA
"2682","Lotus_spartioides","Pieris_rapae",0,0.5,0.5,NA,FALSE,NA,NA,NA
"2683","Lotus_spartioides","Plagiolepis_sp_2",0,0.612324078280681,0.5,NA,FALSE,NA,NA,NA
"2684","Lotus_spartioides","Sarcophagidae_sp_5",0,0.548288153648837,0.5,NA,FALSE,NA,NA,NA
"2685","Lotus_spartioides","Scaeva_albomaculata",0,0.5,0.5,NA,FALSE,NA,NA,NA
"2686","Lotus_spartioides","Sepsis_sp",0,0.5,0.5,NA,FALSE,NA,NA,NA
"2687","Lotus_spartioides","Stenoselma_sp",0,0.5,0.5,NA,FALSE,NA,NA,NA
"2688","Lotus_spartioides","Themnothorax_risii",0,0.5,0.5,NA,FALSE,NA,NA,NA
"2689","Lotus_spartioides","Thomisus_cf_onustus",0,0.5,0.5,NA,FALSE,NA,NA,NA
"2690","Lotus_spartioides","Thysanoptera_sp_1",0,0.918904057292963,0.999999999999297,"both↑",FALSE,0.95945202864613,"Both approaches",0.912146062066616
"2691","Lotus_spartioides","Thysanoptera_sp_2",0,0.894272406559182,0.858319958180263,"both↑",FALSE,0.876296182369723,"Both approaches",0.731975061801066
"2692","Lotus_spartioides","Thysanoptera_sp_3",0,0.5,0.5,NA,FALSE,NA,NA,NA
"2693","Lotus_spartioides","Tropinota_squalida",0,0.5,0.5,NA,FALSE,NA,NA,NA
"2694","Lotus_spartioides","Urelliosoma_guimari",0,0.5,0.5,NA,FALSE,NA,NA,NA
"2695","Lycium_intricatum","Agromyzidae_sp_1",0,0.514603811261037,0.5,NA,FALSE,NA,NA,NA
"2696","Lycium_intricatum","Agromyzidae_sp_2",0,0.5,0.5,NA,FALSE,NA,NA,NA
"2697","Lycium_intricatum","Alliophleps_elliptica",0,0.527626667783594,0.5,NA,FALSE,NA,NA,NA
"2698","Lycium_intricatum","Amegilla_canifrons",0.142857142857143,NA,NA,NA,TRUE,NA,NA,NA
"2699","Lycium_intricatum","Amegilla_quadrifasciata",0.428571428571429,NA,NA,NA,TRUE,NA,NA,NA
"2700","Lycium_intricatum","Amegilla_sp",0.142857142857143,NA,NA,NA,TRUE,NA,NA,NA
"2701","Lycium_intricatum","Ammophila_terminata",0,0.5,0.5,NA,FALSE,NA,NA,NA
"2702","Lycium_intricatum","Anaspis_cf_canariensis",0,0.564216953027185,0.5,NA,FALSE,NA,NA,NA
"2703","Lycium_intricatum","Anaspis_cf_eversi",0,0.521748994243884,0.5,NA,FALSE,NA,NA,NA
"2704","Lycium_intricatum","Anaspis_cf_saharensis",0,0.522779336540618,0.550024193282868,NA,FALSE,NA,NA,NA
"2705","Lycium_intricatum","Anaspis_proteus",0.142857142857143,NA,NA,NA,TRUE,NA,NA,NA
"2706","Lycium_intricatum","Andrena_vachali",0.142857142857143,NA,NA,NA,TRUE,NA,NA,NA
"2707","Lycium_intricatum","Andrena_vulcana",0,0.606803029565709,0.556022844287562,NA,FALSE,NA,NA,NA
"2708","Lycium_intricatum","Andrena_wollastoni",0,0.5161033498431,NA,NA,FALSE,NA,NA,NA
"2709","Lycium_intricatum","Anthaxia_sp_1",0,0.69724488318419,0.644970997263234,NA,FALSE,NA,NA,NA
"2710","Lycium_intricatum","Anthophora_alluaudi",0.571428571428571,NA,NA,NA,TRUE,NA,NA,NA
"2711","Lycium_intricatum","Anthophora_orotavae",0.285714285714286,NA,NA,NA,TRUE,NA,NA,NA
"2712","Lycium_intricatum","Anthophora_sp_1",0.142857142857143,NA,NA,NA,TRUE,NA,NA,NA
"2713","Lycium_intricatum","Anthophora_sp_aff_orotavae",0.142857142857143,NA,NA,NA,TRUE,NA,NA,NA
"2714","Lycium_intricatum","Aphthona_wachnitzae",0,0.713808999168962,0.675578668322464,"offs↑ only",FALSE,0.713808999168962,"External location",0.379919498199417
"2715","Lycium_intricatum","Apis_mellifera",0.142857142857143,NA,NA,NA,TRUE,NA,NA,NA
"2716","Lycium_intricatum","Aplocnemus_sp_2",0,0.50859283151726,0.5,NA,FALSE,NA,NA,NA
"2717","Lycium_intricatum","Aprostocetus_occidentalis",0,0.582288383510718,0.620894424725879,NA,FALSE,NA,NA,NA
"2718","Lycium_intricatum","Aprostocetus_sp_1",0,0.526590807939138,0.5,NA,FALSE,NA,NA,NA
"2719","Lycium_intricatum","Aprostocetus_sp_2",0,0.5,0.5,NA,FALSE,NA,NA,NA
"2720","Lycium_intricatum","Arachnospila_sp",0,0.510783465660972,0.5,NA,FALSE,NA,NA,NA
"2721","Lycium_intricatum","Araneae_sp_1",0,0.504077325277842,NA,NA,FALSE,NA,NA,NA
"2722","Lycium_intricatum","Araneidae_sp_1",0,0.5,0.5,NA,FALSE,NA,NA,NA
"2723","Lycium_intricatum","Araneidae_sp_2",0,0.5,NA,NA,FALSE,NA,NA,NA
"2724","Lycium_intricatum","Asteia_caesia",0,0.52836045014755,0.5,NA,FALSE,NA,NA,NA
"2725","Lycium_intricatum","Atherigona_varia",0,0.539799346304599,0.540063531727528,NA,FALSE,NA,NA,NA
"2726","Lycium_intricatum","Attagenus_abbreviatus",0,0.508953385452994,0.5,NA,FALSE,NA,NA,NA
"2727","Lycium_intricatum","Attagenus_sp_1",0,0.539310699662865,0.512020713142349,NA,FALSE,NA,NA,NA
"2728","Lycium_intricatum","Attagenus_wollastoni",0,0.540220027302963,0.5,NA,FALSE,NA,NA,NA
"2729","Lycium_intricatum","Attalus_chrysanthemi",0,0.500698664213794,0.51220549487333,NA,FALSE,NA,NA,NA
"2730","Lycium_intricatum","Attalus_obscurus",0,0.865971975622998,0.973266132307223,"both↑",FALSE,0.919619053965111,"Both approaches",0.825841283591073
"2731","Lycium_intricatum","Attalus_olivensis",0.142857142857143,NA,NA,NA,TRUE,NA,NA,NA
"2732","Lycium_intricatum","Attalus_pallipes",0,0.511198105916209,NA,NA,FALSE,NA,NA,NA
"2733","Lycium_intricatum","Attalus_ruficollis",0,0.5,0.5,NA,FALSE,NA,NA,NA
"2734","Lycium_intricatum","Attalus_rugifrons",0,0.506691327844535,0.5,NA,FALSE,NA,NA,NA
"2735","Lycium_intricatum","Aulacoderus_canariensis",0.142857142857143,NA,NA,NA,TRUE,NA,NA,NA
"2736","Lycium_intricatum","Axinotarsus_sp_1",0,0.521702052412193,0.601486504554446,NA,FALSE,NA,NA,NA
"2737","Lycium_intricatum","Bassus_sp",0,0.534031952083627,0.528850943595457,NA,FALSE,NA,NA,NA
"2738","Lycium_intricatum","Blaesoxipha_sp_1",0.142857142857143,NA,NA,NA,TRUE,NA,NA,NA
"2739","Lycium_intricatum","Bombylius_pintuarius",0,0.510570633877926,0.5,NA,FALSE,NA,NA,NA
"2740","Lycium_intricatum","Bombylius_sp_1",0,0.528972048426001,0.510967985319624,NA,FALSE,NA,NA,NA
"2741","Lycium_intricatum","Bracon_sp",0,0.5,NA,NA,FALSE,NA,NA,NA
"2742","Lycium_intricatum","Bruchidius_wollastoni",0,0.54881534573011,NA,NA,FALSE,NA,NA,NA
"2743","Lycium_intricatum","Campiglossa_martii",0,0.531431610641323,NA,NA,FALSE,NA,NA,NA
"2744","Lycium_intricatum","Campiglossa_reticulata",0,0.5,0.5,NA,FALSE,NA,NA,NA
"2745","Lycium_intricatum","Camponotus_cfr_feae",0.142857142857143,NA,NA,NA,TRUE,NA,NA,NA
"2746","Lycium_intricatum","Camponotus_feae",0.571428571428571,NA,NA,NA,TRUE,NA,NA,NA
"2747","Lycium_intricatum","Cecidomyiidae_sp",0,0.506769412444761,0.5,NA,FALSE,NA,NA,NA
"2748","Lycium_intricatum","Cephalodromia_sp",0,0.506254787734785,0.5,NA,FALSE,NA,NA,NA
"2749","Lycium_intricatum","Ceratogoponidae_sp",0,0.511712834094342,0.5,NA,FALSE,NA,NA,NA
"2750","Lycium_intricatum","Chalicodoma_canescens",0,0.504266105106016,0.5,NA,FALSE,NA,NA,NA
"2751","Lycium_intricatum","Chalicodoma_sicula",0,0.536790857018082,0.502003911222556,NA,FALSE,NA,NA,NA
"2752","Lycium_intricatum","Chalicodoma_sp",0,0.510100810384454,0.53680059967181,NA,FALSE,NA,NA,NA
"2753","Lycium_intricatum","Chetogena_acuminata",0,0.512894127845444,0.5,NA,FALSE,NA,NA,NA
"2754","Lycium_intricatum","Chironomidae_sp",0,0.504461965845376,NA,NA,FALSE,NA,NA,NA
"2755","Lycium_intricatum","Chloropidae_sp",0,0.53091762208933,0.5,NA,FALSE,NA,NA,NA
"2756","Lycium_intricatum","Chloropidae_sp_1",0,0.513171490857308,0.5,NA,FALSE,NA,NA,NA
"2757","Lycium_intricatum","Chloropidae_sp_2",0,0.524807010358874,0.5,NA,FALSE,NA,NA,NA
"2758","Lycium_intricatum","Chloropidae_sp_4",0,0.500843114311619,0.5,NA,FALSE,NA,NA,NA
"2759","Lycium_intricatum","Chloropidae_sp_5",0,0.516090395775018,0.510707573441493,NA,FALSE,NA,NA,NA
"2760","Lycium_intricatum","Chloropidae_sp_6",0,0.5,0.5,NA,FALSE,NA,NA,NA
"2761","Lycium_intricatum","Chrysomya_albiceps",0,0.759143045021177,0.648371802961116,"offs↑ only",FALSE,0.759143045021177,"External location",0.47814326421255
"2762","Lycium_intricatum","Coccinella_miranda",0,0.505879643471824,0.5,NA,FALSE,NA,NA,NA
"2763","Lycium_intricatum","Coleoptera_sp_5",0,0.706899735925881,0.79104600839499,"both↑",FALSE,0.748972872160435,"Both approaches",0.456107889680943
"2764","Lycium_intricatum","Colletes1_Waiting_85",0.142857142857143,NA,NA,NA,TRUE,NA,NA,NA
"2765","Lycium_intricatum","Colletes2_Waiting_85",0,0.512274531044809,0.500925898378855,NA,FALSE,NA,NA,NA
"2766","Lycium_intricatum","Colletes_dimidiatus",0,0.616237357118863,0.618925524740762,NA,FALSE,NA,NA,NA
"2767","Lycium_intricatum","Crematogaster_alluaudi",0,0.507073565940052,NA,NA,FALSE,NA,NA,NA
"2768","Lycium_intricatum","Crematogaster_scutellaris",0,0.512937656879441,0.510573001189129,NA,FALSE,NA,NA,NA
"2769","Lycium_intricatum","Cryptocephalus_gounellei",0,0.50810837172407,NA,NA,FALSE,NA,NA,NA
"2770","Lycium_intricatum","Cryptocephalus_nubigena",0,0.539026244552036,0.507971244852077,NA,FALSE,NA,NA,NA
"2771","Lycium_intricatum","Curculionidae_sp",0,0.513541351917849,0.5,NA,FALSE,NA,NA,NA
"2772","Lycium_intricatum","Dasytes_cf_subaenescens",0,0.511225424752987,NA,NA,FALSE,NA,NA,NA
"2773","Lycium_intricatum","Dasytes_lanzarotensis",0,0.55115065435943,0.5,NA,FALSE,NA,NA,NA
"2774","Lycium_intricatum","Dasytes_subaenescens",0,0.618614165301843,0.586111449760521,NA,FALSE,NA,NA,NA
"2775","Lycium_intricatum","Diglyphus_chabrias",0,0.528500377446644,0.571330248450497,NA,FALSE,NA,NA,NA
"2776","Lycium_intricatum","Dinarmoides_spilopterus",0,0.508431201564929,0.513915057935616,NA,FALSE,NA,NA,NA
"2777","Lycium_intricatum","Dischistus_atlanticus",0.142857142857143,NA,NA,NA,TRUE,NA,NA,NA
"2778","Lycium_intricatum","Elasmus_platyedrae",0,0.510462108332807,0.5,NA,FALSE,NA,NA,NA
"2779","Lycium_intricatum","Empididae_sp_1",0,0.504481837251271,0.5,NA,FALSE,NA,NA,NA
"2780","Lycium_intricatum","Eristalinus_aeneus",0,0.5,0.5,NA,FALSE,NA,NA,NA
"2781","Lycium_intricatum","Eristalinus_taeniops",0,0.510817099295503,0.5,NA,FALSE,NA,NA,NA
"2782","Lycium_intricatum","Eristalis_tenax",0,0.5,0.5,NA,FALSE,NA,NA,NA
"2783","Lycium_intricatum","Estheria_simonyi",0,0.64855362689102,0.637096720891255,NA,FALSE,NA,NA,NA
"2784","Lycium_intricatum","Eucera_gracilipes",0.142857142857143,NA,NA,NA,TRUE,NA,NA,NA
"2785","Lycium_intricatum","Euderus_sp",0,0.505459889828495,0.5,NA,FALSE,NA,NA,NA
"2786","Lycium_intricatum","Eumerus_latitarsis",0,0.798934959343348,0.898874908789684,"both↑",FALSE,0.848904934066516,"Both approaches",0.672627357144118
"2787","Lycium_intricatum","Eumerus_nivariae",0,0.538270117487353,NA,NA,FALSE,NA,NA,NA
"2788","Lycium_intricatum","Eupelmus_sp",0,0.5,0.5,NA,FALSE,NA,NA,NA
"2789","Lycium_intricatum","Eupelmus_testaceiventris",0,0.5,0.5,NA,FALSE,NA,NA,NA
"2790","Lycium_intricatum","Eurytoma_sp_1",0,0.503119383667056,0.5,NA,FALSE,NA,NA,NA
"2791","Lycium_intricatum","Eurytoma_sp_2",0,0.5,NA,NA,FALSE,NA,NA,NA
"2792","Lycium_intricatum","Eurytoma_sp_3",0,0.526233405769353,0.508956450294958,NA,FALSE,NA,NA,NA
"2793","Lycium_intricatum","Exetastes_segmentarius",0,0.504681514207553,0.5,NA,FALSE,NA,NA,NA
"2794","Lycium_intricatum","Exhyalanthrax_canarionae",0,0.515563634191571,0.5,NA,FALSE,NA,NA,NA
"2795","Lycium_intricatum","Fannia_sp",0,0.501010508852346,0.5,NA,FALSE,NA,NA,NA
"2796","Lycium_intricatum","Gasteruption_sp",0,0.534884584023617,0.5,NA,FALSE,NA,NA,NA
"2797","Lycium_intricatum","Geometridae_sp",0,0.5,0.5,NA,FALSE,NA,NA,NA
"2798","Lycium_intricatum","Geometridae_sp_2",0,0.508328952747276,0.5,NA,FALSE,NA,NA,NA
"2799","Lycium_intricatum","Gnaphosidae_sp_1",0,0.5,0.5,NA,FALSE,NA,NA,NA
"2800","Lycium_intricatum","Goniozus_sp",0,0.50714386778522,0.5,NA,FALSE,NA,NA,NA
"2801","Lycium_intricatum","Halictus_fulvipes",0,0.5,0.5,NA,FALSE,NA,NA,NA
"2802","Lycium_intricatum","Holepyris_sp",0,0.5,NA,NA,FALSE,NA,NA,NA
"2803","Lycium_intricatum","Hylaeus_ater",0,0.52884163107281,NA,NA,FALSE,NA,NA,NA
"2804","Lycium_intricatum","Hylaeus_hohmanni",0,0.62637575217201,0.736087164262856,"diag↑ only",FALSE,0.736087164262856,"Single location",0.428188855902855
"2805","Lycium_intricatum","Hylaeus_sp",0,0.615907856033801,0.77059923334549,"diag↑ only",FALSE,0.77059923334549,"Single location",0.502965005581895
"2806","Lycium_intricatum","Hym_Waiting_85",0,0.513941333002659,0.5,NA,FALSE,NA,NA,NA
"2807","Lycium_intricatum","Lasioglossum_loetum",0.285714285714286,NA,NA,NA,TRUE,NA,NA,NA
"2808","Lycium_intricatum","Lasioglossum_phoenicurum",0.142857142857143,NA,NA,NA,TRUE,NA,NA,NA
"2809","Lycium_intricatum","Lasioglossum_viride",0.428571428571429,NA,NA,NA,TRUE,NA,NA,NA
"2810","Lycium_intricatum","Leptochilus_cruentatus",0,0.713357556625213,0.605949217518224,"offs↑ only",FALSE,0.713357556625213,"External location",0.378941372687961
"2811","Lycium_intricatum","Leptochilus_eatoni",0,0.506137770045152,0.5,NA,FALSE,NA,NA,NA
"2812","Lycium_intricatum","Leptochilus_fortunatus",0.142857142857143,NA,NA,NA,TRUE,NA,NA,NA
"2813","Lycium_intricatum","Lucilia_sericata",0,0.834598387355936,0.770078480324111,"both↑",FALSE,0.802338433840023,"Both approaches",0.571733273320051
"2814","Lycium_intricatum","Lucilia_sp_1",0,0.836029326025519,0.950024777934957,"both↑",FALSE,0.893027051980238,"Both approaches",0.768225279290516
"2815","Lycium_intricatum","Macrocoma_cf_henoni",0,0.503576271580258,0.5,NA,FALSE,NA,NA,NA
"2816","Lycium_intricatum","Macrocoma_splendens",0,0.5,NA,NA,FALSE,NA,NA,NA
"2817","Lycium_intricatum","Macroglossum_stellatarum",0,0.506701408570172,0.516194885108815,NA,FALSE,NA,NA,NA
"2818","Lycium_intricatum","Malthinus_mutabilis",0,0.516030061488557,0.5,NA,FALSE,NA,NA,NA
"2819","Lycium_intricatum","Megachile_canariensis",0,0.50112162143189,0.5,NA,FALSE,NA,NA,NA
"2820","Lycium_intricatum","Megaselia_sp_1",0,0.502255209167567,0.5,NA,FALSE,NA,NA,NA
"2821","Lycium_intricatum","Megaselia_sp_2",0,0.510512416826296,0.5,NA,FALSE,NA,NA,NA
"2822","Lycium_intricatum","Melecta_curvispina",0,0.505726314337459,0.5,NA,FALSE,NA,NA,NA
"2823","Lycium_intricatum","Melecta_sp",0,0.502178172933482,0.533495047599153,NA,FALSE,NA,NA,NA
"2824","Lycium_intricatum","Meligethes_canariensis",0,0.838343794135515,0.92747831216093,"both↑",FALSE,0.882911053148222,"Both approaches",0.746307281821149
"2825","Lycium_intricatum","Meligethes_cf_canariensis",0,0.500863806065433,0.5,NA,FALSE,NA,NA,NA
"2826","Lycium_intricatum","Milichiidae_sp",0,0.516999502542119,0.5,NA,FALSE,NA,NA,NA
"2827","Lycium_intricatum","Minotetrastichus_sp",0,0.500402787485005,0.5,NA,FALSE,NA,NA,NA
"2828","Lycium_intricatum","Monomorium_subopacum",0,0.5,0.5,NA,FALSE,NA,NA,NA
"2829","Lycium_intricatum","Mordellistena_cf_canariensis",0,0.5,0.5,NA,FALSE,NA,NA,NA
"2830","Lycium_intricatum","Musca_domestica",0,0.683975419787041,0.611179265279552,NA,FALSE,NA,NA,NA
"2831","Lycium_intricatum","Musca_osiris",0,0.517020207279128,0.51246498247363,NA,FALSE,NA,NA,NA
"2832","Lycium_intricatum","Musca_sorbens",0,0.66836720274549,0.829490109883674,"diag↑ only",FALSE,0.829490109883674,"Single location",0.63056190474796
"2833","Lycium_intricatum","Myathropa_florea",0,0.5,NA,NA,FALSE,NA,NA,NA
"2834","Lycium_intricatum","Myopites_nigrescens",0,0.64972062042722,0.5,NA,FALSE,NA,NA,NA
"2835","Lycium_intricatum","Neodryophilus_cryptophagoides",0,0.506272429819821,0.5,NA,FALSE,NA,NA,NA
"2836","Lycium_intricatum","Nomioides_deceptor",0.142857142857143,NA,NA,NA,TRUE,NA,NA,NA
"2837","Lycium_intricatum","Nomioides_fortunatus",0,0.5,0.5,NA,FALSE,NA,NA,NA
"2838","Lycium_intricatum","Nomioides_sp",0.142857142857143,NA,NA,NA,TRUE,NA,NA,NA
"2839","Lycium_intricatum","Nyctia_lugubris",0,0.507296253081901,0.5,NA,FALSE,NA,NA,NA
"2840","Lycium_intricatum","Ormyrus_sp_1",0,0.503532552112161,0.5,NA,FALSE,NA,NA,NA
"2841","Lycium_intricatum","Oscinella_sp_1",0,0.662071803831114,0.670042086497402,NA,FALSE,NA,NA,NA
"2842","Lycium_intricatum","Oscinella_sp_2",0,0.5,0.5,NA,FALSE,NA,NA,NA
"2843","Lycium_intricatum","Oscinimorpha_sp",0,0.501995650011796,NA,NA,FALSE,NA,NA,NA
"2844","Lycium_intricatum","Osmia_canaria",0,0.521708028381301,0.509984950637799,NA,FALSE,NA,NA,NA
"2845","Lycium_intricatum","Osmia_latreillei",0,0.518042996345969,0.5,NA,FALSE,NA,NA,NA
"2846","Lycium_intricatum","Oxyopes_cf_kraepelinorum",0,0.5,0.5,NA,FALSE,NA,NA,NA
"2847","Lycium_intricatum","Oxyopes_kraepelinorum",0,0.503024556515808,0.5,NA,FALSE,NA,NA,NA
"2848","Lycium_intricatum","Paragus_tibialis",0,0.52379590990791,0.5,NA,FALSE,NA,NA,NA
"2849","Lycium_intricatum","Paratrechina_longicornis",0,0.527289830587886,0.5,NA,FALSE,NA,NA,NA
"2850","Lycium_intricatum","Phalacrus_coruscus",0,0.501309066420147,0.513454508677172,NA,FALSE,NA,NA,NA
"2851","Lycium_intricatum","Phthiria_simonyi",0,0.565713084702255,0.62646864776773,NA,FALSE,NA,NA,NA
"2852","Lycium_intricatum","Physiphora_alceae",0,0.509884152963293,0.500603761732879,NA,FALSE,NA,NA,NA
"2853","Lycium_intricatum","Phyto_discrepans",0,0.508503756377882,0.5,NA,FALSE,NA,NA,NA
"2854","Lycium_intricatum","Phyto_nigrobarbata",0,0.5,0.5,NA,FALSE,NA,NA,NA
"2855","Lycium_intricatum","Pieris_rapae",0.142857142857143,NA,NA,NA,TRUE,NA,NA,NA
"2856","Lycium_intricatum","Plagiolepis_schmitzii",0,0.927316544189772,0.821064188424275,"both↑",FALSE,0.874190366307024,"Both approaches",0.727412460331885
"2857","Lycium_intricatum","Plagiolepis_sp_2",0.142857142857143,NA,NA,NA,TRUE,NA,NA,NA
"2858","Lycium_intricatum","Platypalpus_sp",0,0.50765174560287,0.5,NA,FALSE,NA,NA,NA
"2859","Lycium_intricatum","Platypalpus_sp_1",0,0.50412443766942,0.5,NA,FALSE,NA,NA,NA
"2860","Lycium_intricatum","Platypalpus_sp_2",0,0.500271102396038,0.5,NA,FALSE,NA,NA,NA
"2861","Lycium_intricatum","Podalonia_sp",0,0.530031005630353,0.560183800542346,NA,FALSE,NA,NA,NA
"2862","Lycium_intricatum","Proconura_sp_1",0,0.532187123982363,0.507451887749759,NA,FALSE,NA,NA,NA
"2863","Lycium_intricatum","Proconura_sp_2",0,0.503351708032925,0.5,NA,FALSE,NA,NA,NA
"2864","Lycium_intricatum","Pteromalus_sp_1",0,0.5,0.5,NA,FALSE,NA,NA,NA
"2865","Lycium_intricatum","Pteromalus_sp_2",0,0.585324881600398,0.564806872525014,NA,FALSE,NA,NA,NA
"2866","Lycium_intricatum","Pteromalus_sp_3",0,0.502941114862621,0.5,NA,FALSE,NA,NA,NA
"2867","Lycium_intricatum","Pteromalus_sp_4",0,0.502486576606014,0.5,NA,FALSE,NA,NA,NA
"2868","Lycium_intricatum","Sapromyza_sp",0,0.514857449297622,0.5,NA,FALSE,NA,NA,NA
"2869","Lycium_intricatum","Sarcophaga_sp_1",0,0.547939794634698,NA,NA,FALSE,NA,NA,NA
"2870","Lycium_intricatum","Sarcophagidae_sp",0,0.507416929944227,0.5,NA,FALSE,NA,NA,NA
"2871","Lycium_intricatum","Sarcophagidae_sp_2",0,0.571038932579278,NA,NA,FALSE,NA,NA,NA
"2872","Lycium_intricatum","Sarcophagidae_sp_4",0,0.64671569976343,NA,NA,FALSE,NA,NA,NA
"2873","Lycium_intricatum","Sarcophagidae_sp_5",0,0.625366570311632,0.654380420714709,NA,FALSE,NA,NA,NA
"2874","Lycium_intricatum","Sarcophagidae_sp_6",0,0.504863215430139,NA,NA,FALSE,NA,NA,NA
"2875","Lycium_intricatum","Sarcophagidae_sp_7",0,0.603619968633635,0.547218636009595,NA,FALSE,NA,NA,NA
"2876","Lycium_intricatum","Sarcophagidae_sp_8",0,0.571900796894163,0.57795217959524,NA,FALSE,NA,NA,NA
"2877","Lycium_intricatum","Scaeva_albomaculata",0,0.50629453650368,0.5,NA,FALSE,NA,NA,NA
"2878","Lycium_intricatum","Scaptomyza_sp_2",0,0.511980402455727,0.5,NA,FALSE,NA,NA,NA
"2879","Lycium_intricatum","Scenopinus_sp",0,0.501166338061215,0.5,NA,FALSE,NA,NA,NA
"2880","Lycium_intricatum","Sciaridae_sp",0.142857142857143,NA,NA,NA,TRUE,NA,NA,NA
"2881","Lycium_intricatum","Sciaridae_sp_1",0,0.517923488336846,0.5,NA,FALSE,NA,NA,NA
"2882","Lycium_intricatum","Sciaridae_sp_4",0.142857142857143,NA,NA,NA,TRUE,NA,NA,NA
"2883","Lycium_intricatum","Scymnus_canariensis",0,0.5,0.5,NA,FALSE,NA,NA,NA
"2884","Lycium_intricatum","Sepsis_sp",0,0.514872671959125,0.592639822711516,NA,FALSE,NA,NA,NA
"2885","Lycium_intricatum","Sibinia_sericea",0,0.5,0.5,NA,FALSE,NA,NA,NA
"2886","Lycium_intricatum","Sphaeniscus_filiolus",0,0.5,NA,NA,FALSE,NA,NA,NA
"2887","Lycium_intricatum","Sphecidae_sp",0,0.548918527635582,NA,NA,FALSE,NA,NA,NA
"2888","Lycium_intricatum","Stenoselma_sp",0,0.51786134696319,0.501834287526122,NA,FALSE,NA,NA,NA
"2889","Lycium_intricatum","Stomorhina_lunata",0,0.5,0.5,NA,FALSE,NA,NA,NA
"2890","Lycium_intricatum","Synthesomyia_nudiseta",0,0.517814981852209,NA,NA,FALSE,NA,NA,NA
"2891","Lycium_intricatum","Syritta_pipiens",0,0.549285216455868,0.553388236534877,NA,FALSE,NA,NA,NA
"2892","Lycium_intricatum","Tachina_canariensis",0,0.723147310706239,0.822290335532812,"both↑",FALSE,0.772718823119525,"Both approaches",0.507557450092305
"2893","Lycium_intricatum","Tachinidae_sp_1",0,0.522846270822081,0.542579036287471,NA,FALSE,NA,NA,NA
"2894","Lycium_intricatum","Tachyagetes_aemulans",0,0.50261356667286,0.506974568499046,NA,FALSE,NA,NA,NA
"2895","Lycium_intricatum","Tapinoma_nigerrimum",0.142857142857143,NA,NA,NA,TRUE,NA,NA,NA
"2896","Lycium_intricatum","Tephritidae_sp_1",0,0.613588908109914,0.659285034307548,NA,FALSE,NA,NA,NA
"2897","Lycium_intricatum","Tethina_marmorata",0,0.5,NA,NA,FALSE,NA,NA,NA
"2898","Lycium_intricatum","Tethinidae_sp_1",0,0.578191597461582,NA,NA,FALSE,NA,NA,NA
"2899","Lycium_intricatum","Tethinidae_sp_2",0,0.595820406765885,0.626741140734885,NA,FALSE,NA,NA,NA
"2900","Lycium_intricatum","Tethinidae_sp_3",0,0.50960525421323,NA,NA,FALSE,NA,NA,NA
"2901","Lycium_intricatum","Tetramesa_sp",0,0.504928670815901,0.524872019896021,NA,FALSE,NA,NA,NA
"2902","Lycium_intricatum","Themnothorax_hesperius",0.285714285714286,NA,NA,NA,TRUE,NA,NA,NA
"2903","Lycium_intricatum","Themnothorax_productus",0,0.549516950465795,0.505233983507444,NA,FALSE,NA,NA,NA
"2904","Lycium_intricatum","Themnothorax_risii",0,0.524055360105322,0.5,NA,FALSE,NA,NA,NA
"2905","Lycium_intricatum","Thomisus_cf_globosum",0,0.5,0.5,NA,FALSE,NA,NA,NA
"2906","Lycium_intricatum","Thomisus_cf_onustus",0,0.517629095981162,0.5,NA,FALSE,NA,NA,NA
"2907","Lycium_intricatum","Thyreus_sp_aff_ramosus",0,0.554889555427651,0.585141536538343,NA,FALSE,NA,NA,NA
"2908","Lycium_intricatum","Thyridanthrax_indigenus",0,0.899797627781611,0.98720834013063,"both↑",FALSE,0.94350298395612,"Both approaches",0.877589798571594
"2909","Lycium_intricatum","Thysanoptera_sp",0,0.853276333892272,0.998880332534594,"both↑",FALSE,0.926078333213433,"Both approaches",0.839836388629105
"2910","Lycium_intricatum","Thysanoptera_sp_1",0.142857142857143,NA,NA,NA,TRUE,NA,NA,NA
"2911","Lycium_intricatum","Thysanoptera_sp_2",0.142857142857143,NA,NA,NA,TRUE,NA,NA,NA
"2912","Lycium_intricatum","Thysanoptera_sp_3",0,0.520124305262132,0.5,NA,FALSE,NA,NA,NA
"2913","Lycium_intricatum","Thysanoptera_sp_4",0.142857142857143,NA,NA,NA,TRUE,NA,NA,NA
"2914","Lycium_intricatum","Thysanoptera_sp_7",0,0.994632496287082,0.998870819055782,"both↑",FALSE,0.996751657671432,"Both approaches",0.99296192495477
"2915","Lycium_intricatum","Torymoides_lindbergi",0,0.504660367376257,0.5,NA,FALSE,NA,NA,NA
"2916","Lycium_intricatum","Trixoscelis_sp",0,0.5,0.5,NA,FALSE,NA,NA,NA
"2917","Lycium_intricatum","Troglops_sp",0,0.511400574449548,0.5,NA,FALSE,NA,NA,NA
"2918","Lycium_intricatum","Tropinota_squalida",0,0.514484230989954,0.5,NA,FALSE,NA,NA,NA
"2919","Lycium_intricatum","Trupanea_augur",0,0.501641960659099,0.5,NA,FALSE,NA,NA,NA
"2920","Lycium_intricatum","Urelliosoma_guimari",0,0.580805008900353,0.551603743799951,NA,FALSE,NA,NA,NA
"2921","Lycium_intricatum","Urellliosoma_sp",0,0.535395172652267,0.59827575034619,NA,FALSE,NA,NA,NA
"2922","Lycium_intricatum","Vanessa_Cardui",0,0.517501076085169,0.526611085095814,NA,FALSE,NA,NA,NA
"2923","Lycium_intricatum","Vestitohalictus_sp",0,0.557019891060259,0.524552325027347,NA,FALSE,NA,NA,NA
"2924","Nauplius_aquaticus","Agromyzidae_sp_2",0,0.5,0.5,NA,FALSE,NA,NA,NA
"2925","Nauplius_aquaticus","Amegilla_canifrons",0,0.5,NA,NA,FALSE,NA,NA,NA
"2926","Nauplius_aquaticus","Amegilla_quadrifasciata",0,0.534190499691568,0.536719266190957,NA,FALSE,NA,NA,NA
"2927","Nauplius_aquaticus","Anaspis_proteus",0,0.997812658895328,0.999889072141216,"both↑",FALSE,0.998850865518272,"Both approaches",0.997510208622923
"2928","Nauplius_aquaticus","Anthophora_alluaudi",0,0.883121853733296,0.838171240387791,"both↑",FALSE,0.860646547060544,"Both approaches",0.698067518631178
"2929","Nauplius_aquaticus","Anthophora_orotavae",0,0.500442008189183,0.550056253392544,NA,FALSE,NA,NA,NA
"2930","Nauplius_aquaticus","Apis_mellifera",0,0.559563459504046,0.5,NA,FALSE,NA,NA,NA
"2931","Nauplius_aquaticus","Attalus_pallipes",0,0.5,0.5,NA,FALSE,NA,NA,NA
"2932","Nauplius_aquaticus","Aulacoderus_canariensis",0,0.578257928861613,0.5,NA,FALSE,NA,NA,NA
"2933","Nauplius_aquaticus","Bassus_sp",0,0.505374820724854,0.565741359754131,NA,FALSE,NA,NA,NA
"2934","Nauplius_aquaticus","Bracon_sp",0,0.5,0.5,NA,FALSE,NA,NA,NA
"2935","Nauplius_aquaticus","Camponotus_feae",0.142857142857143,NA,NA,NA,TRUE,NA,NA,NA
"2936","Nauplius_aquaticus","Ceratogoponidae_sp",0,0.5,0.5,NA,FALSE,NA,NA,NA
"2937","Nauplius_aquaticus","Chetogena_acuminata",0,0.505771920731701,0.5,NA,FALSE,NA,NA,NA
"2938","Nauplius_aquaticus","Chironomidae_sp",0,0.500712072590538,NA,NA,FALSE,NA,NA,NA
"2939","Nauplius_aquaticus","Chloropidae_sp",0,0.510056006139813,0.5,NA,FALSE,NA,NA,NA
"2940","Nauplius_aquaticus","Chloropidae_sp_5",0.142857142857143,NA,NA,NA,TRUE,NA,NA,NA
"2941","Nauplius_aquaticus","Coccinella_miranda",0,0.5,NA,NA,FALSE,NA,NA,NA
"2942","Nauplius_aquaticus","Crematogaster_alluaudi",0,0.505024160525779,NA,NA,FALSE,NA,NA,NA
"2943","Nauplius_aquaticus","Cryptocephalus_gounellei",0,0.5,NA,NA,FALSE,NA,NA,NA
"2944","Nauplius_aquaticus","Dasytes_cf_subaenescens",0,0.5,NA,NA,FALSE,NA,NA,NA
"2945","Nauplius_aquaticus","Dasytes_subaenescens",0,0.734212240556106,0.830796783492521,"both↑",FALSE,0.782504512024313,"Both approaches",0.528759776052679
"2946","Nauplius_aquaticus","Elasmus_platyedrae",0,0.5,0.5,NA,FALSE,NA,NA,NA
"2947","Nauplius_aquaticus","Eristalinus_aeneus",0,0.5,NA,NA,FALSE,NA,NA,NA
"2948","Nauplius_aquaticus","Eristalis_tenax",0,0.5,NA,NA,FALSE,NA,NA,NA
"2949","Nauplius_aquaticus","Estheria_simonyi",0,0.798983316524809,0.880607715221609,"both↑",FALSE,0.839795515873209,"Both approaches",0.652890284391953
"2950","Nauplius_aquaticus","Eucera_gracilipes",0,0.579186267737518,0.580805975696576,NA,FALSE,NA,NA,NA
"2951","Nauplius_aquaticus","Euderus_sp",0,0.504426897709528,0.5,NA,FALSE,NA,NA,NA
"2952","Nauplius_aquaticus","Eumerus_latitarsis",0,0.736290470106018,NA,NA,FALSE,NA,NA,NA
"2953","Nauplius_aquaticus","Eumerus_nivariae",0,0.628746403580273,0.661512865417505,NA,FALSE,NA,NA,NA
"2954","Nauplius_aquaticus","Geometridae_sp",0,0.5,0.5,NA,FALSE,NA,NA,NA
"2955","Nauplius_aquaticus","Hylaeus_ater",0,0.500978790015693,0.52012515536297,NA,FALSE,NA,NA,NA
"2956","Nauplius_aquaticus","Lasioglossum_loetum",0,0.687966369883327,NA,NA,FALSE,NA,NA,NA
"2957","Nauplius_aquaticus","Lasioglossum_viride",0,0.976488068980258,0.961405595465475,"both↑",FALSE,0.968946832222866,"Both approaches",0.932718136482877
"2958","Nauplius_aquaticus","Leptochilus_cruentatus",0,0.619014393823745,0.785001810001686,"diag↑ only",FALSE,0.785001810001686,"Single location",0.534170588336987
"2959","Nauplius_aquaticus","Leptochilus_eatoni",0,0.5,0.533904636204597,NA,FALSE,NA,NA,NA
"2960","Nauplius_aquaticus","Malthinus_mutabilis",0,0.5,0.508362032408115,NA,FALSE,NA,NA,NA
"2961","Nauplius_aquaticus","Megaselia_sp_2",0,0.50770364272132,0.5,NA,FALSE,NA,NA,NA
"2962","Nauplius_aquaticus","Meligethes_canariensis",0,0.852386198875056,0.75541853972112,"both↑",FALSE,0.803902369298088,"Both approaches",0.575121800145858
"2963","Nauplius_aquaticus","Minotetrastichus_sp",0,0.5,0.5,NA,FALSE,NA,NA,NA
"2964","Nauplius_aquaticus","Musca_domestica",0,0.643923048942316,0.627991920034756,NA,FALSE,NA,NA,NA
"2965","Nauplius_aquaticus","Myathropa_florea",0,0.531259089609274,0.5,NA,FALSE,NA,NA,NA
"2966","Nauplius_aquaticus","Neodryophilus_cryptophagoides",0,0.5,NA,NA,FALSE,NA,NA,NA
"2967","Nauplius_aquaticus","Phthiria_simonyi",0,0.605225467169598,0.5,NA,FALSE,NA,NA,NA
"2968","Nauplius_aquaticus","Plagiolepis_sp_2",0,0.833086366593112,0.974931454005687,"both↑",FALSE,0.904008910299399,"Both approaches",0.792019305648699
"2969","Nauplius_aquaticus","Platypalpus_sp",0,0.5,0.523963633052897,NA,FALSE,NA,NA,NA
"2970","Nauplius_aquaticus","Pteromalus_sp_1",0,0.5,0.5384229568048,NA,FALSE,NA,NA,NA
"2971","Nauplius_aquaticus","Pteromalus_sp_4",0,0.503181666050554,0.5,NA,FALSE,NA,NA,NA
"2972","Nauplius_aquaticus","Scenopinus_sp",0,0.5,0.5,NA,FALSE,NA,NA,NA
"2973","Nauplius_aquaticus","Sciaridae_sp",0,0.723612536679008,0.604651997584734,"offs↑ only",FALSE,0.723612536679008,"External location",0.401160496137852
"2974","Nauplius_aquaticus","Syritta_pipiens",0,0.712210918844191,0.734016515077791,"both↑",FALSE,0.723113716960991,"Both approaches",0.400079720082147
"2975","Nauplius_aquaticus","Tethina_marmorata",0,0.5,0.560657742632621,NA,FALSE,NA,NA,NA
"2976","Nauplius_aquaticus","Themnothorax_hesperius",0,0.620092690377096,0.791889204272682,"diag↑ only",FALSE,0.791889204272682,"Single location",0.549093275924145
"2977","Nauplius_aquaticus","Thomisus_cf_onustus",0,0.50016003176662,NA,NA,FALSE,NA,NA,NA
"2978","Nauplius_aquaticus","Thysanoptera_sp_1",0,0.968774206777656,0.999881546533504,"both↑",FALSE,0.984327876655581,"Both approaches",0.966043732753758
"2979","Nauplius_aquaticus","Thysanoptera_sp_2",0.142857142857143,NA,NA,NA,TRUE,NA,NA,NA
"2980","Nauplius_aquaticus","Thysanoptera_sp_3",0,0.5,NA,NA,FALSE,NA,NA,NA
"2981","Nauplius_aquaticus","Thysanoptera_sp_7",0,0.896057759695147,0.999025881137618,"both↑",FALSE,0.947541820416382,"Both approaches",0.886340610902161
"2982","Nauplius_aquaticus","Urelliosoma_guimari",0,0.529681010626652,0.508835043885401,NA,FALSE,NA,NA,NA
"2983","Nauplius_sp","Amegilla_sp",0,0.542704394068858,0.507147589134654,NA,FALSE,NA,NA,NA
"2984","Nauplius_sp","Anaspis_cf_saharensis",0,0.5,0.5,NA,FALSE,NA,NA,NA
"2985","Nauplius_sp","Andrena_vachali",0.142857142857143,NA,NA,NA,TRUE,NA,NA,NA
"2986","Nauplius_sp","Anthaxia_sp_1",0,0.541886297903751,0.715742943074754,"diag↑ only",FALSE,0.715742943074754,"Single location",0.384109709995301
"2987","Nauplius_sp","Anthophora_sp_1",0,0.5,0.5,NA,FALSE,NA,NA,NA
"2988","Nauplius_sp","Anthophora_sp_aff_orotavae",0,0.5,0.5,NA,FALSE,NA,NA,NA
"2989","Nauplius_sp","Aplocnemus_sp_2",0,0.5,NA,NA,FALSE,NA,NA,NA
"2990","Nauplius_sp","Aprostocetus_sp_1",0,0.5,0.5,NA,FALSE,NA,NA,NA
"2991","Nauplius_sp","Arachnospila_sp",0,0.5,0.5,NA,FALSE,NA,NA,NA
"2992","Nauplius_sp","Attagenus_sp_1",0,0.5,0.5,NA,FALSE,NA,NA,NA
"2993","Nauplius_sp","Axinotarsus_sp_1",0,0.5,0.5,NA,FALSE,NA,NA,NA
"2994","Nauplius_sp","Bombylius_sp_1",0.142857142857143,NA,NA,NA,TRUE,NA,NA,NA
"2995","Nauplius_sp","Chalicodoma_sicula",0,0.5,0.5,NA,FALSE,NA,NA,NA
"2996","Nauplius_sp","Chalicodoma_sp",0,0.5,0.5,NA,FALSE,NA,NA,NA
"2997","Nauplius_sp","Chetogena_acuminata",0,0.5,0.5,NA,FALSE,NA,NA,NA
"2998","Nauplius_sp","Chloropidae_sp",0,0.5,0.5,NA,FALSE,NA,NA,NA
"2999","Nauplius_sp","Coleoptera_sp_5",0,0.562734485500141,0.613283352121105,NA,FALSE,NA,NA,NA
"3000","Nauplius_sp","Colletes1_Waiting_85",0,0.573039407244314,0.691503637850608,NA,FALSE,NA,NA,NA
"3001","Nauplius_sp","Colletes2_Waiting_85",0,0.5,0.5,NA,FALSE,NA,NA,NA
"3002","Nauplius_sp","Crematogaster_scutellaris",0,0.5,0.5,NA,FALSE,NA,NA,NA
"3003","Nauplius_sp","Eurytoma_sp_3",0,0.5,0.5,NA,FALSE,NA,NA,NA
"3004","Nauplius_sp","Hylaeus_sp",0,0.502103481788877,0.529128489492147,NA,FALSE,NA,NA,NA
"3005","Nauplius_sp","Hym_Waiting_85",0,0.5,0.5,NA,FALSE,NA,NA,NA
"3006","Nauplius_sp","Lasioglossum_phoenicurum",0,0.530889881251193,0.706247336615956,"diag↑ only",FALSE,0.706247336615956,"Single location",0.363535896001238
"3007","Nauplius_sp","Lucilia_sericata",0,0.944246125420363,0.998467803681399,"both↑",FALSE,0.971356964550881,"Both approaches",0.937940089860243
"3008","Nauplius_sp","Lucilia_sp_1",0,0.644402790172685,0.933294323120738,"diag↑ only",FALSE,0.933294323120738,"Single location",0.855471033428266
"3009","Nauplius_sp","Macrocoma_cf_henoni",0.142857142857143,NA,NA,NA,TRUE,NA,NA,NA
"3010","Nauplius_sp","Melecta_sp",0,0.5,0.5,NA,FALSE,NA,NA,NA
"3011","Nauplius_sp","Musca_domestica",0,0.579588062225337,0.5,NA,FALSE,NA,NA,NA
"3012","Nauplius_sp","Musca_osiris",0,0.5,NA,NA,FALSE,NA,NA,NA
"3013","Nauplius_sp","Musca_sorbens",0,0.54136782790734,0.5,NA,FALSE,NA,NA,NA
"3014","Nauplius_sp","Nomioides_deceptor",0.142857142857143,NA,NA,NA,TRUE,NA,NA,NA
"3015","Nauplius_sp","Nomioides_sp",0,0.521765458581039,0.676117612753027,NA,FALSE,NA,NA,NA
"3016","Nauplius_sp","Ormyrus_sp_1",0,0.5,0.5,NA,FALSE,NA,NA,NA
"3017","Nauplius_sp","Paragus_tibialis",0,0.5,0.5,NA,FALSE,NA,NA,NA
"3018","Nauplius_sp","Physiphora_alceae",0,0.5,0.5,NA,FALSE,NA,NA,NA
"3019","Nauplius_sp","Plagiolepis_schmitzii",0.142857142857143,NA,NA,NA,TRUE,NA,NA,NA
"3020","Nauplius_sp","Podalonia_sp",0,0.5,0.5,NA,FALSE,NA,NA,NA
"3021","Nauplius_sp","Proconura_sp_1",0,0.5,NA,NA,FALSE,NA,NA,NA
"3022","Nauplius_sp","Pteromalus_sp_2",0,0.505275005763515,0.5,NA,FALSE,NA,NA,NA
"3023","Nauplius_sp","Sarcophaga_sp_1",0,0.5,0.5,NA,FALSE,NA,NA,NA
"3024","Nauplius_sp","Sarcophagidae_sp",0,0.5,NA,NA,FALSE,NA,NA,NA
"3025","Nauplius_sp","Sarcophagidae_sp_2",0,0.5,0.5,NA,FALSE,NA,NA,NA
"3026","Nauplius_sp","Sarcophagidae_sp_7",0,0.505760493069084,0.6434039547149,NA,FALSE,NA,NA,NA
"3027","Nauplius_sp","Sciaridae_sp",0.142857142857143,NA,NA,NA,TRUE,NA,NA,NA
"3028","Nauplius_sp","Sciaridae_sp_4",0,0.948057481951487,0.749532418816264,"both↑",FALSE,0.848794950383875,"Both approaches",0.672389059165063
"3029","Nauplius_sp","Sphecidae_sp",0,0.5,0.5,NA,FALSE,NA,NA,NA
"3030","Nauplius_sp","Tachinidae_sp_1",0,0.5,0.5,NA,FALSE,NA,NA,NA
"3031","Nauplius_sp","Tapinoma_nigerrimum",0,0.996176460889992,0.999995980053924,"both↑",FALSE,0.998086220471958,"Both approaches",0.995853477689242
"3032","Nauplius_sp","Tephritidae_sp_1",0,0.5,0.5,NA,FALSE,NA,NA,NA
"3033","Nauplius_sp","Tethinidae_sp_1",0,0.5,NA,NA,FALSE,NA,NA,NA
"3034","Nauplius_sp","Tethinidae_sp_2",0,0.508853091965582,0.613583154872745,NA,FALSE,NA,NA,NA
"3035","Nauplius_sp","Themnothorax_productus",0,0.5,0.5,NA,FALSE,NA,NA,NA
"3036","Nauplius_sp","Thyreus_sp_aff_ramosus",0,0.5,0.5,NA,FALSE,NA,NA,NA
"3037","Nauplius_sp","Thysanoptera_sp",0,0.921451119696175,0.997252537295361,"both↑",FALSE,0.959351828495768,"Both approaches",0.911928961740831
"3038","Nauplius_sp","Troglops_sp",0,0.5,0.5,NA,FALSE,NA,NA,NA
"3039","Nauplius_sp","Urelliosoma_guimari",0,0.573880233994458,0.62433460951576,NA,FALSE,NA,NA,NA
"3040","Nauplius_sp","Urellliosoma_sp",0,0.5,0.5,NA,FALSE,NA,NA,NA
"3041","Nauplius_sp","Vanessa_Cardui",0,0.5,0.5,NA,FALSE,NA,NA,NA
"3042","Nauplius_sp","Vestitohalictus_sp",0,0.5,NA,NA,FALSE,NA,NA,NA
"3043","Neochamaelea_pulverulenta","Agromyzidae_sp_2",0,0.5,0.5,NA,FALSE,NA,NA,NA
"3044","Neochamaelea_pulverulenta","Amegilla_canifrons",0,0.5,0.5,NA,FALSE,NA,NA,NA
"3045","Neochamaelea_pulverulenta","Amegilla_quadrifasciata",0,0.5,0.5,NA,FALSE,NA,NA,NA
"3046","Neochamaelea_pulverulenta","Anaspis_proteus",0,0.997789336383533,0.999881688421279,"both↑",FALSE,0.998835512402406,"Both approaches",0.997476943538546
"3047","Neochamaelea_pulverulenta","Anthophora_alluaudi",0,0.774411278383654,0.690808883480598,"offs↑ only",FALSE,0.774411278383654,"External location",0.511224436497916
"3048","Neochamaelea_pulverulenta","Anthophora_orotavae",0,0.5,NA,NA,FALSE,NA,NA,NA
"3049","Neochamaelea_pulverulenta","Apis_mellifera",0,0.500765291495524,NA,NA,FALSE,NA,NA,NA
"3050","Neochamaelea_pulverulenta","Attalus_pallipes",0,0.5,0.5,NA,FALSE,NA,NA,NA
"3051","Neochamaelea_pulverulenta","Aulacoderus_canariensis",0,0.566881186098914,0.5,NA,FALSE,NA,NA,NA
"3052","Neochamaelea_pulverulenta","Bassus_sp",0,0.5,0.5,NA,FALSE,NA,NA,NA
"3053","Neochamaelea_pulverulenta","Bracon_sp",0,0.5,NA,NA,FALSE,NA,NA,NA
"3054","Neochamaelea_pulverulenta","Camponotus_feae",0.142857142857143,NA,NA,NA,TRUE,NA,NA,NA
"3055","Neochamaelea_pulverulenta","Ceratogoponidae_sp",0,0.5,0.5,NA,FALSE,NA,NA,NA
"3056","Neochamaelea_pulverulenta","Chetogena_acuminata",0,0.5,NA,NA,FALSE,NA,NA,NA
"3057","Neochamaelea_pulverulenta","Chironomidae_sp",0,0.5,0.5,NA,FALSE,NA,NA,NA
"3058","Neochamaelea_pulverulenta","Chloropidae_sp",0,0.5,NA,NA,FALSE,NA,NA,NA
"3059","Neochamaelea_pulverulenta","Chloropidae_sp_5",0,0.5,0.5,NA,FALSE,NA,NA,NA
"3060","Neochamaelea_pulverulenta","Coccinella_miranda",0,0.5,NA,NA,FALSE,NA,NA,NA
"3061","Neochamaelea_pulverulenta","Crematogaster_alluaudi",0,0.5,0.5,NA,FALSE,NA,NA,NA
"3062","Neochamaelea_pulverulenta","Cryptocephalus_gounellei",0,0.5,0.5,NA,FALSE,NA,NA,NA
"3063","Neochamaelea_pulverulenta","Dasytes_cf_subaenescens",0,0.5,0.5,NA,FALSE,NA,NA,NA
"3064","Neochamaelea_pulverulenta","Dasytes_subaenescens",0,0.6382077546904,0.689086420222151,NA,FALSE,NA,NA,NA
"3065","Neochamaelea_pulverulenta","Elasmus_platyedrae",0,0.5,0.5,NA,FALSE,NA,NA,NA
"3066","Neochamaelea_pulverulenta","Eristalinus_aeneus",0,0.5,NA,NA,FALSE,NA,NA,NA
"3067","Neochamaelea_pulverulenta","Eristalis_tenax",0,0.5,NA,NA,FALSE,NA,NA,NA
"3068","Neochamaelea_pulverulenta","Estheria_simonyi",0,0.708041617723238,0.699088311919489,"offs↑ only",FALSE,0.708041617723238,"External location",0.367423505067016
"3069","Neochamaelea_pulverulenta","Eucera_gracilipes",0,0.50373300464988,0.5,NA,FALSE,NA,NA,NA
"3070","Neochamaelea_pulverulenta","Euderus_sp",0,0.5,0.5,NA,FALSE,NA,NA,NA
"3071","Neochamaelea_pulverulenta","Eumerus_latitarsis",0,0.713484404628046,0.769577547133005,"both↑",FALSE,0.741530975880525,"Both approaches",0.439983781074472
"3072","Neochamaelea_pulverulenta","Eumerus_nivariae",0,0.505027942660197,0.534568860596037,NA,FALSE,NA,NA,NA
"3073","Neochamaelea_pulverulenta","Geometridae_sp",0,0.5,NA,NA,FALSE,NA,NA,NA
"3074","Neochamaelea_pulverulenta","Hylaeus_ater",0,0.5,0.5,NA,FALSE,NA,NA,NA
"3075","Neochamaelea_pulverulenta","Lasioglossum_loetum",0,0.580514467327429,0.5,NA,FALSE,NA,NA,NA
"3076","Neochamaelea_pulverulenta","Lasioglossum_viride",0,0.963716292606901,0.974968754546847,"both↑",FALSE,0.969342523576874,"Both approaches",0.933575467749894
"3077","Neochamaelea_pulverulenta","Leptochilus_cruentatus",0,0.51663380619406,0.541983909212378,NA,FALSE,NA,NA,NA
"3078","Neochamaelea_pulverulenta","Leptochilus_eatoni",0,0.5,0.5,NA,FALSE,NA,NA,NA
"3079","Neochamaelea_pulverulenta","Malthinus_mutabilis",0,0.5,0.5,NA,FALSE,NA,NA,NA
"3080","Neochamaelea_pulverulenta","Megaselia_sp_2",0,0.5,0.5,NA,FALSE,NA,NA,NA
"3081","Neochamaelea_pulverulenta","Meligethes_canariensis",0,0.750535591613564,0.882312315468023,"both↑",FALSE,0.816423953540794,"Both approaches",0.602251899338386
"3082","Neochamaelea_pulverulenta","Minotetrastichus_sp",0,0.5,0.5,NA,FALSE,NA,NA,NA
"3083","Neochamaelea_pulverulenta","Musca_domestica",0,0.546064930735107,NA,NA,FALSE,NA,NA,NA
"3084","Neochamaelea_pulverulenta","Myathropa_florea",0,0.50076014945758,NA,NA,FALSE,NA,NA,NA
"3085","Neochamaelea_pulverulenta","Neodryophilus_cryptophagoides",0,0.5,NA,NA,FALSE,NA,NA,NA
"3086","Neochamaelea_pulverulenta","Phthiria_simonyi",0,0.547631081783088,0.533779001904203,NA,FALSE,NA,NA,NA
"3087","Neochamaelea_pulverulenta","Plagiolepis_sp_2",0,0.940897607528295,NA,NA,FALSE,NA,NA,NA
"3088","Neochamaelea_pulverulenta","Platypalpus_sp",0,0.5,0.5,NA,FALSE,NA,NA,NA
"3089","Neochamaelea_pulverulenta","Pteromalus_sp_1",0,0.5,0.5,NA,FALSE,NA,NA,NA
"3090","Neochamaelea_pulverulenta","Pteromalus_sp_4",0,0.5,NA,NA,FALSE,NA,NA,NA
"3091","Neochamaelea_pulverulenta","Scenopinus_sp",0,0.5,NA,NA,FALSE,NA,NA,NA
"3092","Neochamaelea_pulverulenta","Sciaridae_sp",0,0.5,0.5,NA,FALSE,NA,NA,NA
"3093","Neochamaelea_pulverulenta","Syritta_pipiens",0,0.548334876614721,NA,NA,FALSE,NA,NA,NA
"3094","Neochamaelea_pulverulenta","Tethina_marmorata",0,0.5,NA,NA,FALSE,NA,NA,NA
"3095","Neochamaelea_pulverulenta","Themnothorax_hesperius",0,0.607145368795749,0.535976658550557,NA,FALSE,NA,NA,NA
"3096","Neochamaelea_pulverulenta","Thomisus_cf_onustus",0,0.5,NA,NA,FALSE,NA,NA,NA
"3097","Neochamaelea_pulverulenta","Thysanoptera_sp_1",0,0.934174851392647,0.579986962937006,"offs↑ only",FALSE,0.934174851392647,"External location",0.857378844684068
"3098","Neochamaelea_pulverulenta","Thysanoptera_sp_2",0,0.945554745805741,0.998821937890546,"both↑",FALSE,0.972188341848143,"Both approaches",0.939741407337644
"3099","Neochamaelea_pulverulenta","Thysanoptera_sp_3",0,0.5,0.5,NA,FALSE,NA,NA,NA
"3100","Neochamaelea_pulverulenta","Thysanoptera_sp_7",0,0.960812118269522,0.953493826686358,"both↑",FALSE,0.95715297247794,"Both approaches",0.907164773702203
"3101","Neochamaelea_pulverulenta","Urelliosoma_guimari",0,0.5,0.5,NA,FALSE,NA,NA,NA
"3102","Parolinia_intermedia","Agromyzidae_sp_2",0,0.650989966132163,0.838190040652984,"diag↑ only",FALSE,0.838190040652984,"Single location",0.649411754748132
"3103","Parolinia_intermedia","Amegilla_canifrons",0,0.548087627231862,0.806661828247291,"diag↑ only",FALSE,0.806661828247291,"Single location",0.581100627869131
"3104","Parolinia_intermedia","Amegilla_quadrifasciata",0,0.678898087259704,0.787022582910501,"diag↑ only",FALSE,0.787022582910501,"Single location",0.538548929639419
"3105","Parolinia_intermedia","Anaspis_proteus",0.142857142857143,NA,NA,NA,TRUE,NA,NA,NA
"3106","Parolinia_intermedia","Anthophora_alluaudi",0.142857142857143,NA,NA,NA,TRUE,NA,NA,NA
"3107","Parolinia_intermedia","Anthophora_orotavae",0,0.672150597743759,NA,NA,FALSE,NA,NA,NA
"3108","Parolinia_intermedia","Apis_mellifera",0,0.725153353913349,0.88495190800443,"both↑",FALSE,0.805052630958889,"Both approaches",0.57761403374426
"3109","Parolinia_intermedia","Attalus_pallipes",0,0.674625579067849,NA,NA,FALSE,NA,NA,NA
"3110","Parolinia_intermedia","Aulacoderus_canariensis",0,0.716932385828984,0.844838602462096,"both↑",FALSE,0.78088549414554,"Both approaches",0.525251903982004
"3111","Parolinia_intermedia","Bassus_sp",0,0.700346854980241,NA,NA,FALSE,NA,NA,NA
"3112","Parolinia_intermedia","Bracon_sp",0,0.612829948505866,0.883073503828216,"diag↑ only",FALSE,0.883073503828216,"Single location",0.746659258294468
"3113","Parolinia_intermedia","Camponotus_feae",0.142857142857143,NA,NA,NA,TRUE,NA,NA,NA
"3114","Parolinia_intermedia","Ceratogoponidae_sp",0,0.651942509318818,NA,NA,FALSE,NA,NA,NA
"3115","Parolinia_intermedia","Chetogena_acuminata",0,0.670310885566364,0.8021954313718,"diag↑ only",FALSE,0.8021954313718,"Single location",0.5714234346389
"3116","Parolinia_intermedia","Chironomidae_sp",0,0.661919303079702,0.864859195240204,"diag↑ only",FALSE,0.864859195240204,"Single location",0.707194923020442
"3117","Parolinia_intermedia","Chloropidae_sp",0,0.672304922841429,NA,NA,FALSE,NA,NA,NA
"3118","Parolinia_intermedia","Chloropidae_sp_5",0,0.669566299061569,0.823148840346986,"diag↑ only",FALSE,0.823148840346986,"Single location",0.616822487418469
"3119","Parolinia_intermedia","Coccinella_miranda",0,0.665565803737288,NA,NA,FALSE,NA,NA,NA
"3120","Parolinia_intermedia","Crematogaster_alluaudi",0,0.675536093050734,0.813503009560692,"diag↑ only",FALSE,0.813503009560692,"Single location",0.5959231873815
"3121","Parolinia_intermedia","Cryptocephalus_gounellei",0,0.657442468363183,NA,NA,FALSE,NA,NA,NA
"3122","Parolinia_intermedia","Dasytes_cf_subaenescens",0.142857142857143,NA,NA,NA,TRUE,NA,NA,NA
"3123","Parolinia_intermedia","Dasytes_subaenescens",0.142857142857143,NA,NA,NA,TRUE,NA,NA,NA
"3124","Parolinia_intermedia","Elasmus_platyedrae",0,0.629114154157913,0.86088262844694,"diag↑ only",FALSE,0.86088262844694,"Single location",0.698579028301703
"3125","Parolinia_intermedia","Eristalinus_aeneus",0,0.631803377464368,0.926773468427621,"diag↑ only",FALSE,0.926773468427621,"Single location",0.841342514926511
"3126","Parolinia_intermedia","Eristalis_tenax",0,0.651962046524492,0.760684100551981,"diag↑ only",FALSE,0.760684100551981,"Single location",0.481482217862624
"3127","Parolinia_intermedia","Estheria_simonyi",0.142857142857143,NA,NA,NA,TRUE,NA,NA,NA
"3128","Parolinia_intermedia","Eucera_gracilipes",0.142857142857143,NA,NA,NA,TRUE,NA,NA,NA
"3129","Parolinia_intermedia","Euderus_sp",0,0.618329633592858,NA,NA,FALSE,NA,NA,NA
"3130","Parolinia_intermedia","Eumerus_latitarsis",0,0.944442131162387,NA,NA,FALSE,NA,NA,NA
"3131","Parolinia_intermedia","Eumerus_nivariae",0,0.802145533768216,NA,NA,FALSE,NA,NA,NA
"3132","Parolinia_intermedia","Geometridae_sp",0,0.647255418829012,NA,NA,FALSE,NA,NA,NA
"3133","Parolinia_intermedia","Hylaeus_ater",0,0.659660505868762,0.859440088973568,"diag↑ only",FALSE,0.859440088973568,"Single location",0.695453526109397
"3134","Parolinia_intermedia","Lasioglossum_loetum",0,0.789275798919843,0.738582945268218,"both↑",FALSE,0.76392937209403,"Both approaches",0.488513639537065
"3135","Parolinia_intermedia","Lasioglossum_viride",0.142857142857143,NA,NA,NA,TRUE,NA,NA,NA
"3136","Parolinia_intermedia","Leptochilus_cruentatus",0.142857142857143,NA,NA,NA,TRUE,NA,NA,NA
"3137","Parolinia_intermedia","Leptochilus_eatoni",0,0.678137191641532,0.826489205944865,"diag↑ only",FALSE,0.826489205944865,"Single location",0.624059946213874
"3138","Parolinia_intermedia","Malthinus_mutabilis",0,0.703268025116226,0.840230847764326,"both↑",FALSE,0.771749436440276,"Both approaches",0.505457112287264
"3139","Parolinia_intermedia","Megaselia_sp_2",0,0.666659329135372,0.862478275763112,"diag↑ only",FALSE,0.862478275763112,"Single location",0.702036264153409
"3140","Parolinia_intermedia","Meligethes_canariensis",0.142857142857143,NA,NA,NA,TRUE,NA,NA,NA
"3141","Parolinia_intermedia","Minotetrastichus_sp",0,0.659897694526574,0.859417153052314,"diag↑ only",FALSE,0.859417153052314,"Single location",0.695403831613348
"3142","Parolinia_intermedia","Musca_domestica",0,0.794619789166874,0.921098332795096,"both↑",FALSE,0.857859060980985,"Both approaches",0.692027965458801
"3143","Parolinia_intermedia","Myathropa_florea",0,0.676333459953754,0.839189571623688,"diag↑ only",FALSE,0.839189571623688,"Single location",0.651577405184658
"3144","Parolinia_intermedia","Neodryophilus_cryptophagoides",0,0.682728529499442,0.870788648664861,"diag↑ only",FALSE,0.870788648664861,"Single location",0.720042072107199
"3145","Parolinia_intermedia","Phthiria_simonyi",0.142857142857143,NA,NA,NA,TRUE,NA,NA,NA
"3146","Parolinia_intermedia","Plagiolepis_sp_2",0,0.906136052900454,0.998149482402947,"both↑",FALSE,0.952142767651701,"Both approaches",0.896309329912018
"3147","Parolinia_intermedia","Platypalpus_sp",0,0.679866871243895,0.819064340648853,"diag↑ only",FALSE,0.819064340648853,"Single location",0.607972738072514
"3148","Parolinia_intermedia","Pteromalus_sp_1",0,0.67100890078894,0.786427151142076,"diag↑ only",FALSE,0.786427151142076,"Single location",0.537258827474498
"3149","Parolinia_intermedia","Pteromalus_sp_4",0,0.647099724122321,0.900782715457529,"diag↑ only",FALSE,0.900782715457529,"Single location",0.785029216824646
"3150","Parolinia_intermedia","Scenopinus_sp",0,0.662027459058877,0.877106279368886,"diag↑ only",FALSE,0.877106279368886,"Single location",0.73373027196592
"3151","Parolinia_intermedia","Sciaridae_sp",0,0.814599529549842,NA,NA,FALSE,NA,NA,NA
"3152","Parolinia_intermedia","Syritta_pipiens",0.142857142857143,NA,NA,NA,TRUE,NA,NA,NA
"3153","Parolinia_intermedia","Tethina_marmorata",0,0.594702605633599,0.867983006206809,"diag↑ only",FALSE,0.867983006206809,"Single location",0.713963180114752
"3154","Parolinia_intermedia","Themnothorax_hesperius",0,0.871789851801807,NA,NA,FALSE,NA,NA,NA
"3155","Parolinia_intermedia","Thomisus_cf_onustus",0,0.664104684382586,0.767171991615798,"diag↑ only",FALSE,0.767171991615798,"Single location",0.495539315167563
"3156","Parolinia_intermedia","Thysanoptera_sp_1",0,0.937555768320984,NA,NA,FALSE,NA,NA,NA
"3157","Parolinia_intermedia","Thysanoptera_sp_2",0,0.998645917433539,0.999905064401052,"both↑",FALSE,0.999275490917296,"Both approaches",0.998430230320807
"3158","Parolinia_intermedia","Thysanoptera_sp_3",0,0.603895554574374,0.888982598633652,"diag↑ only",FALSE,0.888982598633652,"Single location",0.75946229703958
"3159","Parolinia_intermedia","Thysanoptera_sp_7",0.142857142857143,NA,NA,NA,TRUE,NA,NA,NA
"3160","Parolinia_intermedia","Urelliosoma_guimari",0,0.655997888712352,0.826604352356589,"diag↑ only",FALSE,0.826604352356589,"Single location",0.624309430105943
"3161","Periploca_laevigata","Agromyzidae_sp_1",0,0.911989026894618,0.988390637214817,"both↑",FALSE,0.950189832054718,"Both approaches",0.892077969451889
"3162","Periploca_laevigata","Agromyzidae_sp_2",0.142857142857143,NA,NA,NA,TRUE,NA,NA,NA
"3163","Periploca_laevigata","Amegilla_canifrons",0,0.779938943552587,NA,NA,FALSE,NA,NA,NA
"3164","Periploca_laevigata","Amegilla_quadrifasciata",0,0.850282134652911,0.939318380369353,"both↑",FALSE,0.894800257511132,"Both approaches",0.772067224607452
"3165","Periploca_laevigata","Ammophila_terminata",0,0.896288499103653,0.986176412092904,"both↑",FALSE,0.941232455598279,"Both approaches",0.872670320462937
"3166","Periploca_laevigata","Anaspis_cf_canariensis",0,0.890408369264693,0.814489770626405,"both↑",FALSE,0.852449069945549,"Both approaches",0.680306318215357
"3167","Periploca_laevigata","Anaspis_proteus",0.142857142857143,NA,NA,NA,TRUE,NA,NA,NA
"3168","Periploca_laevigata","Anthophora_alluaudi",0,0.927373690147349,0.980079926423674,"both↑",FALSE,0.953726808285511,"Both approaches",0.899741417951942
"3169","Periploca_laevigata","Anthophora_orotavae",0,0.806091333377282,0.985362277242171,"both↑",FALSE,0.895726805309726,"Both approaches",0.77407474483774
"3170","Periploca_laevigata","Apis_mellifera",0.142857142857143,NA,NA,NA,TRUE,NA,NA,NA
"3171","Periploca_laevigata","Aprostocetus_occidentalis",0.285714285714286,NA,NA,NA,TRUE,NA,NA,NA
"3172","Periploca_laevigata","Aprostocetus_sp_2",0,0.84300594655088,0.955774568532736,"both↑",FALSE,0.899390257541808,"Both approaches",0.782012224673918
"3173","Periploca_laevigata","Araneidae_sp_1",0,0.778109178414349,0.904170053298934,"both↑",FALSE,0.841139615856642,"Both approaches",0.655802501022723
"3174","Periploca_laevigata","Araneidae_sp_2",0,0.827074987305702,0.918655299730705,"both↑",FALSE,0.872865143518203,"Both approaches",0.72454114428944
"3175","Periploca_laevigata","Attagenus_wollastoni",0,0.908624990465999,0.989830599411131,"both↑",FALSE,0.949227794938565,"Both approaches",0.889993555700224
"3176","Periploca_laevigata","Attalus_crispus",0,0.732414764448499,0.81333081832618,"both↑",FALSE,0.772872791387339,"Both approaches",0.507891048005902
"3177","Periploca_laevigata","Attalus_pallipes",0,0.808004144154901,0.69084756927418,"offs↑ only",FALSE,0.808004144154901,"External location",0.584008979002286
"3178","Periploca_laevigata","Attalus_ruficollis",0,0.935159793847172,NA,NA,FALSE,NA,NA,NA
"3179","Periploca_laevigata","Attalus_rugifrons",0,0.820133539382616,NA,NA,FALSE,NA,NA,NA
"3180","Periploca_laevigata","Aulacoderus_canariensis",0,0.883060387912924,0.911356377531591,"both↑",FALSE,0.897208382722258,"Both approaches",0.777284829231558
"3181","Periploca_laevigata","Bassus_sp",0,0.817138037862558,NA,NA,FALSE,NA,NA,NA
"3182","Periploca_laevigata","Blaesoxipha_sp_1",0,0.846127930779333,0.876401367316739,"both↑",FALSE,0.861264649048036,"Both approaches",0.699406739604078
"3183","Periploca_laevigata","Bracon_sp",0,0.79550724388258,0.950740709833663,"both↑",FALSE,0.873123976858122,"Both approaches",0.725101949859264
"3184","Periploca_laevigata","Bruchidius_wollastoni",0,0.842563235614911,NA,NA,FALSE,NA,NA,NA
"3185","Periploca_laevigata","Campiglossa_reticulata",0,0.647246551289207,0.893935677035002,"diag↑ only",FALSE,0.893935677035002,"Single location",0.770193966909171
"3186","Periploca_laevigata","Camponotus_feae",0.571428571428571,NA,NA,NA,TRUE,NA,NA,NA
"3187","Periploca_laevigata","Cecydomyiidae_sp",0,0.780677109699686,0.84194062141449,"both↑",FALSE,0.811308865557088,"Both approaches",0.591169208707024
"3188","Periploca_laevigata","Ceratogoponidae_sp",0,0.687554646434833,0.880108303679952,"diag↑ only",FALSE,0.880108303679952,"Single location",0.74023465797323
"3189","Periploca_laevigata","Ceratogoponidae_sp_2",0,0.659273889374795,0.750151487470676,"diag↑ only",FALSE,0.750151487470676,"Single location",0.458661556186464
"3190","Periploca_laevigata","Chalicodoma_canescens",0,0.760008756822069,0.983959555485426,"both↑",FALSE,0.871984156153748,"Both approaches",0.72263233833312
"3191","Periploca_laevigata","Chetogena_acuminata",0,0.825843242334739,0.925324154142812,"both↑",FALSE,0.875583698238776,"Both approaches",0.730431346184014
"3192","Periploca_laevigata","Chironomidae_sp",0,0.77276403790526,0.940988073711534,"both↑",FALSE,0.856876055808397,"Both approaches",0.689898120918193
"3193","Periploca_laevigata","Chironomidae_sp_1",0,0.784446694661075,0.897383287868037,"both↑",FALSE,0.840914991264556,"Both approaches",0.655315814406537
"3194","Periploca_laevigata","Chloropidae_sp",0,0.886488430546328,0.895788559137049,"both↑",FALSE,0.891138494841688,"Both approaches",0.764133405490325
"3195","Periploca_laevigata","Chloropidae_sp_3",0,0.851518528098297,0.933279420003478,"both↑",FALSE,0.892398974050888,"Both approaches",0.766864443776923
"3196","Periploca_laevigata","Chloropidae_sp_4",0.142857142857143,NA,NA,NA,TRUE,NA,NA,NA
"3197","Periploca_laevigata","Chloropidae_sp_5",0.142857142857143,NA,NA,NA,TRUE,NA,NA,NA
"3198","Periploca_laevigata","Chloropidae_sp_6",0.142857142857143,NA,NA,NA,TRUE,NA,NA,NA
"3199","Periploca_laevigata","Chrysomya_albiceps",0.142857142857143,NA,NA,NA,TRUE,NA,NA,NA
"3200","Periploca_laevigata","Coccinella_miranda",0.142857142857143,NA,NA,NA,TRUE,NA,NA,NA
"3201","Periploca_laevigata","Colias_croceus",0,0.823071620582721,0.745675826054747,"both↑",FALSE,0.784373723318734,"Both approaches",0.532809733857257
"3202","Periploca_laevigata","Colletes_dimidiatus",0,0.870813801873184,0.921750179337966,"both↑",FALSE,0.896281990605575,"Both approaches",0.775277646312079
"3203","Periploca_laevigata","Crematogaster_alluaudi",0,0.794946577362554,0.564542642824293,"offs↑ only",FALSE,0.794946577362554,"External location",0.555717584285534
"3204","Periploca_laevigata","Cryptocephalus_gounellei",0,0.768885417948496,0.5,"offs↑ only",FALSE,0.768885417948496,"External location",0.499251738888409
"3205","Periploca_laevigata","Cryptocephalus_nitidicollis",0.142857142857143,NA,NA,NA,TRUE,NA,NA,NA
"3206","Periploca_laevigata","Dasytes_cf_subaenescens",0,0.819240415023434,NA,NA,FALSE,NA,NA,NA
"3207","Periploca_laevigata","Dasytes_subaenescens",0,0.835273621696201,0.887217006893079,"both↑",FALSE,0.86124531429464,"Both approaches",0.699364847638386
"3208","Periploca_laevigata","Delia_flavibasis",0.142857142857143,NA,NA,NA,TRUE,NA,NA,NA
"3209","Periploca_laevigata","Dilophus_hiemalis",0,0.813353307237624,NA,NA,FALSE,NA,NA,NA
"3210","Periploca_laevigata","Dinarmoides_spilopterus",0,0.907364875539237,NA,NA,FALSE,NA,NA,NA
"3211","Periploca_laevigata","Elasmus_platyedrae",0,0.78999330154817,0.921184377506612,"both↑",FALSE,0.855588839527391,"Both approaches",0.687109152309347
"3212","Periploca_laevigata","Empididae_sp_1",0,0.7990950591321,0.763445104604768,"both↑",FALSE,0.781270081868434,"Both approaches",0.526085177381606
"3213","Periploca_laevigata","Empis_sp_1",0,0.806420707645259,0.723449866717154,"both↑",FALSE,0.764935287181207,"Both approaches",0.490693122225947
"3214","Periploca_laevigata","Eristalinus_aeneus",0,0.913240495085612,0.958723627520825,"both↑",FALSE,0.935982061303219,"Both approaches",0.861294466156974
"3215","Periploca_laevigata","Eristalinus_taeniops",0,0.838542073603005,0.82868955701498,"both↑",FALSE,0.833615815308992,"Both approaches",0.639500933169483
"3216","Periploca_laevigata","Eristalis_tenax",0,0.82811447532882,0.925662191005744,"both↑",FALSE,0.876888333167282,"Both approaches",0.733258055195778
"3217","Periploca_laevigata","Estheria_simonyi",0.142857142857143,NA,NA,NA,TRUE,NA,NA,NA
"3218","Periploca_laevigata","Eucera_gracilipes",0,0.812990091966498,NA,NA,FALSE,NA,NA,NA
"3219","Periploca_laevigata","Euderus_sp",0,0.852686852950082,0.854969060377366,"both↑",FALSE,0.853827956663724,"Both approaches",0.683293906104735
"3220","Periploca_laevigata","Eumerus_latitarsis",0.142857142857143,NA,NA,NA,TRUE,NA,NA,NA
"3221","Periploca_laevigata","Eumerus_nivariae",0,0.819591141871272,0.959318568705323,"both↑",FALSE,0.889454855288298,"Both approaches",0.760485519791312
"3222","Periploca_laevigata","Eupelmus_sp",0,0.816253649060238,0.838072087694031,"both↑",FALSE,0.827162868377134,"Both approaches",0.625519548150458
"3223","Periploca_laevigata","Eupelmus_testaceiventris",0,0.719982034947943,0.718862056426057,"both↑",FALSE,0.719422045687,"Both approaches",0.3920810989885
"3224","Periploca_laevigata","Eurytoma_sp_1",0,0.864263470084257,0.980158922564432,"both↑",FALSE,0.922211196324344,"Both approaches",0.83145759203608
"3225","Periploca_laevigata","Eurytoma_sp_2",0,0.864449399431941,0.784613258699675,"both↑",FALSE,0.824531329065808,"Both approaches",0.619817879642584
"3226","Periploca_laevigata","Exetastes_segmentarius",0,0.81143637150942,0.913262480742308,"both↑",FALSE,0.862349426125864,"Both approaches",0.701757089939372
"3227","Periploca_laevigata","Fannia_sp",0.142857142857143,NA,NA,NA,TRUE,NA,NA,NA
"3228","Periploca_laevigata","Geometridae_sp",0.142857142857143,NA,NA,NA,TRUE,NA,NA,NA
"3229","Periploca_laevigata","Gnaphosidae_sp_1",0,0.849212144894868,0.884785043128198,"both↑",FALSE,0.866998594011533,"Both approaches",0.711830287024988
"3230","Periploca_laevigata","Halictus_fulvipes",0,0.68782540706171,0.52237298759401,NA,FALSE,NA,NA,NA
"3231","Periploca_laevigata","Holepyris_sp",0,0.916335624527458,0.986816997045192,"both↑",FALSE,0.951576310786325,"Both approaches",0.895082006703705
"3232","Periploca_laevigata","Hylaeus_ater",0,0.855918596038858,0.928675465118145,"both↑",FALSE,0.892297030578501,"Both approaches",0.76664356625342
"3233","Periploca_laevigata","Lasioglossum_arctifrons",0,0.81340474795045,0.774280416584752,"both↑",FALSE,0.793842582267601,"Both approaches",0.553325594913136
"3234","Periploca_laevigata","Lasioglossum_loetum",0,0.94237381032078,0.966192594317299,"both↑",FALSE,0.954283202319039,"Both approaches",0.900946938357918
"3235","Periploca_laevigata","Lasioglossum_viride",0.285714285714286,NA,NA,NA,TRUE,NA,NA,NA
"3236","Periploca_laevigata","Leptochilus_cruentatus",0,0.875638573354197,0.74178775166852,"both↑",FALSE,0.808713162511358,"Both approaches",0.585545185441276
"3237","Periploca_laevigata","Leptochilus_eatoni",0,0.834464080732819,0.915285593727196,"both↑",FALSE,0.874874837230008,"Both approaches",0.728895480665017
"3238","Periploca_laevigata","Linnaemyia_soror",0,0.686504787388032,0.70953586894039,"diag↑ only",FALSE,0.70953586894039,"Single location",0.370661049370844
"3239","Periploca_laevigata","Lucilia_sericata",0.285714285714286,NA,NA,NA,TRUE,NA,NA,NA
"3240","Periploca_laevigata","Macrocoma_splendens",0,0.791464643169929,0.964737504241449,"both↑",FALSE,0.878101073705689,"Both approaches",0.73588565969566
"3241","Periploca_laevigata","Malthinus_mutabilis",0,0.86367547368968,0.884763112544072,"both↑",FALSE,0.874219293116876,"Both approaches",0.727475135086564
"3242","Periploca_laevigata","Megachile_canariensis",0,0.844838332894594,NA,NA,FALSE,NA,NA,NA
"3243","Periploca_laevigata","Megaselia_sp_1",0.142857142857143,NA,NA,NA,TRUE,NA,NA,NA
"3244","Periploca_laevigata","Megaselia_sp_2",0,0.895201117622655,0.937943190055057,"both↑",FALSE,0.916572153838856,"Both approaches",0.819239666650854
"3245","Periploca_laevigata","Meligethes_canariensis",0,0.880696339250433,0.996239927829894,"both↑",FALSE,0.938468133540163,"Both approaches",0.866680956003687
"3246","Periploca_laevigata","Meligethes_cf_canariensis",0,0.873525262414263,NA,NA,FALSE,NA,NA,NA
"3247","Periploca_laevigata","Minotetrastichus_sp",0,0.81579245626461,0.538892773038064,"offs↑ only",FALSE,0.81579245626461,"External location",0.600883655239989
"3248","Periploca_laevigata","Monomorium_subopacum",0.142857142857143,NA,NA,NA,TRUE,NA,NA,NA
"3249","Periploca_laevigata","Mordellistena_cf_canariensis",0,0.895002946023597,0.96202182249651,"both↑",FALSE,0.928512384260054,"Both approaches",0.845110165896783
"3250","Periploca_laevigata","Musca_domestica",0.285714285714286,NA,NA,NA,TRUE,NA,NA,NA
"3251","Periploca_laevigata","Myathropa_florea",0,0.80992558547049,0.886078300130087,"both↑",FALSE,0.848001942800289,"Both approaches",0.670670876067292
"3252","Periploca_laevigata","Mycetophilidae_sp_1",0,0.791290847296597,NA,NA,FALSE,NA,NA,NA
"3253","Periploca_laevigata","Myopites_nigrescens",0,0.867973168063591,0.993350055935939,"both↑",FALSE,0.930661611999765,"Both approaches",0.849766825999492
"3254","Periploca_laevigata","Neodryophilus_cryptophagoides",0.285714285714286,NA,NA,NA,TRUE,NA,NA,NA
"3255","Periploca_laevigata","Nomioides_fortunatus",0,0.891444352136225,0.985583474811923,"both↑",FALSE,0.938513913474074,"Both approaches",0.866780145860494
"3256","Periploca_laevigata","Nyctia_lugubris",0,0.787587030474236,0.910598785989181,"both↑",FALSE,0.849092908231709,"Both approaches",0.673034634502035
"3257","Periploca_laevigata","Oscinella_sp_1",0,0.919131725959082,0.985820326765952,"both↑",FALSE,0.952476026362517,"Both approaches",0.897031390452121
"3258","Periploca_laevigata","Oscinella_sp_2",0,0.833739160673258,NA,NA,FALSE,NA,NA,NA
"3259","Periploca_laevigata","Osmia_canaria",0,0.657079853649359,0.7022022237541,"diag↑ only",FALSE,0.7022022237541,"Single location",0.354771484800549
"3260","Periploca_laevigata","Osmia_latreillei",0,0.80121126311633,0.771641263444787,"both↑",FALSE,0.786426263280559,"Both approaches",0.537256903774543
"3261","Periploca_laevigata","Oxyopes_cf_kraepelinorum",0,0.875166400296335,0.985736570888695,"both↑",FALSE,0.930451485592515,"Both approaches",0.849311552117116
"3262","Periploca_laevigata","Oxyopes_kraepelinorum",0,0.570319829236625,0.890684857345172,"diag↑ only",FALSE,0.890684857345172,"Single location",0.763150524247872
"3263","Periploca_laevigata","Paratrechina_longicornis",0.142857142857143,NA,NA,NA,TRUE,NA,NA,NA
"3264","Periploca_laevigata","Perilampus_sp_1",0,0.781998295134024,0.870859654177283,"both↑",FALSE,0.826428974655653,"Both approaches",0.623929445087249
"3265","Periploca_laevigata","Perilampus_sp_2",0,0.636777147158062,NA,NA,FALSE,NA,NA,NA
"3266","Periploca_laevigata","Phalacrus_coruscus",0,0.638815903349742,0.5,NA,FALSE,NA,NA,NA
"3267","Periploca_laevigata","Phthiria_simonyi",0,0.82403836393646,0.917743654154485,"both↑",FALSE,0.870891009045473,"Both approaches",0.720263852931857
"3268","Periploca_laevigata","Physiphora_alceae",0.142857142857143,NA,NA,NA,TRUE,NA,NA,NA
"3269","Periploca_laevigata","Phyto_discrepans",0,0.916346878527656,0.967450272935235,"both↑",FALSE,0.941898575731446,"Both approaches",0.874113580751466
"3270","Periploca_laevigata","Pieris_rapae",0,0.846798345064752,NA,NA,FALSE,NA,NA,NA
"3271","Periploca_laevigata","Plagiolepis_schmitzii",0.142857142857143,NA,NA,NA,TRUE,NA,NA,NA
"3272","Periploca_laevigata","Plagiolepis_sp_2",0.142857142857143,NA,NA,NA,TRUE,NA,NA,NA
"3273","Periploca_laevigata","Platypalpus_sp",0,0.82667670837649,NA,NA,FALSE,NA,NA,NA
"3274","Periploca_laevigata","Platypalpus_sp_1",0,0.764995265210682,NA,NA,FALSE,NA,NA,NA
"3275","Periploca_laevigata","Platypalpus_sp_2",0,0.910447097292273,0.982171678749748,"both↑",FALSE,0.94630938802101,"Both approaches",0.883670340712189
"3276","Periploca_laevigata","Pteromalus_sp_1",0,0.77712662352493,NA,NA,FALSE,NA,NA,NA
"3277","Periploca_laevigata","Pteromalus_sp_3",0,0.864589778428717,0.802381334944399,"both↑",FALSE,0.833485556686558,"Both approaches",0.639218706154209
"3278","Periploca_laevigata","Pteromalus_sp_4",0,0.867079389489243,0.890866443682049,"both↑",FALSE,0.878972916585646,"Both approaches",0.737774652602233
"3279","Periploca_laevigata","Rondania_insularis",0,0.799038766268746,0.819915388042922,"both↑",FALSE,0.809477077155834,"Both approaches",0.587200333837641
"3280","Periploca_laevigata","Sarcophagidae_sp_3",0,0.746743701827159,0.820497961971639,"both↑",FALSE,0.783620831899399,"Both approaches",0.531178469115365
"3281","Periploca_laevigata","Sarcophagidae_sp_5",0.142857142857143,NA,NA,NA,TRUE,NA,NA,NA
"3282","Periploca_laevigata","Sarcophagidae_sp_8",0.142857142857143,NA,NA,NA,TRUE,NA,NA,NA
"3283","Periploca_laevigata","Scaeva_albomaculata",0,0.776129957565262,0.790659658403394,"both↑",FALSE,0.783394807984328,"Both approaches",0.530688750632711
"3284","Periploca_laevigata","Scenopinus_sp",0.142857142857143,NA,NA,NA,TRUE,NA,NA,NA
"3285","Periploca_laevigata","Sciaridae_sp",0.142857142857143,NA,NA,NA,TRUE,NA,NA,NA
"3286","Periploca_laevigata","Sciaridae_sp_1",0.285714285714286,NA,NA,NA,TRUE,NA,NA,NA
"3287","Periploca_laevigata","Scymnus_canariensis",0.142857142857143,NA,NA,NA,TRUE,NA,NA,NA
"3288","Periploca_laevigata","Sibinia_sericea",0,0.873018483532764,0.957979018454326,"both↑",FALSE,0.915498750993545,"Both approaches",0.816913960486015
"3289","Periploca_laevigata","Spathulina_sicula",0,0.723641787353706,0.628850137138628,"offs↑ only",FALSE,0.723641787353706,"External location",0.401223872599696
"3290","Periploca_laevigata","Sphaeniscus_filiolus",0,0.824240651403432,NA,NA,FALSE,NA,NA,NA
"3291","Periploca_laevigata","Stomorhina_lunata",0,0.898601136785358,0.891303116248952,"both↑",FALSE,0.894952126517155,"Both approaches",0.772396274120502
"3292","Periploca_laevigata","Synthesomyia_nudiseta",0.142857142857143,NA,NA,NA,TRUE,NA,NA,NA
"3293","Periploca_laevigata","Syritta_pipiens",0,0.834392795873863,0.977710613086631,"both↑",FALSE,0.906051704480247,"Both approaches",0.796445359707202
"3294","Periploca_laevigata","Tachina_canariensis",0,0.836875848331329,0.907258269012896,"both↑",FALSE,0.872067058672113,"Both approaches",0.722811960456244
"3295","Periploca_laevigata","Tethina_marmorata",0,0.885497313681027,0.907465874363245,"both↑",FALSE,0.896481594022136,"Both approaches",0.775710120381294
"3296","Periploca_laevigata","Thaumatomyia_notata",0.142857142857143,NA,NA,NA,TRUE,NA,NA,NA
"3297","Periploca_laevigata","Themnothorax_hesperius",0,0.920768381722608,0.974454155216982,"both↑",FALSE,0.947611268469795,"Both approaches",0.886491081684556
"3298","Periploca_laevigata","Thomisus_cf_globosum",0,0.803830638860584,0.774378318974836,"both↑",FALSE,0.78910447891771,"Both approaches",0.543059704321706
"3299","Periploca_laevigata","Thomisus_cf_onustus",0,0.753158080875906,0.862419256317399,"both↑",FALSE,0.807788668596652,"Both approaches",0.583542115292747
"3300","Periploca_laevigata","Thyridanthrax_indigenus",0,0.968537410925231,0.959693477776219,"both↑",FALSE,0.964115444350725,"Both approaches",0.922250129426571
"3301","Periploca_laevigata","Thysanoptera_sp_1",0,0.996889406078948,0.999297372179986,"both↑",FALSE,0.998093389129467,"Both approaches",0.995869009780512
"3302","Periploca_laevigata","Thysanoptera_sp_2",0,0.976143910244547,0.94708763772014,"both↑",FALSE,0.961615773982343,"Both approaches",0.916834176961743
"3303","Periploca_laevigata","Thysanoptera_sp_3",0,0.862931599543703,0.939036400870815,"both↑",FALSE,0.900984000207259,"Both approaches",0.785465333782394
"3304","Periploca_laevigata","Thysanoptera_sp_7",0,0.998914683378267,0.999956808856951,"both↑",FALSE,0.999435746117609,"Both approaches",0.998777449921487
"3305","Periploca_laevigata","Torymoides_lindbergi",0,0.889637719053473,0.926178675229378,"both↑",FALSE,0.907908197141425,"Both approaches",0.800467760473088
"3306","Periploca_laevigata","Trixoscelis_sp",0,0.832943741420557,0.984594060010461,"both↑",FALSE,0.908768900715509,"Both approaches",0.802332618216935
"3307","Periploca_laevigata","Trupanea_augur",0,0.743706923975492,0.871886541580884,"both↑",FALSE,0.807796732778188,"Both approaches",0.583559587686073
"3308","Periploca_laevigata","Urelliosoma_guimari",0,0.850679923225128,0.865217371935068,"both↑",FALSE,0.857948647580098,"Both approaches",0.692222069756878
"3309","Periploca_laevigata","Villa_nigriceps",0,0.783873769884844,0.791378589653926,"both↑",FALSE,0.787626179769385,"Both approaches",0.539856722833668
"3310","Phagnalon_purpurascens","Anaspis_cf_eversi",0,0.5,0.5,NA,FALSE,NA,NA,NA
"3311","Phagnalon_purpurascens","Anaspis_proteus",0,0.641490135840799,NA,NA,FALSE,NA,NA,NA
"3312","Phagnalon_purpurascens","Anthophora_alluaudi",0,0.747145780139407,0.949893350412892,"both↑",FALSE,0.848519565276149,"Both approaches",0.671792391431657
"3313","Phagnalon_purpurascens","Aphthona_wachnitzae",0,0.549564413917236,0.786286217509384,"diag↑ only",FALSE,0.786286217509384,"Single location",0.536953471270331
"3314","Phagnalon_purpurascens","Araneae_sp_1",0,0.5,0.5,NA,FALSE,NA,NA,NA
"3315","Phagnalon_purpurascens","Asteia_caesia",0,0.5,0.5,NA,FALSE,NA,NA,NA
"3316","Phagnalon_purpurascens","Attagenus_abbreviatus",0,0.5,0.5,NA,FALSE,NA,NA,NA
"3317","Phagnalon_purpurascens","Attalus_chrysanthemi",0,0.5,0.5,NA,FALSE,NA,NA,NA
"3318","Phagnalon_purpurascens","Attalus_olivensis",0,0.633758581642833,0.942563279057328,"diag↑ only",FALSE,0.942563279057328,"Single location",0.875553771290878
"3319","Phagnalon_purpurascens","Aulacoderus_canariensis",0,0.785426546060212,0.995734893083032,"both↑",FALSE,0.890580719571622,"Both approaches",0.762924892405181
"3320","Phagnalon_purpurascens","Blaesoxipha_sp_1",0,0.5,0.501890209336904,NA,FALSE,NA,NA,NA
"3321","Phagnalon_purpurascens","Campiglossa_martii",0,0.5,0.5,NA,FALSE,NA,NA,NA
"3322","Phagnalon_purpurascens","Camponotus_cfr_feae",0.142857142857143,NA,NA,NA,TRUE,NA,NA,NA
"3323","Phagnalon_purpurascens","Camponotus_feae",0,0.916666666544617,0.5,"offs↑ only",FALSE,0.916666666544617,"External location",0.819444444180003
"3324","Phagnalon_purpurascens","Cecidomyiidae_sp",0,0.5,0.5,NA,FALSE,NA,NA,NA
"3325","Phagnalon_purpurascens","Cephalodromia_sp",0,0.5,0.5,NA,FALSE,NA,NA,NA
"3326","Phagnalon_purpurascens","Chalicodoma_sicula",0,0.5,0.5,NA,FALSE,NA,NA,NA
"3327","Phagnalon_purpurascens","Chetogena_acuminata",0.142857142857143,NA,NA,NA,TRUE,NA,NA,NA
"3328","Phagnalon_purpurascens","Chloropidae_sp_1",0,0.5,0.5,NA,FALSE,NA,NA,NA
"3329","Phagnalon_purpurascens","Chloropidae_sp_2",0,0.5,0.5,NA,FALSE,NA,NA,NA
"3330","Phagnalon_purpurascens","Chrysomya_albiceps",0,0.64848974776821,0.513905139838114,NA,FALSE,NA,NA,NA
"3331","Phagnalon_purpurascens","Cryptocephalus_nubigena",0,0.5,0.5,NA,FALSE,NA,NA,NA
"3332","Phagnalon_purpurascens","Dasytes_lanzarotensis",0,0.5,0.5,NA,FALSE,NA,NA,NA
"3333","Phagnalon_purpurascens","Diglyphus_chabrias",0,0.5,0.5,NA,FALSE,NA,NA,NA
"3334","Phagnalon_purpurascens","Dischistus_atlanticus",0,0.503477510661217,NA,NA,FALSE,NA,NA,NA
"3335","Phagnalon_purpurascens","Eurytoma_sp_1",0,0.5,0.5,NA,FALSE,NA,NA,NA
"3336","Phagnalon_purpurascens","Eurytoma_sp_2",0,0.5,0.5,NA,FALSE,NA,NA,NA
"3337","Phagnalon_purpurascens","Geometridae_sp_2",0,0.5,NA,NA,FALSE,NA,NA,NA
"3338","Phagnalon_purpurascens","Goniozus_sp",0,0.5,NA,NA,FALSE,NA,NA,NA
"3339","Phagnalon_purpurascens","Lasioglossum_loetum",0,0.620761345513457,0.5,NA,FALSE,NA,NA,NA
"3340","Phagnalon_purpurascens","Leptochilus_fortunatus",0,0.5,0.5,NA,FALSE,NA,NA,NA
"3341","Phagnalon_purpurascens","Lucilia_sericata",0,0.796011622460192,0.908797519484037,"both↑",FALSE,0.852404570972114,"Both approaches",0.680209903772915
"3342","Phagnalon_purpurascens","Milichiidae_sp",0,0.5,0.5,NA,FALSE,NA,NA,NA
"3343","Phagnalon_purpurascens","Musca_osiris",0,0.5,0.5,NA,FALSE,NA,NA,NA
"3344","Phagnalon_purpurascens","Nyctia_lugubris",0,0.5,0.5,NA,FALSE,NA,NA,NA
"3345","Phagnalon_purpurascens","Oscinimorpha_sp",0,0.5,0.5,NA,FALSE,NA,NA,NA
"3346","Phagnalon_purpurascens","Paragus_tibialis",0,0.5,0.5,NA,FALSE,NA,NA,NA
"3347","Phagnalon_purpurascens","Phalacrus_coruscus",0,0.5,0.5,NA,FALSE,NA,NA,NA
"3348","Phagnalon_purpurascens","Phyto_nigrobarbata",0,0.5,0.5,NA,FALSE,NA,NA,NA
"3349","Phagnalon_purpurascens","Plagiolepis_schmitzii",0,0.985974007761333,NA,NA,FALSE,NA,NA,NA
"3350","Phagnalon_purpurascens","Platypalpus_sp_1",0,0.5,0.5,NA,FALSE,NA,NA,NA
"3351","Phagnalon_purpurascens","Proconura_sp_2",0,0.5,0.5,NA,FALSE,NA,NA,NA
"3352","Phagnalon_purpurascens","Pteromalus_sp_2",0,0.5,0.626235377844071,NA,FALSE,NA,NA,NA
"3353","Phagnalon_purpurascens","Sapromyza_sp",0,0.5,NA,NA,FALSE,NA,NA,NA
"3354","Phagnalon_purpurascens","Sarcophagidae_sp_4",0,0.501354469505231,0.533886797787573,NA,FALSE,NA,NA,NA
"3355","Phagnalon_purpurascens","Sarcophagidae_sp_5",0,0.716609934251117,0.904989383487638,"both↑",FALSE,0.810799658869378,"Both approaches",0.590065927550318
"3356","Phagnalon_purpurascens","Sarcophagidae_sp_6",0,0.5,0.5,NA,FALSE,NA,NA,NA
"3357","Phagnalon_purpurascens","Scaptomyza_sp_2",0,0.5,0.5,NA,FALSE,NA,NA,NA
"3358","Phagnalon_purpurascens","Sciaridae_sp",0,0.77902559646952,0.97753498265834,"both↑",FALSE,0.87828028956393,"Both approaches",0.736273960721848
"3359","Phagnalon_purpurascens","Tachyagetes_aemulans",0,0.5,0.5,NA,FALSE,NA,NA,NA
"3360","Phagnalon_purpurascens","Tethinidae_sp_3",0,0.5,0.5,NA,FALSE,NA,NA,NA
"3361","Phagnalon_purpurascens","Tetramesa_sp",0.142857142857143,NA,NA,NA,TRUE,NA,NA,NA
"3362","Phagnalon_purpurascens","Thysanoptera_sp_1",0,0.999989146072445,0.999999990575047,"both↑",FALSE,0.999994568323746,"Both approaches",0.999988231368116
"3363","Phagnalon_purpurascens","Thysanoptera_sp_2",0,0.88682315363046,0.766277388379513,"both↑",FALSE,0.826550271004987,"Both approaches",0.624192253844138
"3364","Phagnalon_purpurascens","Thysanoptera_sp_4",0,0.5,0.5,NA,FALSE,NA,NA,NA
"3365","Phagnalon_purpurascens","Urelliosoma_guimari",0,0.515151084688682,0.5,NA,FALSE,NA,NA,NA
"3366","Phagnalon_saxatile","Amegilla_quadrifasciata",0,0.593605245602723,NA,NA,FALSE,NA,NA,NA
"3367","Phagnalon_saxatile","Anaspis_cf_canariensis",0,0.670972734407322,0.778008425217488,"diag↑ only",FALSE,0.778008425217488,"Single location",0.51901825463789
"3368","Phagnalon_saxatile","Anthophora_alluaudi",0,0.735398090527506,0.750617735874788,"both↑",FALSE,0.743007913201147,"Both approaches",0.443183811935818
"3369","Phagnalon_saxatile","Anthophora_orotavae",0,0.504571164236489,0.712087263453557,"diag↑ only",FALSE,0.712087263453557,"Single location",0.37618907081604
"3370","Phagnalon_saxatile","Apis_mellifera",0.142857142857143,NA,NA,NA,TRUE,NA,NA,NA
"3371","Phagnalon_saxatile","Aprostocetus_occidentalis",0,0.793167020780899,0.92315368848916,"both↑",FALSE,0.858160354635029,"Both approaches",0.692680768375897
"3372","Phagnalon_saxatile","Araneidae_sp_1",0,0.519280299408617,0.670611566465405,NA,FALSE,NA,NA,NA
"3373","Phagnalon_saxatile","Araneidae_sp_2",0,0.527975671922963,NA,NA,FALSE,NA,NA,NA
"3374","Phagnalon_saxatile","Attalus_crispus",0,0.509921133043107,0.5,NA,FALSE,NA,NA,NA
"3375","Phagnalon_saxatile","Attalus_rugifrons",0,0.526285355238173,0.743088877928963,"diag↑ only",FALSE,0.743088877928963,"Single location",0.443359235512753
"3376","Phagnalon_saxatile","Blaesoxipha_sp_1",0,0.554588516716498,0.700476440326981,"diag↑ only",FALSE,0.700476440326981,"Single location",0.351032287375124
"3377","Phagnalon_saxatile","Bruchidius_wollastoni",0.142857142857143,NA,NA,NA,TRUE,NA,NA,NA
"3378","Phagnalon_saxatile","Campiglossa_reticulata",0,0.529605088207693,0.527781552529347,NA,FALSE,NA,NA,NA
"3379","Phagnalon_saxatile","Camponotus_feae",0.142857142857143,NA,NA,NA,TRUE,NA,NA,NA
"3380","Phagnalon_saxatile","Cecydomyiidae_sp",0,0.515650838433684,0.5,NA,FALSE,NA,NA,NA
"3381","Phagnalon_saxatile","Ceratogoponidae_sp",0,0.518009108925866,0.50846057070613,NA,FALSE,NA,NA,NA
"3382","Phagnalon_saxatile","Ceratogoponidae_sp_2",0,0.5,0.5,NA,FALSE,NA,NA,NA
"3383","Phagnalon_saxatile","Chalicodoma_canescens",0,0.511888957274109,0.633781531889647,NA,FALSE,NA,NA,NA
"3384","Phagnalon_saxatile","Chetogena_acuminata",0,0.530975857742895,0.737129577691942,"diag↑ only",FALSE,0.737129577691942,"Single location",0.430447418332541
"3385","Phagnalon_saxatile","Chironomidae_sp_1",0,0.540476165114415,0.5,NA,FALSE,NA,NA,NA
"3386","Phagnalon_saxatile","Chloropidae_sp_3",0,0.53972489098892,0.5,NA,FALSE,NA,NA,NA
"3387","Phagnalon_saxatile","Chloropidae_sp_4",0,0.51713539694476,0.5,NA,FALSE,NA,NA,NA
"3388","Phagnalon_saxatile","Chrysomya_albiceps",0,0.66462159809905,0.5,NA,FALSE,NA,NA,NA
"3389","Phagnalon_saxatile","Colias_croceus",0,0.5,0.5,NA,FALSE,NA,NA,NA
"3390","Phagnalon_saxatile","Colletes_dimidiatus",0,0.580979365850733,0.732351862335658,"diag↑ only",FALSE,0.732351862335658,"Single location",0.420095701727258
"3391","Phagnalon_saxatile","Cryptocephalus_nitidicollis",0,0.5,0.5,NA,FALSE,NA,NA,NA
"3392","Phagnalon_saxatile","Dasytes_subaenescens",0,0.586113058377747,0.581206191835252,NA,FALSE,NA,NA,NA
"3393","Phagnalon_saxatile","Delia_flavibasis",0,0.535001877997626,0.5,NA,FALSE,NA,NA,NA
"3394","Phagnalon_saxatile","Dilophus_hiemalis",0,0.5,0.5,NA,FALSE,NA,NA,NA
"3395","Phagnalon_saxatile","Empididae_sp_1",0,0.535756245873438,0.5,NA,FALSE,NA,NA,NA
"3396","Phagnalon_saxatile","Empis_sp_1",0,0.515442640699687,0.5,NA,FALSE,NA,NA,NA
"3397","Phagnalon_saxatile","Eristalinus_taeniops",0,0.51097679154994,NA,NA,FALSE,NA,NA,NA
"3398","Phagnalon_saxatile","Estheria_simonyi",0,0.695904458506555,0.781308551451453,"diag↑ only",FALSE,0.781308551451453,"Single location",0.526168528144814
"3399","Phagnalon_saxatile","Eucera_gracilipes",0,0.520298575712096,0.5,NA,FALSE,NA,NA,NA
"3400","Phagnalon_saxatile","Euderus_sp",0,0.51884912761629,0.5,NA,FALSE,NA,NA,NA
"3401","Phagnalon_saxatile","Eumerus_latitarsis",0,0.73880835491193,0.763114234719403,"both↑",FALSE,0.750961294815667,"Both approaches",0.460416138767277
"3402","Phagnalon_saxatile","Eupelmus_sp",0,0.505600515905276,0.622321576489952,NA,FALSE,NA,NA,NA
"3403","Phagnalon_saxatile","Eupelmus_testaceiventris",0,0.517666181587025,NA,NA,FALSE,NA,NA,NA
"3404","Phagnalon_saxatile","Eurytoma_sp_2",0.142857142857143,NA,NA,NA,TRUE,NA,NA,NA
"3405","Phagnalon_saxatile","Exetastes_segmentarius",0,0.510551980040835,0.607355600343653,NA,FALSE,NA,NA,NA
"3406","Phagnalon_saxatile","Halictus_fulvipes",0,0.53223103335393,0.667102141903741,NA,FALSE,NA,NA,NA
"3407","Phagnalon_saxatile","Lasioglossum_arctifrons",0,0.502652190996299,0.5,NA,FALSE,NA,NA,NA
"3408","Phagnalon_saxatile","Lasioglossum_loetum",0.142857142857143,NA,NA,NA,TRUE,NA,NA,NA
"3409","Phagnalon_saxatile","Lasioglossum_viride",0.142857142857143,NA,NA,NA,TRUE,NA,NA,NA
"3410","Phagnalon_saxatile","Linnaemyia_soror",0,0.521034936031334,0.5,NA,FALSE,NA,NA,NA
"3411","Phagnalon_saxatile","Lucilia_sericata",0.142857142857143,NA,NA,NA,TRUE,NA,NA,NA
"3412","Phagnalon_saxatile","Megachile_canariensis",0,0.502956173749607,0.5,NA,FALSE,NA,NA,NA
"3413","Phagnalon_saxatile","Megaselia_sp_1",0,0.55191447814021,0.769096371694902,"diag↑ only",FALSE,0.769096371694902,"Single location",0.499708805338954
"3414","Phagnalon_saxatile","Musca_domestica",0,0.634168904958964,NA,NA,FALSE,NA,NA,NA
"3415","Phagnalon_saxatile","Myathropa_florea",0,0.5408528215403,NA,NA,FALSE,NA,NA,NA
"3416","Phagnalon_saxatile","Mycetophilidae_sp_1",0,0.5,0.5,NA,FALSE,NA,NA,NA
"3417","Phagnalon_saxatile","Myopites_nigrescens",0.285714285714286,NA,NA,NA,TRUE,NA,NA,NA
"3418","Phagnalon_saxatile","Neodryophilus_cryptophagoides",0,0.5,0.5,NA,FALSE,NA,NA,NA
"3419","Phagnalon_saxatile","Nyctia_lugubris",0,0.519893605451647,0.723335396117628,"diag↑ only",FALSE,0.723335396117628,"Single location",0.400560024921527
"3420","Phagnalon_saxatile","Osmia_canaria",0,0.5,0.5,NA,FALSE,NA,NA,NA
"3421","Phagnalon_saxatile","Osmia_latreillei",0,0.513135266763177,0.527781552529347,NA,FALSE,NA,NA,NA
"3422","Phagnalon_saxatile","Oxyopes_kraepelinorum",0,0.56176143734342,0.690629243600277,NA,FALSE,NA,NA,NA
"3423","Phagnalon_saxatile","Paratrechina_longicornis",0,0.556187515585727,0.739590894807443,"diag↑ only",FALSE,0.739590894807443,"Single location",0.435780272082793
"3424","Phagnalon_saxatile","Perilampus_sp_1",0,0.516972011483112,0.5,NA,FALSE,NA,NA,NA
"3425","Phagnalon_saxatile","Perilampus_sp_2",0,0.506473313686886,0.5,NA,FALSE,NA,NA,NA
"3426","Phagnalon_saxatile","Phalacrus_coruscus",0.142857142857143,NA,NA,NA,TRUE,NA,NA,NA
"3427","Phagnalon_saxatile","Phthiria_simonyi",0,0.50656022037872,0.5,NA,FALSE,NA,NA,NA
"3428","Phagnalon_saxatile","Pieris_rapae",0,0.546909885792518,0.752215918602086,"diag↑ only",FALSE,0.752215918602086,"Single location",0.46313449030452
"3429","Phagnalon_saxatile","Plagiolepis_schmitzii",0.142857142857143,NA,NA,NA,TRUE,NA,NA,NA
"3430","Phagnalon_saxatile","Platypalpus_sp_1",0,0.529681003763725,NA,NA,FALSE,NA,NA,NA
"3431","Phagnalon_saxatile","Pteromalus_sp_3",0,0.517501323383076,0.5,NA,FALSE,NA,NA,NA
"3432","Phagnalon_saxatile","Rondania_insularis",0,0.519152499488934,0.5,NA,FALSE,NA,NA,NA
"3433","Phagnalon_saxatile","Sarcophagidae_sp_3",0,0.5,0.5,NA,FALSE,NA,NA,NA
"3434","Phagnalon_saxatile","Sarcophagidae_sp_5",0,0.621129872183415,0.666684560780458,NA,FALSE,NA,NA,NA
"3435","Phagnalon_saxatile","Sarcophagidae_sp_8",0,0.552732932487457,0.715758470844886,"diag↑ only",FALSE,0.715758470844886,"Single location",0.384143353497252
"3436","Phagnalon_saxatile","Scaeva_albomaculata",0,0.529592764422685,0.5,NA,FALSE,NA,NA,NA
"3437","Phagnalon_saxatile","Sciaridae_sp",0,0.699466738864246,0.5,NA,FALSE,NA,NA,NA
"3438","Phagnalon_saxatile","Sciaridae_sp_1",0,0.54012929015155,0.613600742356255,NA,FALSE,NA,NA,NA
"3439","Phagnalon_saxatile","Scymnus_canariensis",0,0.530434797497892,0.6624366634382,NA,FALSE,NA,NA,NA
"3440","Phagnalon_saxatile","Spathulina_sicula",0.142857142857143,NA,NA,NA,TRUE,NA,NA,NA
"3441","Phagnalon_saxatile","Syritta_pipiens",0,0.53896746372005,0.5,NA,FALSE,NA,NA,NA
"3442","Phagnalon_saxatile","Tachina_canariensis",0,0.636081832067018,0.733571936428095,"diag↑ only",FALSE,0.733571936428095,"Single location",0.422739195594205
"3443","Phagnalon_saxatile","Thaumatomyia_notata",0,0.524228295272172,0.5,NA,FALSE,NA,NA,NA
"3444","Phagnalon_saxatile","Thomisus_cf_globosum",0,0.542860832653274,NA,NA,FALSE,NA,NA,NA
"3445","Phagnalon_saxatile","Thomisus_cf_onustus",0,0.518485520619529,0.5,NA,FALSE,NA,NA,NA
"3446","Phagnalon_saxatile","Thyridanthrax_indigenus",0.142857142857143,NA,NA,NA,TRUE,NA,NA,NA
"3447","Phagnalon_saxatile","Thysanoptera_sp_1",0,0.911466800551408,0.832668831062605,"both↑",FALSE,0.872067815807007,"Both approaches",0.722813600915181
"3448","Phagnalon_saxatile","Thysanoptera_sp_2",0.285714285714286,NA,NA,NA,TRUE,NA,NA,NA
"3449","Phagnalon_saxatile","Trupanea_augur",0.142857142857143,NA,NA,NA,TRUE,NA,NA,NA
"3450","Phagnalon_saxatile","Urelliosoma_guimari",0,0.535778820111245,0.617725092512203,NA,FALSE,NA,NA,NA
"3451","Phagnalon_saxatile","Villa_nigriceps",0,0.5,0.5,NA,FALSE,NA,NA,NA
"3452","Plocama_pendula","Agromyzidae_sp_1",0,0.502653480676371,0.5,NA,FALSE,NA,NA,NA
"3453","Plocama_pendula","Alliophleps_elliptica",0,0.5,0.5,NA,FALSE,NA,NA,NA
"3454","Plocama_pendula","Amegilla_quadrifasciata",0,0.531568298258594,0.503851542417548,NA,FALSE,NA,NA,NA
"3455","Plocama_pendula","Ammophila_terminata",0,0.5,0.5,NA,FALSE,NA,NA,NA
"3456","Plocama_pendula","Anaspis_cf_canariensis",0,0.52136095644801,0.5,NA,FALSE,NA,NA,NA
"3457","Plocama_pendula","Anaspis_proteus",0,0.907355205775703,0.923992494982744,"both↑",FALSE,0.915673850379224,"Both approaches",0.817293342488318
"3458","Plocama_pendula","Andrena_vulcana",0,0.542840377024118,0.61549580996547,NA,FALSE,NA,NA,NA
"3459","Plocama_pendula","Andrena_wollastoni",0,0.5,0.5,NA,FALSE,NA,NA,NA
"3460","Plocama_pendula","Anthophora_alluaudi",0,0.698921801866884,0.58825493066597,NA,FALSE,NA,NA,NA
"3461","Plocama_pendula","Anthophora_orotavae",0,0.500253411768028,0.5,NA,FALSE,NA,NA,NA
"3462","Plocama_pendula","Apis_mellifera",0.428571428571429,NA,NA,NA,TRUE,NA,NA,NA
"3463","Plocama_pendula","Aprostocetus_occidentalis",0,0.583445937573338,0.586603681396978,NA,FALSE,NA,NA,NA
"3464","Plocama_pendula","Aprostocetus_sp_2",0,0.5,0.5,NA,FALSE,NA,NA,NA
"3465","Plocama_pendula","Araneidae_sp_1",0,0.5,0.5,NA,FALSE,NA,NA,NA
"3466","Plocama_pendula","Araneidae_sp_2",0,0.5,0.5,NA,FALSE,NA,NA,NA
"3467","Plocama_pendula","Atherigona_varia",0,0.502004866386976,0.503706786791367,NA,FALSE,NA,NA,NA
"3468","Plocama_pendula","Attagenus_wollastoni",0,0.508362204966473,0.5,NA,FALSE,NA,NA,NA
"3469","Plocama_pendula","Attalus_obscurus",0.142857142857143,NA,NA,NA,TRUE,NA,NA,NA
"3470","Plocama_pendula","Attalus_ruficollis",0,0.5,NA,NA,FALSE,NA,NA,NA
"3471","Plocama_pendula","Attalus_rugifrons",0,0.5,0.5,NA,FALSE,NA,NA,NA
"3472","Plocama_pendula","Blaesoxipha_sp_1",0,0.5,0.5,NA,FALSE,NA,NA,NA
"3473","Plocama_pendula","Bombylius_pintuarius",0,0.5,0.5,NA,FALSE,NA,NA,NA
"3474","Plocama_pendula","Bracon_sp",0,0.5,0.5,NA,FALSE,NA,NA,NA
"3475","Plocama_pendula","Bruchidius_wollastoni",0,0.541228408030241,0.533129534929202,NA,FALSE,NA,NA,NA
"3476","Plocama_pendula","Campiglossa_reticulata",0,0.5,0.5,NA,FALSE,NA,NA,NA
"3477","Plocama_pendula","Camponotus_feae",0.285714285714286,NA,NA,NA,TRUE,NA,NA,NA
"3478","Plocama_pendula","Cephalodromia_sp",0,0.5,0.5,NA,FALSE,NA,NA,NA
"3479","Plocama_pendula","Chalicodoma_canescens",0,0.5,0.5,NA,FALSE,NA,NA,NA
"3480","Plocama_pendula","Chetogena_acuminata",0,0.500383341074758,0.5,NA,FALSE,NA,NA,NA
"3481","Plocama_pendula","Chloropidae_sp_2",0,0.503418123731617,0.520419210089571,NA,FALSE,NA,NA,NA
"3482","Plocama_pendula","Chloropidae_sp_4",0,0.5,0.5,NA,FALSE,NA,NA,NA
"3483","Plocama_pendula","Chloropidae_sp_5",0,0.5,0.5,NA,FALSE,NA,NA,NA
"3484","Plocama_pendula","Chloropidae_sp_6",0,0.5,0.5,NA,FALSE,NA,NA,NA
"3485","Plocama_pendula","Chrysomya_albiceps",0,0.741307261537606,0.974538258954855,"both↑",FALSE,0.857922760246231,"Both approaches",0.6921659805335
"3486","Plocama_pendula","Coccinella_miranda",0,0.5,0.538959656344904,NA,FALSE,NA,NA,NA
"3487","Plocama_pendula","Colletes_dimidiatus",0.142857142857143,NA,NA,NA,TRUE,NA,NA,NA
"3488","Plocama_pendula","Curculionidae_sp",0,0.5,0.5,NA,FALSE,NA,NA,NA
"3489","Plocama_pendula","Dasytes_subaenescens",0,0.528474830025991,0.5,NA,FALSE,NA,NA,NA
"3490","Plocama_pendula","Dinarmoides_spilopterus",0.142857142857143,NA,NA,NA,TRUE,NA,NA,NA
"3491","Plocama_pendula","Empididae_sp_1",0,0.506733012805754,0.5,NA,FALSE,NA,NA,NA
"3492","Plocama_pendula","Eristalinus_aeneus",0,0.5,0.5,NA,FALSE,NA,NA,NA
"3493","Plocama_pendula","Eristalinus_taeniops",0,0.504006151524149,0.5,NA,FALSE,NA,NA,NA
"3494","Plocama_pendula","Eristalis_tenax",0,0.5,NA,NA,FALSE,NA,NA,NA
"3495","Plocama_pendula","Estheria_simonyi",0,0.57782856768274,0.5,NA,FALSE,NA,NA,NA
"3496","Plocama_pendula","Eucera_gracilipes",0,0.526220971023153,0.5,NA,FALSE,NA,NA,NA
"3497","Plocama_pendula","Euderus_sp",0,0.5,NA,NA,FALSE,NA,NA,NA
"3498","Plocama_pendula","Eumerus_latitarsis",0,0.837049138725332,0.990808982605994,"both↑",FALSE,0.913929060665663,"Both approaches",0.813512964775604
"3499","Plocama_pendula","Eupelmus_sp",0,0.5,0.5,NA,FALSE,NA,NA,NA
"3500","Plocama_pendula","Eupelmus_testaceiventris",0,0.5,0.5,NA,FALSE,NA,NA,NA
"3501","Plocama_pendula","Eurytoma_sp_1",0,0.5,0.5,NA,FALSE,NA,NA,NA
"3502","Plocama_pendula","Eurytoma_sp_2",0,0.5,0.5,NA,FALSE,NA,NA,NA
"3503","Plocama_pendula","Exetastes_segmentarius",0,0.5,0.5,NA,FALSE,NA,NA,NA
"3504","Plocama_pendula","Exhyalanthrax_canarionae",0,0.5,0.533922008163792,NA,FALSE,NA,NA,NA
"3505","Plocama_pendula","Fannia_sp",0,0.5,NA,NA,FALSE,NA,NA,NA
"3506","Plocama_pendula","Gasteruption_sp",0,0.5,0.5,NA,FALSE,NA,NA,NA
"3507","Plocama_pendula","Gnaphosidae_sp_1",0,0.5,0.5,NA,FALSE,NA,NA,NA
"3508","Plocama_pendula","Halictus_fulvipes",0,0.5,NA,NA,FALSE,NA,NA,NA
"3509","Plocama_pendula","Holepyris_sp",0,0.5,0.5,NA,FALSE,NA,NA,NA
"3510","Plocama_pendula","Hylaeus_hohmanni",0,0.520854515035837,0.630712658261476,NA,FALSE,NA,NA,NA
"3511","Plocama_pendula","Lasioglossum_loetum",0.142857142857143,NA,NA,NA,TRUE,NA,NA,NA
"3512","Plocama_pendula","Lasioglossum_viride",0.285714285714286,NA,NA,NA,TRUE,NA,NA,NA
"3513","Plocama_pendula","Leptochilus_eatoni",0,0.5,0.5,NA,FALSE,NA,NA,NA
"3514","Plocama_pendula","Lucilia_sericata",0,0.803503366815389,0.535837994573373,"offs↑ only",FALSE,0.803503366815389,"External location",0.574257294766675
"3515","Plocama_pendula","Macrocoma_splendens",0,0.5,NA,NA,FALSE,NA,NA,NA
"3516","Plocama_pendula","Macroglossum_stellatarum",0,0.500067834842889,0.5,NA,FALSE,NA,NA,NA
"3517","Plocama_pendula","Megachile_canariensis",0,0.5,0.5,NA,FALSE,NA,NA,NA
"3518","Plocama_pendula","Megaselia_sp_1",0,0.5,0.5,NA,FALSE,NA,NA,NA
"3519","Plocama_pendula","Melecta_curvispina",0,0.5,0.5,NA,FALSE,NA,NA,NA
"3520","Plocama_pendula","Meligethes_cf_canariensis",0,0.5,0.5,NA,FALSE,NA,NA,NA
"3521","Plocama_pendula","Monomorium_subopacum",0,0.5,0.5,NA,FALSE,NA,NA,NA
"3522","Plocama_pendula","Mordellistena_cf_canariensis",0,0.5,NA,NA,FALSE,NA,NA,NA
"3523","Plocama_pendula","Musca_domestica",0,0.62898309392918,0.683283848466647,NA,FALSE,NA,NA,NA
"3524","Plocama_pendula","Myopites_nigrescens",0,0.752752040341239,0.5,"offs↑ only",FALSE,0.752752040341239,"External location",0.464296087406018
"3525","Plocama_pendula","Nomioides_fortunatus",0,0.5,0.5,NA,FALSE,NA,NA,NA
"3526","Plocama_pendula","Nyctia_lugubris",0,0.5,0.5,NA,FALSE,NA,NA,NA
"3527","Plocama_pendula","Oscinella_sp_1",0.142857142857143,NA,NA,NA,TRUE,NA,NA,NA
"3528","Plocama_pendula","Oscinella_sp_2",0,0.5,0.5,NA,FALSE,NA,NA,NA
"3529","Plocama_pendula","Osmia_canaria",0,0.5,0.5,NA,FALSE,NA,NA,NA
"3530","Plocama_pendula","Osmia_latreillei",0,0.501700937287145,0.5,NA,FALSE,NA,NA,NA
"3531","Plocama_pendula","Oxyopes_cf_kraepelinorum",0,0.5,0.5,NA,FALSE,NA,NA,NA
"3532","Plocama_pendula","Oxyopes_kraepelinorum",0,0.5,0.5,NA,FALSE,NA,NA,NA
"3533","Plocama_pendula","Paratrechina_longicornis",0,0.502685788658628,0.5,NA,FALSE,NA,NA,NA
"3534","Plocama_pendula","Phthiria_simonyi",0.142857142857143,NA,NA,NA,TRUE,NA,NA,NA
"3535","Plocama_pendula","Physiphora_alceae",0,0.5,0.5,NA,FALSE,NA,NA,NA
"3536","Plocama_pendula","Phyto_discrepans",0,0.500518206302204,0.5,NA,FALSE,NA,NA,NA
"3537","Plocama_pendula","Pieris_rapae",0,0.503688658563778,0.5,NA,FALSE,NA,NA,NA
"3538","Plocama_pendula","Plagiolepis_schmitzii",0,0.862153900624036,0.74988202405932,"both↑",FALSE,0.806017962341678,"Both approaches",0.579705585073635
"3539","Plocama_pendula","Plagiolepis_sp_2",0,0.720580660646229,0.687328246149766,"offs↑ only",FALSE,0.720580660646229,"External location",0.394591431400162
"3540","Plocama_pendula","Platypalpus_sp",0,0.5,0.5,NA,FALSE,NA,NA,NA
"3541","Plocama_pendula","Platypalpus_sp_1",0,0.5,0.5,NA,FALSE,NA,NA,NA
"3542","Plocama_pendula","Platypalpus_sp_2",0,0.5,0.5,NA,FALSE,NA,NA,NA
"3543","Plocama_pendula","Pteromalus_sp_3",0,0.5,0.5,NA,FALSE,NA,NA,NA
"3544","Plocama_pendula","Pteromalus_sp_4",0,0.5,0.5,NA,FALSE,NA,NA,NA
"3545","Plocama_pendula","Sarcophagidae_sp_5",0,0.559782386171754,0.517210071271536,NA,FALSE,NA,NA,NA
"3546","Plocama_pendula","Sarcophagidae_sp_8",0,0.551732086717368,0.643680199173112,NA,FALSE,NA,NA,NA
"3547","Plocama_pendula","Scaeva_albomaculata",0,0.50106191396672,0.5,NA,FALSE,NA,NA,NA
"3548","Plocama_pendula","Scenopinus_sp",0,0.5,0.5,NA,FALSE,NA,NA,NA
"3549","Plocama_pendula","Sciaridae_sp_1",0,0.512173706775043,0.5,NA,FALSE,NA,NA,NA
"3550","Plocama_pendula","Scymnus_canariensis",0,0.5,NA,NA,FALSE,NA,NA,NA
"3551","Plocama_pendula","Sepsis_sp",0,0.502291061977479,0.531057098238163,NA,FALSE,NA,NA,NA
"3552","Plocama_pendula","Sibinia_sericea",0,0.5,0.5,NA,FALSE,NA,NA,NA
"3553","Plocama_pendula","Sphaeniscus_filiolus",0,0.5,0.5,NA,FALSE,NA,NA,NA
"3554","Plocama_pendula","Stenoselma_sp",0,0.5,0.502457381013232,NA,FALSE,NA,NA,NA
"3555","Plocama_pendula","Stomorhina_lunata",0,0.5,0.5,NA,FALSE,NA,NA,NA
"3556","Plocama_pendula","Synthesomyia_nudiseta",0,0.50138179045165,0.5,NA,FALSE,NA,NA,NA
"3557","Plocama_pendula","Syritta_pipiens",0,0.506228370001609,0.5,NA,FALSE,NA,NA,NA
"3558","Plocama_pendula","Tachina_canariensis",0.142857142857143,NA,NA,NA,TRUE,NA,NA,NA
"3559","Plocama_pendula","Themnothorax_hesperius",0.142857142857143,NA,NA,NA,TRUE,NA,NA,NA
"3560","Plocama_pendula","Themnothorax_risii",0,0.5,0.5,NA,FALSE,NA,NA,NA
"3561","Plocama_pendula","Thomisus_cf_globosum",0,0.5,0.5,NA,FALSE,NA,NA,NA
"3562","Plocama_pendula","Thomisus_cf_onustus",0.142857142857143,NA,NA,NA,TRUE,NA,NA,NA
"3563","Plocama_pendula","Thyridanthrax_indigenus",0,0.849049974372266,0.97220369719367,"both↑",FALSE,0.910626835782968,"Both approaches",0.806358144196431
"3564","Plocama_pendula","Thysanoptera_sp_1",0,0.982443691324963,0.980830850716045,"both↑",FALSE,0.981637271020504,"Both approaches",0.960214087211093
"3565","Plocama_pendula","Thysanoptera_sp_2",0,0.955398466961655,0.970185574935027,"both↑",FALSE,0.962792020948341,"Both approaches",0.919382712054739
"3566","Plocama_pendula","Thysanoptera_sp_3",0,0.501816841587524,0.5,NA,FALSE,NA,NA,NA
"3567","Plocama_pendula","Torymoides_lindbergi",0,0.502487346420193,0.5,NA,FALSE,NA,NA,NA
"3568","Plocama_pendula","Trixoscelis_sp",0,0.5,0.5,NA,FALSE,NA,NA,NA
"3569","Plocama_pendula","Tropinota_squalida",0,0.5,0.516623480446666,NA,FALSE,NA,NA,NA
"3570","Plocama_pendula","Trupanea_augur",0,0.5,0.5,NA,FALSE,NA,NA,NA
"3571","Plocama_pendula","Urelliosoma_guimari",0,0.517255064470406,0.502524474733212,NA,FALSE,NA,NA,NA
"3572","Rubia_fruticosa","Agromyzidae_sp_1",0,0.543621486494566,0.5,NA,FALSE,NA,NA,NA
"3573","Rubia_fruticosa","Agromyzidae_sp_2",0,0.514831290321293,0.5,NA,FALSE,NA,NA,NA
"3574","Rubia_fruticosa","Alliophleps_elliptica",0,0.522432995868039,NA,NA,FALSE,NA,NA,NA
"3575","Rubia_fruticosa","Amegilla_canifrons",0,0.518879942189294,0.5,NA,FALSE,NA,NA,NA
"3576","Rubia_fruticosa","Amegilla_quadrifasciata",0,0.56181371681448,0.673957960446222,NA,FALSE,NA,NA,NA
"3577","Rubia_fruticosa","Anaspis_cf_canariensis",0,0.569904460251154,0.568179155563814,NA,FALSE,NA,NA,NA
"3578","Rubia_fruticosa","Anaspis_proteus",0.285714285714286,NA,NA,NA,TRUE,NA,NA,NA
"3579","Rubia_fruticosa","Andrena_vulcana",0,0.703612011321166,NA,NA,FALSE,NA,NA,NA
"3580","Rubia_fruticosa","Andrena_wollastoni",0,0.542768821693078,0.731903925052264,"diag↑ only",FALSE,0.731903925052264,"Single location",0.419125170946572
"3581","Rubia_fruticosa","Anthophora_alluaudi",0,0.782174630757153,0.692286394493933,"offs↑ only",FALSE,0.782174630757153,"External location",0.528045033307165
"3582","Rubia_fruticosa","Anthophora_orotavae",0,0.537684309006687,0.519582087322733,NA,FALSE,NA,NA,NA
"3583","Rubia_fruticosa","Apis_mellifera",0,0.651641595987749,0.584255449538028,NA,FALSE,NA,NA,NA
"3584","Rubia_fruticosa","Aprostocetus_occidentalis",0.142857142857143,NA,NA,NA,TRUE,NA,NA,NA
"3585","Rubia_fruticosa","Araneidae_sp_1",0,0.544343927856181,0.5,NA,FALSE,NA,NA,NA
"3586","Rubia_fruticosa","Araneidae_sp_2",0.142857142857143,NA,NA,NA,TRUE,NA,NA,NA
"3587","Rubia_fruticosa","Atherigona_varia",0,0.520690285820777,0.52925473055805,NA,FALSE,NA,NA,NA
"3588","Rubia_fruticosa","Attagenus_wollastoni",0,0.592537165698662,0.634530412380605,NA,FALSE,NA,NA,NA
"3589","Rubia_fruticosa","Attalus_crispus",0,0.5,0.5,NA,FALSE,NA,NA,NA
"3590","Rubia_fruticosa","Attalus_obscurus",0.142857142857143,NA,NA,NA,TRUE,NA,NA,NA
"3591","Rubia_fruticosa","Attalus_pallipes",0.142857142857143,NA,NA,NA,TRUE,NA,NA,NA
"3592","Rubia_fruticosa","Attalus_rugifrons",0,0.518161452728033,NA,NA,FALSE,NA,NA,NA
"3593","Rubia_fruticosa","Aulacoderus_canariensis",0,0.58023083112918,0.5,NA,FALSE,NA,NA,NA
"3594","Rubia_fruticosa","Bassus_sp",0,0.526240268487594,0.5,NA,FALSE,NA,NA,NA
"3595","Rubia_fruticosa","Blaesoxipha_sp_1",0,0.528359700527879,0.5,NA,FALSE,NA,NA,NA
"3596","Rubia_fruticosa","Bombylius_pintuarius",0,0.526608165690808,0.568699810739401,NA,FALSE,NA,NA,NA
"3597","Rubia_fruticosa","Bracon_sp",0,0.5,0.5,NA,FALSE,NA,NA,NA
"3598","Rubia_fruticosa","Bruchidius_wollastoni",0,0.622380462662312,0.715839318536762,"diag↑ only",FALSE,0.715839318536762,"Single location",0.384318523496317
"3599","Rubia_fruticosa","Campiglossa_reticulata",0,0.520506274887115,0.5,NA,FALSE,NA,NA,NA
"3600","Rubia_fruticosa","Camponotus_feae",0.571428571428571,NA,NA,NA,TRUE,NA,NA,NA
"3601","Rubia_fruticosa","Cecydomyiidae_sp",0,0.519942286044478,0.5,NA,FALSE,NA,NA,NA
"3602","Rubia_fruticosa","Cephalodromia_sp",0,0.583012324153195,0.589002665381444,NA,FALSE,NA,NA,NA
"3603","Rubia_fruticosa","Ceratogoponidae_sp",0,0.511793451320894,0.5,NA,FALSE,NA,NA,NA
"3604","Rubia_fruticosa","Ceratogoponidae_sp_2",0,0.508687230150874,0.5,NA,FALSE,NA,NA,NA
"3605","Rubia_fruticosa","Chalicodoma_canescens",0,0.5,0.5,NA,FALSE,NA,NA,NA
"3606","Rubia_fruticosa","Chetogena_acuminata",0,0.528931233924126,0.522614664509261,NA,FALSE,NA,NA,NA
"3607","Rubia_fruticosa","Chironomidae_sp",0,0.5262502924377,0.5,NA,FALSE,NA,NA,NA
"3608","Rubia_fruticosa","Chironomidae_sp_1",0,0.51371325674315,0.5,NA,FALSE,NA,NA,NA
"3609","Rubia_fruticosa","Chloropidae_sp",0,0.516839227549377,0.5,NA,FALSE,NA,NA,NA
"3610","Rubia_fruticosa","Chloropidae_sp_2",0,0.555589423392052,0.589163302094318,NA,FALSE,NA,NA,NA
"3611","Rubia_fruticosa","Chloropidae_sp_3",0,0.52829801182508,0.5,NA,FALSE,NA,NA,NA
"3612","Rubia_fruticosa","Chloropidae_sp_4",0,0.517617154819217,0.5,NA,FALSE,NA,NA,NA
"3613","Rubia_fruticosa","Chloropidae_sp_5",0,0.507178615104141,0.5,NA,FALSE,NA,NA,NA
"3614","Rubia_fruticosa","Chrysomya_albiceps",0,0.690867008692295,0.639515733573528,NA,FALSE,NA,NA,NA
"3615","Rubia_fruticosa","Coccinella_miranda",0.142857142857143,NA,NA,NA,TRUE,NA,NA,NA
"3616","Rubia_fruticosa","Colias_croceus",0,0.512392486725735,0.5,NA,FALSE,NA,NA,NA
"3617","Rubia_fruticosa","Colletes_dimidiatus",0,0.669505146473159,NA,NA,FALSE,NA,NA,NA
"3618","Rubia_fruticosa","Crematogaster_alluaudi",0,0.528911403793426,0.5,NA,FALSE,NA,NA,NA
"3619","Rubia_fruticosa","Cryptocephalus_gounellei",0,0.508906873122128,0.5,NA,FALSE,NA,NA,NA
"3620","Rubia_fruticosa","Cryptocephalus_nitidicollis",0,0.544201377434502,0.5,NA,FALSE,NA,NA,NA
"3621","Rubia_fruticosa","Curculionidae_sp",0,0.514599130814033,0.785177662617648,"diag↑ only",FALSE,0.785177662617648,"Single location",0.534551602338237
"3622","Rubia_fruticosa","Dasytes_cf_subaenescens",0,0.502258271924044,0.5,NA,FALSE,NA,NA,NA
"3623","Rubia_fruticosa","Dasytes_subaenescens",0,0.645971345282636,0.5,NA,FALSE,NA,NA,NA
"3624","Rubia_fruticosa","Delia_flavibasis",0,0.5,NA,NA,FALSE,NA,NA,NA
"3625","Rubia_fruticosa","Dilophus_hiemalis",0,0.501993880194328,0.5,NA,FALSE,NA,NA,NA
"3626","Rubia_fruticosa","Dinarmoides_spilopterus",0,0.544212770211476,NA,NA,FALSE,NA,NA,NA
"3627","Rubia_fruticosa","Elasmus_platyedrae",0,0.5,0.5,NA,FALSE,NA,NA,NA
"3628","Rubia_fruticosa","Empididae_sp_1",0,0.525790529880174,0.5,NA,FALSE,NA,NA,NA
"3629","Rubia_fruticosa","Empis_sp_1",0,0.528721254776214,NA,NA,FALSE,NA,NA,NA
"3630","Rubia_fruticosa","Eristalinus_aeneus",0,0.513651727020636,0.5,NA,FALSE,NA,NA,NA
"3631","Rubia_fruticosa","Eristalinus_taeniops",0,0.536092656614533,0.502847396088939,NA,FALSE,NA,NA,NA
"3632","Rubia_fruticosa","Eristalis_tenax",0,0.529579738429389,NA,NA,FALSE,NA,NA,NA
"3633","Rubia_fruticosa","Estheria_simonyi",0.142857142857143,NA,NA,NA,TRUE,NA,NA,NA
"3634","Rubia_fruticosa","Eucera_gracilipes",0,0.553772601720258,0.581589311766803,NA,FALSE,NA,NA,NA
"3635","Rubia_fruticosa","Euderus_sp",0,0.521964879408623,0.5,NA,FALSE,NA,NA,NA
"3636","Rubia_fruticosa","Eumerus_latitarsis",0,0.719474598787399,0.726115837314884,"both↑",FALSE,0.722795218051141,"Both approaches",0.399389639110806
"3637","Rubia_fruticosa","Eumerus_nivariae",0,0.519647131648542,0.5,NA,FALSE,NA,NA,NA
"3638","Rubia_fruticosa","Eupelmus_sp",0.142857142857143,NA,NA,NA,TRUE,NA,NA,NA
"3639","Rubia_fruticosa","Eupelmus_testaceiventris",0,0.515515309668447,0.5,NA,FALSE,NA,NA,NA
"3640","Rubia_fruticosa","Eurytoma_sp_2",0,0.525475663644195,0.5,NA,FALSE,NA,NA,NA
"3641","Rubia_fruticosa","Exetastes_segmentarius",0,0.5,0.5,NA,FALSE,NA,NA,NA
"3642","Rubia_fruticosa","Exhyalanthrax_canarionae",0,0.52306104665721,0.689580587977361,NA,FALSE,NA,NA,NA
"3643","Rubia_fruticosa","Gasteruption_sp",0,0.505653077290255,0.5,NA,FALSE,NA,NA,NA
"3644","Rubia_fruticosa","Geometridae_sp",0,0.5,0.5,NA,FALSE,NA,NA,NA
"3645","Rubia_fruticosa","Halictus_fulvipes",0,0.5,0.5,NA,FALSE,NA,NA,NA
"3646","Rubia_fruticosa","Hylaeus_ater",0,0.5,0.5,NA,FALSE,NA,NA,NA
"3647","Rubia_fruticosa","Hylaeus_hohmanni",0,0.66068208599742,0.795775518731225,"diag↑ only",FALSE,0.795775518731225,"Single location",0.557513623917655
"3648","Rubia_fruticosa","Lasioglossum_arctifrons",0,0.5,0.5,NA,FALSE,NA,NA,NA
"3649","Rubia_fruticosa","Lasioglossum_loetum",0.142857142857143,NA,NA,NA,TRUE,NA,NA,NA
"3650","Rubia_fruticosa","Lasioglossum_viride",0,0.927206049780803,0.922505975449612,"both↑",FALSE,0.924856012615207,"Both approaches",0.83718802733295
"3651","Rubia_fruticosa","Leptochilus_cruentatus",0,0.635959507455957,0.582803875181786,NA,FALSE,NA,NA,NA
"3652","Rubia_fruticosa","Leptochilus_eatoni",0,0.508449540648692,NA,NA,FALSE,NA,NA,NA
"3653","Rubia_fruticosa","Linnaemyia_soror",0,0.506790173974315,0.5,NA,FALSE,NA,NA,NA
"3654","Rubia_fruticosa","Lucilia_sericata",0.142857142857143,NA,NA,NA,TRUE,NA,NA,NA
"3655","Rubia_fruticosa","Macroglossum_stellatarum",0.142857142857143,NA,NA,NA,TRUE,NA,NA,NA
"3656","Rubia_fruticosa","Malthinus_mutabilis",0.142857142857143,NA,NA,NA,TRUE,NA,NA,NA
"3657","Rubia_fruticosa","Megachile_canariensis",0,0.504258949133528,0.5,NA,FALSE,NA,NA,NA
"3658","Rubia_fruticosa","Megaselia_sp_1",0,0.529930497307862,0.5,NA,FALSE,NA,NA,NA
"3659","Rubia_fruticosa","Megaselia_sp_2",0,0.540895934205649,NA,NA,FALSE,NA,NA,NA
"3660","Rubia_fruticosa","Melecta_curvispina",0,0.519463893443194,0.602832316483622,NA,FALSE,NA,NA,NA
"3661","Rubia_fruticosa","Meligethes_canariensis",0,0.875232841511197,0.773224171533926,"both↑",FALSE,0.824228506522561,"Both approaches",0.619161764132216
"3662","Rubia_fruticosa","Minotetrastichus_sp",0,0.502461007501743,0.5,NA,FALSE,NA,NA,NA
"3663","Rubia_fruticosa","Musca_domestica",0.142857142857143,NA,NA,NA,TRUE,NA,NA,NA
"3664","Rubia_fruticosa","Myathropa_florea",0.142857142857143,NA,NA,NA,TRUE,NA,NA,NA
"3665","Rubia_fruticosa","Mycetophilidae_sp_1",0,0.522393157808416,0.5,NA,FALSE,NA,NA,NA
"3666","Rubia_fruticosa","Myopites_nigrescens",0,0.71423974757093,0.536621430203693,"offs↑ only",FALSE,0.71423974757093,"External location",0.380852786403682
"3667","Rubia_fruticosa","Neodryophilus_cryptophagoides",0,0.511007626811052,0.5,NA,FALSE,NA,NA,NA
"3668","Rubia_fruticosa","Nyctia_lugubris",0.142857142857143,NA,NA,NA,TRUE,NA,NA,NA
"3669","Rubia_fruticosa","Oscinella_sp_1",0.142857142857143,NA,NA,NA,TRUE,NA,NA,NA
"3670","Rubia_fruticosa","Osmia_canaria",0,0.530528858642918,0.5,NA,FALSE,NA,NA,NA
"3671","Rubia_fruticosa","Osmia_latreillei",0,0.517304329396128,0.562811997356659,NA,FALSE,NA,NA,NA
"3672","Rubia_fruticosa","Oxyopes_kraepelinorum",0,0.5,0.5,NA,FALSE,NA,NA,NA
"3673","Rubia_fruticosa","Paratrechina_longicornis",0,0.53937134130308,0.5,NA,FALSE,NA,NA,NA
"3674","Rubia_fruticosa","Perilampus_sp_1",0,0.501508597461036,0.5,NA,FALSE,NA,NA,NA
"3675","Rubia_fruticosa","Perilampus_sp_2",0,0.50516223879882,0.5,NA,FALSE,NA,NA,NA
"3676","Rubia_fruticosa","Phalacrus_coruscus",0,0.517673065095797,0.5,NA,FALSE,NA,NA,NA
"3677","Rubia_fruticosa","Phthiria_simonyi",0,0.596859829018477,0.5,NA,FALSE,NA,NA,NA
"3678","Rubia_fruticosa","Pieris_rapae",0,0.559029891944848,0.57141012909467,NA,FALSE,NA,NA,NA
"3679","Rubia_fruticosa","Plagiolepis_schmitzii",0.142857142857143,NA,NA,NA,TRUE,NA,NA,NA
"3680","Rubia_fruticosa","Plagiolepis_sp_2",0,0.766085672103491,0.721755918160904,"both↑",FALSE,0.743920795132197,"Both approaches",0.445161722786428
"3681","Rubia_fruticosa","Platypalpus_sp",0,0.529118422858354,NA,NA,FALSE,NA,NA,NA
"3682","Rubia_fruticosa","Platypalpus_sp_1",0,0.516180797733467,0.5,NA,FALSE,NA,NA,NA
"3683","Rubia_fruticosa","Pteromalus_sp_1",0,0.543769530684646,NA,NA,FALSE,NA,NA,NA
"3684","Rubia_fruticosa","Pteromalus_sp_3",0,0.520084417397305,0.5,NA,FALSE,NA,NA,NA
"3685","Rubia_fruticosa","Pteromalus_sp_4",0,0.516181793159788,0.5,NA,FALSE,NA,NA,NA
"3686","Rubia_fruticosa","Rondania_insularis",0,0.502957564002371,0.5,NA,FALSE,NA,NA,NA
"3687","Rubia_fruticosa","Sarcophagidae_sp_3",0,0.5,0.5,NA,FALSE,NA,NA,NA
"3688","Rubia_fruticosa","Sarcophagidae_sp_5",0,0.634101034231274,0.561243859635604,NA,FALSE,NA,NA,NA
"3689","Rubia_fruticosa","Sarcophagidae_sp_8",0.142857142857143,NA,NA,NA,TRUE,NA,NA,NA
"3690","Rubia_fruticosa","Scaeva_albomaculata",0,0.536558927270817,0.650659220420102,NA,FALSE,NA,NA,NA
"3691","Rubia_fruticosa","Scenopinus_sp",0,0.5,0.5,NA,FALSE,NA,NA,NA
"3692","Rubia_fruticosa","Sciaridae_sp",0.142857142857143,NA,NA,NA,TRUE,NA,NA,NA
"3693","Rubia_fruticosa","Sciaridae_sp_1",0.142857142857143,NA,NA,NA,TRUE,NA,NA,NA
"3694","Rubia_fruticosa","Scymnus_canariensis",0,0.515752408713052,0.5,NA,FALSE,NA,NA,NA
"3695","Rubia_fruticosa","Sepsis_sp",0,0.593393455296587,0.781926761708878,"diag↑ only",FALSE,0.781926761708878,"Single location",0.527507983702568
"3696","Rubia_fruticosa","Spathulina_sicula",0,0.573725205280413,0.5,NA,FALSE,NA,NA,NA
"3697","Rubia_fruticosa","Stenoselma_sp",0,0.532745757115047,0.598004532199726,NA,FALSE,NA,NA,NA
"3698","Rubia_fruticosa","Syritta_pipiens",0,0.605745862799772,0.585687472354344,NA,FALSE,NA,NA,NA
"3699","Rubia_fruticosa","Tachina_canariensis",0,0.62513324146055,0.5,NA,FALSE,NA,NA,NA
"3700","Rubia_fruticosa","Tethina_marmorata",0,0.512569406030706,0.5,NA,FALSE,NA,NA,NA
"3701","Rubia_fruticosa","Thaumatomyia_notata",0.142857142857143,NA,NA,NA,TRUE,NA,NA,NA
"3702","Rubia_fruticosa","Themnothorax_hesperius",0,0.674327989276821,0.56106984543462,NA,FALSE,NA,NA,NA
"3703","Rubia_fruticosa","Themnothorax_risii",0,0.558812122497948,0.567091302387386,NA,FALSE,NA,NA,NA
"3704","Rubia_fruticosa","Thomisus_cf_globosum",0,0.52066156237929,0.5,NA,FALSE,NA,NA,NA
"3705","Rubia_fruticosa","Thomisus_cf_onustus",0,0.532738392430196,0.5,NA,FALSE,NA,NA,NA
"3706","Rubia_fruticosa","Thyridanthrax_indigenus",0,0.871737148336646,0.991552058064434,"both↑",FALSE,0.93164460320054,"Both approaches",0.851896640267837
"3707","Rubia_fruticosa","Thysanoptera_sp_1",0,0.98781199987168,0.94828090882765,"both↑",FALSE,0.968046454349665,"Both approaches",0.930767317757608
"3708","Rubia_fruticosa","Thysanoptera_sp_2",0,0.950600263952021,0.695260385081559,"offs↑ only",FALSE,0.950600263952021,"External location",0.892967238562712
"3709","Rubia_fruticosa","Thysanoptera_sp_3",0,0.553197004127009,0.682385532455533,NA,FALSE,NA,NA,NA
"3710","Rubia_fruticosa","Thysanoptera_sp_7",0,0.966775543044368,NA,NA,FALSE,NA,NA,NA
"3711","Rubia_fruticosa","Tropinota_squalida",0,0.524494884211585,0.513681944694865,NA,FALSE,NA,NA,NA
"3712","Rubia_fruticosa","Trupanea_augur",0,0.5,NA,NA,FALSE,NA,NA,NA
"3713","Rubia_fruticosa","Urelliosoma_guimari",0,0.564783618593839,0.541511374015066,NA,FALSE,NA,NA,NA
"3714","Rubia_fruticosa","Villa_nigriceps",0,0.511238218285079,0.5,NA,FALSE,NA,NA,NA
"3715","Salvia_aegyptiaca","Amegilla_quadrifasciata",0,0.50526430489242,0.5,NA,FALSE,NA,NA,NA
"3716","Salvia_aegyptiaca","Anaspis_cf_canariensis",0,0.500416653838609,0.5,NA,FALSE,NA,NA,NA
"3717","Salvia_aegyptiaca","Anaspis_cf_eversi",0,0.5,0.5,NA,FALSE,NA,NA,NA
"3718","Salvia_aegyptiaca","Anaspis_proteus",0,0.707961117497294,0.5,"offs↑ only",FALSE,0.707961117497294,"External location",0.367249087910803
"3719","Salvia_aegyptiaca","Anthophora_alluaudi",0.142857142857143,NA,NA,NA,TRUE,NA,NA,NA
"3720","Salvia_aegyptiaca","Anthophora_orotavae",0,0.5,NA,NA,FALSE,NA,NA,NA
"3721","Salvia_aegyptiaca","Aphthona_wachnitzae",0,0.596638245597303,0.722734629544846,"diag↑ only",FALSE,0.722734629544846,"Single location",0.399258364013833
"3722","Salvia_aegyptiaca","Apis_mellifera",0,0.536950230328489,NA,NA,FALSE,NA,NA,NA
"3723","Salvia_aegyptiaca","Aprostocetus_occidentalis",0,0.574472983839031,0.5,NA,FALSE,NA,NA,NA
"3724","Salvia_aegyptiaca","Araneae_sp_1",0,0.5,0.5,NA,FALSE,NA,NA,NA
"3725","Salvia_aegyptiaca","Araneidae_sp_1",0,0.5,NA,NA,FALSE,NA,NA,NA
"3726","Salvia_aegyptiaca","Araneidae_sp_2",0,0.5,0.5,NA,FALSE,NA,NA,NA
"3727","Salvia_aegyptiaca","Asteia_caesia",0,0.5,0.5,NA,FALSE,NA,NA,NA
"3728","Salvia_aegyptiaca","Attagenus_abbreviatus",0,0.5,0.5,NA,FALSE,NA,NA,NA
"3729","Salvia_aegyptiaca","Attalus_chrysanthemi",0,0.5,0.5,NA,FALSE,NA,NA,NA
"3730","Salvia_aegyptiaca","Attalus_olivensis",0,0.627237663551025,0.853099746025916,"diag↑ only",FALSE,0.853099746025916,"Single location",0.681716116389485
"3731","Salvia_aegyptiaca","Attalus_rugifrons",0,0.5,0.5,NA,FALSE,NA,NA,NA
"3732","Salvia_aegyptiaca","Aulacoderus_canariensis",0,0.813383624771881,0.920024461090514,"both↑",FALSE,0.866704042931198,"Both approaches",0.711192093017595
"3733","Salvia_aegyptiaca","Blaesoxipha_sp_1",0,0.5,0.5,NA,FALSE,NA,NA,NA
"3734","Salvia_aegyptiaca","Bruchidius_wollastoni",0,0.506218250083053,0.535449824991035,NA,FALSE,NA,NA,NA
"3735","Salvia_aegyptiaca","Campiglossa_martii",0,0.5,0.5,NA,FALSE,NA,NA,NA
"3736","Salvia_aegyptiaca","Campiglossa_reticulata",0,0.5,0.5,NA,FALSE,NA,NA,NA
"3737","Salvia_aegyptiaca","Camponotus_cfr_feae",0,0.5,0.5,NA,FALSE,NA,NA,NA
"3738","Salvia_aegyptiaca","Camponotus_feae",0,0.949999981788487,0.749999999409217,"both↑",FALSE,0.849999990598852,"Both approaches",0.674999979630845
"3739","Salvia_aegyptiaca","Cecidomyiidae_sp",0,0.5,0.5,NA,FALSE,NA,NA,NA
"3740","Salvia_aegyptiaca","Cephalodromia_sp",0,0.5,0.5,NA,FALSE,NA,NA,NA
"3741","Salvia_aegyptiaca","Chalicodoma_canescens",0,0.5,0.5,NA,FALSE,NA,NA,NA
"3742","Salvia_aegyptiaca","Chalicodoma_sicula",0,0.5,NA,NA,FALSE,NA,NA,NA
"3743","Salvia_aegyptiaca","Chetogena_acuminata",0.142857142857143,NA,NA,NA,TRUE,NA,NA,NA
"3744","Salvia_aegyptiaca","Chloropidae_sp_1",0,0.5,NA,NA,FALSE,NA,NA,NA
"3745","Salvia_aegyptiaca","Chloropidae_sp_2",0,0.5,0.5,NA,FALSE,NA,NA,NA
"3746","Salvia_aegyptiaca","Chloropidae_sp_4",0,0.5,0.5,NA,FALSE,NA,NA,NA
"3747","Salvia_aegyptiaca","Chrysomya_albiceps",0,0.625963086260551,0.5,NA,FALSE,NA,NA,NA
"3748","Salvia_aegyptiaca","Cryptocephalus_nubigena",0,0.5,0.5,NA,FALSE,NA,NA,NA
"3749","Salvia_aegyptiaca","Dasytes_lanzarotensis",0,0.5,0.5,NA,FALSE,NA,NA,NA
"3750","Salvia_aegyptiaca","Dasytes_subaenescens",0,0.531899700878371,0.5,NA,FALSE,NA,NA,NA
"3751","Salvia_aegyptiaca","Diglyphus_chabrias",0,0.5,0.5,NA,FALSE,NA,NA,NA
"3752","Salvia_aegyptiaca","Dischistus_atlanticus",0,0.5,0.544411964153828,NA,FALSE,NA,NA,NA
"3753","Salvia_aegyptiaca","Empididae_sp_1",0,0.5,0.5,NA,FALSE,NA,NA,NA
"3754","Salvia_aegyptiaca","Estheria_simonyi",0,0.583667302334066,0.5,NA,FALSE,NA,NA,NA
"3755","Salvia_aegyptiaca","Eumerus_latitarsis",0,0.798882481338199,0.5,"offs↑ only",FALSE,0.798882481338199,"External location",0.564245376232764
"3756","Salvia_aegyptiaca","Eupelmus_sp",0,0.5,0.5,NA,FALSE,NA,NA,NA
"3757","Salvia_aegyptiaca","Eupelmus_testaceiventris",0,0.5,0.5,NA,FALSE,NA,NA,NA
"3758","Salvia_aegyptiaca","Eurytoma_sp_1",0,0.5,0.5,NA,FALSE,NA,NA,NA
"3759","Salvia_aegyptiaca","Eurytoma_sp_2",0,0.5,0.5,NA,FALSE,NA,NA,NA
"3760","Salvia_aegyptiaca","Exetastes_segmentarius",0,0.5,0.5,NA,FALSE,NA,NA,NA
"3761","Salvia_aegyptiaca","Geometridae_sp_2",0,0.5,0.5,NA,FALSE,NA,NA,NA
"3762","Salvia_aegyptiaca","Goniozus_sp",0,0.5,0.5,NA,FALSE,NA,NA,NA
"3763","Salvia_aegyptiaca","Halictus_fulvipes",0,0.5,0.5,NA,FALSE,NA,NA,NA
"3764","Salvia_aegyptiaca","Lasioglossum_loetum",0,0.740818751743081,0.646069223552771,"offs↑ only",FALSE,0.740818751743081,"External location",0.438440628776676
"3765","Salvia_aegyptiaca","Lasioglossum_viride",0,0.980518982027048,0.982276912823643,"both↑",FALSE,0.981397947425345,"Both approaches",0.959695552754915
"3766","Salvia_aegyptiaca","Leptochilus_fortunatus",0,0.5,0.5,NA,FALSE,NA,NA,NA
"3767","Salvia_aegyptiaca","Lucilia_sericata",0,0.769222746825729,0.631296597319726,"offs↑ only",FALSE,0.769222746825729,"External location",0.499982618122413
"3768","Salvia_aegyptiaca","Megaselia_sp_1",0,0.5,0.5,NA,FALSE,NA,NA,NA
"3769","Salvia_aegyptiaca","Milichiidae_sp",0,0.5,0.5,NA,FALSE,NA,NA,NA
"3770","Salvia_aegyptiaca","Musca_domestica",0,0.539243208912024,0.5,NA,FALSE,NA,NA,NA
"3771","Salvia_aegyptiaca","Musca_osiris",0,0.5,NA,NA,FALSE,NA,NA,NA
"3772","Salvia_aegyptiaca","Myopites_nigrescens",0,0.598114137616657,0.5,NA,FALSE,NA,NA,NA
"3773","Salvia_aegyptiaca","Nyctia_lugubris",0,0.5,0.5,NA,FALSE,NA,NA,NA
"3774","Salvia_aegyptiaca","Oscinimorpha_sp",0,0.5,0.5,NA,FALSE,NA,NA,NA
"3775","Salvia_aegyptiaca","Osmia_latreillei",0,0.5,NA,NA,FALSE,NA,NA,NA
"3776","Salvia_aegyptiaca","Oxyopes_kraepelinorum",0,0.5,0.5,NA,FALSE,NA,NA,NA
"3777","Salvia_aegyptiaca","Paragus_tibialis",0,0.5,0.5,NA,FALSE,NA,NA,NA
"3778","Salvia_aegyptiaca","Paratrechina_longicornis",0,0.5,NA,NA,FALSE,NA,NA,NA
"3779","Salvia_aegyptiaca","Phalacrus_coruscus",0,0.5,0.5,NA,FALSE,NA,NA,NA
"3780","Salvia_aegyptiaca","Phyto_nigrobarbata",0,0.5,0.5,NA,FALSE,NA,NA,NA
"3781","Salvia_aegyptiaca","Pieris_rapae",0,0.5,0.5,NA,FALSE,NA,NA,NA
"3782","Salvia_aegyptiaca","Plagiolepis_schmitzii",0,0.988519428335542,0.995670777698233,"both↑",FALSE,0.992095103016887,"Both approaches",0.982872723203256
"3783","Salvia_aegyptiaca","Platypalpus_sp_1",0,0.5,0.5,NA,FALSE,NA,NA,NA
"3784","Salvia_aegyptiaca","Proconura_sp_2",0,0.5,0.5,NA,FALSE,NA,NA,NA
"3785","Salvia_aegyptiaca","Pteromalus_sp_2",0,0.5,NA,NA,FALSE,NA,NA,NA
"3786","Salvia_aegyptiaca","Sapromyza_sp",0,0.5,0.5,NA,FALSE,NA,NA,NA
"3787","Salvia_aegyptiaca","Sarcophagidae_sp_4",0.142857142857143,NA,NA,NA,TRUE,NA,NA,NA
"3788","Salvia_aegyptiaca","Sarcophagidae_sp_5",0,0.624002751634894,0.669632213938912,NA,FALSE,NA,NA,NA
"3789","Salvia_aegyptiaca","Sarcophagidae_sp_6",0,0.5,0.5,NA,FALSE,NA,NA,NA
"3790","Salvia_aegyptiaca","Sarcophagidae_sp_8",0,0.5,0.5,NA,FALSE,NA,NA,NA
"3791","Salvia_aegyptiaca","Scaeva_albomaculata",0,0.5,0.5,NA,FALSE,NA,NA,NA
"3792","Salvia_aegyptiaca","Scaptomyza_sp_2",0,0.5,0.5,NA,FALSE,NA,NA,NA
"3793","Salvia_aegyptiaca","Sciaridae_sp",0,0.747949685389495,0.974217327463223,"both↑",FALSE,0.861083506426359,"Both approaches",0.699014263923778
"3794","Salvia_aegyptiaca","Sciaridae_sp_1",0,0.5,0.5,NA,FALSE,NA,NA,NA
"3795","Salvia_aegyptiaca","Scymnus_canariensis",0,0.5,0.5,NA,FALSE,NA,NA,NA
"3796","Salvia_aegyptiaca","Tachina_canariensis",0,0.652489042919932,0.768390539188053,"diag↑ only",FALSE,0.768390539188053,"Single location",0.498179501574115
"3797","Salvia_aegyptiaca","Tachyagetes_aemulans",0,0.5,0.5,NA,FALSE,NA,NA,NA
"3798","Salvia_aegyptiaca","Tethinidae_sp_3",0,0.5,0.5,NA,FALSE,NA,NA,NA
"3799","Salvia_aegyptiaca","Tetramesa_sp",0,0.5,NA,NA,FALSE,NA,NA,NA
"3800","Salvia_aegyptiaca","Thomisus_cf_globosum",0,0.5,0.5,NA,FALSE,NA,NA,NA
"3801","Salvia_aegyptiaca","Thomisus_cf_onustus",0,0.5,0.5,NA,FALSE,NA,NA,NA
"3802","Salvia_aegyptiaca","Thyridanthrax_indigenus",0.142857142857143,NA,NA,NA,TRUE,NA,NA,NA
"3803","Salvia_aegyptiaca","Thysanoptera_sp_1",0,0.999965830775052,0.999440296799512,"both↑",FALSE,0.999703063787282,"Both approaches",0.999356638205777
"3804","Salvia_aegyptiaca","Thysanoptera_sp_2",0,0.886177768039683,0.821383212755352,"both↑",FALSE,0.853780490397517,"Both approaches",0.683191062527954
"3805","Salvia_aegyptiaca","Thysanoptera_sp_4",0,0.5,0.5,NA,FALSE,NA,NA,NA
"3806","Salvia_aegyptiaca","Trupanea_augur",0,0.5,0.5,NA,FALSE,NA,NA,NA
"3807","Salvia_aegyptiaca","Urelliosoma_guimari",0,0.509026836484225,0.503407051653402,NA,FALSE,NA,NA,NA
"3808","Satureja_kuegleri","Agromyzidae_sp_1",0,0.5,0.5,NA,FALSE,NA,NA,NA
"3809","Satureja_kuegleri","Amegilla_quadrifasciata",0,0.504693126290226,0.528581248517904,NA,FALSE,NA,NA,NA
"3810","Satureja_kuegleri","Ammophila_terminata",0,0.5,NA,NA,FALSE,NA,NA,NA
"3811","Satureja_kuegleri","Anaspis_proteus",0,0.86160265141392,0.807354060468129,"both↑",FALSE,0.834478355941025,"Both approaches",0.641369771205553
"3812","Satureja_kuegleri","Anthophora_alluaudi",0,0.655841553111846,NA,NA,FALSE,NA,NA,NA
"3813","Satureja_kuegleri","Anthophora_orotavae",0,0.5,0.5,NA,FALSE,NA,NA,NA
"3814","Satureja_kuegleri","Apis_mellifera",0,0.567125226693298,0.544522300039749,NA,FALSE,NA,NA,NA
"3815","Satureja_kuegleri","Aprostocetus_occidentalis",0,0.538170836312611,0.5,NA,FALSE,NA,NA,NA
"3816","Satureja_kuegleri","Aprostocetus_sp_2",0,0.5,0.5,NA,FALSE,NA,NA,NA
"3817","Satureja_kuegleri","Attagenus_wollastoni",0,0.5,0.5,NA,FALSE,NA,NA,NA
"3818","Satureja_kuegleri","Attalus_crispus",0,0.5,0.5,NA,FALSE,NA,NA,NA
"3819","Satureja_kuegleri","Attalus_ruficollis",0,0.5,0.5,NA,FALSE,NA,NA,NA
"3820","Satureja_kuegleri","Blaesoxipha_sp_1",0,0.5,0.5,NA,FALSE,NA,NA,NA
"3821","Satureja_kuegleri","Bracon_sp",0,0.5,0.5,NA,FALSE,NA,NA,NA
"3822","Satureja_kuegleri","Camponotus_feae",0.142857142857143,NA,NA,NA,TRUE,NA,NA,NA
"3823","Satureja_kuegleri","Cecydomyiidae_sp",0,0.5,0.5,NA,FALSE,NA,NA,NA
"3824","Satureja_kuegleri","Ceratogoponidae_sp",0,0.5,0.5,NA,FALSE,NA,NA,NA
"3825","Satureja_kuegleri","Ceratogoponidae_sp_2",0,0.5,0.5,NA,FALSE,NA,NA,NA
"3826","Satureja_kuegleri","Chalicodoma_canescens",0,0.5,0.5,NA,FALSE,NA,NA,NA
"3827","Satureja_kuegleri","Chetogena_acuminata",0,0.5,NA,NA,FALSE,NA,NA,NA
"3828","Satureja_kuegleri","Chironomidae_sp_1",0,0.5,0.5,NA,FALSE,NA,NA,NA
"3829","Satureja_kuegleri","Chloropidae_sp_3",0,0.5,0.5,NA,FALSE,NA,NA,NA
"3830","Satureja_kuegleri","Chloropidae_sp_4",0,0.5,NA,NA,FALSE,NA,NA,NA
"3831","Satureja_kuegleri","Chloropidae_sp_5",0,0.5,0.5,NA,FALSE,NA,NA,NA
"3832","Satureja_kuegleri","Chloropidae_sp_6",0,0.5,NA,NA,FALSE,NA,NA,NA
"3833","Satureja_kuegleri","Chrysomya_albiceps",0,0.723396235484912,0.742107470715118,"both↑",FALSE,0.732751853100015,"Both approaches",0.420962348383366
"3834","Satureja_kuegleri","Colias_croceus",0,0.5,0.5,NA,FALSE,NA,NA,NA
"3835","Satureja_kuegleri","Colletes_dimidiatus",0,0.537570784760808,0.84729409325024,"diag↑ only",FALSE,0.84729409325024,"Single location",0.669137202042188
"3836","Satureja_kuegleri","Cryptocephalus_nitidicollis",0,0.500219399610444,0.5,NA,FALSE,NA,NA,NA
"3837","Satureja_kuegleri","Dasytes_subaenescens",0,0.545852139851042,0.505830300526331,NA,FALSE,NA,NA,NA
"3838","Satureja_kuegleri","Delia_flavibasis",0,0.5,NA,NA,FALSE,NA,NA,NA
"3839","Satureja_kuegleri","Dilophus_hiemalis",0,0.503978826311411,0.5,NA,FALSE,NA,NA,NA
"3840","Satureja_kuegleri","Dinarmoides_spilopterus",0,0.5,0.5,NA,FALSE,NA,NA,NA
"3841","Satureja_kuegleri","Empididae_sp_1",0,0.5,0.5,NA,FALSE,NA,NA,NA
"3842","Satureja_kuegleri","Empis_sp_1",0,0.5,0.5,NA,FALSE,NA,NA,NA
"3843","Satureja_kuegleri","Eristalinus_aeneus",0,0.5,NA,NA,FALSE,NA,NA,NA
"3844","Satureja_kuegleri","Eristalinus_taeniops",0,0.500213366058129,0.5,NA,FALSE,NA,NA,NA
"3845","Satureja_kuegleri","Eristalis_tenax",0,0.5,0.5,NA,FALSE,NA,NA,NA
"3846","Satureja_kuegleri","Estheria_simonyi",0,0.666096252715936,0.870504260599752,"diag↑ only",FALSE,0.870504260599752,"Single location",0.71942589796613
"3847","Satureja_kuegleri","Eucera_gracilipes",0,0.5,0.5,NA,FALSE,NA,NA,NA
"3848","Satureja_kuegleri","Euderus_sp",0,0.5,0.5,NA,FALSE,NA,NA,NA
"3849","Satureja_kuegleri","Eumerus_latitarsis",0,0.59777816278013,0.529343663808549,NA,FALSE,NA,NA,NA
"3850","Satureja_kuegleri","Eupelmus_sp",0,0.5,NA,NA,FALSE,NA,NA,NA
"3851","Satureja_kuegleri","Eurytoma_sp_1",0,0.5,NA,NA,FALSE,NA,NA,NA
"3852","Satureja_kuegleri","Fannia_sp",0,0.5,0.5,NA,FALSE,NA,NA,NA
"3853","Satureja_kuegleri","Gnaphosidae_sp_1",0.142857142857143,NA,NA,NA,TRUE,NA,NA,NA
"3854","Satureja_kuegleri","Holepyris_sp",0,0.5,0.5,NA,FALSE,NA,NA,NA
"3855","Satureja_kuegleri","Lasioglossum_arctifrons",0,0.5,0.5,NA,FALSE,NA,NA,NA
"3856","Satureja_kuegleri","Lasioglossum_loetum",0,0.669059781828953,0.668565739133425,NA,FALSE,NA,NA,NA
"3857","Satureja_kuegleri","Lasioglossum_viride",0.142857142857143,NA,NA,NA,TRUE,NA,NA,NA
"3858","Satureja_kuegleri","Leptochilus_eatoni",0,0.5,0.5,NA,FALSE,NA,NA,NA
"3859","Satureja_kuegleri","Linnaemyia_soror",0,0.5,0.5,NA,FALSE,NA,NA,NA
"3860","Satureja_kuegleri","Lucilia_sericata",0,0.719756851171161,0.691027099398559,"offs↑ only",FALSE,0.719756851171161,"External location",0.39280651087085
"3861","Satureja_kuegleri","Macrocoma_splendens",0,0.5,0.5,NA,FALSE,NA,NA,NA
"3862","Satureja_kuegleri","Megachile_canariensis",0,0.5,0.5,NA,FALSE,NA,NA,NA
"3863","Satureja_kuegleri","Meligethes_cf_canariensis",0,0.5,0.5,NA,FALSE,NA,NA,NA
"3864","Satureja_kuegleri","Monomorium_subopacum",0,0.5,NA,NA,FALSE,NA,NA,NA
"3865","Satureja_kuegleri","Mordellistena_cf_canariensis",0,0.5,0.5,NA,FALSE,NA,NA,NA
"3866","Satureja_kuegleri","Musca_domestica",0.142857142857143,NA,NA,NA,TRUE,NA,NA,NA
"3867","Satureja_kuegleri","Myathropa_florea",0,0.5,NA,NA,FALSE,NA,NA,NA
"3868","Satureja_kuegleri","Mycetophilidae_sp_1",0,0.5,0.5,NA,FALSE,NA,NA,NA
"3869","Satureja_kuegleri","Myopites_nigrescens",0,0.663182788553366,0.5,NA,FALSE,NA,NA,NA
"3870","Satureja_kuegleri","Neodryophilus_cryptophagoides",0,0.5,0.5,NA,FALSE,NA,NA,NA
"3871","Satureja_kuegleri","Nomioides_fortunatus",0,0.5,0.5,NA,FALSE,NA,NA,NA
"3872","Satureja_kuegleri","Oscinella_sp_1",0,0.531076418240866,0.5,NA,FALSE,NA,NA,NA
"3873","Satureja_kuegleri","Oscinella_sp_2",0,0.5,0.5,NA,FALSE,NA,NA,NA
"3874","Satureja_kuegleri","Osmia_canaria",0,0.5,NA,NA,FALSE,NA,NA,NA
"3875","Satureja_kuegleri","Oxyopes_cf_kraepelinorum",0,0.5,0.5,NA,FALSE,NA,NA,NA
"3876","Satureja_kuegleri","Paratrechina_longicornis",0,0.5,0.5,NA,FALSE,NA,NA,NA
"3877","Satureja_kuegleri","Perilampus_sp_1",0,0.5,0.5,NA,FALSE,NA,NA,NA
"3878","Satureja_kuegleri","Perilampus_sp_2",0,0.5,NA,NA,FALSE,NA,NA,NA
"3879","Satureja_kuegleri","Phalacrus_coruscus",0,0.5,0.5,NA,FALSE,NA,NA,NA
"3880","Satureja_kuegleri","Phthiria_simonyi",0,0.501588693903674,0.5,NA,FALSE,NA,NA,NA
"3881","Satureja_kuegleri","Physiphora_alceae",0,0.5,NA,NA,FALSE,NA,NA,NA
"3882","Satureja_kuegleri","Phyto_discrepans",0,0.5,0.5,NA,FALSE,NA,NA,NA
"3883","Satureja_kuegleri","Plagiolepis_schmitzii",0,0.623992434936769,0.5,NA,FALSE,NA,NA,NA
"3884","Satureja_kuegleri","Plagiolepis_sp_2",0,0.814639131610528,NA,NA,FALSE,NA,NA,NA
"3885","Satureja_kuegleri","Platypalpus_sp",0,0.5,0.5,NA,FALSE,NA,NA,NA
"3886","Satureja_kuegleri","Platypalpus_sp_2",0,0.5,NA,NA,FALSE,NA,NA,NA
"3887","Satureja_kuegleri","Pteromalus_sp_3",0,0.5,0.5,NA,FALSE,NA,NA,NA
"3888","Satureja_kuegleri","Pteromalus_sp_4",0,0.5,NA,NA,FALSE,NA,NA,NA
"3889","Satureja_kuegleri","Rondania_insularis",0,0.5,NA,NA,FALSE,NA,NA,NA
"3890","Satureja_kuegleri","Sarcophagidae_sp_3",0,0.5,0.5,NA,FALSE,NA,NA,NA
"3891","Satureja_kuegleri","Sarcophagidae_sp_5",0,0.596629491817684,0.5,NA,FALSE,NA,NA,NA
"3892","Satureja_kuegleri","Sarcophagidae_sp_8",0,0.543083292801018,0.604526665757026,NA,FALSE,NA,NA,NA
"3893","Satureja_kuegleri","Scaeva_albomaculata",0,0.5,0.5,NA,FALSE,NA,NA,NA
"3894","Satureja_kuegleri","Scenopinus_sp",0,0.5,0.5,NA,FALSE,NA,NA,NA
"3895","Satureja_kuegleri","Sciaridae_sp",0,0.672132545996803,0.5,NA,FALSE,NA,NA,NA
"3896","Satureja_kuegleri","Sciaridae_sp_1",0,0.500445996817244,0.5,NA,FALSE,NA,NA,NA
"3897","Satureja_kuegleri","Sibinia_sericea",0,0.5,0.5,NA,FALSE,NA,NA,NA
"3898","Satureja_kuegleri","Spathulina_sicula",0,0.5,0.5,NA,FALSE,NA,NA,NA
"3899","Satureja_kuegleri","Sphaeniscus_filiolus",0,0.5,0.5,NA,FALSE,NA,NA,NA
"3900","Satureja_kuegleri","Stomorhina_lunata",0,0.5,0.5,NA,FALSE,NA,NA,NA
"3901","Satureja_kuegleri","Synthesomyia_nudiseta",0,0.5,0.5,NA,FALSE,NA,NA,NA
"3902","Satureja_kuegleri","Syritta_pipiens",0,0.52253254820331,0.5,NA,FALSE,NA,NA,NA
"3903","Satureja_kuegleri","Tachina_canariensis",0,0.5,0.5,NA,FALSE,NA,NA,NA
"3904","Satureja_kuegleri","Thaumatomyia_notata",0,0.5,0.5,NA,FALSE,NA,NA,NA
"3905","Satureja_kuegleri","Themnothorax_hesperius",0.142857142857143,NA,NA,NA,TRUE,NA,NA,NA
"3906","Satureja_kuegleri","Thomisus_cf_onustus",0,0.5,0.5,NA,FALSE,NA,NA,NA
"3907","Satureja_kuegleri","Thysanoptera_sp_1",0.142857142857143,NA,NA,NA,TRUE,NA,NA,NA
"3908","Satureja_kuegleri","Thysanoptera_sp_2",0,0.8867866631896,0.5,"offs↑ only",FALSE,0.8867866631896,"External location",0.754704436910799
"3909","Satureja_kuegleri","Thysanoptera_sp_3",0,0.5,0.5,NA,FALSE,NA,NA,NA
"3910","Satureja_kuegleri","Torymoides_lindbergi",0,0.5,0.5,NA,FALSE,NA,NA,NA
"3911","Satureja_kuegleri","Trixoscelis_sp",0,0.5,0.5,NA,FALSE,NA,NA,NA
"3912","Satureja_kuegleri","Urelliosoma_guimari",0,0.516129867093568,0.5,NA,FALSE,NA,NA,NA
"3913","Satureja_kuegleri","Villa_nigriceps",0,0.5,0.5,NA,FALSE,NA,NA,NA
"3914","Schizogyne_sericea","Agromyzidae_sp_1",0,0.553576634877198,0.563716351032935,NA,FALSE,NA,NA,NA
"3915","Schizogyne_sericea","Agromyzidae_sp_2",0,0.5,0.5,NA,FALSE,NA,NA,NA
"3916","Schizogyne_sericea","Alliophleps_elliptica",0,0.509454863448457,0.5,NA,FALSE,NA,NA,NA
"3917","Schizogyne_sericea","Amegilla_canifrons",0,0.53578670076867,0.5,NA,FALSE,NA,NA,NA
"3918","Schizogyne_sericea","Amegilla_quadrifasciata",0,0.576567186394263,0.594570598055894,NA,FALSE,NA,NA,NA
"3919","Schizogyne_sericea","Ammophila_terminata",0,0.540944804004023,0.67952714271942,NA,FALSE,NA,NA,NA
"3920","Schizogyne_sericea","Anaspis_proteus",0.142857142857143,NA,NA,NA,TRUE,NA,NA,NA
"3921","Schizogyne_sericea","Andrena_vulcana",0,0.548545331261093,0.5,NA,FALSE,NA,NA,NA
"3922","Schizogyne_sericea","Andrena_wollastoni",0,0.522352253988748,0.5,NA,FALSE,NA,NA,NA
"3923","Schizogyne_sericea","Anthophora_alluaudi",0,0.78341323656963,0.675160577924907,"offs↑ only",FALSE,0.78341323656963,"External location",0.530728679234197
"3924","Schizogyne_sericea","Anthophora_orotavae",0,0.539689500678544,0.538840489270648,NA,FALSE,NA,NA,NA
"3925","Schizogyne_sericea","Apis_mellifera",0.142857142857143,NA,NA,NA,TRUE,NA,NA,NA
"3926","Schizogyne_sericea","Aprostocetus_occidentalis",0,0.613705492741324,0.664785899780873,NA,FALSE,NA,NA,NA
"3927","Schizogyne_sericea","Aprostocetus_sp_2",0,0.600099819189184,NA,NA,FALSE,NA,NA,NA
"3928","Schizogyne_sericea","Atherigona_varia",0,0.510601860054507,0.5,NA,FALSE,NA,NA,NA
"3929","Schizogyne_sericea","Attagenus_wollastoni",0.142857142857143,NA,NA,NA,TRUE,NA,NA,NA
"3930","Schizogyne_sericea","Attalus_crispus",0,0.508234637615061,0.5,NA,FALSE,NA,NA,NA
"3931","Schizogyne_sericea","Attalus_obscurus",0.142857142857143,NA,NA,NA,TRUE,NA,NA,NA
"3932","Schizogyne_sericea","Attalus_pallipes",0,0.53356840561496,0.5,NA,FALSE,NA,NA,NA
"3933","Schizogyne_sericea","Attalus_ruficollis",0,0.541623813235099,0.604305541006904,NA,FALSE,NA,NA,NA
"3934","Schizogyne_sericea","Aulacoderus_canariensis",0,0.523864677157984,0.5,NA,FALSE,NA,NA,NA
"3935","Schizogyne_sericea","Bassus_sp",0,0.5,0.5,NA,FALSE,NA,NA,NA
"3936","Schizogyne_sericea","Blaesoxipha_sp_1",0,0.574603759480873,0.5,NA,FALSE,NA,NA,NA
"3937","Schizogyne_sericea","Bombylius_pintuarius",0,0.508827554761794,0.5,NA,FALSE,NA,NA,NA
"3938","Schizogyne_sericea","Bracon_sp",0,0.531605851993976,0.505956249838583,NA,FALSE,NA,NA,NA
"3939","Schizogyne_sericea","Camponotus_feae",0.285714285714286,NA,NA,NA,TRUE,NA,NA,NA
"3940","Schizogyne_sericea","Cecydomyiidae_sp",0,0.5,0.5,NA,FALSE,NA,NA,NA
"3941","Schizogyne_sericea","Cephalodromia_sp",0.142857142857143,NA,NA,NA,TRUE,NA,NA,NA
"3942","Schizogyne_sericea","Ceratogoponidae_sp",0,0.5,0.5,NA,FALSE,NA,NA,NA
"3943","Schizogyne_sericea","Ceratogoponidae_sp_2",0,0.523545841185858,0.5,NA,FALSE,NA,NA,NA
"3944","Schizogyne_sericea","Chalicodoma_canescens",0,0.532381388041207,0.5,NA,FALSE,NA,NA,NA
"3945","Schizogyne_sericea","Chetogena_acuminata",0,0.535514622430883,0.719323640420609,"diag↑ only",FALSE,0.719323640420609,"Single location",0.391867887577986
"3946","Schizogyne_sericea","Chironomidae_sp",0,0.511787685440414,0.5,NA,FALSE,NA,NA,NA
"3947","Schizogyne_sericea","Chironomidae_sp_1",0,0.52833392885318,0.5,NA,FALSE,NA,NA,NA
"3948","Schizogyne_sericea","Chloropidae_sp",0,0.5,NA,NA,FALSE,NA,NA,NA
"3949","Schizogyne_sericea","Chloropidae_sp_2",0,0.517928770832196,0.5,NA,FALSE,NA,NA,NA
"3950","Schizogyne_sericea","Chloropidae_sp_3",0,0.556203345154161,0.523155775707389,NA,FALSE,NA,NA,NA
"3951","Schizogyne_sericea","Chloropidae_sp_4",0,0.518542579457305,0.5,NA,FALSE,NA,NA,NA
"3952","Schizogyne_sericea","Chloropidae_sp_5",0,0.548395952495588,0.5,NA,FALSE,NA,NA,NA
"3953","Schizogyne_sericea","Chloropidae_sp_6",0,0.555682503837998,0.755082727239818,"diag↑ only",FALSE,0.755082727239818,"Single location",0.469345909019605
"3954","Schizogyne_sericea","Chrysomya_albiceps",0,0.737081120602912,0.708911900855561,"both↑",FALSE,0.722996510729236,"Both approaches",0.399825773246678
"3955","Schizogyne_sericea","Coccinella_miranda",0,0.5,0.5,NA,FALSE,NA,NA,NA
"3956","Schizogyne_sericea","Colias_croceus",0,0.5,NA,NA,FALSE,NA,NA,NA
"3957","Schizogyne_sericea","Colletes_dimidiatus",0,0.605085491880309,0.5,NA,FALSE,NA,NA,NA
"3958","Schizogyne_sericea","Crematogaster_alluaudi",0,0.518032174298164,0.5,NA,FALSE,NA,NA,NA
"3959","Schizogyne_sericea","Cryptocephalus_gounellei",0,0.521783286604194,0.5,NA,FALSE,NA,NA,NA
"3960","Schizogyne_sericea","Cryptocephalus_nitidicollis",0,0.512467248536487,NA,NA,FALSE,NA,NA,NA
"3961","Schizogyne_sericea","Curculionidae_sp",0,0.5,0.5,NA,FALSE,NA,NA,NA
"3962","Schizogyne_sericea","Dasytes_cf_subaenescens",0.142857142857143,NA,NA,NA,TRUE,NA,NA,NA
"3963","Schizogyne_sericea","Dasytes_subaenescens",0,0.572784933074623,0.612840006199879,NA,FALSE,NA,NA,NA
"3964","Schizogyne_sericea","Delia_flavibasis",0,0.520251325762352,0.5,NA,FALSE,NA,NA,NA
"3965","Schizogyne_sericea","Dilophus_hiemalis",0,0.53154752727611,NA,NA,FALSE,NA,NA,NA
"3966","Schizogyne_sericea","Dinarmoides_spilopterus",0,0.554323824732871,0.598793592336784,NA,FALSE,NA,NA,NA
"3967","Schizogyne_sericea","Elasmus_platyedrae",0,0.520231134793503,0.5,NA,FALSE,NA,NA,NA
"3968","Schizogyne_sericea","Empididae_sp_1",0,0.518038994083807,0.5,NA,FALSE,NA,NA,NA
"3969","Schizogyne_sericea","Empis_sp_1",0,0.522606900128629,NA,NA,FALSE,NA,NA,NA
"3970","Schizogyne_sericea","Eristalinus_aeneus",0,0.515578696738749,0.590515072029571,NA,FALSE,NA,NA,NA
"3971","Schizogyne_sericea","Eristalinus_taeniops",0,0.551671620040524,0.550973202916903,NA,FALSE,NA,NA,NA
"3972","Schizogyne_sericea","Eristalis_tenax",0,0.515394552290962,0.587129525371257,NA,FALSE,NA,NA,NA
"3973","Schizogyne_sericea","Estheria_simonyi",0,0.779799542896956,0.873222539101786,"both↑",FALSE,0.826511040999371,"Both approaches",0.624107255498636
"3974","Schizogyne_sericea","Eucera_gracilipes",0,0.551039762389149,0.518247258356699,NA,FALSE,NA,NA,NA
"3975","Schizogyne_sericea","Euderus_sp",0.428571428571429,NA,NA,NA,TRUE,NA,NA,NA
"3976","Schizogyne_sericea","Eumerus_latitarsis",0,0.746624284634823,0.799136916044442,"both↑",FALSE,0.772880600339632,"Both approaches",0.507907967402536
"3977","Schizogyne_sericea","Eumerus_nivariae",0,0.559105456681033,0.5,NA,FALSE,NA,NA,NA
"3978","Schizogyne_sericea","Eupelmus_sp",0,0.542144232358665,0.636252138889192,NA,FALSE,NA,NA,NA
"3979","Schizogyne_sericea","Eurytoma_sp_1",0,0.573921219258185,0.642613834547573,NA,FALSE,NA,NA,NA
"3980","Schizogyne_sericea","Exhyalanthrax_canarionae",0,0.514254558210632,NA,NA,FALSE,NA,NA,NA
"3981","Schizogyne_sericea","Fannia_sp",0,0.614320223690842,0.789777329883783,"diag↑ only",FALSE,0.789777329883783,"Single location",0.544517548081529
"3982","Schizogyne_sericea","Gasteruption_sp",0,0.51165070251296,NA,NA,FALSE,NA,NA,NA
"3983","Schizogyne_sericea","Geometridae_sp",0,0.529044066923687,0.5,NA,FALSE,NA,NA,NA
"3984","Schizogyne_sericea","Gnaphosidae_sp_1",0,0.538727813139998,NA,NA,FALSE,NA,NA,NA
"3985","Schizogyne_sericea","Holepyris_sp",0,0.525391570276795,0.668385587371127,NA,FALSE,NA,NA,NA
"3986","Schizogyne_sericea","Hylaeus_ater",0,0.527265275480638,NA,NA,FALSE,NA,NA,NA
"3987","Schizogyne_sericea","Hylaeus_hohmanni",0,0.542632106102971,0.501776229938051,NA,FALSE,NA,NA,NA
"3988","Schizogyne_sericea","Lasioglossum_arctifrons",0,0.513235425401628,0.5,NA,FALSE,NA,NA,NA
"3989","Schizogyne_sericea","Lasioglossum_loetum",0,0.772999785340914,0.667263299595058,"offs↑ only",FALSE,0.772999785340914,"External location",0.508166201571979
"3990","Schizogyne_sericea","Lasioglossum_viride",0.285714285714286,NA,NA,NA,TRUE,NA,NA,NA
"3991","Schizogyne_sericea","Leptochilus_cruentatus",0.142857142857143,NA,NA,NA,TRUE,NA,NA,NA
"3992","Schizogyne_sericea","Leptochilus_eatoni",0.142857142857143,NA,NA,NA,TRUE,NA,NA,NA
"3993","Schizogyne_sericea","Linnaemyia_soror",0,0.518830088446172,0.5,NA,FALSE,NA,NA,NA
"3994","Schizogyne_sericea","Lucilia_sericata",0,0.745749534281763,0.942878909782129,"both↑",FALSE,0.844314222031946,"Both approaches",0.662680814402549
"3995","Schizogyne_sericea","Macrocoma_splendens",0,0.541058089767449,NA,NA,FALSE,NA,NA,NA
"3996","Schizogyne_sericea","Macroglossum_stellatarum",0,0.5,0.5,NA,FALSE,NA,NA,NA
"3997","Schizogyne_sericea","Malthinus_mutabilis",0,0.500506450571884,0.5,NA,FALSE,NA,NA,NA
"3998","Schizogyne_sericea","Megachile_canariensis",0,0.555553092899746,0.636862107344932,NA,FALSE,NA,NA,NA
"3999","Schizogyne_sericea","Megaselia_sp_2",0.142857142857143,NA,NA,NA,TRUE,NA,NA,NA
"4000","Schizogyne_sericea","Melecta_curvispina",0,0.511225403153575,0.5,NA,FALSE,NA,NA,NA
"4001","Schizogyne_sericea","Meligethes_canariensis",0,0.758319112218792,0.934494512182039,"both↑",FALSE,0.846406812200415,"Both approaches",0.667214759767566
"4002","Schizogyne_sericea","Meligethes_cf_canariensis",0,0.539214645569045,NA,NA,FALSE,NA,NA,NA
"4003","Schizogyne_sericea","Minotetrastichus_sp",0,0.518306108811734,NA,NA,FALSE,NA,NA,NA
"4004","Schizogyne_sericea","Monomorium_subopacum",0,0.573259600440381,0.521810199033876,NA,FALSE,NA,NA,NA
"4005","Schizogyne_sericea","Mordellistena_cf_canariensis",0,0.544191547220575,0.719816019693927,"diag↑ only",FALSE,0.719816019693927,"Single location",0.392934709336842
"4006","Schizogyne_sericea","Musca_domestica",0,0.644367084276855,0.721109917104376,"diag↑ only",FALSE,0.721109917104376,"Single location",0.395738153726148
"4007","Schizogyne_sericea","Myathropa_florea",0,0.541107880365474,0.568563171584668,NA,FALSE,NA,NA,NA
"4008","Schizogyne_sericea","Mycetophilidae_sp_1",0,0.52878180624712,0.5,NA,FALSE,NA,NA,NA
"4009","Schizogyne_sericea","Myopites_nigrescens",0.285714285714286,NA,NA,NA,TRUE,NA,NA,NA
"4010","Schizogyne_sericea","Neodryophilus_cryptophagoides",0,0.510597751642532,0.5,NA,FALSE,NA,NA,NA
"4011","Schizogyne_sericea","Nomioides_fortunatus",0,0.518175404583335,0.628952800002075,NA,FALSE,NA,NA,NA
"4012","Schizogyne_sericea","Oscinella_sp_1",0,0.608384493508443,0.65412196552246,NA,FALSE,NA,NA,NA
"4013","Schizogyne_sericea","Oscinella_sp_2",0,0.579916124883047,NA,NA,FALSE,NA,NA,NA
"4014","Schizogyne_sericea","Osmia_canaria",0,0.506413993118936,0.5,NA,FALSE,NA,NA,NA
"4015","Schizogyne_sericea","Osmia_latreillei",0,0.508172863082507,NA,NA,FALSE,NA,NA,NA
"4016","Schizogyne_sericea","Oxyopes_cf_kraepelinorum",0,0.575917623614885,0.69663153818853,NA,FALSE,NA,NA,NA
"4017","Schizogyne_sericea","Paratrechina_longicornis",0,0.514740500483422,0.5,NA,FALSE,NA,NA,NA
"4018","Schizogyne_sericea","Perilampus_sp_1",0,0.5,0.5,NA,FALSE,NA,NA,NA
"4019","Schizogyne_sericea","Perilampus_sp_2",0,0.518817846427618,0.5,NA,FALSE,NA,NA,NA
"4020","Schizogyne_sericea","Phalacrus_coruscus",0,0.5,0.5,NA,FALSE,NA,NA,NA
"4021","Schizogyne_sericea","Phthiria_simonyi",0,0.541647412351212,0.5,NA,FALSE,NA,NA,NA
"4022","Schizogyne_sericea","Physiphora_alceae",0,0.565493568540913,0.641176037441536,NA,FALSE,NA,NA,NA
"4023","Schizogyne_sericea","Phyto_discrepans",0,0.579201632872973,0.803624395943701,"diag↑ only",FALSE,0.803624395943701,"Single location",0.574519524544686
"4024","Schizogyne_sericea","Pieris_rapae",0,0.5,0.5,NA,FALSE,NA,NA,NA
"4025","Schizogyne_sericea","Plagiolepis_schmitzii",0.142857142857143,NA,NA,NA,TRUE,NA,NA,NA
"4026","Schizogyne_sericea","Plagiolepis_sp_2",0.142857142857143,NA,NA,NA,TRUE,NA,NA,NA
"4027","Schizogyne_sericea","Platypalpus_sp",0,0.584665093311523,0.5,NA,FALSE,NA,NA,NA
"4028","Schizogyne_sericea","Platypalpus_sp_2",0,0.546496182501176,NA,NA,FALSE,NA,NA,NA
"4029","Schizogyne_sericea","Pteromalus_sp_1",0,0.5,NA,NA,FALSE,NA,NA,NA
"4030","Schizogyne_sericea","Pteromalus_sp_3",0.285714285714286,NA,NA,NA,TRUE,NA,NA,NA
"4031","Schizogyne_sericea","Pteromalus_sp_4",0,0.541554891742333,0.527261691283927,NA,FALSE,NA,NA,NA
"4032","Schizogyne_sericea","Rondania_insularis",0,0.520637683257633,0.5,NA,FALSE,NA,NA,NA
"4033","Schizogyne_sericea","Sarcophagidae_sp_3",0,0.508447190564396,0.5,NA,FALSE,NA,NA,NA
"4034","Schizogyne_sericea","Sarcophagidae_sp_5",0,0.699680603800117,0.581434325245595,NA,FALSE,NA,NA,NA
"4035","Schizogyne_sericea","Sarcophagidae_sp_8",0,0.785155834610127,0.769706380424648,"both↑",FALSE,0.777431107517388,"Both approaches",0.517767399621006
"4036","Schizogyne_sericea","Scaeva_albomaculata",0,0.518133332628449,0.5,NA,FALSE,NA,NA,NA
"4037","Schizogyne_sericea","Scenopinus_sp",0,0.543492720847867,NA,NA,FALSE,NA,NA,NA
"4038","Schizogyne_sericea","Sciaridae_sp",0,0.654136071043658,0.5,NA,FALSE,NA,NA,NA
"4039","Schizogyne_sericea","Sciaridae_sp_1",0,0.599461232378125,0.67297819557512,NA,FALSE,NA,NA,NA
"4040","Schizogyne_sericea","Sepsis_sp",0,0.524494986042162,0.5,NA,FALSE,NA,NA,NA
"4041","Schizogyne_sericea","Sibinia_sericea",0,0.546385223468131,0.67747747328192,NA,FALSE,NA,NA,NA
"4042","Schizogyne_sericea","Spathulina_sicula",0,0.515542626695854,0.5,NA,FALSE,NA,NA,NA
"4043","Schizogyne_sericea","Sphaeniscus_filiolus",0,0.561074526516473,0.676936091221511,NA,FALSE,NA,NA,NA
"4044","Schizogyne_sericea","Stenoselma_sp",0,0.5,0.5,NA,FALSE,NA,NA,NA
"4045","Schizogyne_sericea","Stomorhina_lunata",0,0.53260260151352,0.591573554400193,NA,FALSE,NA,NA,NA
"4046","Schizogyne_sericea","Synthesomyia_nudiseta",0,0.612191699589358,0.507616196461131,NA,FALSE,NA,NA,NA
"4047","Schizogyne_sericea","Syritta_pipiens",0,0.60543971837803,0.558961455164921,NA,FALSE,NA,NA,NA
"4048","Schizogyne_sericea","Tachina_canariensis",0,0.5,0.5,NA,FALSE,NA,NA,NA
"4049","Schizogyne_sericea","Tethina_marmorata",0,0.527860374129025,NA,NA,FALSE,NA,NA,NA
"4050","Schizogyne_sericea","Thaumatomyia_notata",0,0.523800066693914,0.5,NA,FALSE,NA,NA,NA
"4051","Schizogyne_sericea","Themnothorax_hesperius",0.142857142857143,NA,NA,NA,TRUE,NA,NA,NA
"4052","Schizogyne_sericea","Themnothorax_risii",0,0.5,0.5,NA,FALSE,NA,NA,NA
"4053","Schizogyne_sericea","Thomisus_cf_onustus",0,0.52109838303312,0.5,NA,FALSE,NA,NA,NA
"4054","Schizogyne_sericea","Thysanoptera_sp_1",0.285714285714286,NA,NA,NA,TRUE,NA,NA,NA
"4055","Schizogyne_sericea","Thysanoptera_sp_2",0.285714285714286,NA,NA,NA,TRUE,NA,NA,NA
"4056","Schizogyne_sericea","Thysanoptera_sp_3",0.142857142857143,NA,NA,NA,TRUE,NA,NA,NA
"4057","Schizogyne_sericea","Thysanoptera_sp_7",0,0.970650851619648,0.998304627235714,"both↑",FALSE,0.984477739427681,"Both approaches",0.966368435426641
"4058","Schizogyne_sericea","Torymoides_lindbergi",0,0.581995587204582,NA,NA,FALSE,NA,NA,NA
"4059","Schizogyne_sericea","Trixoscelis_sp",0,0.536700697648094,NA,NA,FALSE,NA,NA,NA
"4060","Schizogyne_sericea","Tropinota_squalida",0,0.512138671741542,0.5,NA,FALSE,NA,NA,NA
"4061","Schizogyne_sericea","Urelliosoma_guimari",0,0.582757965639016,0.58352512100809,NA,FALSE,NA,NA,NA
"4062","Schizogyne_sericea","Villa_nigriceps",0,0.53238535885079,0.5,NA,FALSE,NA,NA,NA
"4063","Zilla_spinosa","Amegilla_sp",0.142857142857143,NA,NA,NA,TRUE,NA,NA,NA
"4064","Zilla_spinosa","Anaspis_cf_saharensis",0,0.5,0.5,NA,FALSE,NA,NA,NA
"4065","Zilla_spinosa","Andrena_vachali",0,0.5,0.5,NA,FALSE,NA,NA,NA
"4066","Zilla_spinosa","Anthaxia_sp_1",0,0.53418658788249,0.642505403434649,NA,FALSE,NA,NA,NA
"4067","Zilla_spinosa","Anthophora_sp_1",0,0.5,0.5,NA,FALSE,NA,NA,NA
"4068","Zilla_spinosa","Anthophora_sp_aff_orotavae",0,0.5,0.5,NA,FALSE,NA,NA,NA
"4069","Zilla_spinosa","Aplocnemus_sp_2",0,0.5,0.5,NA,FALSE,NA,NA,NA
"4070","Zilla_spinosa","Aprostocetus_sp_1",0,0.5,0.5,NA,FALSE,NA,NA,NA
"4071","Zilla_spinosa","Arachnospila_sp",0,0.5,0.5,NA,FALSE,NA,NA,NA
"4072","Zilla_spinosa","Attagenus_sp_1",0,0.5,0.5,NA,FALSE,NA,NA,NA
"4073","Zilla_spinosa","Axinotarsus_sp_1",0,0.5,0.5,NA,FALSE,NA,NA,NA
"4074","Zilla_spinosa","Bombylius_sp_1",0.142857142857143,NA,NA,NA,TRUE,NA,NA,NA
"4075","Zilla_spinosa","Chalicodoma_sicula",0,0.5,0.5,NA,FALSE,NA,NA,NA
"4076","Zilla_spinosa","Chalicodoma_sp",0.142857142857143,NA,NA,NA,TRUE,NA,NA,NA
"4077","Zilla_spinosa","Chetogena_acuminata",0,0.5,0.5,NA,FALSE,NA,NA,NA
"4078","Zilla_spinosa","Chloropidae_sp",0,0.5,0.5,NA,FALSE,NA,NA,NA
"4079","Zilla_spinosa","Coleoptera_sp_5",0,0.594476464276879,0.548688123661749,NA,FALSE,NA,NA,NA
"4080","Zilla_spinosa","Colletes1_Waiting_85",0,0.567982997533059,0.691696229148704,NA,FALSE,NA,NA,NA
"4081","Zilla_spinosa","Colletes2_Waiting_85",0,0.5,0.5,NA,FALSE,NA,NA,NA
"4082","Zilla_spinosa","Crematogaster_scutellaris",0,0.5,0.5,NA,FALSE,NA,NA,NA
"4083","Zilla_spinosa","Eurytoma_sp_3",0,0.5,0.5,NA,FALSE,NA,NA,NA
"4084","Zilla_spinosa","Hylaeus_sp",0,0.500166034375579,0.507924500650642,NA,FALSE,NA,NA,NA
"4085","Zilla_spinosa","Hym_Waiting_85",0.142857142857143,NA,NA,NA,TRUE,NA,NA,NA
"4086","Zilla_spinosa","Lasioglossum_phoenicurum",0,0.502640540693331,0.565754069725903,NA,FALSE,NA,NA,NA
"4087","Zilla_spinosa","Lucilia_sericata",0,0.950091883190702,NA,NA,FALSE,NA,NA,NA
"4088","Zilla_spinosa","Lucilia_sp_1",0,0.604670248099227,0.848895417636083,"diag↑ only",FALSE,0.848895417636083,"Single location",0.672606738211513
"4089","Zilla_spinosa","Macrocoma_cf_henoni",0,0.5,0.5,NA,FALSE,NA,NA,NA
"4090","Zilla_spinosa","Melecta_sp",0.142857142857143,NA,NA,NA,TRUE,NA,NA,NA
"4091","Zilla_spinosa","Musca_domestica",0,0.567017529081826,0.5,NA,FALSE,NA,NA,NA
"4092","Zilla_spinosa","Musca_osiris",0,0.5,0.5,NA,FALSE,NA,NA,NA
"4093","Zilla_spinosa","Musca_sorbens",0,0.516185041522587,0.5358031009387,NA,FALSE,NA,NA,NA
"4094","Zilla_spinosa","Nomioides_deceptor",0,0.851870335945706,NA,NA,FALSE,NA,NA,NA
"4095","Zilla_spinosa","Nomioides_sp",0,0.511016868481111,0.637507197298287,NA,FALSE,NA,NA,NA
"4096","Zilla_spinosa","Ormyrus_sp_1",0,0.5,0.5,NA,FALSE,NA,NA,NA
"4097","Zilla_spinosa","Paragus_tibialis",0,0.5,NA,NA,FALSE,NA,NA,NA
"4098","Zilla_spinosa","Physiphora_alceae",0,0.5,0.5,NA,FALSE,NA,NA,NA
"4099","Zilla_spinosa","Plagiolepis_schmitzii",0.142857142857143,NA,NA,NA,TRUE,NA,NA,NA
"4100","Zilla_spinosa","Podalonia_sp",0,0.5,0.5,NA,FALSE,NA,NA,NA
"4101","Zilla_spinosa","Proconura_sp_1",0,0.5,0.5,NA,FALSE,NA,NA,NA
"4102","Zilla_spinosa","Pteromalus_sp_2",0,0.507350152550857,NA,NA,FALSE,NA,NA,NA
"4103","Zilla_spinosa","Sarcophaga_sp_1",0,0.5,NA,NA,FALSE,NA,NA,NA
"4104","Zilla_spinosa","Sarcophagidae_sp",0,0.5,0.5,NA,FALSE,NA,NA,NA
"4105","Zilla_spinosa","Sarcophagidae_sp_2",0,0.5,NA,NA,FALSE,NA,NA,NA
"4106","Zilla_spinosa","Sarcophagidae_sp_7",0,0.5,0.533521690410042,NA,FALSE,NA,NA,NA
"4107","Zilla_spinosa","Sciaridae_sp",0,0.850075736489248,0.999993481973838,"both↑",FALSE,0.925034609231543,"Both approaches",0.837574986668343
"4108","Zilla_spinosa","Sciaridae_sp_4",0,0.816232681772964,0.749451898170885,"both↑",FALSE,0.782842289971925,"Both approaches",0.529491628272503
"4109","Zilla_spinosa","Sphecidae_sp",0,0.5,0.5,NA,FALSE,NA,NA,NA
"4110","Zilla_spinosa","Tachinidae_sp_1",0,0.5,0.5,NA,FALSE,NA,NA,NA
"4111","Zilla_spinosa","Tapinoma_nigerrimum",0.142857142857143,NA,NA,NA,TRUE,NA,NA,NA
"4112","Zilla_spinosa","Tephritidae_sp_1",0,0.5,0.515324591058684,NA,FALSE,NA,NA,NA
"4113","Zilla_spinosa","Tethinidae_sp_1",0,0.5,0.5,NA,FALSE,NA,NA,NA
"4114","Zilla_spinosa","Tethinidae_sp_2",0,0.500137362564165,0.5,NA,FALSE,NA,NA,NA
"4115","Zilla_spinosa","Themnothorax_productus",0,0.5,0.5,NA,FALSE,NA,NA,NA
"4116","Zilla_spinosa","Thyreus_sp_aff_ramosus",0.142857142857143,NA,NA,NA,TRUE,NA,NA,NA
"4117","Zilla_spinosa","Thysanoptera_sp",0,0.881415170408312,NA,NA,FALSE,NA,NA,NA
"4118","Zilla_spinosa","Troglops_sp",0,0.5,0.5,NA,FALSE,NA,NA,NA
"4119","Zilla_spinosa","Urelliosoma_guimari",0,0.541333870192941,0.586943020063027,NA,FALSE,NA,NA,NA
"4120","Zilla_spinosa","Urellliosoma_sp",0,0.5,0.5,NA,FALSE,NA,NA,NA
"4121","Zilla_spinosa","Vanessa_Cardui",0,0.5,0.5,NA,FALSE,NA,NA,NA
"4122","Zilla_spinosa","Vestitohalictus_sp",0,0.5,0.5,NA,FALSE,NA,NA,NA
