"train_layer","test_layer","threshold","f05","f1","mcc","train_layer_name","test_layer_name","jaccard_pollinators","jaccard_plants","jaccard_edges","distance_km","layer_comparison"
1,1,0.3,0.645755837552514,0.74385474003009,NA,"Tenerife Teno","Tenerife Teno",1,1,1,0,"Single location"
1,1,0.325,0.645755837552514,0.74385474003009,NA,"Tenerife Teno","Tenerife Teno",1,1,1,0,"Single location"
1,1,0.35,0.645755837552514,0.74385474003009,NA,"Tenerife Teno","Tenerife Teno",1,1,1,0,"Single location"
1,1,0.375,0.645755837552514,0.74385474003009,NA,"Tenerife Teno","Tenerife Teno",1,1,1,0,"Single location"
1,1,0.4,0.645755837552514,0.74385474003009,NA,"Tenerife Teno","Tenerife Teno",1,1,1,0,"Single location"
1,1,0.425,0.645755837552514,0.74385474003009,NA,"Tenerife Teno","Tenerife Teno",1,1,1,0,"Single location"
1,1,0.45,0.645755837552514,0.74385474003009,NA,"Tenerife Teno","Tenerife Teno",1,1,1,0,"Single location"
1,1,0.475,0.645755837552514,0.74385474003009,NA,"Tenerife Teno","Tenerife Teno",1,1,1,0,"Single location"
1,1,0.5,0.646968826611386,0.733668795115736,0.049829987783871,"Tenerife Teno","Tenerife Teno",1,1,1,0,"Single location"
1,1,0.525,0.650990859091862,0.735336999741313,0.0775243824429728,"Tenerife Teno","Tenerife Teno",1,1,1,0,"Single location"
1,1,0.55,0.655823003958473,0.737496730906561,0.105522428014627,"Tenerife Teno","Tenerife Teno",1,1,1,0,"Single location"
1,1,0.575,0.658097121522045,0.736474624020204,0.115681768899521,"Tenerife Teno","Tenerife Teno",1,1,1,0,"Single location"
1,1,0.6,0.661513479244273,0.736915450200526,0.129924782862906,"Tenerife Teno","Tenerife Teno",1,1,1,0,"Single location"
1,1,0.625,0.666153884597741,0.739022460840858,0.150291923545607,"Tenerife Teno","Tenerife Teno",1,1,1,0,"Single location"
1,1,0.65,0.668722842080496,0.739048908148056,0.162855698215888,"Tenerife Teno","Tenerife Teno",1,1,1,0,"Single location"
1,1,0.675,0.671240727955623,0.739012280669458,0.173429384831964,"Tenerife Teno","Tenerife Teno",1,1,1,0,"Single location"
1,1,0.7,0.674261084923761,0.738837038826777,0.184150009623602,"Tenerife Teno","Tenerife Teno",1,1,1,0,"Single location"
1,1,0.725,0.673745094918074,0.733412086389658,0.183100332827026,"Tenerife Teno","Tenerife Teno",1,1,1,0,"Single location"
1,1,0.75,0.677012153343561,0.730324447486261,0.193921095196184,"Tenerife Teno","Tenerife Teno",1,1,1,0,"Single location"
1,1,0.775,0.687576412653787,0.733136148914583,0.230545764641609,"Tenerife Teno","Tenerife Teno",1,1,1,0,"Single location"
1,1,0.8,0.696500480746246,0.734173267556575,0.256409688004907,"Tenerife Teno","Tenerife Teno",1,1,1,0,"Single location"
1,2,0.3,0.65796177522418,0.754272550355051,NA,"Tenerife Teno","Tenerife South",0.257425742574257,0.4,0.109756097560976,57.4641820425,"Added location"
1,2,0.325,0.65796177522418,0.754272550355051,NA,"Tenerife Teno","Tenerife South",0.257425742574257,0.4,0.109756097560976,57.4641820425,"Added location"
1,2,0.35,0.65796177522418,0.754272550355051,NA,"Tenerife Teno","Tenerife South",0.257425742574257,0.4,0.109756097560976,57.4641820425,"Added location"
1,2,0.375,0.65796177522418,0.754272550355051,NA,"Tenerife Teno","Tenerife South",0.257425742574257,0.4,0.109756097560976,57.4641820425,"Added location"
1,2,0.4,0.65796177522418,0.754272550355051,NA,"Tenerife Teno","Tenerife South",0.257425742574257,0.4,0.109756097560976,57.4641820425,"Added location"
1,2,0.425,0.65796177522418,0.754272550355051,NA,"Tenerife Teno","Tenerife South",0.257425742574257,0.4,0.109756097560976,57.4641820425,"Added location"
1,2,0.45,0.65796177522418,0.754272550355051,NA,"Tenerife Teno","Tenerife South",0.257425742574257,0.4,0.109756097560976,57.4641820425,"Added location"
1,2,0.475,0.65796177522418,0.754272550355051,NA,"Tenerife Teno","Tenerife South",0.257425742574257,0.4,0.109756097560976,57.4641820425,"Added location"
1,2,0.5,0.659763918906351,0.745006118217423,0.0551358664761546,"Tenerife Teno","Tenerife South",0.257425742574257,0.4,0.109756097560976,57.4641820425,"Added location"
1,2,0.525,0.664196840360118,0.746894622889949,0.0834633406664092,"Tenerife Teno","Tenerife South",0.257425742574257,0.4,0.109756097560976,57.4641820425,"Added location"
1,2,0.55,0.667552465531639,0.746639525766852,0.104872238900607,"Tenerife Teno","Tenerife South",0.257425742574257,0.4,0.109756097560976,57.4641820425,"Added location"
1,2,0.575,0.67566184364706,0.751170050871417,0.14687413442044,"Tenerife Teno","Tenerife South",0.257425742574257,0.4,0.109756097560976,57.4641820425,"Added location"
1,2,0.6,0.682251370036881,0.753129244482811,0.176437107743138,"Tenerife Teno","Tenerife South",0.257425742574257,0.4,0.109756097560976,57.4641820425,"Added location"
1,2,0.625,0.68873876176347,0.752884409931862,0.20299774476712,"Tenerife Teno","Tenerife South",0.257425742574257,0.4,0.109756097560976,57.4641820425,"Added location"
1,2,0.65,0.695337738174985,0.74856431567526,0.222437078486017,"Tenerife Teno","Tenerife South",0.257425742574257,0.4,0.109756097560976,57.4641820425,"Added location"
1,2,0.675,0.698928596270237,0.742200323970374,0.227118100615101,"Tenerife Teno","Tenerife South",0.257425742574257,0.4,0.109756097560976,57.4641820425,"Added location"
1,2,0.7,0.704951493408577,0.742907734394006,0.246110966734797,"Tenerife Teno","Tenerife South",0.257425742574257,0.4,0.109756097560976,57.4641820425,"Added location"
1,2,0.725,0.711631394434965,0.743905855692808,0.267686402816931,"Tenerife Teno","Tenerife South",0.257425742574257,0.4,0.109756097560976,57.4641820425,"Added location"
1,2,0.75,0.717132110421474,0.743282667895332,0.281604594799351,"Tenerife Teno","Tenerife South",0.257425742574257,0.4,0.109756097560976,57.4641820425,"Added location"
1,2,0.775,0.716403819579395,0.73914827991328,0.278727780352535,"Tenerife Teno","Tenerife South",0.257425742574257,0.4,0.109756097560976,57.4641820425,"Added location"
1,2,0.8,0.71624506954741,0.736894628998966,0.277902008845067,"Tenerife Teno","Tenerife South",0.257425742574257,0.4,0.109756097560976,57.4641820425,"Added location"
1,3,0.3,0.665095698079542,0.759581419631911,NA,"Tenerife Teno","Gran Canaria",0.211111111111111,0.347826086956522,0.0704845814977974,173.858830325,"Added location"
1,3,0.325,0.665095698079542,0.759581419631911,NA,"Tenerife Teno","Gran Canaria",0.211111111111111,0.347826086956522,0.0704845814977974,173.858830325,"Added location"
1,3,0.35,0.665095698079542,0.759581419631911,NA,"Tenerife Teno","Gran Canaria",0.211111111111111,0.347826086956522,0.0704845814977974,173.858830325,"Added location"
1,3,0.375,0.665095698079542,0.759581419631911,NA,"Tenerife Teno","Gran Canaria",0.211111111111111,0.347826086956522,0.0704845814977974,173.858830325,"Added location"
1,3,0.4,0.665095698079542,0.759581419631911,NA,"Tenerife Teno","Gran Canaria",0.211111111111111,0.347826086956522,0.0704845814977974,173.858830325,"Added location"
1,3,0.425,0.665095698079542,0.759581419631911,NA,"Tenerife Teno","Gran Canaria",0.211111111111111,0.347826086956522,0.0704845814977974,173.858830325,"Added location"
1,3,0.45,0.665095698079542,0.759581419631911,NA,"Tenerife Teno","Gran Canaria",0.211111111111111,0.347826086956522,0.0704845814977974,173.858830325,"Added location"
1,3,0.475,0.665095698079542,0.759581419631911,NA,"Tenerife Teno","Gran Canaria",0.211111111111111,0.347826086956522,0.0704845814977974,173.858830325,"Added location"
1,3,0.5,0.66855667549594,0.749186187377129,0.0750078972112008,"Tenerife Teno","Gran Canaria",0.211111111111111,0.347826086956522,0.0704845814977974,173.858830325,"Added location"
1,3,0.525,0.66855941517579,0.743675231193895,0.086972618749093,"Tenerife Teno","Gran Canaria",0.211111111111111,0.347826086956522,0.0704845814977974,173.858830325,"Added location"
1,3,0.55,0.667752492560323,0.734539296512424,0.0905597100743455,"Tenerife Teno","Gran Canaria",0.211111111111111,0.347826086956522,0.0704845814977974,173.858830325,"Added location"
1,3,0.575,0.664851152291792,0.72384877507246,0.0871217344581033,"Tenerife Teno","Gran Canaria",0.211111111111111,0.347826086956522,0.0704845814977974,173.858830325,"Added location"
1,3,0.6,0.662562859678659,0.712222723655098,0.0868520717888667,"Tenerife Teno","Gran Canaria",0.211111111111111,0.347826086956522,0.0704845814977974,173.858830325,"Added location"
1,3,0.625,0.651310282561946,0.690022427638614,0.0578347023294638,"Tenerife Teno","Gran Canaria",0.211111111111111,0.347826086956522,0.0704845814977974,173.858830325,"Added location"
1,3,0.65,0.646834146129073,0.677792388042462,0.0552309010097511,"Tenerife Teno","Gran Canaria",0.211111111111111,0.347826086956522,0.0704845814977974,173.858830325,"Added location"
1,3,0.675,0.646521081615086,0.668774014487565,0.064979624214621,"Tenerife Teno","Gran Canaria",0.211111111111111,0.347826086956522,0.0704845814977974,173.858830325,"Added location"
1,3,0.7,0.651558558062403,0.66605060730137,0.0908884874946549,"Tenerife Teno","Gran Canaria",0.211111111111111,0.347826086956522,0.0704845814977974,173.858830325,"Added location"
1,3,0.725,0.653805693456214,0.661150636522002,0.0997480204967436,"Tenerife Teno","Gran Canaria",0.211111111111111,0.347826086956522,0.0704845814977974,173.858830325,"Added location"
1,3,0.75,0.66299151606213,0.663951570917032,0.130245760609861,"Tenerife Teno","Gran Canaria",0.211111111111111,0.347826086956522,0.0704845814977974,173.858830325,"Added location"
1,3,0.775,0.658183726956122,0.651812341001413,0.122718631434038,"Tenerife Teno","Gran Canaria",0.211111111111111,0.347826086956522,0.0704845814977974,173.858830325,"Added location"
1,3,0.8,0.65872021465736,0.6460507026604,0.129208966078796,"Tenerife Teno","Gran Canaria",0.211111111111111,0.347826086956522,0.0704845814977974,173.858830325,"Added location"
1,4,0.3,0.688727823155606,0.77882918960016,NA,"Tenerife Teno","Fuerteventura",0.0952380952380952,0.166666666666667,0.0272727272727273,337.05548055,"Added location"
1,4,0.325,0.688727823155606,0.77882918960016,NA,"Tenerife Teno","Fuerteventura",0.0952380952380952,0.166666666666667,0.0272727272727273,337.05548055,"Added location"
1,4,0.35,0.688727823155606,0.77882918960016,NA,"Tenerife Teno","Fuerteventura",0.0952380952380952,0.166666666666667,0.0272727272727273,337.05548055,"Added location"
1,4,0.375,0.688727823155606,0.77882918960016,NA,"Tenerife Teno","Fuerteventura",0.0952380952380952,0.166666666666667,0.0272727272727273,337.05548055,"Added location"
1,4,0.4,0.688727823155606,0.77882918960016,NA,"Tenerife Teno","Fuerteventura",0.0952380952380952,0.166666666666667,0.0272727272727273,337.05548055,"Added location"
1,4,0.425,0.688727823155606,0.77882918960016,NA,"Tenerife Teno","Fuerteventura",0.0952380952380952,0.166666666666667,0.0272727272727273,337.05548055,"Added location"
1,4,0.45,0.688727823155606,0.77882918960016,NA,"Tenerife Teno","Fuerteventura",0.0952380952380952,0.166666666666667,0.0272727272727273,337.05548055,"Added location"
1,4,0.475,0.688727823155606,0.77882918960016,NA,"Tenerife Teno","Fuerteventura",0.0952380952380952,0.166666666666667,0.0272727272727273,337.05548055,"Added location"
1,4,0.5,0.695684992763951,0.76750040029413,0.107953478141678,"Tenerife Teno","Fuerteventura",0.0952380952380952,0.166666666666667,0.0272727272727273,337.05548055,"Added location"
1,4,0.525,0.698590191899469,0.767230477134303,0.120761959486461,"Tenerife Teno","Fuerteventura",0.0952380952380952,0.166666666666667,0.0272727272727273,337.05548055,"Added location"
1,4,0.55,0.698187815148279,0.761767103527681,0.126102179733853,"Tenerife Teno","Fuerteventura",0.0952380952380952,0.166666666666667,0.0272727272727273,337.05548055,"Added location"
1,4,0.575,0.689083876072646,0.743515661601837,0.0971353869440886,"Tenerife Teno","Fuerteventura",0.0952380952380952,0.166666666666667,0.0272727272727273,337.05548055,"Added location"
1,4,0.6,0.680943339518329,0.725262187782118,0.0744009199257392,"Tenerife Teno","Fuerteventura",0.0952380952380952,0.166666666666667,0.0272727272727273,337.05548055,"Added location"
1,4,0.625,0.671181781111556,0.704387302752463,0.0519680983572243,"Tenerife Teno","Fuerteventura",0.0952380952380952,0.166666666666667,0.0272727272727273,337.05548055,"Added location"
1,4,0.65,0.6740946918086,0.697641063400626,0.072741949160151,"Tenerife Teno","Fuerteventura",0.0952380952380952,0.166666666666667,0.0272727272727273,337.05548055,"Added location"
1,4,0.675,0.671125051616159,0.687418410709626,0.0696978381161703,"Tenerife Teno","Fuerteventura",0.0952380952380952,0.166666666666667,0.0272727272727273,337.05548055,"Added location"
1,4,0.7,0.66037986907666,0.670447716951271,0.0527191087971723,"Tenerife Teno","Fuerteventura",0.0952380952380952,0.166666666666667,0.0272727272727273,337.05548055,"Added location"
1,4,0.725,0.656506301259629,0.658020672675761,0.0529189576345491,"Tenerife Teno","Fuerteventura",0.0952380952380952,0.166666666666667,0.0272727272727273,337.05548055,"Added location"
1,4,0.75,0.647684955767882,0.643731289074026,0.0347866716256845,"Tenerife Teno","Fuerteventura",0.0952380952380952,0.166666666666667,0.0272727272727273,337.05548055,"Added location"
1,4,0.775,0.64389390131603,0.636357187195273,0.0301638798980774,"Tenerife Teno","Fuerteventura",0.0952380952380952,0.166666666666667,0.0272727272727273,337.05548055,"Added location"
1,4,0.8,0.645231601865666,0.632213188406021,0.0402320859320032,"Tenerife Teno","Fuerteventura",0.0952380952380952,0.166666666666667,0.0272727272727273,337.05548055,"Added location"
1,5,0.3,0.621294670928009,0.723112093490914,NA,"Tenerife Teno","Western Sahara",0.043859649122807,0.192307692307692,0.00843881856540084,389.094179225,"Added location"
1,5,0.325,0.621294670928009,0.723112093490914,NA,"Tenerife Teno","Western Sahara",0.043859649122807,0.192307692307692,0.00843881856540084,389.094179225,"Added location"
1,5,0.35,0.621294670928009,0.723112093490914,NA,"Tenerife Teno","Western Sahara",0.043859649122807,0.192307692307692,0.00843881856540084,389.094179225,"Added location"
1,5,0.375,0.621294670928009,0.723112093490914,NA,"Tenerife Teno","Western Sahara",0.043859649122807,0.192307692307692,0.00843881856540084,389.094179225,"Added location"
1,5,0.4,0.621294670928009,0.723112093490914,NA,"Tenerife Teno","Western Sahara",0.043859649122807,0.192307692307692,0.00843881856540084,389.094179225,"Added location"
1,5,0.425,0.621294670928009,0.723112093490914,NA,"Tenerife Teno","Western Sahara",0.043859649122807,0.192307692307692,0.00843881856540084,389.094179225,"Added location"
1,5,0.45,0.621294670928009,0.723112093490914,NA,"Tenerife Teno","Western Sahara",0.043859649122807,0.192307692307692,0.00843881856540084,389.094179225,"Added location"
1,5,0.475,0.621294670928009,0.723112093490914,NA,"Tenerife Teno","Western Sahara",0.043859649122807,0.192307692307692,0.00843881856540084,389.094179225,"Added location"
1,5,0.5,0.621113130365972,0.708099800494463,0.0422803204177877,"Tenerife Teno","Western Sahara",0.043859649122807,0.192307692307692,0.00843881856540084,389.094179225,"Added location"
1,5,0.525,0.625786221760567,0.700192836266016,0.0778168685716811,"Tenerife Teno","Western Sahara",0.043859649122807,0.192307692307692,0.00843881856540084,389.094179225,"Added location"
1,5,0.55,0.623516282779416,0.686577576982637,0.0764895321667794,"Tenerife Teno","Western Sahara",0.043859649122807,0.192307692307692,0.00843881856540084,389.094179225,"Added location"
1,5,0.575,0.619512692155521,0.6712783910242,0.0740642986571687,"Tenerife Teno","Western Sahara",0.043859649122807,0.192307692307692,0.00843881856540084,389.094179225,"Added location"
1,5,0.6,0.614249805986931,0.654863739665174,0.0681864140631917,"Tenerife Teno","Western Sahara",0.043859649122807,0.192307692307692,0.00843881856540084,389.094179225,"Added location"
1,5,0.625,0.623153814030641,0.648625482786947,0.108251397009258,"Tenerife Teno","Western Sahara",0.043859649122807,0.192307692307692,0.00843881856540084,389.094179225,"Added location"
1,5,0.65,0.636831176278472,0.648723800924066,0.153418258710468,"Tenerife Teno","Western Sahara",0.043859649122807,0.192307692307692,0.00843881856540084,389.094179225,"Added location"
1,5,0.675,0.648940315064347,0.65126331694494,0.189477083839603,"Tenerife Teno","Western Sahara",0.043859649122807,0.192307692307692,0.00843881856540084,389.094179225,"Added location"
1,5,0.7,0.653118344638243,0.64932747060042,0.203160166811724,"Tenerife Teno","Western Sahara",0.043859649122807,0.192307692307692,0.00843881856540084,389.094179225,"Added location"
1,5,0.725,0.658390038550439,0.649470270679674,0.217447225518302,"Tenerife Teno","Western Sahara",0.043859649122807,0.192307692307692,0.00843881856540084,389.094179225,"Added location"
1,5,0.75,0.661877908078345,0.64728525800266,0.228642126968013,"Tenerife Teno","Western Sahara",0.043859649122807,0.192307692307692,0.00843881856540084,389.094179225,"Added location"
1,5,0.775,0.668547851497618,0.650302752040197,0.243677692153633,"Tenerife Teno","Western Sahara",0.043859649122807,0.192307692307692,0.00843881856540084,389.094179225,"Added location"
1,5,0.8,0.673943728999815,0.652452809612143,0.256530267852372,"Tenerife Teno","Western Sahara",0.043859649122807,0.192307692307692,0.00843881856540084,389.094179225,"Added location"
1,6,0.3,0.643959356811185,0.741871857497626,NA,"Tenerife Teno","El Hierro",0.189473684210526,0.363636363636364,0.0935960591133005,129.4144136,"Added location"
1,6,0.325,0.643959356811185,0.741871857497626,NA,"Tenerife Teno","El Hierro",0.189473684210526,0.363636363636364,0.0935960591133005,129.4144136,"Added location"
1,6,0.35,0.643959356811185,0.741871857497626,NA,"Tenerife Teno","El Hierro",0.189473684210526,0.363636363636364,0.0935960591133005,129.4144136,"Added location"
1,6,0.375,0.643959356811185,0.741871857497626,NA,"Tenerife Teno","El Hierro",0.189473684210526,0.363636363636364,0.0935960591133005,129.4144136,"Added location"
1,6,0.4,0.643959356811185,0.741871857497626,NA,"Tenerife Teno","El Hierro",0.189473684210526,0.363636363636364,0.0935960591133005,129.4144136,"Added location"
1,6,0.425,0.643959356811185,0.741871857497626,NA,"Tenerife Teno","El Hierro",0.189473684210526,0.363636363636364,0.0935960591133005,129.4144136,"Added location"
1,6,0.45,0.643959356811185,0.741871857497626,NA,"Tenerife Teno","El Hierro",0.189473684210526,0.363636363636364,0.0935960591133005,129.4144136,"Added location"
1,6,0.475,0.643959356811185,0.741871857497626,NA,"Tenerife Teno","El Hierro",0.189473684210526,0.363636363636364,0.0935960591133005,129.4144136,"Added location"
1,6,0.5,0.646561734295166,0.726460195800769,0.0685788014016931,"Tenerife Teno","El Hierro",0.189473684210526,0.363636363636364,0.0935960591133005,129.4144136,"Added location"
1,6,0.525,0.654444691119682,0.730234267500604,0.107121664536735,"Tenerife Teno","El Hierro",0.189473684210526,0.363636363636364,0.0935960591133005,129.4144136,"Added location"
1,6,0.55,0.662209567406952,0.733880023639606,0.143953492237499,"Tenerife Teno","El Hierro",0.189473684210526,0.363636363636364,0.0935960591133005,129.4144136,"Added location"
1,6,0.575,0.668532020315363,0.738135102807398,0.170452508606957,"Tenerife Teno","El Hierro",0.189473684210526,0.363636363636364,0.0935960591133005,129.4144136,"Added location"
1,6,0.6,0.677147340594604,0.744284148544797,0.205804368365178,"Tenerife Teno","El Hierro",0.189473684210526,0.363636363636364,0.0935960591133005,129.4144136,"Added location"
1,6,0.625,0.681112787243264,0.746500630196995,0.220720978340619,"Tenerife Teno","El Hierro",0.189473684210526,0.363636363636364,0.0935960591133005,129.4144136,"Added location"
1,6,0.65,0.688567874453656,0.751710168403996,0.249452733217255,"Tenerife Teno","El Hierro",0.189473684210526,0.363636363636364,0.0935960591133005,129.4144136,"Added location"
1,6,0.675,0.691896871831298,0.753355339314739,0.257855138687107,"Tenerife Teno","El Hierro",0.189473684210526,0.363636363636364,0.0935960591133005,129.4144136,"Added location"
1,6,0.7,0.695837001186275,0.753914356793888,0.267533973892734,"Tenerife Teno","El Hierro",0.189473684210526,0.363636363636364,0.0935960591133005,129.4144136,"Added location"
1,6,0.725,0.693075226126412,0.746721525855859,0.259391686216354,"Tenerife Teno","El Hierro",0.189473684210526,0.363636363636364,0.0935960591133005,129.4144136,"Added location"
1,6,0.75,0.689131349405281,0.737281131801318,0.247612050110284,"Tenerife Teno","El Hierro",0.189473684210526,0.363636363636364,0.0935960591133005,129.4144136,"Added location"
1,6,0.775,0.685456907756554,0.728690776144408,0.239817738908512,"Tenerife Teno","El Hierro",0.189473684210526,0.363636363636364,0.0935960591133005,129.4144136,"Added location"
1,6,0.8,0.686719346440016,0.726612246706146,0.242031662712364,"Tenerife Teno","El Hierro",0.189473684210526,0.363636363636364,0.0935960591133005,129.4144136,"Added location"
1,7,0.3,0.670495765855481,0.764146452929475,NA,"Tenerife Teno","La Gomera",0.168421052631579,0.478260869565217,0.091703056768559,52.751492455,"Added location"
1,7,0.325,0.670495765855481,0.764146452929475,NA,"Tenerife Teno","La Gomera",0.168421052631579,0.478260869565217,0.091703056768559,52.751492455,"Added location"
1,7,0.35,0.670495765855481,0.764146452929475,NA,"Tenerife Teno","La Gomera",0.168421052631579,0.478260869565217,0.091703056768559,52.751492455,"Added location"
1,7,0.375,0.670495765855481,0.764146452929475,NA,"Tenerife Teno","La Gomera",0.168421052631579,0.478260869565217,0.091703056768559,52.751492455,"Added location"
1,7,0.4,0.670495765855481,0.764146452929475,NA,"Tenerife Teno","La Gomera",0.168421052631579,0.478260869565217,0.091703056768559,52.751492455,"Added location"
1,7,0.425,0.670495765855481,0.764146452929475,NA,"Tenerife Teno","La Gomera",0.168421052631579,0.478260869565217,0.091703056768559,52.751492455,"Added location"
1,7,0.45,0.670495765855481,0.764146452929475,NA,"Tenerife Teno","La Gomera",0.168421052631579,0.478260869565217,0.091703056768559,52.751492455,"Added location"
1,7,0.475,0.670495765855481,0.764146452929475,NA,"Tenerife Teno","La Gomera",0.168421052631579,0.478260869565217,0.091703056768559,52.751492455,"Added location"
1,7,0.5,0.673298131735959,0.754605007548953,0.0666596443107543,"Tenerife Teno","La Gomera",0.168421052631579,0.478260869565217,0.091703056768559,52.751492455,"Added location"
1,7,0.525,0.677635692449627,0.75597851456256,0.0932946601649162,"Tenerife Teno","La Gomera",0.168421052631579,0.478260869565217,0.091703056768559,52.751492455,"Added location"
1,7,0.55,0.678499053086245,0.753688788023313,0.098641858267802,"Tenerife Teno","La Gomera",0.168421052631579,0.478260869565217,0.091703056768559,52.751492455,"Added location"
1,7,0.575,0.679163170158203,0.751636342858743,0.104980869683072,"Tenerife Teno","La Gomera",0.168421052631579,0.478260869565217,0.091703056768559,52.751492455,"Added location"
1,7,0.6,0.677257983309648,0.745878125690187,0.0971628242547794,"Tenerife Teno","La Gomera",0.168421052631579,0.478260869565217,0.091703056768559,52.751492455,"Added location"
1,7,0.625,0.681881188329915,0.744892292370704,0.117119497399019,"Tenerife Teno","La Gomera",0.168421052631579,0.478260869565217,0.091703056768559,52.751492455,"Added location"
1,7,0.65,0.691341468380087,0.749081879187665,0.162468831426238,"Tenerife Teno","La Gomera",0.168421052631579,0.478260869565217,0.091703056768559,52.751492455,"Added location"
1,7,0.675,0.695590692809906,0.748430874951058,0.181186253893521,"Tenerife Teno","La Gomera",0.168421052631579,0.478260869565217,0.091703056768559,52.751492455,"Added location"
1,7,0.7,0.691991666834606,0.738771519445374,0.169480105017027,"Tenerife Teno","La Gomera",0.168421052631579,0.478260869565217,0.091703056768559,52.751492455,"Added location"
1,7,0.725,0.687354798365617,0.723537699051174,0.157321296905499,"Tenerife Teno","La Gomera",0.168421052631579,0.478260869565217,0.091703056768559,52.751492455,"Added location"
1,7,0.75,0.685934238415777,0.715713815212727,0.153649648073199,"Tenerife Teno","La Gomera",0.168421052631579,0.478260869565217,0.091703056768559,52.751492455,"Added location"
1,7,0.775,0.682605212443714,0.707660079559267,0.146517783648553,"Tenerife Teno","La Gomera",0.168421052631579,0.478260869565217,0.091703056768559,52.751492455,"Added location"
1,7,0.8,0.671189081901049,0.689241225629137,0.117617234189975,"Tenerife Teno","La Gomera",0.168421052631579,0.478260869565217,0.091703056768559,52.751492455,"Added location"
2,1,0.3,0.624306397210506,0.725724342503083,NA,"Tenerife South","Tenerife Teno",0.257425742574257,0.4,0.109756097560976,57.4641820425,"Added location"
2,1,0.325,0.624306397210506,0.725724342503083,NA,"Tenerife South","Tenerife Teno",0.257425742574257,0.4,0.109756097560976,57.4641820425,"Added location"
2,1,0.35,0.624306397210506,0.725724342503083,NA,"Tenerife South","Tenerife Teno",0.257425742574257,0.4,0.109756097560976,57.4641820425,"Added location"
2,1,0.375,0.624306397210506,0.725724342503083,NA,"Tenerife South","Tenerife Teno",0.257425742574257,0.4,0.109756097560976,57.4641820425,"Added location"
2,1,0.4,0.624306397210506,0.725724342503083,NA,"Tenerife South","Tenerife Teno",0.257425742574257,0.4,0.109756097560976,57.4641820425,"Added location"
2,1,0.425,0.624306397210506,0.725724342503083,NA,"Tenerife South","Tenerife Teno",0.257425742574257,0.4,0.109756097560976,57.4641820425,"Added location"
2,1,0.45,0.624306397210506,0.725724342503083,NA,"Tenerife South","Tenerife Teno",0.257425742574257,0.4,0.109756097560976,57.4641820425,"Added location"
2,1,0.475,0.624306397210506,0.725724342503083,NA,"Tenerife South","Tenerife Teno",0.257425742574257,0.4,0.109756097560976,57.4641820425,"Added location"
2,1,0.5,0.624876122481484,0.716443218027452,0.0422246638352198,"Tenerife South","Tenerife Teno",0.257425742574257,0.4,0.109756097560976,57.4641820425,"Added location"
2,1,0.525,0.631810716900723,0.720638803841382,0.0857541060727413,"Tenerife South","Tenerife Teno",0.257425742574257,0.4,0.109756097560976,57.4641820425,"Added location"
2,1,0.55,0.637395317405821,0.722660188726885,0.12034517307076,"Tenerife South","Tenerife Teno",0.257425742574257,0.4,0.109756097560976,57.4641820425,"Added location"
2,1,0.575,0.641429655692816,0.721668589231602,0.13479688983536,"Tenerife South","Tenerife Teno",0.257425742574257,0.4,0.109756097560976,57.4641820425,"Added location"
2,1,0.6,0.646439576956549,0.72313620955462,0.156816655274675,"Tenerife South","Tenerife Teno",0.257425742574257,0.4,0.109756097560976,57.4641820425,"Added location"
2,1,0.625,0.650988162866785,0.721002431795234,0.173612171946533,"Tenerife South","Tenerife Teno",0.257425742574257,0.4,0.109756097560976,57.4641820425,"Added location"
2,1,0.65,0.65519362088694,0.718793444678071,0.189831571475178,"Tenerife South","Tenerife Teno",0.257425742574257,0.4,0.109756097560976,57.4641820425,"Added location"
2,1,0.675,0.658106493815481,0.715903571537856,0.195395080088926,"Tenerife South","Tenerife Teno",0.257425742574257,0.4,0.109756097560976,57.4641820425,"Added location"
2,1,0.7,0.667123657976324,0.717587477979649,0.224928404765149,"Tenerife South","Tenerife Teno",0.257425742574257,0.4,0.109756097560976,57.4641820425,"Added location"
2,1,0.725,0.675177706789906,0.720771606282497,0.24955572586001,"Tenerife South","Tenerife Teno",0.257425742574257,0.4,0.109756097560976,57.4641820425,"Added location"
2,1,0.75,0.680291630945129,0.720831208711578,0.260496941366493,"Tenerife South","Tenerife Teno",0.257425742574257,0.4,0.109756097560976,57.4641820425,"Added location"
2,1,0.775,0.679191490926325,0.7115882773972,0.253946635906539,"Tenerife South","Tenerife Teno",0.257425742574257,0.4,0.109756097560976,57.4641820425,"Added location"
2,1,0.8,0.680440016156673,0.70951722269975,0.257362500998274,"Tenerife South","Tenerife Teno",0.257425742574257,0.4,0.109756097560976,57.4641820425,"Added location"
2,2,0.3,0.688768331057526,0.779060722559558,NA,"Tenerife South","Tenerife South",1,1,1,0,"Single location"
2,2,0.325,0.688768331057526,0.779060722559558,NA,"Tenerife South","Tenerife South",1,1,1,0,"Single location"
2,2,0.35,0.688768331057526,0.779060722559558,NA,"Tenerife South","Tenerife South",1,1,1,0,"Single location"
2,2,0.375,0.688768331057526,0.779060722559558,NA,"Tenerife South","Tenerife South",1,1,1,0,"Single location"
2,2,0.4,0.688768331057526,0.779060722559558,NA,"Tenerife South","Tenerife South",1,1,1,0,"Single location"
2,2,0.425,0.688768331057526,0.779060722559558,NA,"Tenerife South","Tenerife South",1,1,1,0,"Single location"
2,2,0.45,0.688768331057526,0.779060722559558,NA,"Tenerife South","Tenerife South",1,1,1,0,"Single location"
2,2,0.475,0.688768331057526,0.779060722559558,NA,"Tenerife South","Tenerife South",1,1,1,0,"Single location"
2,2,0.5,0.692409273651304,0.771595488249368,0.0762347055986855,"Tenerife South","Tenerife South",1,1,1,0,"Single location"
2,2,0.525,0.693532727163189,0.76576887086223,0.0865597092986125,"Tenerife South","Tenerife South",1,1,1,0,"Single location"
2,2,0.55,0.698309843330732,0.763601016851163,0.116354001786023,"Tenerife South","Tenerife South",1,1,1,0,"Single location"
2,2,0.575,0.697508097574926,0.754739171229283,0.119354720893918,"Tenerife South","Tenerife South",1,1,1,0,"Single location"
2,2,0.6,0.696306971595948,0.746181206058256,0.118680355955693,"Tenerife South","Tenerife South",1,1,1,0,"Single location"
2,2,0.625,0.693214629094883,0.734014934729668,0.10856456548831,"Tenerife South","Tenerife South",1,1,1,0,"Single location"
2,2,0.65,0.694008984090372,0.72678123121252,0.121110354180129,"Tenerife South","Tenerife South",1,1,1,0,"Single location"
2,2,0.675,0.698258752369277,0.723219401584247,0.143275940488978,"Tenerife South","Tenerife South",1,1,1,0,"Single location"
2,2,0.7,0.701703309397982,0.71780257318185,0.15907629251058,"Tenerife South","Tenerife South",1,1,1,0,"Single location"
2,2,0.725,0.699925772609088,0.704810056857213,0.158732536323267,"Tenerife South","Tenerife South",1,1,1,0,"Single location"
2,2,0.75,0.706676870875431,0.703100081655388,0.184108712087099,"Tenerife South","Tenerife South",1,1,1,0,"Single location"
2,2,0.775,0.710210093259746,0.697114411961362,0.201647788630405,"Tenerife South","Tenerife South",1,1,1,0,"Single location"
2,2,0.8,0.713300820938617,0.691872929316959,0.214013152265401,"Tenerife South","Tenerife South",1,1,1,0,"Single location"
2,3,0.3,0.632782993239025,0.733297239828695,NA,"Tenerife South","Gran Canaria",0.242105263157895,0.333333333333333,0.0973451327433628,116.460649125,"Added location"
2,3,0.325,0.632782993239025,0.733297239828695,NA,"Tenerife South","Gran Canaria",0.242105263157895,0.333333333333333,0.0973451327433628,116.460649125,"Added location"
2,3,0.35,0.632782993239025,0.733297239828695,NA,"Tenerife South","Gran Canaria",0.242105263157895,0.333333333333333,0.0973451327433628,116.460649125,"Added location"
2,3,0.375,0.632782993239025,0.733297239828695,NA,"Tenerife South","Gran Canaria",0.242105263157895,0.333333333333333,0.0973451327433628,116.460649125,"Added location"
2,3,0.4,0.632782993239025,0.733297239828695,NA,"Tenerife South","Gran Canaria",0.242105263157895,0.333333333333333,0.0973451327433628,116.460649125,"Added location"
2,3,0.425,0.632782993239025,0.733297239828695,NA,"Tenerife South","Gran Canaria",0.242105263157895,0.333333333333333,0.0973451327433628,116.460649125,"Added location"
2,3,0.45,0.632782993239025,0.733297239828695,NA,"Tenerife South","Gran Canaria",0.242105263157895,0.333333333333333,0.0973451327433628,116.460649125,"Added location"
2,3,0.475,0.632782993239025,0.733297239828695,NA,"Tenerife South","Gran Canaria",0.242105263157895,0.333333333333333,0.0973451327433628,116.460649125,"Added location"
2,3,0.5,0.633616479174761,0.722371831865781,0.0466889588921831,"Tenerife South","Gran Canaria",0.242105263157895,0.333333333333333,0.0973451327433628,116.460649125,"Added location"
2,3,0.525,0.640084071813834,0.72007355696102,0.0844501026903013,"Tenerife South","Gran Canaria",0.242105263157895,0.333333333333333,0.0973451327433628,116.460649125,"Added location"
2,3,0.55,0.645439818236133,0.719565404206169,0.112149847353442,"Tenerife South","Gran Canaria",0.242105263157895,0.333333333333333,0.0973451327433628,116.460649125,"Added location"
2,3,0.575,0.650860948629007,0.717769382980711,0.13451267273013,"Tenerife South","Gran Canaria",0.242105263157895,0.333333333333333,0.0973451327433628,116.460649125,"Added location"
2,3,0.6,0.654881269734099,0.712356272396674,0.15473689307909,"Tenerife South","Gran Canaria",0.242105263157895,0.333333333333333,0.0973451327433628,116.460649125,"Added location"
2,3,0.625,0.654739100952908,0.703212035818888,0.154859216434874,"Tenerife South","Gran Canaria",0.242105263157895,0.333333333333333,0.0973451327433628,116.460649125,"Added location"
2,3,0.65,0.65896679592028,0.698105900263237,0.17357085311294,"Tenerife South","Gran Canaria",0.242105263157895,0.333333333333333,0.0973451327433628,116.460649125,"Added location"
2,3,0.675,0.651411578245561,0.680091673836842,0.153665355198331,"Tenerife South","Gran Canaria",0.242105263157895,0.333333333333333,0.0973451327433628,116.460649125,"Added location"
2,3,0.7,0.6569370264974,0.67483010291048,0.177390003111638,"Tenerife South","Gran Canaria",0.242105263157895,0.333333333333333,0.0973451327433628,116.460649125,"Added location"
2,3,0.725,0.661227769524005,0.670905851165253,0.190375675852444,"Tenerife South","Gran Canaria",0.242105263157895,0.333333333333333,0.0973451327433628,116.460649125,"Added location"
2,3,0.75,0.666791366487248,0.666675485821675,0.207515587807614,"Tenerife South","Gran Canaria",0.242105263157895,0.333333333333333,0.0973451327433628,116.460649125,"Added location"
2,3,0.775,0.66468168954442,0.654561309318166,0.206591300967457,"Tenerife South","Gran Canaria",0.242105263157895,0.333333333333333,0.0973451327433628,116.460649125,"Added location"
2,3,0.8,0.658261795038978,0.635608596843637,0.200906457404476,"Tenerife South","Gran Canaria",0.242105263157895,0.333333333333333,0.0973451327433628,116.460649125,"Added location"
2,4,0.3,0.659974360869242,0.754739018923497,NA,"Tenerife South","Fuerteventura",0.127272727272727,0.25,0.0405405405405405,284.2253518,"Added location"
2,4,0.325,0.659974360869242,0.754739018923497,NA,"Tenerife South","Fuerteventura",0.127272727272727,0.25,0.0405405405405405,284.2253518,"Added location"
2,4,0.35,0.659974360869242,0.754739018923497,NA,"Tenerife South","Fuerteventura",0.127272727272727,0.25,0.0405405405405405,284.2253518,"Added location"
2,4,0.375,0.659974360869242,0.754739018923497,NA,"Tenerife South","Fuerteventura",0.127272727272727,0.25,0.0405405405405405,284.2253518,"Added location"
2,4,0.4,0.659974360869242,0.754739018923497,NA,"Tenerife South","Fuerteventura",0.127272727272727,0.25,0.0405405405405405,284.2253518,"Added location"
2,4,0.425,0.659974360869242,0.754739018923497,NA,"Tenerife South","Fuerteventura",0.127272727272727,0.25,0.0405405405405405,284.2253518,"Added location"
2,4,0.45,0.659974360869242,0.754739018923497,NA,"Tenerife South","Fuerteventura",0.127272727272727,0.25,0.0405405405405405,284.2253518,"Added location"
2,4,0.475,0.659974360869242,0.754739018923497,NA,"Tenerife South","Fuerteventura",0.127272727272727,0.25,0.0405405405405405,284.2253518,"Added location"
2,4,0.5,0.663079429767936,0.739958975356075,0.0758812254201267,"Tenerife South","Fuerteventura",0.127272727272727,0.25,0.0405405405405405,284.2253518,"Added location"
2,4,0.525,0.665538969225023,0.740607104356371,0.0905256677276011,"Tenerife South","Fuerteventura",0.127272727272727,0.25,0.0405405405405405,284.2253518,"Added location"
2,4,0.55,0.66840430252564,0.741692299267988,0.101321486388319,"Tenerife South","Fuerteventura",0.127272727272727,0.25,0.0405405405405405,284.2253518,"Added location"
2,4,0.575,0.669810128285304,0.741394995200386,0.110523281002949,"Tenerife South","Fuerteventura",0.127272727272727,0.25,0.0405405405405405,284.2253518,"Added location"
2,4,0.6,0.669335065685389,0.739180840474493,0.108684365703962,"Tenerife South","Fuerteventura",0.127272727272727,0.25,0.0405405405405405,284.2253518,"Added location"
2,4,0.625,0.670110363416733,0.737550491695549,0.114856458978976,"Tenerife South","Fuerteventura",0.127272727272727,0.25,0.0405405405405405,284.2253518,"Added location"
2,4,0.65,0.670406699337272,0.7373754514198,0.118111255477549,"Tenerife South","Fuerteventura",0.127272727272727,0.25,0.0405405405405405,284.2253518,"Added location"
2,4,0.675,0.671871459666631,0.737875329155606,0.124078551555849,"Tenerife South","Fuerteventura",0.127272727272727,0.25,0.0405405405405405,284.2253518,"Added location"
2,4,0.7,0.668073155555896,0.731807958293337,0.110889651008998,"Tenerife South","Fuerteventura",0.127272727272727,0.25,0.0405405405405405,284.2253518,"Added location"
2,4,0.725,0.661097312035705,0.714689111323624,0.094248123483966,"Tenerife South","Fuerteventura",0.127272727272727,0.25,0.0405405405405405,284.2253518,"Added location"
2,4,0.75,0.656801490599147,0.703182395472672,0.0836755145220612,"Tenerife South","Fuerteventura",0.127272727272727,0.25,0.0405405405405405,284.2253518,"Added location"
2,4,0.775,0.64315189213072,0.678380981258807,0.0462632459523618,"Tenerife South","Fuerteventura",0.127272727272727,0.25,0.0405405405405405,284.2253518,"Added location"
2,4,0.8,0.645594305914799,0.6688569128798,0.0618912495792104,"Tenerife South","Fuerteventura",0.127272727272727,0.25,0.0405405405405405,284.2253518,"Added location"
2,5,0.3,0.632821582247828,0.732456280824137,NA,"Tenerife South","Western Sahara",0.0491803278688525,0.272727272727273,0.00411522633744856,339.3817762,"Added location"
2,5,0.325,0.632821582247828,0.732456280824137,NA,"Tenerife South","Western Sahara",0.0491803278688525,0.272727272727273,0.00411522633744856,339.3817762,"Added location"
2,5,0.35,0.632821582247828,0.732456280824137,NA,"Tenerife South","Western Sahara",0.0491803278688525,0.272727272727273,0.00411522633744856,339.3817762,"Added location"
2,5,0.375,0.632821582247828,0.732456280824137,NA,"Tenerife South","Western Sahara",0.0491803278688525,0.272727272727273,0.00411522633744856,339.3817762,"Added location"
2,5,0.4,0.632821582247828,0.732456280824137,NA,"Tenerife South","Western Sahara",0.0491803278688525,0.272727272727273,0.00411522633744856,339.3817762,"Added location"
2,5,0.425,0.632821582247828,0.732456280824137,NA,"Tenerife South","Western Sahara",0.0491803278688525,0.272727272727273,0.00411522633744856,339.3817762,"Added location"
2,5,0.45,0.632821582247828,0.732456280824137,NA,"Tenerife South","Western Sahara",0.0491803278688525,0.272727272727273,0.00411522633744856,339.3817762,"Added location"
2,5,0.475,0.632821582247828,0.732456280824137,NA,"Tenerife South","Western Sahara",0.0491803278688525,0.272727272727273,0.00411522633744856,339.3817762,"Added location"
2,5,0.5,0.633497090751559,0.718346653035976,0.049646661974511,"Tenerife South","Western Sahara",0.0491803278688525,0.272727272727273,0.00411522633744856,339.3817762,"Added location"
2,5,0.525,0.644362089970913,0.724449168781168,0.10806061087275,"Tenerife South","Western Sahara",0.0491803278688525,0.272727272727273,0.00411522633744856,339.3817762,"Added location"
2,5,0.55,0.647749802466899,0.718546278443471,0.124840465968906,"Tenerife South","Western Sahara",0.0491803278688525,0.272727272727273,0.00411522633744856,339.3817762,"Added location"
2,5,0.575,0.651093694664668,0.714185024383362,0.139897902340054,"Tenerife South","Western Sahara",0.0491803278688525,0.272727272727273,0.00411522633744856,339.3817762,"Added location"
2,5,0.6,0.646997155545378,0.701607205541279,0.128479965634753,"Tenerife South","Western Sahara",0.0491803278688525,0.272727272727273,0.00411522633744856,339.3817762,"Added location"
2,5,0.625,0.643686635891286,0.687532974923274,0.12552348919238,"Tenerife South","Western Sahara",0.0491803278688525,0.272727272727273,0.00411522633744856,339.3817762,"Added location"
2,5,0.65,0.647345547345985,0.681417950050737,0.137387048953498,"Tenerife South","Western Sahara",0.0491803278688525,0.272727272727273,0.00411522633744856,339.3817762,"Added location"
2,5,0.675,0.641618467137033,0.66242047741714,0.131398303871094,"Tenerife South","Western Sahara",0.0491803278688525,0.272727272727273,0.00411522633744856,339.3817762,"Added location"
2,5,0.7,0.640504262477904,0.651304486616305,0.135575251774347,"Tenerife South","Western Sahara",0.0491803278688525,0.272727272727273,0.00411522633744856,339.3817762,"Added location"
2,5,0.725,0.636957134677611,0.638979480906475,0.135040694769808,"Tenerife South","Western Sahara",0.0491803278688525,0.272727272727273,0.00411522633744856,339.3817762,"Added location"
2,5,0.75,0.643745366495682,0.635981902988858,0.155965153204529,"Tenerife South","Western Sahara",0.0491803278688525,0.272727272727273,0.00411522633744856,339.3817762,"Added location"
2,5,0.775,0.643183125350835,0.629829091347016,0.158619130562468,"Tenerife South","Western Sahara",0.0491803278688525,0.272727272727273,0.00411522633744856,339.3817762,"Added location"
2,5,0.8,0.63238896064122,0.606867566911638,0.140786411186409,"Tenerife South","Western Sahara",0.0491803278688525,0.272727272727273,0.00411522633744856,339.3817762,"Added location"
2,6,0.3,0.650013711646516,0.747414546523051,NA,"Tenerife South","El Hierro",0.150943396226415,0.285714285714286,0.0558139534883721,172.763448,"Added location"
2,6,0.325,0.650013711646516,0.747414546523051,NA,"Tenerife South","El Hierro",0.150943396226415,0.285714285714286,0.0558139534883721,172.763448,"Added location"
2,6,0.35,0.650013711646516,0.747414546523051,NA,"Tenerife South","El Hierro",0.150943396226415,0.285714285714286,0.0558139534883721,172.763448,"Added location"
2,6,0.375,0.650013711646516,0.747414546523051,NA,"Tenerife South","El Hierro",0.150943396226415,0.285714285714286,0.0558139534883721,172.763448,"Added location"
2,6,0.4,0.650013711646516,0.747414546523051,NA,"Tenerife South","El Hierro",0.150943396226415,0.285714285714286,0.0558139534883721,172.763448,"Added location"
2,6,0.425,0.650013711646516,0.747414546523051,NA,"Tenerife South","El Hierro",0.150943396226415,0.285714285714286,0.0558139534883721,172.763448,"Added location"
2,6,0.45,0.650013711646516,0.747414546523051,NA,"Tenerife South","El Hierro",0.150943396226415,0.285714285714286,0.0558139534883721,172.763448,"Added location"
2,6,0.475,0.650013711646516,0.747414546523051,NA,"Tenerife South","El Hierro",0.150943396226415,0.285714285714286,0.0558139534883721,172.763448,"Added location"
2,6,0.5,0.652320664757574,0.731844747398653,0.0657343868357742,"Tenerife South","El Hierro",0.150943396226415,0.285714285714286,0.0558139534883721,172.763448,"Added location"
2,6,0.525,0.655534340452965,0.731252956713409,0.0847307113086139,"Tenerife South","El Hierro",0.150943396226415,0.285714285714286,0.0558139534883721,172.763448,"Added location"
2,6,0.55,0.656343214840635,0.729993213861314,0.089911324699775,"Tenerife South","El Hierro",0.150943396226415,0.285714285714286,0.0558139534883721,172.763448,"Added location"
2,6,0.575,0.655129656282071,0.727027225864491,0.0853227594365595,"Tenerife South","El Hierro",0.150943396226415,0.285714285714286,0.0558139534883721,172.763448,"Added location"
2,6,0.6,0.653452550103886,0.719785948845067,0.0830662636234564,"Tenerife South","El Hierro",0.150943396226415,0.285714285714286,0.0558139534883721,172.763448,"Added location"
2,6,0.625,0.661412115565353,0.722711358741096,0.117624956011019,"Tenerife South","El Hierro",0.150943396226415,0.285714285714286,0.0558139534883721,172.763448,"Added location"
2,6,0.65,0.665960597920183,0.723973598896135,0.136119941654261,"Tenerife South","El Hierro",0.150943396226415,0.285714285714286,0.0558139534883721,172.763448,"Added location"
2,6,0.675,0.668246123451657,0.724834899859707,0.144682146749723,"Tenerife South","El Hierro",0.150943396226415,0.285714285714286,0.0558139534883721,172.763448,"Added location"
2,6,0.7,0.673893213235544,0.728846091028792,0.16483579445127,"Tenerife South","El Hierro",0.150943396226415,0.285714285714286,0.0558139534883721,172.763448,"Added location"
2,6,0.725,0.680000452415402,0.732968941479982,0.187485626993492,"Tenerife South","El Hierro",0.150943396226415,0.285714285714286,0.0558139534883721,172.763448,"Added location"
2,6,0.75,0.682211227001121,0.734020745771546,0.194271066157922,"Tenerife South","El Hierro",0.150943396226415,0.285714285714286,0.0558139534883721,172.763448,"Added location"
2,6,0.775,0.685285551121904,0.73609806391338,0.203320067203985,"Tenerife South","El Hierro",0.150943396226415,0.285714285714286,0.0558139534883721,172.763448,"Added location"
2,6,0.8,0.690641552546377,0.738863813715232,0.219775747533337,"Tenerife South","El Hierro",0.150943396226415,0.285714285714286,0.0558139534883721,172.763448,"Added location"
2,7,0.3,0.650247621093888,0.74773858027877,NA,"Tenerife South","La Gomera",0.237113402061856,0.476190476190476,0.0851063829787234,92.99956344,"Added location"
2,7,0.325,0.650247621093888,0.74773858027877,NA,"Tenerife South","La Gomera",0.237113402061856,0.476190476190476,0.0851063829787234,92.99956344,"Added location"
2,7,0.35,0.650247621093888,0.74773858027877,NA,"Tenerife South","La Gomera",0.237113402061856,0.476190476190476,0.0851063829787234,92.99956344,"Added location"
2,7,0.375,0.650247621093888,0.74773858027877,NA,"Tenerife South","La Gomera",0.237113402061856,0.476190476190476,0.0851063829787234,92.99956344,"Added location"
2,7,0.4,0.650247621093888,0.74773858027877,NA,"Tenerife South","La Gomera",0.237113402061856,0.476190476190476,0.0851063829787234,92.99956344,"Added location"
2,7,0.425,0.650247621093888,0.74773858027877,NA,"Tenerife South","La Gomera",0.237113402061856,0.476190476190476,0.0851063829787234,92.99956344,"Added location"
2,7,0.45,0.650247621093888,0.74773858027877,NA,"Tenerife South","La Gomera",0.237113402061856,0.476190476190476,0.0851063829787234,92.99956344,"Added location"
2,7,0.475,0.650247621093888,0.74773858027877,NA,"Tenerife South","La Gomera",0.237113402061856,0.476190476190476,0.0851063829787234,92.99956344,"Added location"
2,7,0.5,0.652615866031744,0.739424931150314,0.0614652247659644,"Tenerife South","La Gomera",0.237113402061856,0.476190476190476,0.0851063829787234,92.99956344,"Added location"
2,7,0.525,0.655842107825491,0.738361788719883,0.0827849616769211,"Tenerife South","La Gomera",0.237113402061856,0.476190476190476,0.0851063829787234,92.99956344,"Added location"
2,7,0.55,0.659921540898506,0.739600581088436,0.103039859926036,"Tenerife South","La Gomera",0.237113402061856,0.476190476190476,0.0851063829787234,92.99956344,"Added location"
2,7,0.575,0.663800826412158,0.741184659348753,0.12481554618927,"Tenerife South","La Gomera",0.237113402061856,0.476190476190476,0.0851063829787234,92.99956344,"Added location"
2,7,0.6,0.664996740595668,0.740449708293226,0.131219324799031,"Tenerife South","La Gomera",0.237113402061856,0.476190476190476,0.0851063829787234,92.99956344,"Added location"
2,7,0.625,0.663318674958056,0.736451330720391,0.125515081592637,"Tenerife South","La Gomera",0.237113402061856,0.476190476190476,0.0851063829787234,92.99956344,"Added location"
2,7,0.65,0.664581331850612,0.735356603767096,0.130339937733108,"Tenerife South","La Gomera",0.237113402061856,0.476190476190476,0.0851063829787234,92.99956344,"Added location"
2,7,0.675,0.664215922962504,0.731282640005411,0.133660664302418,"Tenerife South","La Gomera",0.237113402061856,0.476190476190476,0.0851063829787234,92.99956344,"Added location"
2,7,0.7,0.660700840903048,0.722318107693137,0.122162819129461,"Tenerife South","La Gomera",0.237113402061856,0.476190476190476,0.0851063829787234,92.99956344,"Added location"
2,7,0.725,0.664680666842911,0.721401603594019,0.13992317606571,"Tenerife South","La Gomera",0.237113402061856,0.476190476190476,0.0851063829787234,92.99956344,"Added location"
2,7,0.75,0.665333649959621,0.717768886513314,0.138629146355493,"Tenerife South","La Gomera",0.237113402061856,0.476190476190476,0.0851063829787234,92.99956344,"Added location"
2,7,0.775,0.665808297093184,0.715684160304491,0.14289956658763,"Tenerife South","La Gomera",0.237113402061856,0.476190476190476,0.0851063829787234,92.99956344,"Added location"
2,7,0.8,0.662849429351075,0.707233790445283,0.136866829133637,"Tenerife South","La Gomera",0.237113402061856,0.476190476190476,0.0851063829787234,92.99956344,"Added location"
3,1,0.3,0.636956585912997,0.736457575372245,NA,"Gran Canaria","Tenerife Teno",0.211111111111111,0.347826086956522,0.0704845814977974,173.858830325,"Added location"
3,1,0.325,0.636956585912997,0.736457575372245,NA,"Gran Canaria","Tenerife Teno",0.211111111111111,0.347826086956522,0.0704845814977974,173.858830325,"Added location"
3,1,0.35,0.636956585912997,0.736457575372245,NA,"Gran Canaria","Tenerife Teno",0.211111111111111,0.347826086956522,0.0704845814977974,173.858830325,"Added location"
3,1,0.375,0.636956585912997,0.736457575372245,NA,"Gran Canaria","Tenerife Teno",0.211111111111111,0.347826086956522,0.0704845814977974,173.858830325,"Added location"
3,1,0.4,0.636956585912997,0.736457575372245,NA,"Gran Canaria","Tenerife Teno",0.211111111111111,0.347826086956522,0.0704845814977974,173.858830325,"Added location"
3,1,0.425,0.636956585912997,0.736457575372245,NA,"Gran Canaria","Tenerife Teno",0.211111111111111,0.347826086956522,0.0704845814977974,173.858830325,"Added location"
3,1,0.45,0.636956585912997,0.736457575372245,NA,"Gran Canaria","Tenerife Teno",0.211111111111111,0.347826086956522,0.0704845814977974,173.858830325,"Added location"
3,1,0.475,0.636956585912997,0.736457575372245,NA,"Gran Canaria","Tenerife Teno",0.211111111111111,0.347826086956522,0.0704845814977974,173.858830325,"Added location"
3,1,0.5,0.637960996610668,0.72701361933757,0.0467591853773306,"Gran Canaria","Tenerife Teno",0.211111111111111,0.347826086956522,0.0704845814977974,173.858830325,"Added location"
3,1,0.525,0.636278478013268,0.720705164469868,0.0438191050344834,"Gran Canaria","Tenerife Teno",0.211111111111111,0.347826086956522,0.0704845814977974,173.858830325,"Added location"
3,1,0.55,0.640019915219153,0.719669979624635,0.0656089687005379,"Gran Canaria","Tenerife Teno",0.211111111111111,0.347826086956522,0.0704845814977974,173.858830325,"Added location"
3,1,0.575,0.641659460039071,0.716357963583409,0.0766971629143714,"Gran Canaria","Tenerife Teno",0.211111111111111,0.347826086956522,0.0704845814977974,173.858830325,"Added location"
3,1,0.6,0.647010996887118,0.717123780746544,0.104557247221039,"Gran Canaria","Tenerife Teno",0.211111111111111,0.347826086956522,0.0704845814977974,173.858830325,"Added location"
3,1,0.625,0.648309084305198,0.712711875688247,0.109423090017105,"Gran Canaria","Tenerife Teno",0.211111111111111,0.347826086956522,0.0704845814977974,173.858830325,"Added location"
3,1,0.65,0.651825779762151,0.710020727860081,0.126097662920355,"Gran Canaria","Tenerife Teno",0.211111111111111,0.347826086956522,0.0704845814977974,173.858830325,"Added location"
3,1,0.675,0.647019211370691,0.697712468615067,0.114092254687585,"Gran Canaria","Tenerife Teno",0.211111111111111,0.347826086956522,0.0704845814977974,173.858830325,"Added location"
3,1,0.7,0.646756599473538,0.685343948871701,0.122026703147399,"Gran Canaria","Tenerife Teno",0.211111111111111,0.347826086956522,0.0704845814977974,173.858830325,"Added location"
3,1,0.725,0.648210191012341,0.677567572903243,0.132017788587618,"Gran Canaria","Tenerife Teno",0.211111111111111,0.347826086956522,0.0704845814977974,173.858830325,"Added location"
3,1,0.75,0.650226950328296,0.670170084510034,0.143669326955278,"Gran Canaria","Tenerife Teno",0.211111111111111,0.347826086956522,0.0704845814977974,173.858830325,"Added location"
3,1,0.775,0.649657480904159,0.660273878640341,0.150345442455196,"Gran Canaria","Tenerife Teno",0.211111111111111,0.347826086956522,0.0704845814977974,173.858830325,"Added location"
3,1,0.8,0.646903596748414,0.649858506581671,0.151064274715407,"Gran Canaria","Tenerife Teno",0.211111111111111,0.347826086956522,0.0704845814977974,173.858830325,"Added location"
3,2,0.3,0.6682313845141,0.762468976395684,NA,"Gran Canaria","Tenerife South",0.242105263157895,0.333333333333333,0.0973451327433628,116.460649125,"Added location"
3,2,0.325,0.6682313845141,0.762468976395684,NA,"Gran Canaria","Tenerife South",0.242105263157895,0.333333333333333,0.0973451327433628,116.460649125,"Added location"
3,2,0.35,0.6682313845141,0.762468976395684,NA,"Gran Canaria","Tenerife South",0.242105263157895,0.333333333333333,0.0973451327433628,116.460649125,"Added location"
3,2,0.375,0.6682313845141,0.762468976395684,NA,"Gran Canaria","Tenerife South",0.242105263157895,0.333333333333333,0.0973451327433628,116.460649125,"Added location"
3,2,0.4,0.6682313845141,0.762468976395684,NA,"Gran Canaria","Tenerife South",0.242105263157895,0.333333333333333,0.0973451327433628,116.460649125,"Added location"
3,2,0.425,0.6682313845141,0.762468976395684,NA,"Gran Canaria","Tenerife South",0.242105263157895,0.333333333333333,0.0973451327433628,116.460649125,"Added location"
3,2,0.45,0.6682313845141,0.762468976395684,NA,"Gran Canaria","Tenerife South",0.242105263157895,0.333333333333333,0.0973451327433628,116.460649125,"Added location"
3,2,0.475,0.6682313845141,0.762468976395684,NA,"Gran Canaria","Tenerife South",0.242105263157895,0.333333333333333,0.0973451327433628,116.460649125,"Added location"
3,2,0.5,0.671037243418361,0.754790780201816,0.0665036684137761,"Gran Canaria","Tenerife South",0.242105263157895,0.333333333333333,0.0973451327433628,116.460649125,"Added location"
3,2,0.525,0.670867490909249,0.74671604202168,0.0700742743395245,"Gran Canaria","Tenerife South",0.242105263157895,0.333333333333333,0.0973451327433628,116.460649125,"Added location"
3,2,0.55,0.67416670448659,0.742627589080875,0.0987288219462104,"Gran Canaria","Tenerife South",0.242105263157895,0.333333333333333,0.0973451327433628,116.460649125,"Added location"
3,2,0.575,0.674485316612556,0.736273358547358,0.103872615973115,"Gran Canaria","Tenerife South",0.242105263157895,0.333333333333333,0.0973451327433628,116.460649125,"Added location"
3,2,0.6,0.678441672006102,0.733689737406024,0.127368452977714,"Gran Canaria","Tenerife South",0.242105263157895,0.333333333333333,0.0973451327433628,116.460649125,"Added location"
3,2,0.625,0.67681578515043,0.724535621341704,0.127165434707563,"Gran Canaria","Tenerife South",0.242105263157895,0.333333333333333,0.0973451327433628,116.460649125,"Added location"
3,2,0.65,0.676032888379541,0.714207467886708,0.132566619465423,"Gran Canaria","Tenerife South",0.242105263157895,0.333333333333333,0.0973451327433628,116.460649125,"Added location"
3,2,0.675,0.678538184323827,0.710047916388079,0.145240620060445,"Gran Canaria","Tenerife South",0.242105263157895,0.333333333333333,0.0973451327433628,116.460649125,"Added location"
3,2,0.7,0.676950859934294,0.702460281602514,0.146251348178695,"Gran Canaria","Tenerife South",0.242105263157895,0.333333333333333,0.0973451327433628,116.460649125,"Added location"
3,2,0.725,0.674257997382329,0.691341075229921,0.140842409606436,"Gran Canaria","Tenerife South",0.242105263157895,0.333333333333333,0.0973451327433628,116.460649125,"Added location"
3,2,0.75,0.666432090640643,0.674353144326491,0.126445102319311,"Gran Canaria","Tenerife South",0.242105263157895,0.333333333333333,0.0973451327433628,116.460649125,"Added location"
3,2,0.775,0.657698981049057,0.656411065479287,0.111094232144641,"Gran Canaria","Tenerife South",0.242105263157895,0.333333333333333,0.0973451327433628,116.460649125,"Added location"
3,2,0.8,0.651536895813998,0.638075153244773,0.108661978032045,"Gran Canaria","Tenerife South",0.242105263157895,0.333333333333333,0.0973451327433628,116.460649125,"Added location"
3,3,0.3,0.649671760434904,0.746837204037519,NA,"Gran Canaria","Gran Canaria",1,1,1,0,"Single location"
3,3,0.325,0.649671760434904,0.746837204037519,NA,"Gran Canaria","Gran Canaria",1,1,1,0,"Single location"
3,3,0.35,0.649671760434904,0.746837204037519,NA,"Gran Canaria","Gran Canaria",1,1,1,0,"Single location"
3,3,0.375,0.649671760434904,0.746837204037519,NA,"Gran Canaria","Gran Canaria",1,1,1,0,"Single location"
3,3,0.4,0.649671760434904,0.746837204037519,NA,"Gran Canaria","Gran Canaria",1,1,1,0,"Single location"
3,3,0.425,0.649671760434904,0.746837204037519,NA,"Gran Canaria","Gran Canaria",1,1,1,0,"Single location"
3,3,0.45,0.649671760434904,0.746837204037519,NA,"Gran Canaria","Gran Canaria",1,1,1,0,"Single location"
3,3,0.475,0.649671760434904,0.746837204037519,NA,"Gran Canaria","Gran Canaria",1,1,1,0,"Single location"
3,3,0.5,0.652113704582863,0.734665414564488,0.0650491001629104,"Gran Canaria","Gran Canaria",1,1,1,0,"Single location"
3,3,0.525,0.659114536443074,0.737273666376919,0.0986392939273438,"Gran Canaria","Gran Canaria",1,1,1,0,"Single location"
3,3,0.55,0.661807888827993,0.734265940581198,0.116102035583278,"Gran Canaria","Gran Canaria",1,1,1,0,"Single location"
3,3,0.575,0.661180665939314,0.728764090261296,0.113568930684578,"Gran Canaria","Gran Canaria",1,1,1,0,"Single location"
3,3,0.6,0.668071523036799,0.731793172362961,0.142835533362725,"Gran Canaria","Gran Canaria",1,1,1,0,"Single location"
3,3,0.625,0.67042112764746,0.730365097261753,0.151463056897036,"Gran Canaria","Gran Canaria",1,1,1,0,"Single location"
3,3,0.65,0.670201100843606,0.725564727063709,0.152212254511915,"Gran Canaria","Gran Canaria",1,1,1,0,"Single location"
3,3,0.675,0.668261659759943,0.719943157393292,0.147001785735376,"Gran Canaria","Gran Canaria",1,1,1,0,"Single location"
3,3,0.7,0.672046260065098,0.720859168668647,0.159669684666118,"Gran Canaria","Gran Canaria",1,1,1,0,"Single location"
3,3,0.725,0.672815770963688,0.717272889875898,0.167895703156823,"Gran Canaria","Gran Canaria",1,1,1,0,"Single location"
3,3,0.75,0.670416051069677,0.711063696481656,0.160394173785257,"Gran Canaria","Gran Canaria",1,1,1,0,"Single location"
3,3,0.775,0.667700648455209,0.702247356055989,0.158580947946782,"Gran Canaria","Gran Canaria",1,1,1,0,"Single location"
3,3,0.8,0.667452605860064,0.695223278754275,0.162632677230166,"Gran Canaria","Gran Canaria",1,1,1,0,"Single location"
3,4,0.3,0.678889576351044,0.770617485182992,NA,"Gran Canaria","Fuerteventura",0.139784946236559,0.235294117647059,0.0578947368421053,190.47459875,"Added location"
3,4,0.325,0.678889576351044,0.770617485182992,NA,"Gran Canaria","Fuerteventura",0.139784946236559,0.235294117647059,0.0578947368421053,190.47459875,"Added location"
3,4,0.35,0.678889576351044,0.770617485182992,NA,"Gran Canaria","Fuerteventura",0.139784946236559,0.235294117647059,0.0578947368421053,190.47459875,"Added location"
3,4,0.375,0.678889576351044,0.770617485182992,NA,"Gran Canaria","Fuerteventura",0.139784946236559,0.235294117647059,0.0578947368421053,190.47459875,"Added location"
3,4,0.4,0.678889576351044,0.770617485182992,NA,"Gran Canaria","Fuerteventura",0.139784946236559,0.235294117647059,0.0578947368421053,190.47459875,"Added location"
3,4,0.425,0.678889576351044,0.770617485182992,NA,"Gran Canaria","Fuerteventura",0.139784946236559,0.235294117647059,0.0578947368421053,190.47459875,"Added location"
3,4,0.45,0.678889576351044,0.770617485182992,NA,"Gran Canaria","Fuerteventura",0.139784946236559,0.235294117647059,0.0578947368421053,190.47459875,"Added location"
3,4,0.475,0.678889576351044,0.770617485182992,NA,"Gran Canaria","Fuerteventura",0.139784946236559,0.235294117647059,0.0578947368421053,190.47459875,"Added location"
3,4,0.5,0.683811464740083,0.758374623445323,0.0898413591117025,"Gran Canaria","Fuerteventura",0.139784946236559,0.235294117647059,0.0578947368421053,190.47459875,"Added location"
3,4,0.525,0.688082502505299,0.760333403718663,0.113417976395678,"Gran Canaria","Fuerteventura",0.139784946236559,0.235294117647059,0.0578947368421053,190.47459875,"Added location"
3,4,0.55,0.691461242482841,0.762571679190496,0.129945623350241,"Gran Canaria","Fuerteventura",0.139784946236559,0.235294117647059,0.0578947368421053,190.47459875,"Added location"
3,4,0.575,0.695647474044277,0.765338403941135,0.150601963288696,"Gran Canaria","Fuerteventura",0.139784946236559,0.235294117647059,0.0578947368421053,190.47459875,"Added location"
3,4,0.6,0.696603351624643,0.765011029539017,0.155751256634749,"Gran Canaria","Fuerteventura",0.139784946236559,0.235294117647059,0.0578947368421053,190.47459875,"Added location"
3,4,0.625,0.697465008191896,0.763845952010642,0.160368441033637,"Gran Canaria","Fuerteventura",0.139784946236559,0.235294117647059,0.0578947368421053,190.47459875,"Added location"
3,4,0.65,0.703015406384872,0.765577937399213,0.182998146851753,"Gran Canaria","Fuerteventura",0.139784946236559,0.235294117647059,0.0578947368421053,190.47459875,"Added location"
3,4,0.675,0.701691967208335,0.760841071758149,0.177984034611736,"Gran Canaria","Fuerteventura",0.139784946236559,0.235294117647059,0.0578947368421053,190.47459875,"Added location"
3,4,0.7,0.69700710854755,0.752476128994905,0.160106566063607,"Gran Canaria","Fuerteventura",0.139784946236559,0.235294117647059,0.0578947368421053,190.47459875,"Added location"
3,4,0.725,0.690122823792834,0.740569443947018,0.141505163903322,"Gran Canaria","Fuerteventura",0.139784946236559,0.235294117647059,0.0578947368421053,190.47459875,"Added location"
3,4,0.75,0.693559146479191,0.736521594306937,0.156091435085445,"Gran Canaria","Fuerteventura",0.139784946236559,0.235294117647059,0.0578947368421053,190.47459875,"Added location"
3,4,0.775,0.699154999332077,0.733542025575103,0.1758803149803,"Gran Canaria","Fuerteventura",0.139784946236559,0.235294117647059,0.0578947368421053,190.47459875,"Added location"
3,4,0.8,0.696461161293685,0.722575225109662,0.169792256680013,"Gran Canaria","Fuerteventura",0.139784946236559,0.235294117647059,0.0578947368421053,190.47459875,"Added location"
3,5,0.3,0.629620527966074,0.730073832905894,NA,"Gran Canaria","Western Sahara",0.0377358490566038,0.263157894736842,0.014218009478673,244.280590775,"Added location"
3,5,0.325,0.629620527966074,0.730073832905894,NA,"Gran Canaria","Western Sahara",0.0377358490566038,0.263157894736842,0.014218009478673,244.280590775,"Added location"
3,5,0.35,0.629620527966074,0.730073832905894,NA,"Gran Canaria","Western Sahara",0.0377358490566038,0.263157894736842,0.014218009478673,244.280590775,"Added location"
3,5,0.375,0.629620527966074,0.730073832905894,NA,"Gran Canaria","Western Sahara",0.0377358490566038,0.263157894736842,0.014218009478673,244.280590775,"Added location"
3,5,0.4,0.629620527966074,0.730073832905894,NA,"Gran Canaria","Western Sahara",0.0377358490566038,0.263157894736842,0.014218009478673,244.280590775,"Added location"
3,5,0.425,0.629620527966074,0.730073832905894,NA,"Gran Canaria","Western Sahara",0.0377358490566038,0.263157894736842,0.014218009478673,244.280590775,"Added location"
3,5,0.45,0.629620527966074,0.730073832905894,NA,"Gran Canaria","Western Sahara",0.0377358490566038,0.263157894736842,0.014218009478673,244.280590775,"Added location"
3,5,0.475,0.629620527966074,0.730073832905894,NA,"Gran Canaria","Western Sahara",0.0377358490566038,0.263157894736842,0.014218009478673,244.280590775,"Added location"
3,5,0.5,0.630042362489683,0.716715723673516,0.0457449413207532,"Gran Canaria","Western Sahara",0.0377358490566038,0.263157894736842,0.014218009478673,244.280590775,"Added location"
3,5,0.525,0.634017246942392,0.709422901615877,0.070001310261305,"Gran Canaria","Western Sahara",0.0377358490566038,0.263157894736842,0.014218009478673,244.280590775,"Added location"
3,5,0.55,0.638765481184807,0.704612518901019,0.0995964137523081,"Gran Canaria","Western Sahara",0.0377358490566038,0.263157894736842,0.014218009478673,244.280590775,"Added location"
3,5,0.575,0.64711678981222,0.704501073248833,0.138018832887044,"Gran Canaria","Western Sahara",0.0377358490566038,0.263157894736842,0.014218009478673,244.280590775,"Added location"
3,5,0.6,0.647895229016273,0.697324499626413,0.141199045338702,"Gran Canaria","Western Sahara",0.0377358490566038,0.263157894736842,0.014218009478673,244.280590775,"Added location"
3,5,0.625,0.646402412458475,0.688258592130587,0.139012707904644,"Gran Canaria","Western Sahara",0.0377358490566038,0.263157894736842,0.014218009478673,244.280590775,"Added location"
3,5,0.65,0.648522229304432,0.679210882919449,0.153425091061649,"Gran Canaria","Western Sahara",0.0377358490566038,0.263157894736842,0.014218009478673,244.280590775,"Added location"
3,5,0.675,0.64179131129536,0.658504625485946,0.142936973320466,"Gran Canaria","Western Sahara",0.0377358490566038,0.263157894736842,0.014218009478673,244.280590775,"Added location"
3,5,0.7,0.643037228656258,0.649625846973344,0.150932914621097,"Gran Canaria","Western Sahara",0.0377358490566038,0.263157894736842,0.014218009478673,244.280590775,"Added location"
3,5,0.725,0.638972913686292,0.636943397179942,0.146905851594642,"Gran Canaria","Western Sahara",0.0377358490566038,0.263157894736842,0.014218009478673,244.280590775,"Added location"
3,5,0.75,0.633846690296805,0.622531294044983,0.144375273064391,"Gran Canaria","Western Sahara",0.0377358490566038,0.263157894736842,0.014218009478673,244.280590775,"Added location"
3,5,0.775,0.628086499858723,0.607359484293507,0.138055637400742,"Gran Canaria","Western Sahara",0.0377358490566038,0.263157894736842,0.014218009478673,244.280590775,"Added location"
3,5,0.8,0.627391175328285,0.601012191959733,0.141095503953376,"Gran Canaria","Western Sahara",0.0377358490566038,0.263157894736842,0.014218009478673,244.280590775,"Added location"
3,6,0.3,0.643683801122857,0.741869188558679,NA,"Gran Canaria","El Hierro",0.168539325842697,0.210526315789474,0.0368421052631579,274.346546,"Added location"
3,6,0.325,0.643683801122857,0.741869188558679,NA,"Gran Canaria","El Hierro",0.168539325842697,0.210526315789474,0.0368421052631579,274.346546,"Added location"
3,6,0.35,0.643683801122857,0.741869188558679,NA,"Gran Canaria","El Hierro",0.168539325842697,0.210526315789474,0.0368421052631579,274.346546,"Added location"
3,6,0.375,0.643683801122857,0.741869188558679,NA,"Gran Canaria","El Hierro",0.168539325842697,0.210526315789474,0.0368421052631579,274.346546,"Added location"
3,6,0.4,0.643683801122857,0.741869188558679,NA,"Gran Canaria","El Hierro",0.168539325842697,0.210526315789474,0.0368421052631579,274.346546,"Added location"
3,6,0.425,0.643683801122857,0.741869188558679,NA,"Gran Canaria","El Hierro",0.168539325842697,0.210526315789474,0.0368421052631579,274.346546,"Added location"
3,6,0.45,0.643683801122857,0.741869188558679,NA,"Gran Canaria","El Hierro",0.168539325842697,0.210526315789474,0.0368421052631579,274.346546,"Added location"
3,6,0.475,0.643683801122857,0.741869188558679,NA,"Gran Canaria","El Hierro",0.168539325842697,0.210526315789474,0.0368421052631579,274.346546,"Added location"
3,6,0.5,0.645507556188077,0.725993389928252,0.0617575127104988,"Gran Canaria","El Hierro",0.168539325842697,0.210526315789474,0.0368421052631579,274.346546,"Added location"
3,6,0.525,0.653011676235993,0.730489438735918,0.103013533544328,"Gran Canaria","El Hierro",0.168539325842697,0.210526315789474,0.0368421052631579,274.346546,"Added location"
3,6,0.55,0.657215494590129,0.729149265778797,0.121837790371991,"Gran Canaria","El Hierro",0.168539325842697,0.210526315789474,0.0368421052631579,274.346546,"Added location"
3,6,0.575,0.661162122263371,0.727813586744412,0.143504712909912,"Gran Canaria","El Hierro",0.168539325842697,0.210526315789474,0.0368421052631579,274.346546,"Added location"
3,6,0.6,0.671903181076917,0.733787830658896,0.182057406918797,"Gran Canaria","El Hierro",0.168539325842697,0.210526315789474,0.0368421052631579,274.346546,"Added location"
3,6,0.625,0.678988242081044,0.733765758394864,0.209033275482091,"Gran Canaria","El Hierro",0.168539325842697,0.210526315789474,0.0368421052631579,274.346546,"Added location"
3,6,0.65,0.685850483401557,0.734308143621113,0.230935252341094,"Gran Canaria","El Hierro",0.168539325842697,0.210526315789474,0.0368421052631579,274.346546,"Added location"
3,6,0.675,0.691040318123556,0.733778616066597,0.247858524657811,"Gran Canaria","El Hierro",0.168539325842697,0.210526315789474,0.0368421052631579,274.346546,"Added location"
3,6,0.7,0.693624249501937,0.73048416985092,0.25861517987576,"Gran Canaria","El Hierro",0.168539325842697,0.210526315789474,0.0368421052631579,274.346546,"Added location"
3,6,0.725,0.698196535377315,0.728491608073779,0.265916562775445,"Gran Canaria","El Hierro",0.168539325842697,0.210526315789474,0.0368421052631579,274.346546,"Added location"
3,6,0.75,0.704096226995857,0.730066167268049,0.282931820072273,"Gran Canaria","El Hierro",0.168539325842697,0.210526315789474,0.0368421052631579,274.346546,"Added location"
3,6,0.775,0.704815879047442,0.727025302336774,0.283957302590348,"Gran Canaria","El Hierro",0.168539325842697,0.210526315789474,0.0368421052631579,274.346546,"Added location"
3,6,0.8,0.703801645653237,0.720950211106801,0.282348474977226,"Gran Canaria","El Hierro",0.168539325842697,0.210526315789474,0.0368421052631579,274.346546,"Added location"
3,7,0.3,0.654213953185818,0.751115517111665,NA,"Gran Canaria","La Gomera",0.228915662650602,0.421052631578947,0.0922330097087379,200.274260075,"Added location"
3,7,0.325,0.654213953185818,0.751115517111665,NA,"Gran Canaria","La Gomera",0.228915662650602,0.421052631578947,0.0922330097087379,200.274260075,"Added location"
3,7,0.35,0.654213953185818,0.751115517111665,NA,"Gran Canaria","La Gomera",0.228915662650602,0.421052631578947,0.0922330097087379,200.274260075,"Added location"
3,7,0.375,0.654213953185818,0.751115517111665,NA,"Gran Canaria","La Gomera",0.228915662650602,0.421052631578947,0.0922330097087379,200.274260075,"Added location"
3,7,0.4,0.654213953185818,0.751115517111665,NA,"Gran Canaria","La Gomera",0.228915662650602,0.421052631578947,0.0922330097087379,200.274260075,"Added location"
3,7,0.425,0.654213953185818,0.751115517111665,NA,"Gran Canaria","La Gomera",0.228915662650602,0.421052631578947,0.0922330097087379,200.274260075,"Added location"
3,7,0.45,0.654213953185818,0.751115517111665,NA,"Gran Canaria","La Gomera",0.228915662650602,0.421052631578947,0.0922330097087379,200.274260075,"Added location"
3,7,0.475,0.654213953185818,0.751115517111665,NA,"Gran Canaria","La Gomera",0.228915662650602,0.421052631578947,0.0922330097087379,200.274260075,"Added location"
3,7,0.5,0.656754914938572,0.742769780349792,0.0635515660270522,"Gran Canaria","La Gomera",0.228915662650602,0.421052631578947,0.0922330097087379,200.274260075,"Added location"
3,7,0.525,0.660981694999224,0.741718626280564,0.086919977136026,"Gran Canaria","La Gomera",0.228915662650602,0.421052631578947,0.0922330097087379,200.274260075,"Added location"
3,7,0.55,0.661622636039219,0.736388758957037,0.0957043903662307,"Gran Canaria","La Gomera",0.228915662650602,0.421052631578947,0.0922330097087379,200.274260075,"Added location"
3,7,0.575,0.663173282112464,0.732861286619351,0.106760129498543,"Gran Canaria","La Gomera",0.228915662650602,0.421052631578947,0.0922330097087379,200.274260075,"Added location"
3,7,0.6,0.662994624784527,0.72447970458286,0.106795357977557,"Gran Canaria","La Gomera",0.228915662650602,0.421052631578947,0.0922330097087379,200.274260075,"Added location"
3,7,0.625,0.666561343850141,0.717798790498548,0.126439428462497,"Gran Canaria","La Gomera",0.228915662650602,0.421052631578947,0.0922330097087379,200.274260075,"Added location"
3,7,0.65,0.67124916493361,0.70944272207616,0.150903723516788,"Gran Canaria","La Gomera",0.228915662650602,0.421052631578947,0.0922330097087379,200.274260075,"Added location"
3,7,0.675,0.67388192459573,0.700163944417994,0.16093103733019,"Gran Canaria","La Gomera",0.228915662650602,0.421052631578947,0.0922330097087379,200.274260075,"Added location"
3,7,0.7,0.674442826439671,0.688625534275828,0.168690698523099,"Gran Canaria","La Gomera",0.228915662650602,0.421052631578947,0.0922330097087379,200.274260075,"Added location"
3,7,0.725,0.674409445556461,0.678314618427302,0.179368990080322,"Gran Canaria","La Gomera",0.228915662650602,0.421052631578947,0.0922330097087379,200.274260075,"Added location"
3,7,0.75,0.673491006834161,0.669421822889999,0.181731008608113,"Gran Canaria","La Gomera",0.228915662650602,0.421052631578947,0.0922330097087379,200.274260075,"Added location"
3,7,0.775,0.669577728997852,0.656849515073575,0.176263955445405,"Gran Canaria","La Gomera",0.228915662650602,0.421052631578947,0.0922330097087379,200.274260075,"Added location"
3,7,0.8,0.667099297010347,0.647283180067512,0.175070941773448,"Gran Canaria","La Gomera",0.228915662650602,0.421052631578947,0.0922330097087379,200.274260075,"Added location"
4,1,0.3,0.666285204096106,0.760974343841491,NA,"Fuerteventura","Tenerife Teno",0.0952380952380952,0.166666666666667,0.0272727272727273,337.05548055,"Added location"
4,1,0.325,0.666285204096106,0.760974343841491,NA,"Fuerteventura","Tenerife Teno",0.0952380952380952,0.166666666666667,0.0272727272727273,337.05548055,"Added location"
4,1,0.35,0.666285204096106,0.760974343841491,NA,"Fuerteventura","Tenerife Teno",0.0952380952380952,0.166666666666667,0.0272727272727273,337.05548055,"Added location"
4,1,0.375,0.666285204096106,0.760974343841491,NA,"Fuerteventura","Tenerife Teno",0.0952380952380952,0.166666666666667,0.0272727272727273,337.05548055,"Added location"
4,1,0.4,0.666285204096106,0.760974343841491,NA,"Fuerteventura","Tenerife Teno",0.0952380952380952,0.166666666666667,0.0272727272727273,337.05548055,"Added location"
4,1,0.425,0.666285204096106,0.760974343841491,NA,"Fuerteventura","Tenerife Teno",0.0952380952380952,0.166666666666667,0.0272727272727273,337.05548055,"Added location"
4,1,0.45,0.666285204096106,0.760974343841491,NA,"Fuerteventura","Tenerife Teno",0.0952380952380952,0.166666666666667,0.0272727272727273,337.05548055,"Added location"
4,1,0.475,0.666285204096106,0.760974343841491,NA,"Fuerteventura","Tenerife Teno",0.0952380952380952,0.166666666666667,0.0272727272727273,337.05548055,"Added location"
4,1,0.5,0.668454844973961,0.752458837089038,0.0589442476754821,"Fuerteventura","Tenerife Teno",0.0952380952380952,0.166666666666667,0.0272727272727273,337.05548055,"Added location"
4,1,0.525,0.673274450148154,0.75241959961008,0.0941895148704938,"Fuerteventura","Tenerife Teno",0.0952380952380952,0.166666666666667,0.0272727272727273,337.05548055,"Added location"
4,1,0.55,0.6755160695727,0.751555149081772,0.109602584323108,"Fuerteventura","Tenerife Teno",0.0952380952380952,0.166666666666667,0.0272727272727273,337.05548055,"Added location"
4,1,0.575,0.677468381621477,0.751032966912636,0.119928653616181,"Fuerteventura","Tenerife Teno",0.0952380952380952,0.166666666666667,0.0272727272727273,337.05548055,"Added location"
4,1,0.6,0.683254985244536,0.752433516024793,0.149277246862017,"Fuerteventura","Tenerife Teno",0.0952380952380952,0.166666666666667,0.0272727272727273,337.05548055,"Added location"
4,1,0.625,0.689886010174101,0.753908571614477,0.175723825929992,"Fuerteventura","Tenerife Teno",0.0952380952380952,0.166666666666667,0.0272727272727273,337.05548055,"Added location"
4,1,0.65,0.690629382793178,0.749462384257809,0.176489150733196,"Fuerteventura","Tenerife Teno",0.0952380952380952,0.166666666666667,0.0272727272727273,337.05548055,"Added location"
4,1,0.675,0.69888243403172,0.750656866136841,0.209158365179593,"Fuerteventura","Tenerife Teno",0.0952380952380952,0.166666666666667,0.0272727272727273,337.05548055,"Added location"
4,1,0.7,0.702139435181691,0.743177924640835,0.222342075544966,"Fuerteventura","Tenerife Teno",0.0952380952380952,0.166666666666667,0.0272727272727273,337.05548055,"Added location"
4,1,0.725,0.704618862011686,0.734758900295499,0.230163866652534,"Fuerteventura","Tenerife Teno",0.0952380952380952,0.166666666666667,0.0272727272727273,337.05548055,"Added location"
4,1,0.75,0.702831695085722,0.722268638265488,0.229025407007706,"Fuerteventura","Tenerife Teno",0.0952380952380952,0.166666666666667,0.0272727272727273,337.05548055,"Added location"
4,1,0.775,0.703140749908148,0.714351834809039,0.23003488821612,"Fuerteventura","Tenerife Teno",0.0952380952380952,0.166666666666667,0.0272727272727273,337.05548055,"Added location"
4,1,0.8,0.694562818642334,0.696000601082481,0.21080165160055,"Fuerteventura","Tenerife Teno",0.0952380952380952,0.166666666666667,0.0272727272727273,337.05548055,"Added location"
4,2,0.3,0.677705516768042,0.770166176989907,NA,"Fuerteventura","Tenerife South",0.127272727272727,0.25,0.0405405405405405,284.2253518,"Added location"
4,2,0.325,0.677705516768042,0.770166176989907,NA,"Fuerteventura","Tenerife South",0.127272727272727,0.25,0.0405405405405405,284.2253518,"Added location"
4,2,0.35,0.677705516768042,0.770166176989907,NA,"Fuerteventura","Tenerife South",0.127272727272727,0.25,0.0405405405405405,284.2253518,"Added location"
4,2,0.375,0.677705516768042,0.770166176989907,NA,"Fuerteventura","Tenerife South",0.127272727272727,0.25,0.0405405405405405,284.2253518,"Added location"
4,2,0.4,0.677705516768042,0.770166176989907,NA,"Fuerteventura","Tenerife South",0.127272727272727,0.25,0.0405405405405405,284.2253518,"Added location"
4,2,0.425,0.677705516768042,0.770166176989907,NA,"Fuerteventura","Tenerife South",0.127272727272727,0.25,0.0405405405405405,284.2253518,"Added location"
4,2,0.45,0.677705516768042,0.770166176989907,NA,"Fuerteventura","Tenerife South",0.127272727272727,0.25,0.0405405405405405,284.2253518,"Added location"
4,2,0.475,0.677705516768042,0.770166176989907,NA,"Fuerteventura","Tenerife South",0.127272727272727,0.25,0.0405405405405405,284.2253518,"Added location"
4,2,0.5,0.680518982183847,0.761873706864181,0.0668911976901837,"Fuerteventura","Tenerife South",0.127272727272727,0.25,0.0405405405405405,284.2253518,"Added location"
4,2,0.525,0.683768966420834,0.758378963013759,0.0925529805004842,"Fuerteventura","Tenerife South",0.127272727272727,0.25,0.0405405405405405,284.2253518,"Added location"
4,2,0.55,0.690963715649297,0.757821222120631,0.128677425550957,"Fuerteventura","Tenerife South",0.127272727272727,0.25,0.0405405405405405,284.2253518,"Added location"
4,2,0.575,0.695536681400594,0.755545606128139,0.154198341736398,"Fuerteventura","Tenerife South",0.127272727272727,0.25,0.0405405405405405,284.2253518,"Added location"
4,2,0.6,0.695759087379097,0.748689475228309,0.154008405829581,"Fuerteventura","Tenerife South",0.127272727272727,0.25,0.0405405405405405,284.2253518,"Added location"
4,2,0.625,0.696460347553141,0.744370444261057,0.160107993045441,"Fuerteventura","Tenerife South",0.127272727272727,0.25,0.0405405405405405,284.2253518,"Added location"
4,2,0.65,0.69465312688322,0.738545508680107,0.151422977482597,"Fuerteventura","Tenerife South",0.127272727272727,0.25,0.0405405405405405,284.2253518,"Added location"
4,2,0.675,0.693791864752728,0.734158853620001,0.14880412753266,"Fuerteventura","Tenerife South",0.127272727272727,0.25,0.0405405405405405,284.2253518,"Added location"
4,2,0.7,0.689649849246618,0.724356163060209,0.13882059356104,"Fuerteventura","Tenerife South",0.127272727272727,0.25,0.0405405405405405,284.2253518,"Added location"
4,2,0.725,0.682698699521499,0.711216748461272,0.119081584542228,"Fuerteventura","Tenerife South",0.127272727272727,0.25,0.0405405405405405,284.2253518,"Added location"
4,2,0.75,0.67750853480886,0.697627887983814,0.110588733380358,"Fuerteventura","Tenerife South",0.127272727272727,0.25,0.0405405405405405,284.2253518,"Added location"
4,2,0.775,0.674283396989239,0.684652132182118,0.111703292931356,"Fuerteventura","Tenerife South",0.127272727272727,0.25,0.0405405405405405,284.2253518,"Added location"
4,2,0.8,0.671944692104754,0.670549733522788,0.118605862411268,"Fuerteventura","Tenerife South",0.127272727272727,0.25,0.0405405405405405,284.2253518,"Added location"
4,3,0.3,0.662132195750833,0.757372964586938,NA,"Fuerteventura","Gran Canaria",0.139784946236559,0.235294117647059,0.0578947368421053,190.47459875,"Added location"
4,3,0.325,0.662132195750833,0.757372964586938,NA,"Fuerteventura","Gran Canaria",0.139784946236559,0.235294117647059,0.0578947368421053,190.47459875,"Added location"
4,3,0.35,0.662132195750833,0.757372964586938,NA,"Fuerteventura","Gran Canaria",0.139784946236559,0.235294117647059,0.0578947368421053,190.47459875,"Added location"
4,3,0.375,0.662132195750833,0.757372964586938,NA,"Fuerteventura","Gran Canaria",0.139784946236559,0.235294117647059,0.0578947368421053,190.47459875,"Added location"
4,3,0.4,0.662132195750833,0.757372964586938,NA,"Fuerteventura","Gran Canaria",0.139784946236559,0.235294117647059,0.0578947368421053,190.47459875,"Added location"
4,3,0.425,0.662132195750833,0.757372964586938,NA,"Fuerteventura","Gran Canaria",0.139784946236559,0.235294117647059,0.0578947368421053,190.47459875,"Added location"
4,3,0.45,0.662132195750833,0.757372964586938,NA,"Fuerteventura","Gran Canaria",0.139784946236559,0.235294117647059,0.0578947368421053,190.47459875,"Added location"
4,3,0.475,0.662132195750833,0.757372964586938,NA,"Fuerteventura","Gran Canaria",0.139784946236559,0.235294117647059,0.0578947368421053,190.47459875,"Added location"
4,3,0.5,0.665260930245654,0.747633865824731,0.0708297769531197,"Fuerteventura","Gran Canaria",0.139784946236559,0.235294117647059,0.0578947368421053,190.47459875,"Added location"
4,3,0.525,0.669223928668795,0.748717336946664,0.0933116986433745,"Fuerteventura","Gran Canaria",0.139784946236559,0.235294117647059,0.0578947368421053,190.47459875,"Added location"
4,3,0.55,0.669256907315109,0.744643991733359,0.0976359486322339,"Fuerteventura","Gran Canaria",0.139784946236559,0.235294117647059,0.0578947368421053,190.47459875,"Added location"
4,3,0.575,0.671635430944379,0.742478474836379,0.112055749383427,"Fuerteventura","Gran Canaria",0.139784946236559,0.235294117647059,0.0578947368421053,190.47459875,"Added location"
4,3,0.6,0.67133210766408,0.738862313132809,0.115482845578463,"Fuerteventura","Gran Canaria",0.139784946236559,0.235294117647059,0.0578947368421053,190.47459875,"Added location"
4,3,0.625,0.670550639075068,0.731078676383248,0.114642896867581,"Fuerteventura","Gran Canaria",0.139784946236559,0.235294117647059,0.0578947368421053,190.47459875,"Added location"
4,3,0.65,0.671501397419554,0.72573143427231,0.122677567252582,"Fuerteventura","Gran Canaria",0.139784946236559,0.235294117647059,0.0578947368421053,190.47459875,"Added location"
4,3,0.675,0.666600821436175,0.713248826688564,0.108616984952637,"Fuerteventura","Gran Canaria",0.139784946236559,0.235294117647059,0.0578947368421053,190.47459875,"Added location"
4,3,0.7,0.670449439177035,0.71213396446238,0.124564012764778,"Fuerteventura","Gran Canaria",0.139784946236559,0.235294117647059,0.0578947368421053,190.47459875,"Added location"
4,3,0.725,0.666076856033931,0.697916071284887,0.116707648998237,"Fuerteventura","Gran Canaria",0.139784946236559,0.235294117647059,0.0578947368421053,190.47459875,"Added location"
4,3,0.75,0.662365071342526,0.686847828787734,0.11313389335508,"Fuerteventura","Gran Canaria",0.139784946236559,0.235294117647059,0.0578947368421053,190.47459875,"Added location"
4,3,0.775,0.659249582194322,0.673283763484994,0.11318237781127,"Fuerteventura","Gran Canaria",0.139784946236559,0.235294117647059,0.0578947368421053,190.47459875,"Added location"
4,3,0.8,0.654923645058097,0.658474342778015,0.11120970236827,"Fuerteventura","Gran Canaria",0.139784946236559,0.235294117647059,0.0578947368421053,190.47459875,"Added location"
4,4,0.3,0.684402696444081,0.774467355516075,NA,"Fuerteventura","Fuerteventura",1,1,1,0,"Single location"
4,4,0.325,0.684402696444081,0.774467355516075,NA,"Fuerteventura","Fuerteventura",1,1,1,0,"Single location"
4,4,0.35,0.684402696444081,0.774467355516075,NA,"Fuerteventura","Fuerteventura",1,1,1,0,"Single location"
4,4,0.375,0.684402696444081,0.774467355516075,NA,"Fuerteventura","Fuerteventura",1,1,1,0,"Single location"
4,4,0.4,0.684402696444081,0.774467355516075,NA,"Fuerteventura","Fuerteventura",1,1,1,0,"Single location"
4,4,0.425,0.684402696444081,0.774467355516075,NA,"Fuerteventura","Fuerteventura",1,1,1,0,"Single location"
4,4,0.45,0.684402696444081,0.774467355516075,NA,"Fuerteventura","Fuerteventura",1,1,1,0,"Single location"
4,4,0.475,0.684402696444081,0.774467355516075,NA,"Fuerteventura","Fuerteventura",1,1,1,0,"Single location"
4,4,0.5,0.691032065989945,0.761016266935887,0.107993806620649,"Fuerteventura","Fuerteventura",1,1,1,0,"Single location"
4,4,0.525,0.692870636699852,0.758426001793853,0.114409920539937,"Fuerteventura","Fuerteventura",1,1,1,0,"Single location"
4,4,0.55,0.692956090514986,0.755768267212638,0.118507532066706,"Fuerteventura","Fuerteventura",1,1,1,0,"Single location"
4,4,0.575,0.69010424357688,0.74962227432584,0.106491304092655,"Fuerteventura","Fuerteventura",1,1,1,0,"Single location"
4,4,0.6,0.68643577825643,0.74190988295088,0.0941632079293718,"Fuerteventura","Fuerteventura",1,1,1,0,"Single location"
4,4,0.625,0.679889777686821,0.731306576074328,0.0705277953958559,"Fuerteventura","Fuerteventura",1,1,1,0,"Single location"
4,4,0.65,0.68024484692901,0.728820222623955,0.0751805355145145,"Fuerteventura","Fuerteventura",1,1,1,0,"Single location"
4,4,0.675,0.680298242143701,0.72548800121279,0.0818554940663522,"Fuerteventura","Fuerteventura",1,1,1,0,"Single location"
4,4,0.7,0.68169238091977,0.723557764994953,0.0915013366779482,"Fuerteventura","Fuerteventura",1,1,1,0,"Single location"
4,4,0.725,0.673891569595116,0.711276106260681,0.0695320544688324,"Fuerteventura","Fuerteventura",1,1,1,0,"Single location"
4,4,0.75,0.666097670497289,0.699246939690977,0.05014744174966,"Fuerteventura","Fuerteventura",1,1,1,0,"Single location"
4,4,0.775,0.668751120624489,0.697761473414334,0.06211168712884,"Fuerteventura","Fuerteventura",1,1,1,0,"Single location"
4,4,0.8,0.66964250127012,0.690973124934549,0.0759863889937334,"Fuerteventura","Fuerteventura",1,1,1,0,"Single location"
4,5,0.3,0.637128698378629,0.736065345915968,NA,"Fuerteventura","Western Sahara",0.0841121495327103,0.4,0.0423280423280423,305.24884735,"Added location"
4,5,0.325,0.637128698378629,0.736065345915968,NA,"Fuerteventura","Western Sahara",0.0841121495327103,0.4,0.0423280423280423,305.24884735,"Added location"
4,5,0.35,0.637128698378629,0.736065345915968,NA,"Fuerteventura","Western Sahara",0.0841121495327103,0.4,0.0423280423280423,305.24884735,"Added location"
4,5,0.375,0.637128698378629,0.736065345915968,NA,"Fuerteventura","Western Sahara",0.0841121495327103,0.4,0.0423280423280423,305.24884735,"Added location"
4,5,0.4,0.637128698378629,0.736065345915968,NA,"Fuerteventura","Western Sahara",0.0841121495327103,0.4,0.0423280423280423,305.24884735,"Added location"
4,5,0.425,0.637128698378629,0.736065345915968,NA,"Fuerteventura","Western Sahara",0.0841121495327103,0.4,0.0423280423280423,305.24884735,"Added location"
4,5,0.45,0.637128698378629,0.736065345915968,NA,"Fuerteventura","Western Sahara",0.0841121495327103,0.4,0.0423280423280423,305.24884735,"Added location"
4,5,0.475,0.637128698378629,0.736065345915968,NA,"Fuerteventura","Western Sahara",0.0841121495327103,0.4,0.0423280423280423,305.24884735,"Added location"
4,5,0.5,0.638038833161263,0.722376512578405,0.0521034915324852,"Fuerteventura","Western Sahara",0.0841121495327103,0.4,0.0423280423280423,305.24884735,"Added location"
4,5,0.525,0.646439430406316,0.723409365810555,0.099546834445639,"Fuerteventura","Western Sahara",0.0841121495327103,0.4,0.0423280423280423,305.24884735,"Added location"
4,5,0.55,0.653441696519216,0.724032426291277,0.134707948215945,"Fuerteventura","Western Sahara",0.0841121495327103,0.4,0.0423280423280423,305.24884735,"Added location"
4,5,0.575,0.660114900825374,0.725993177664446,0.16034908260977,"Fuerteventura","Western Sahara",0.0841121495327103,0.4,0.0423280423280423,305.24884735,"Added location"
4,5,0.6,0.665649628358187,0.724862729636072,0.181140603822516,"Fuerteventura","Western Sahara",0.0841121495327103,0.4,0.0423280423280423,305.24884735,"Added location"
4,5,0.625,0.670979973620019,0.726140559175323,0.2023791742271,"Fuerteventura","Western Sahara",0.0841121495327103,0.4,0.0423280423280423,305.24884735,"Added location"
4,5,0.65,0.676624552517176,0.72645777732522,0.217289775281206,"Fuerteventura","Western Sahara",0.0841121495327103,0.4,0.0423280423280423,305.24884735,"Added location"
4,5,0.675,0.682327941910902,0.72929814357426,0.234744701135466,"Fuerteventura","Western Sahara",0.0841121495327103,0.4,0.0423280423280423,305.24884735,"Added location"
4,5,0.7,0.687598184378296,0.731534704726439,0.248552120036404,"Fuerteventura","Western Sahara",0.0841121495327103,0.4,0.0423280423280423,305.24884735,"Added location"
4,5,0.725,0.69796149046669,0.737715446624816,0.275303261318918,"Fuerteventura","Western Sahara",0.0841121495327103,0.4,0.0423280423280423,305.24884735,"Added location"
4,5,0.75,0.695758474194989,0.732201524254865,0.26728845253451,"Fuerteventura","Western Sahara",0.0841121495327103,0.4,0.0423280423280423,305.24884735,"Added location"
4,5,0.775,0.694368144738982,0.726470477062302,0.264332706675386,"Fuerteventura","Western Sahara",0.0841121495327103,0.4,0.0423280423280423,305.24884735,"Added location"
4,5,0.8,0.693319670108889,0.71822189197449,0.257454529862033,"Fuerteventura","Western Sahara",0.0841121495327103,0.4,0.0423280423280423,305.24884735,"Added location"
4,6,0.3,0.678975641992353,0.770627284723019,NA,"Fuerteventura","El Hierro",0.0891089108910891,0.111111111111111,0.00558659217877095,455.676643375,"Added location"
4,6,0.325,0.678975641992353,0.770627284723019,NA,"Fuerteventura","El Hierro",0.0891089108910891,0.111111111111111,0.00558659217877095,455.676643375,"Added location"
4,6,0.35,0.678975641992353,0.770627284723019,NA,"Fuerteventura","El Hierro",0.0891089108910891,0.111111111111111,0.00558659217877095,455.676643375,"Added location"
4,6,0.375,0.678975641992353,0.770627284723019,NA,"Fuerteventura","El Hierro",0.0891089108910891,0.111111111111111,0.00558659217877095,455.676643375,"Added location"
4,6,0.4,0.678975641992353,0.770627284723019,NA,"Fuerteventura","El Hierro",0.0891089108910891,0.111111111111111,0.00558659217877095,455.676643375,"Added location"
4,6,0.425,0.678975641992353,0.770627284723019,NA,"Fuerteventura","El Hierro",0.0891089108910891,0.111111111111111,0.00558659217877095,455.676643375,"Added location"
4,6,0.45,0.678975641992353,0.770627284723019,NA,"Fuerteventura","El Hierro",0.0891089108910891,0.111111111111111,0.00558659217877095,455.676643375,"Added location"
4,6,0.475,0.678975641992353,0.770627284723019,NA,"Fuerteventura","El Hierro",0.0891089108910891,0.111111111111111,0.00558659217877095,455.676643375,"Added location"
4,6,0.5,0.684397541397727,0.755538900654146,0.0956268271749221,"Fuerteventura","El Hierro",0.0891089108910891,0.111111111111111,0.00558659217877095,455.676643375,"Added location"
4,6,0.525,0.685897937014908,0.755893024244235,0.103496460714281,"Fuerteventura","El Hierro",0.0891089108910891,0.111111111111111,0.00558659217877095,455.676643375,"Added location"
4,6,0.55,0.684956680266319,0.753577315685118,0.100451268557948,"Fuerteventura","El Hierro",0.0891089108910891,0.111111111111111,0.00558659217877095,455.676643375,"Added location"
4,6,0.575,0.68438062192069,0.752247079829021,0.0987582663385211,"Fuerteventura","El Hierro",0.0891089108910891,0.111111111111111,0.00558659217877095,455.676643375,"Added location"
4,6,0.6,0.680361513175111,0.744811273704508,0.0827943105340469,"Fuerteventura","El Hierro",0.0891089108910891,0.111111111111111,0.00558659217877095,455.676643375,"Added location"
4,6,0.625,0.680919427113315,0.738979057664934,0.0888519494517388,"Fuerteventura","El Hierro",0.0891089108910891,0.111111111111111,0.00558659217877095,455.676643375,"Added location"
4,6,0.65,0.68210427873734,0.734821024934139,0.100285536692066,"Fuerteventura","El Hierro",0.0891089108910891,0.111111111111111,0.00558659217877095,455.676643375,"Added location"
4,6,0.675,0.685881584132283,0.733569818914023,0.12125932303572,"Fuerteventura","El Hierro",0.0891089108910891,0.111111111111111,0.00558659217877095,455.676643375,"Added location"
4,6,0.7,0.68681308976116,0.728064598961973,0.135219421497191,"Fuerteventura","El Hierro",0.0891089108910891,0.111111111111111,0.00558659217877095,455.676643375,"Added location"
4,6,0.725,0.685179818809833,0.717413476782121,0.139632175966474,"Fuerteventura","El Hierro",0.0891089108910891,0.111111111111111,0.00558659217877095,455.676643375,"Added location"
4,6,0.75,0.681049196349575,0.707080584529308,0.134141854658117,"Fuerteventura","El Hierro",0.0891089108910891,0.111111111111111,0.00558659217877095,455.676643375,"Added location"
4,6,0.775,0.676592419586461,0.698452784450853,0.126592031811187,"Fuerteventura","El Hierro",0.0891089108910891,0.111111111111111,0.00558659217877095,455.676643375,"Added location"
4,6,0.8,0.679193173503091,0.697949112386681,0.137088971854594,"Fuerteventura","El Hierro",0.0891089108910891,0.111111111111111,0.00558659217877095,455.676643375,"Added location"
4,7,0.3,0.654098221977339,0.751015806076989,NA,"Fuerteventura","La Gomera",0.161290322580645,0.263157894736842,0.0452261306532663,376.892630125,"Added location"
4,7,0.325,0.654098221977339,0.751015806076989,NA,"Fuerteventura","La Gomera",0.161290322580645,0.263157894736842,0.0452261306532663,376.892630125,"Added location"
4,7,0.35,0.654098221977339,0.751015806076989,NA,"Fuerteventura","La Gomera",0.161290322580645,0.263157894736842,0.0452261306532663,376.892630125,"Added location"
4,7,0.375,0.654098221977339,0.751015806076989,NA,"Fuerteventura","La Gomera",0.161290322580645,0.263157894736842,0.0452261306532663,376.892630125,"Added location"
4,7,0.4,0.654098221977339,0.751015806076989,NA,"Fuerteventura","La Gomera",0.161290322580645,0.263157894736842,0.0452261306532663,376.892630125,"Added location"
4,7,0.425,0.654098221977339,0.751015806076989,NA,"Fuerteventura","La Gomera",0.161290322580645,0.263157894736842,0.0452261306532663,376.892630125,"Added location"
4,7,0.45,0.654098221977339,0.751015806076989,NA,"Fuerteventura","La Gomera",0.161290322580645,0.263157894736842,0.0452261306532663,376.892630125,"Added location"
4,7,0.475,0.654098221977339,0.751015806076989,NA,"Fuerteventura","La Gomera",0.161290322580645,0.263157894736842,0.0452261306532663,376.892630125,"Added location"
4,7,0.5,0.656134872861166,0.741431885807644,0.0582282817072384,"Fuerteventura","La Gomera",0.161290322580645,0.263157894736842,0.0452261306532663,376.892630125,"Added location"
4,7,0.525,0.663010536861101,0.744910684663846,0.102117626093636,"Fuerteventura","La Gomera",0.161290322580645,0.263157894736842,0.0452261306532663,376.892630125,"Added location"
4,7,0.55,0.667511727685105,0.745428173109465,0.130877788139254,"Fuerteventura","La Gomera",0.161290322580645,0.263157894736842,0.0452261306532663,376.892630125,"Added location"
4,7,0.575,0.673068461899427,0.745071085849198,0.155457853082622,"Fuerteventura","La Gomera",0.161290322580645,0.263157894736842,0.0452261306532663,376.892630125,"Added location"
4,7,0.6,0.675071525442091,0.738851992085835,0.16345310228227,"Fuerteventura","La Gomera",0.161290322580645,0.263157894736842,0.0452261306532663,376.892630125,"Added location"
4,7,0.625,0.673730770284237,0.731264522743922,0.15645422567045,"Fuerteventura","La Gomera",0.161290322580645,0.263157894736842,0.0452261306532663,376.892630125,"Added location"
4,7,0.65,0.671389504787429,0.719618661118478,0.152684561961524,"Fuerteventura","La Gomera",0.161290322580645,0.263157894736842,0.0452261306532663,376.892630125,"Added location"
4,7,0.675,0.666666680488741,0.706980815590239,0.138075084659991,"Fuerteventura","La Gomera",0.161290322580645,0.263157894736842,0.0452261306532663,376.892630125,"Added location"
4,7,0.7,0.664824186781055,0.695924743702225,0.138918626545112,"Fuerteventura","La Gomera",0.161290322580645,0.263157894736842,0.0452261306532663,376.892630125,"Added location"
4,7,0.725,0.663278700507898,0.68449258584984,0.1391781590592,"Fuerteventura","La Gomera",0.161290322580645,0.263157894736842,0.0452261306532663,376.892630125,"Added location"
4,7,0.75,0.668111727364762,0.679275041925259,0.158859030013836,"Fuerteventura","La Gomera",0.161290322580645,0.263157894736842,0.0452261306532663,376.892630125,"Added location"
4,7,0.775,0.681238557760373,0.682300748276497,0.195305469515979,"Fuerteventura","La Gomera",0.161290322580645,0.263157894736842,0.0452261306532663,376.892630125,"Added location"
4,7,0.8,0.686078679152097,0.678027322000538,0.211566640807392,"Fuerteventura","La Gomera",0.161290322580645,0.263157894736842,0.0452261306532663,376.892630125,"Added location"
5,1,0.3,0.64109472035477,0.740193595848303,NA,"Western Sahara","Tenerife Teno",0.043859649122807,0.192307692307692,0.00843881856540084,389.094179225,"Added location"
5,1,0.325,0.64109472035477,0.740193595848303,NA,"Western Sahara","Tenerife Teno",0.043859649122807,0.192307692307692,0.00843881856540084,389.094179225,"Added location"
5,1,0.35,0.64109472035477,0.740193595848303,NA,"Western Sahara","Tenerife Teno",0.043859649122807,0.192307692307692,0.00843881856540084,389.094179225,"Added location"
5,1,0.375,0.64109472035477,0.740193595848303,NA,"Western Sahara","Tenerife Teno",0.043859649122807,0.192307692307692,0.00843881856540084,389.094179225,"Added location"
5,1,0.4,0.64109472035477,0.740193595848303,NA,"Western Sahara","Tenerife Teno",0.043859649122807,0.192307692307692,0.00843881856540084,389.094179225,"Added location"
5,1,0.425,0.64109472035477,0.740193595848303,NA,"Western Sahara","Tenerife Teno",0.043859649122807,0.192307692307692,0.00843881856540084,389.094179225,"Added location"
5,1,0.45,0.64109472035477,0.740193595848303,NA,"Western Sahara","Tenerife Teno",0.043859649122807,0.192307692307692,0.00843881856540084,389.094179225,"Added location"
5,1,0.475,0.64109472035477,0.740193595848303,NA,"Western Sahara","Tenerife Teno",0.043859649122807,0.192307692307692,0.00843881856540084,389.094179225,"Added location"
5,1,0.5,0.642179855574238,0.731819725373096,0.0461627952769635,"Western Sahara","Tenerife Teno",0.043859649122807,0.192307692307692,0.00843881856540084,389.094179225,"Added location"
5,1,0.525,0.651979001074234,0.737056169623944,0.109301675661677,"Western Sahara","Tenerife Teno",0.043859649122807,0.192307692307692,0.00843881856540084,389.094179225,"Added location"
5,1,0.55,0.659066784644429,0.738613635304585,0.14621480769327,"Western Sahara","Tenerife Teno",0.043859649122807,0.192307692307692,0.00843881856540084,389.094179225,"Added location"
5,1,0.575,0.668586923856611,0.740009682422407,0.185050897364852,"Western Sahara","Tenerife Teno",0.043859649122807,0.192307692307692,0.00843881856540084,389.094179225,"Added location"
5,1,0.6,0.673988066933575,0.737305023685514,0.202569915088106,"Western Sahara","Tenerife Teno",0.043859649122807,0.192307692307692,0.00843881856540084,389.094179225,"Added location"
5,1,0.625,0.6768901408271,0.734548848605621,0.210956175827472,"Western Sahara","Tenerife Teno",0.043859649122807,0.192307692307692,0.00843881856540084,389.094179225,"Added location"
5,1,0.65,0.686212737539162,0.737236178350861,0.240630713458093,"Western Sahara","Tenerife Teno",0.043859649122807,0.192307692307692,0.00843881856540084,389.094179225,"Added location"
5,1,0.675,0.689604861156675,0.732991017817094,0.24887285124862,"Western Sahara","Tenerife Teno",0.043859649122807,0.192307692307692,0.00843881856540084,389.094179225,"Added location"
5,1,0.7,0.695767856298776,0.728672938481339,0.263988136113921,"Western Sahara","Tenerife Teno",0.043859649122807,0.192307692307692,0.00843881856540084,389.094179225,"Added location"
5,1,0.725,0.688473357258062,0.709749393198181,0.243998354557225,"Western Sahara","Tenerife Teno",0.043859649122807,0.192307692307692,0.00843881856540084,389.094179225,"Added location"
5,1,0.75,0.686203664163735,0.696461223892425,0.23935454088267,"Western Sahara","Tenerife Teno",0.043859649122807,0.192307692307692,0.00843881856540084,389.094179225,"Added location"
5,1,0.775,0.678353995454146,0.672865674665944,0.223273651626205,"Western Sahara","Tenerife Teno",0.043859649122807,0.192307692307692,0.00843881856540084,389.094179225,"Added location"
5,1,0.8,0.66696047841921,0.649908810288376,0.204102128220878,"Western Sahara","Tenerife Teno",0.043859649122807,0.192307692307692,0.00843881856540084,389.094179225,"Added location"
5,2,0.3,0.676332235135546,0.768902101912479,NA,"Western Sahara","Tenerife South",0.0491803278688525,0.272727272727273,0.00411522633744856,339.3817762,"Added location"
5,2,0.325,0.676332235135546,0.768902101912479,NA,"Western Sahara","Tenerife South",0.0491803278688525,0.272727272727273,0.00411522633744856,339.3817762,"Added location"
5,2,0.35,0.676332235135546,0.768902101912479,NA,"Western Sahara","Tenerife South",0.0491803278688525,0.272727272727273,0.00411522633744856,339.3817762,"Added location"
5,2,0.375,0.676332235135546,0.768902101912479,NA,"Western Sahara","Tenerife South",0.0491803278688525,0.272727272727273,0.00411522633744856,339.3817762,"Added location"
5,2,0.4,0.676332235135546,0.768902101912479,NA,"Western Sahara","Tenerife South",0.0491803278688525,0.272727272727273,0.00411522633744856,339.3817762,"Added location"
5,2,0.425,0.676332235135546,0.768902101912479,NA,"Western Sahara","Tenerife South",0.0491803278688525,0.272727272727273,0.00411522633744856,339.3817762,"Added location"
5,2,0.45,0.676332235135546,0.768902101912479,NA,"Western Sahara","Tenerife South",0.0491803278688525,0.272727272727273,0.00411522633744856,339.3817762,"Added location"
5,2,0.475,0.676332235135546,0.768902101912479,NA,"Western Sahara","Tenerife South",0.0491803278688525,0.272727272727273,0.00411522633744856,339.3817762,"Added location"
5,2,0.5,0.679229793151682,0.761265584178701,0.0679921121918782,"Western Sahara","Tenerife South",0.0491803278688525,0.272727272727273,0.00411522633744856,339.3817762,"Added location"
5,2,0.525,0.67297551729271,0.743331571492441,0.0458552370449511,"Western Sahara","Tenerife South",0.0491803278688525,0.272727272727273,0.00411522633744856,339.3817762,"Added location"
5,2,0.55,0.679013552929843,0.73940127164609,0.0845487982938103,"Western Sahara","Tenerife South",0.0491803278688525,0.272727272727273,0.00411522633744856,339.3817762,"Added location"
5,2,0.575,0.679173117234811,0.729737755333722,0.0950377272636355,"Western Sahara","Tenerife South",0.0491803278688525,0.272727272727273,0.00411522633744856,339.3817762,"Added location"
5,2,0.6,0.68186657375617,0.726104485559872,0.109483928251898,"Western Sahara","Tenerife South",0.0491803278688525,0.272727272727273,0.00411522633744856,339.3817762,"Added location"
5,2,0.625,0.683592809563944,0.722464016689862,0.121050378219838,"Western Sahara","Tenerife South",0.0491803278688525,0.272727272727273,0.00411522633744856,339.3817762,"Added location"
5,2,0.65,0.684963771629779,0.720789076651373,0.128153191566952,"Western Sahara","Tenerife South",0.0491803278688525,0.272727272727273,0.00411522633744856,339.3817762,"Added location"
5,2,0.675,0.686167452193483,0.717554763279254,0.132782692542668,"Western Sahara","Tenerife South",0.0491803278688525,0.272727272727273,0.00411522633744856,339.3817762,"Added location"
5,2,0.7,0.683085270684156,0.704559008687277,0.128882616962165,"Western Sahara","Tenerife South",0.0491803278688525,0.272727272727273,0.00411522633744856,339.3817762,"Added location"
5,2,0.725,0.671014083405581,0.67392476443841,0.111886595264621,"Western Sahara","Tenerife South",0.0491803278688525,0.272727272727273,0.00411522633744856,339.3817762,"Added location"
5,2,0.75,0.668420760690372,0.655404634379975,0.122093398011101,"Western Sahara","Tenerife South",0.0491803278688525,0.272727272727273,0.00411522633744856,339.3817762,"Added location"
5,2,0.775,0.670848238877455,0.64692892280365,0.1393820020594,"Western Sahara","Tenerife South",0.0491803278688525,0.272727272727273,0.00411522633744856,339.3817762,"Added location"
5,2,0.8,0.669712241059262,0.634805192340361,0.147701200949621,"Western Sahara","Tenerife South",0.0491803278688525,0.272727272727273,0.00411522633744856,339.3817762,"Added location"
5,3,0.3,0.666601515675555,0.761071298103053,NA,"Western Sahara","Gran Canaria",0.0377358490566038,0.263157894736842,0.014218009478673,244.280590775,"Added location"
5,3,0.325,0.666601515675555,0.761071298103053,NA,"Western Sahara","Gran Canaria",0.0377358490566038,0.263157894736842,0.014218009478673,244.280590775,"Added location"
5,3,0.35,0.666601515675555,0.761071298103053,NA,"Western Sahara","Gran Canaria",0.0377358490566038,0.263157894736842,0.014218009478673,244.280590775,"Added location"
5,3,0.375,0.666601515675555,0.761071298103053,NA,"Western Sahara","Gran Canaria",0.0377358490566038,0.263157894736842,0.014218009478673,244.280590775,"Added location"
5,3,0.4,0.666601515675555,0.761071298103053,NA,"Western Sahara","Gran Canaria",0.0377358490566038,0.263157894736842,0.014218009478673,244.280590775,"Added location"
5,3,0.425,0.666601515675555,0.761071298103053,NA,"Western Sahara","Gran Canaria",0.0377358490566038,0.263157894736842,0.014218009478673,244.280590775,"Added location"
5,3,0.45,0.666601515675555,0.761071298103053,NA,"Western Sahara","Gran Canaria",0.0377358490566038,0.263157894736842,0.014218009478673,244.280590775,"Added location"
5,3,0.475,0.666601515675555,0.761071298103053,NA,"Western Sahara","Gran Canaria",0.0377358490566038,0.263157894736842,0.014218009478673,244.280590775,"Added location"
5,3,0.5,0.66991058448507,0.751622104540458,0.0725358950557078,"Western Sahara","Gran Canaria",0.0377358490566038,0.263157894736842,0.014218009478673,244.280590775,"Added location"
5,3,0.525,0.67550975164356,0.751858636072048,0.103624967240673,"Western Sahara","Gran Canaria",0.0377358490566038,0.263157894736842,0.014218009478673,244.280590775,"Added location"
5,3,0.55,0.682697237483069,0.753254223105551,0.139202809433679,"Western Sahara","Gran Canaria",0.0377358490566038,0.263157894736842,0.014218009478673,244.280590775,"Added location"
5,3,0.575,0.681619999238341,0.744602659582856,0.136472196062117,"Western Sahara","Gran Canaria",0.0377358490566038,0.263157894736842,0.014218009478673,244.280590775,"Added location"
5,3,0.6,0.679485295826191,0.734332257902426,0.131823664526297,"Western Sahara","Gran Canaria",0.0377358490566038,0.263157894736842,0.014218009478673,244.280590775,"Added location"
5,3,0.625,0.677684186591021,0.722535339997705,0.129627572089167,"Western Sahara","Gran Canaria",0.0377358490566038,0.263157894736842,0.014218009478673,244.280590775,"Added location"
5,3,0.65,0.671464074561344,0.70297859043199,0.121392524491959,"Western Sahara","Gran Canaria",0.0377358490566038,0.263157894736842,0.014218009478673,244.280590775,"Added location"
5,3,0.675,0.667565594706838,0.687379259981954,0.113565205468845,"Western Sahara","Gran Canaria",0.0377358490566038,0.263157894736842,0.014218009478673,244.280590775,"Added location"
5,3,0.7,0.667419448288743,0.676702129899076,0.125584781282851,"Western Sahara","Gran Canaria",0.0377358490566038,0.263157894736842,0.014218009478673,244.280590775,"Added location"
5,3,0.725,0.671951875098688,0.670607730826628,0.14540554188346,"Western Sahara","Gran Canaria",0.0377358490566038,0.263157894736842,0.014218009478673,244.280590775,"Added location"
5,3,0.75,0.675949537466494,0.664898273030195,0.163267660102808,"Western Sahara","Gran Canaria",0.0377358490566038,0.263157894736842,0.014218009478673,244.280590775,"Added location"
5,3,0.775,0.676892743833275,0.658147060336246,0.170798915191824,"Western Sahara","Gran Canaria",0.0377358490566038,0.263157894736842,0.014218009478673,244.280590775,"Added location"
5,3,0.8,0.674244174279283,0.64763647234751,0.170458124236727,"Western Sahara","Gran Canaria",0.0377358490566038,0.263157894736842,0.014218009478673,244.280590775,"Added location"
5,4,0.3,0.679924673567057,0.771305358033852,NA,"Western Sahara","Fuerteventura",0.0841121495327103,0.4,0.0423280423280423,305.24884735,"Added location"
5,4,0.325,0.679924673567057,0.771305358033852,NA,"Western Sahara","Fuerteventura",0.0841121495327103,0.4,0.0423280423280423,305.24884735,"Added location"
5,4,0.35,0.679924673567057,0.771305358033852,NA,"Western Sahara","Fuerteventura",0.0841121495327103,0.4,0.0423280423280423,305.24884735,"Added location"
5,4,0.375,0.679924673567057,0.771305358033852,NA,"Western Sahara","Fuerteventura",0.0841121495327103,0.4,0.0423280423280423,305.24884735,"Added location"
5,4,0.4,0.679924673567057,0.771305358033852,NA,"Western Sahara","Fuerteventura",0.0841121495327103,0.4,0.0423280423280423,305.24884735,"Added location"
5,4,0.425,0.679924673567057,0.771305358033852,NA,"Western Sahara","Fuerteventura",0.0841121495327103,0.4,0.0423280423280423,305.24884735,"Added location"
5,4,0.45,0.679924673567057,0.771305358033852,NA,"Western Sahara","Fuerteventura",0.0841121495327103,0.4,0.0423280423280423,305.24884735,"Added location"
5,4,0.475,0.679924673567057,0.771305358033852,NA,"Western Sahara","Fuerteventura",0.0841121495327103,0.4,0.0423280423280423,305.24884735,"Added location"
5,4,0.5,0.68559243474876,0.757970302147133,0.095746680833702,"Western Sahara","Fuerteventura",0.0841121495327103,0.4,0.0423280423280423,305.24884735,"Added location"
5,4,0.525,0.68523112741331,0.752336270675378,0.0980874759572409,"Western Sahara","Fuerteventura",0.0841121495327103,0.4,0.0423280423280423,305.24884735,"Added location"
5,4,0.55,0.6877528182705,0.752650911492434,0.110445090418491,"Western Sahara","Fuerteventura",0.0841121495327103,0.4,0.0423280423280423,305.24884735,"Added location"
5,4,0.575,0.693000462616746,0.754608846575206,0.137518958895383,"Western Sahara","Fuerteventura",0.0841121495327103,0.4,0.0423280423280423,305.24884735,"Added location"
5,4,0.6,0.696492611159646,0.754970849471626,0.151898468383815,"Western Sahara","Fuerteventura",0.0841121495327103,0.4,0.0423280423280423,305.24884735,"Added location"
5,4,0.625,0.699329555319375,0.754292407306742,0.168408764727067,"Western Sahara","Fuerteventura",0.0841121495327103,0.4,0.0423280423280423,305.24884735,"Added location"
5,4,0.65,0.69982942196231,0.753207635724394,0.1713733688927,"Western Sahara","Fuerteventura",0.0841121495327103,0.4,0.0423280423280423,305.24884735,"Added location"
5,4,0.675,0.701736559339211,0.752883506236872,0.175044960649933,"Western Sahara","Fuerteventura",0.0841121495327103,0.4,0.0423280423280423,305.24884735,"Added location"
5,4,0.7,0.702470459741387,0.752243452754837,0.17763317821697,"Western Sahara","Fuerteventura",0.0841121495327103,0.4,0.0423280423280423,305.24884735,"Added location"
5,4,0.725,0.707456310121783,0.75530343502152,0.196789437400944,"Western Sahara","Fuerteventura",0.0841121495327103,0.4,0.0423280423280423,305.24884735,"Added location"
5,4,0.75,0.711843278784576,0.757104807843095,0.213459966853221,"Western Sahara","Fuerteventura",0.0841121495327103,0.4,0.0423280423280423,305.24884735,"Added location"
5,4,0.775,0.706858076006099,0.748449276870545,0.19975386229802,"Western Sahara","Fuerteventura",0.0841121495327103,0.4,0.0423280423280423,305.24884735,"Added location"
5,4,0.8,0.700420505540879,0.735168838412846,0.185226904266812,"Western Sahara","Fuerteventura",0.0841121495327103,0.4,0.0423280423280423,305.24884735,"Added location"
5,5,0.3,0.62758791750747,0.728122442099042,NA,"Western Sahara","Western Sahara",1,1,1,0,"Single location"
5,5,0.325,0.62758791750747,0.728122442099042,NA,"Western Sahara","Western Sahara",1,1,1,0,"Single location"
5,5,0.35,0.62758791750747,0.728122442099042,NA,"Western Sahara","Western Sahara",1,1,1,0,"Single location"
5,5,0.375,0.62758791750747,0.728122442099042,NA,"Western Sahara","Western Sahara",1,1,1,0,"Single location"
5,5,0.4,0.62758791750747,0.728122442099042,NA,"Western Sahara","Western Sahara",1,1,1,0,"Single location"
5,5,0.425,0.62758791750747,0.728122442099042,NA,"Western Sahara","Western Sahara",1,1,1,0,"Single location"
5,5,0.45,0.62758791750747,0.728122442099042,NA,"Western Sahara","Western Sahara",1,1,1,0,"Single location"
5,5,0.475,0.62758791750747,0.728122442099042,NA,"Western Sahara","Western Sahara",1,1,1,0,"Single location"
5,5,0.5,0.62783994778154,0.71399513048714,0.0457244517953625,"Western Sahara","Western Sahara",1,1,1,0,"Single location"
5,5,0.525,0.631339111443903,0.711068187485455,0.0708355161402519,"Western Sahara","Western Sahara",1,1,1,0,"Single location"
5,5,0.55,0.635337921177569,0.709143997737182,0.0959971239784435,"Western Sahara","Western Sahara",1,1,1,0,"Single location"
5,5,0.575,0.640590756918484,0.709469858327776,0.121337240913607,"Western Sahara","Western Sahara",1,1,1,0,"Single location"
5,5,0.6,0.640007374037552,0.703934366907893,0.124703098599459,"Western Sahara","Western Sahara",1,1,1,0,"Single location"
5,5,0.625,0.641423539160534,0.697423381291225,0.132451171406262,"Western Sahara","Western Sahara",1,1,1,0,"Single location"
5,5,0.65,0.639744098230948,0.686498970375929,0.132072761859661,"Western Sahara","Western Sahara",1,1,1,0,"Single location"
5,5,0.675,0.639144230491955,0.678483979934911,0.134042851877069,"Western Sahara","Western Sahara",1,1,1,0,"Single location"
5,5,0.7,0.635245013790124,0.668400397801173,0.124606579940555,"Western Sahara","Western Sahara",1,1,1,0,"Single location"
5,5,0.725,0.636947811060153,0.660117588970713,0.132135339180918,"Western Sahara","Western Sahara",1,1,1,0,"Single location"
5,5,0.75,0.638968148213794,0.654097865533391,0.142940797825484,"Western Sahara","Western Sahara",1,1,1,0,"Single location"
5,5,0.775,0.630191015305667,0.637186183035978,0.124915208818551,"Western Sahara","Western Sahara",1,1,1,0,"Single location"
5,5,0.8,0.618363732557087,0.613809392290238,0.104300104657651,"Western Sahara","Western Sahara",1,1,1,0,"Single location"
5,6,0.3,0.671449121850644,0.7645297054694,NA,"Western Sahara","El Hierro",0.0178571428571429,0.0952380952380952,0,437.371016375,"Added location"
5,6,0.325,0.671449121850644,0.7645297054694,NA,"Western Sahara","El Hierro",0.0178571428571429,0.0952380952380952,0,437.371016375,"Added location"
5,6,0.35,0.671449121850644,0.7645297054694,NA,"Western Sahara","El Hierro",0.0178571428571429,0.0952380952380952,0,437.371016375,"Added location"
5,6,0.375,0.671449121850644,0.7645297054694,NA,"Western Sahara","El Hierro",0.0178571428571429,0.0952380952380952,0,437.371016375,"Added location"
5,6,0.4,0.671449121850644,0.7645297054694,NA,"Western Sahara","El Hierro",0.0178571428571429,0.0952380952380952,0,437.371016375,"Added location"
5,6,0.425,0.671449121850644,0.7645297054694,NA,"Western Sahara","El Hierro",0.0178571428571429,0.0952380952380952,0,437.371016375,"Added location"
5,6,0.45,0.671449121850644,0.7645297054694,NA,"Western Sahara","El Hierro",0.0178571428571429,0.0952380952380952,0,437.371016375,"Added location"
5,6,0.475,0.671449121850644,0.7645297054694,NA,"Western Sahara","El Hierro",0.0178571428571429,0.0952380952380952,0,437.371016375,"Added location"
5,6,0.5,0.676432886589969,0.748520553220185,0.0897267748639861,"Western Sahara","El Hierro",0.0178571428571429,0.0952380952380952,0,437.371016375,"Added location"
5,6,0.525,0.68274602800092,0.753145787426318,0.11946265326276,"Western Sahara","El Hierro",0.0178571428571429,0.0952380952380952,0,437.371016375,"Added location"
5,6,0.55,0.68686323328221,0.755262183041826,0.138322483287829,"Western Sahara","El Hierro",0.0178571428571429,0.0952380952380952,0,437.371016375,"Added location"
5,6,0.575,0.687765609031255,0.754386569866776,0.143609490482275,"Western Sahara","El Hierro",0.0178571428571429,0.0952380952380952,0,437.371016375,"Added location"
5,6,0.6,0.688516782740175,0.754956370436576,0.1470943164686,"Western Sahara","El Hierro",0.0178571428571429,0.0952380952380952,0,437.371016375,"Added location"
5,6,0.625,0.688414113500289,0.75282676987339,0.14819502118434,"Western Sahara","El Hierro",0.0178571428571429,0.0952380952380952,0,437.371016375,"Added location"
5,6,0.65,0.691992801519918,0.748407479137104,0.161589961093508,"Western Sahara","El Hierro",0.0178571428571429,0.0952380952380952,0,437.371016375,"Added location"
5,6,0.675,0.697804498078324,0.741883518865556,0.188558167505866,"Western Sahara","El Hierro",0.0178571428571429,0.0952380952380952,0,437.371016375,"Added location"
5,6,0.7,0.697291820509757,0.734969289016549,0.192069860972356,"Western Sahara","El Hierro",0.0178571428571429,0.0952380952380952,0,437.371016375,"Added location"
5,6,0.725,0.70760360964149,0.736662246373578,0.228643989182827,"Western Sahara","El Hierro",0.0178571428571429,0.0952380952380952,0,437.371016375,"Added location"
5,6,0.75,0.708585464448951,0.734289974696641,0.235068443543491,"Western Sahara","El Hierro",0.0178571428571429,0.0952380952380952,0,437.371016375,"Added location"
5,6,0.775,0.706206587036715,0.728676465811306,0.234112714319708,"Western Sahara","El Hierro",0.0178571428571429,0.0952380952380952,0,437.371016375,"Added location"
5,6,0.8,0.708882436704274,0.727204746665348,0.247443705541623,"Western Sahara","El Hierro",0.0178571428571429,0.0952380952380952,0,437.371016375,"Added location"
5,7,0.3,0.661866511192933,0.757270367660954,NA,"Western Sahara","La Gomera",0.0467289719626168,0.227272727272727,0.0137614678899083,390.00886975,"Added location"
5,7,0.325,0.661866511192933,0.757270367660954,NA,"Western Sahara","La Gomera",0.0467289719626168,0.227272727272727,0.0137614678899083,390.00886975,"Added location"
5,7,0.35,0.661866511192933,0.757270367660954,NA,"Western Sahara","La Gomera",0.0467289719626168,0.227272727272727,0.0137614678899083,390.00886975,"Added location"
5,7,0.375,0.661866511192933,0.757270367660954,NA,"Western Sahara","La Gomera",0.0467289719626168,0.227272727272727,0.0137614678899083,390.00886975,"Added location"
5,7,0.4,0.661866511192933,0.757270367660954,NA,"Western Sahara","La Gomera",0.0467289719626168,0.227272727272727,0.0137614678899083,390.00886975,"Added location"
5,7,0.425,0.661866511192933,0.757270367660954,NA,"Western Sahara","La Gomera",0.0467289719626168,0.227272727272727,0.0137614678899083,390.00886975,"Added location"
5,7,0.45,0.661866511192933,0.757270367660954,NA,"Western Sahara","La Gomera",0.0467289719626168,0.227272727272727,0.0137614678899083,390.00886975,"Added location"
5,7,0.475,0.661866511192933,0.757270367660954,NA,"Western Sahara","La Gomera",0.0467289719626168,0.227272727272727,0.0137614678899083,390.00886975,"Added location"
5,7,0.5,0.664336383060565,0.748019071296332,0.0631614446584215,"Western Sahara","La Gomera",0.0467289719626168,0.227272727272727,0.0137614678899083,390.00886975,"Added location"
5,7,0.525,0.673793340043391,0.752308147515962,0.118333179082294,"Western Sahara","La Gomera",0.0467289719626168,0.227272727272727,0.0137614678899083,390.00886975,"Added location"
5,7,0.55,0.681902831890664,0.756979604575684,0.162243237443258,"Western Sahara","La Gomera",0.0467289719626168,0.227272727272727,0.0137614678899083,390.00886975,"Added location"
5,7,0.575,0.685075765754038,0.757398556794416,0.175303564074502,"Western Sahara","La Gomera",0.0467289719626168,0.227272727272727,0.0137614678899083,390.00886975,"Added location"
5,7,0.6,0.685091711678925,0.749129521751654,0.17540968837855,"Western Sahara","La Gomera",0.0467289719626168,0.227272727272727,0.0137614678899083,390.00886975,"Added location"
5,7,0.625,0.687593033039403,0.743547249477525,0.182692582767947,"Western Sahara","La Gomera",0.0467289719626168,0.227272727272727,0.0137614678899083,390.00886975,"Added location"
5,7,0.65,0.685303853222155,0.732367089697031,0.176494669540285,"Western Sahara","La Gomera",0.0467289719626168,0.227272727272727,0.0137614678899083,390.00886975,"Added location"
5,7,0.675,0.680763981590984,0.713065833073381,0.166633301081912,"Western Sahara","La Gomera",0.0467289719626168,0.227272727272727,0.0137614678899083,390.00886975,"Added location"
5,7,0.7,0.679993464869,0.700669176675214,0.169400389847857,"Western Sahara","La Gomera",0.0467289719626168,0.227272727272727,0.0137614678899083,390.00886975,"Added location"
5,7,0.725,0.681148661422636,0.690253274726036,0.178962131576942,"Western Sahara","La Gomera",0.0467289719626168,0.227272727272727,0.0137614678899083,390.00886975,"Added location"
5,7,0.75,0.683367987168469,0.680391588593399,0.189058874606436,"Western Sahara","La Gomera",0.0467289719626168,0.227272727272727,0.0137614678899083,390.00886975,"Added location"
5,7,0.775,0.688697814414617,0.678169462499346,0.205411048024643,"Western Sahara","La Gomera",0.0467289719626168,0.227272727272727,0.0137614678899083,390.00886975,"Added location"
5,7,0.8,0.685077336407348,0.664136469252226,0.203535629675472,"Western Sahara","La Gomera",0.0467289719626168,0.227272727272727,0.0137614678899083,390.00886975,"Added location"
6,1,0.3,0.636653477901525,0.736258410680675,NA,"El Hierro","Tenerife Teno",0.189473684210526,0.363636363636364,0.0935960591133005,129.4144136,"Added location"
6,1,0.325,0.636653477901525,0.736258410680675,NA,"El Hierro","Tenerife Teno",0.189473684210526,0.363636363636364,0.0935960591133005,129.4144136,"Added location"
6,1,0.35,0.636653477901525,0.736258410680675,NA,"El Hierro","Tenerife Teno",0.189473684210526,0.363636363636364,0.0935960591133005,129.4144136,"Added location"
6,1,0.375,0.636653477901525,0.736258410680675,NA,"El Hierro","Tenerife Teno",0.189473684210526,0.363636363636364,0.0935960591133005,129.4144136,"Added location"
6,1,0.4,0.636653477901525,0.736258410680675,NA,"El Hierro","Tenerife Teno",0.189473684210526,0.363636363636364,0.0935960591133005,129.4144136,"Added location"
6,1,0.425,0.636653477901525,0.736258410680675,NA,"El Hierro","Tenerife Teno",0.189473684210526,0.363636363636364,0.0935960591133005,129.4144136,"Added location"
6,1,0.45,0.636653477901525,0.736258410680675,NA,"El Hierro","Tenerife Teno",0.189473684210526,0.363636363636364,0.0935960591133005,129.4144136,"Added location"
6,1,0.475,0.636653477901525,0.736258410680675,NA,"El Hierro","Tenerife Teno",0.189473684210526,0.363636363636364,0.0935960591133005,129.4144136,"Added location"
6,1,0.5,0.637351368362245,0.726035283709154,0.0439087155357383,"El Hierro","Tenerife Teno",0.189473684210526,0.363636363636364,0.0935960591133005,129.4144136,"Added location"
6,1,0.525,0.644366601517878,0.729825008720914,0.0895492137067408,"El Hierro","Tenerife Teno",0.189473684210526,0.363636363636364,0.0935960591133005,129.4144136,"Added location"
6,1,0.55,0.651073657249707,0.732391067193024,0.131057411979111,"El Hierro","Tenerife Teno",0.189473684210526,0.363636363636364,0.0935960591133005,129.4144136,"Added location"
6,1,0.575,0.659141394899074,0.736828009913507,0.167515895644056,"El Hierro","Tenerife Teno",0.189473684210526,0.363636363636364,0.0935960591133005,129.4144136,"Added location"
6,1,0.6,0.666092965869071,0.739763016027189,0.189839577575005,"El Hierro","Tenerife Teno",0.189473684210526,0.363636363636364,0.0935960591133005,129.4144136,"Added location"
6,1,0.625,0.66798443795544,0.73845360273043,0.194987720882407,"El Hierro","Tenerife Teno",0.189473684210526,0.363636363636364,0.0935960591133005,129.4144136,"Added location"
6,1,0.65,0.67266826127005,0.738556231844862,0.213336026393077,"El Hierro","Tenerife Teno",0.189473684210526,0.363636363636364,0.0935960591133005,129.4144136,"Added location"
6,1,0.675,0.678974125144481,0.739364809806806,0.231557766537953,"El Hierro","Tenerife Teno",0.189473684210526,0.363636363636364,0.0935960591133005,129.4144136,"Added location"
6,1,0.7,0.68715708496309,0.742809723438424,0.261671221731018,"El Hierro","Tenerife Teno",0.189473684210526,0.363636363636364,0.0935960591133005,129.4144136,"Added location"
6,1,0.725,0.694336713515169,0.745660381811832,0.283433366092437,"El Hierro","Tenerife Teno",0.189473684210526,0.363636363636364,0.0935960591133005,129.4144136,"Added location"
6,1,0.75,0.695846699863721,0.742698777463002,0.281561916656136,"El Hierro","Tenerife Teno",0.189473684210526,0.363636363636364,0.0935960591133005,129.4144136,"Added location"
6,1,0.775,0.692843228487938,0.735262295268535,0.272271320390355,"El Hierro","Tenerife Teno",0.189473684210526,0.363636363636364,0.0935960591133005,129.4144136,"Added location"
6,1,0.8,0.692498701090522,0.725566498105532,0.266744070781537,"El Hierro","Tenerife Teno",0.189473684210526,0.363636363636364,0.0935960591133005,129.4144136,"Added location"
6,2,0.3,0.67116436612731,0.764692891029868,NA,"El Hierro","Tenerife South",0.150943396226415,0.285714285714286,0.0558139534883721,172.763448,"Added location"
6,2,0.325,0.67116436612731,0.764692891029868,NA,"El Hierro","Tenerife South",0.150943396226415,0.285714285714286,0.0558139534883721,172.763448,"Added location"
6,2,0.35,0.67116436612731,0.764692891029868,NA,"El Hierro","Tenerife South",0.150943396226415,0.285714285714286,0.0558139534883721,172.763448,"Added location"
6,2,0.375,0.67116436612731,0.764692891029868,NA,"El Hierro","Tenerife South",0.150943396226415,0.285714285714286,0.0558139534883721,172.763448,"Added location"
6,2,0.4,0.67116436612731,0.764692891029868,NA,"El Hierro","Tenerife South",0.150943396226415,0.285714285714286,0.0558139534883721,172.763448,"Added location"
6,2,0.425,0.67116436612731,0.764692891029868,NA,"El Hierro","Tenerife South",0.150943396226415,0.285714285714286,0.0558139534883721,172.763448,"Added location"
6,2,0.45,0.67116436612731,0.764692891029868,NA,"El Hierro","Tenerife South",0.150943396226415,0.285714285714286,0.0558139534883721,172.763448,"Added location"
6,2,0.475,0.67116436612731,0.764692891029868,NA,"El Hierro","Tenerife South",0.150943396226415,0.285714285714286,0.0558139534883721,172.763448,"Added location"
6,2,0.5,0.673686031367833,0.755994414265465,0.0638082028812814,"El Hierro","Tenerife South",0.150943396226415,0.285714285714286,0.0558139534883721,172.763448,"Added location"
6,2,0.525,0.674793635434666,0.751623296912301,0.0752154700940504,"El Hierro","Tenerife South",0.150943396226415,0.285714285714286,0.0558139534883721,172.763448,"Added location"
6,2,0.55,0.681430258795722,0.754701966953491,0.110773164676317,"El Hierro","Tenerife South",0.150943396226415,0.285714285714286,0.0558139534883721,172.763448,"Added location"
6,2,0.575,0.677706792524219,0.745693560090296,0.0955547507319495,"El Hierro","Tenerife South",0.150943396226415,0.285714285714286,0.0558139534883721,172.763448,"Added location"
6,2,0.6,0.675446179732615,0.7384523730212,0.0925618896179146,"El Hierro","Tenerife South",0.150943396226415,0.285714285714286,0.0558139534883721,172.763448,"Added location"
6,2,0.625,0.681826018312384,0.739070811180848,0.124444581508701,"El Hierro","Tenerife South",0.150943396226415,0.285714285714286,0.0558139534883721,172.763448,"Added location"
6,2,0.65,0.686486973077152,0.739647693613617,0.145686205104901,"El Hierro","Tenerife South",0.150943396226415,0.285714285714286,0.0558139534883721,172.763448,"Added location"
6,2,0.675,0.692060936622743,0.740981193917379,0.169078750212052,"El Hierro","Tenerife South",0.150943396226415,0.285714285714286,0.0558139534883721,172.763448,"Added location"
6,2,0.7,0.693065261963016,0.736922429174195,0.175173788580324,"El Hierro","Tenerife South",0.150943396226415,0.285714285714286,0.0558139534883721,172.763448,"Added location"
6,2,0.725,0.692350502131802,0.732683487892614,0.172559087437011,"El Hierro","Tenerife South",0.150943396226415,0.285714285714286,0.0558139534883721,172.763448,"Added location"
6,2,0.75,0.690234266536125,0.725502595953586,0.167180792133461,"El Hierro","Tenerife South",0.150943396226415,0.285714285714286,0.0558139534883721,172.763448,"Added location"
6,2,0.775,0.684097186372453,0.709159860300174,0.154249225286822,"El Hierro","Tenerife South",0.150943396226415,0.285714285714286,0.0558139534883721,172.763448,"Added location"
6,2,0.8,0.688184516192048,0.703473715723398,0.172070459361764,"El Hierro","Tenerife South",0.150943396226415,0.285714285714286,0.0558139534883721,172.763448,"Added location"
6,3,0.3,0.662769277387429,0.757572184771079,NA,"El Hierro","Gran Canaria",0.168539325842697,0.210526315789474,0.0368421052631579,274.346546,"Added location"
6,3,0.325,0.662769277387429,0.757572184771079,NA,"El Hierro","Gran Canaria",0.168539325842697,0.210526315789474,0.0368421052631579,274.346546,"Added location"
6,3,0.35,0.662769277387429,0.757572184771079,NA,"El Hierro","Gran Canaria",0.168539325842697,0.210526315789474,0.0368421052631579,274.346546,"Added location"
6,3,0.375,0.662769277387429,0.757572184771079,NA,"El Hierro","Gran Canaria",0.168539325842697,0.210526315789474,0.0368421052631579,274.346546,"Added location"
6,3,0.4,0.662769277387429,0.757572184771079,NA,"El Hierro","Gran Canaria",0.168539325842697,0.210526315789474,0.0368421052631579,274.346546,"Added location"
6,3,0.425,0.662769277387429,0.757572184771079,NA,"El Hierro","Gran Canaria",0.168539325842697,0.210526315789474,0.0368421052631579,274.346546,"Added location"
6,3,0.45,0.662769277387429,0.757572184771079,NA,"El Hierro","Gran Canaria",0.168539325842697,0.210526315789474,0.0368421052631579,274.346546,"Added location"
6,3,0.475,0.662769277387429,0.757572184771079,NA,"El Hierro","Gran Canaria",0.168539325842697,0.210526315789474,0.0368421052631579,274.346546,"Added location"
6,3,0.5,0.665568191452538,0.745711024645384,0.0683879878074442,"El Hierro","Gran Canaria",0.168539325842697,0.210526315789474,0.0368421052631579,274.346546,"Added location"
6,3,0.525,0.673781600726091,0.748863084527093,0.116204135959587,"El Hierro","Gran Canaria",0.168539325842697,0.210526315789474,0.0368421052631579,274.346546,"Added location"
6,3,0.55,0.685765681892309,0.754574850429585,0.168744926598917,"El Hierro","Gran Canaria",0.168539325842697,0.210526315789474,0.0368421052631579,274.346546,"Added location"
6,3,0.575,0.691129958077393,0.753426545731077,0.19164165232016,"El Hierro","Gran Canaria",0.168539325842697,0.210526315789474,0.0368421052631579,274.346546,"Added location"
6,3,0.6,0.690902034209832,0.745690150712876,0.187511736869074,"El Hierro","Gran Canaria",0.168539325842697,0.210526315789474,0.0368421052631579,274.346546,"Added location"
6,3,0.625,0.69387784927831,0.740813441016875,0.196885780603286,"El Hierro","Gran Canaria",0.168539325842697,0.210526315789474,0.0368421052631579,274.346546,"Added location"
6,3,0.65,0.691002831507615,0.728942347978758,0.189318521348161,"El Hierro","Gran Canaria",0.168539325842697,0.210526315789474,0.0368421052631579,274.346546,"Added location"
6,3,0.675,0.689458373699565,0.721573701799046,0.187631446919641,"El Hierro","Gran Canaria",0.168539325842697,0.210526315789474,0.0368421052631579,274.346546,"Added location"
6,3,0.7,0.69313051316341,0.716222015722737,0.200139981589244,"El Hierro","Gran Canaria",0.168539325842697,0.210526315789474,0.0368421052631579,274.346546,"Added location"
6,3,0.725,0.696004069055048,0.712131114241606,0.212673443275474,"El Hierro","Gran Canaria",0.168539325842697,0.210526315789474,0.0368421052631579,274.346546,"Added location"
6,3,0.75,0.69470506362032,0.705180745230673,0.208092058547674,"El Hierro","Gran Canaria",0.168539325842697,0.210526315789474,0.0368421052631579,274.346546,"Added location"
6,3,0.775,0.69663639145612,0.699298615226226,0.218186066884003,"El Hierro","Gran Canaria",0.168539325842697,0.210526315789474,0.0368421052631579,274.346546,"Added location"
6,3,0.8,0.695206069578979,0.687681535206267,0.22304409058882,"El Hierro","Gran Canaria",0.168539325842697,0.210526315789474,0.0368421052631579,274.346546,"Added location"
6,4,0.3,0.683903787593309,0.774437210815088,NA,"El Hierro","Fuerteventura",0.0891089108910891,0.111111111111111,0.00558659217877095,455.676643375,"Added location"
6,4,0.325,0.683903787593309,0.774437210815088,NA,"El Hierro","Fuerteventura",0.0891089108910891,0.111111111111111,0.00558659217877095,455.676643375,"Added location"
6,4,0.35,0.683903787593309,0.774437210815088,NA,"El Hierro","Fuerteventura",0.0891089108910891,0.111111111111111,0.00558659217877095,455.676643375,"Added location"
6,4,0.375,0.683903787593309,0.774437210815088,NA,"El Hierro","Fuerteventura",0.0891089108910891,0.111111111111111,0.00558659217877095,455.676643375,"Added location"
6,4,0.4,0.683903787593309,0.774437210815088,NA,"El Hierro","Fuerteventura",0.0891089108910891,0.111111111111111,0.00558659217877095,455.676643375,"Added location"
6,4,0.425,0.683903787593309,0.774437210815088,NA,"El Hierro","Fuerteventura",0.0891089108910891,0.111111111111111,0.00558659217877095,455.676643375,"Added location"
6,4,0.45,0.683903787593309,0.774437210815088,NA,"El Hierro","Fuerteventura",0.0891089108910891,0.111111111111111,0.00558659217877095,455.676643375,"Added location"
6,4,0.475,0.683903787593309,0.774437210815088,NA,"El Hierro","Fuerteventura",0.0891089108910891,0.111111111111111,0.00558659217877095,455.676643375,"Added location"
6,4,0.5,0.689941643193053,0.762105368786728,0.102522233293697,"El Hierro","Fuerteventura",0.0891089108910891,0.111111111111111,0.00558659217877095,455.676643375,"Added location"
6,4,0.525,0.691835634090438,0.760406017313658,0.115524795071538,"El Hierro","Fuerteventura",0.0891089108910891,0.111111111111111,0.00558659217877095,455.676643375,"Added location"
6,4,0.55,0.690858867455784,0.757414373504373,0.111377559170937,"El Hierro","Fuerteventura",0.0891089108910891,0.111111111111111,0.00558659217877095,455.676643375,"Added location"
6,4,0.575,0.682825483402474,0.741862944230855,0.081101188075889,"El Hierro","Fuerteventura",0.0891089108910891,0.111111111111111,0.00558659217877095,455.676643375,"Added location"
6,4,0.6,0.671267823634195,0.721674473948298,0.0456319941392301,"El Hierro","Fuerteventura",0.0891089108910891,0.111111111111111,0.00558659217877095,455.676643375,"Added location"
6,4,0.625,0.670626321535179,0.714820434670126,0.0519912466686331,"El Hierro","Fuerteventura",0.0891089108910891,0.111111111111111,0.00558659217877095,455.676643375,"Added location"
6,4,0.65,0.66395665180981,0.701124374793416,0.0366780920834137,"El Hierro","Fuerteventura",0.0891089108910891,0.111111111111111,0.00558659217877095,455.676643375,"Added location"
6,4,0.675,0.661017887930582,0.693266233465636,0.0294258078569303,"El Hierro","Fuerteventura",0.0891089108910891,0.111111111111111,0.00558659217877095,455.676643375,"Added location"
6,4,0.7,0.652830074178641,0.67770351396522,0.0142016074513562,"El Hierro","Fuerteventura",0.0891089108910891,0.111111111111111,0.00558659217877095,455.676643375,"Added location"
6,4,0.725,0.644460351364165,0.661623054148043,0.000562930862501158,"El Hierro","Fuerteventura",0.0891089108910891,0.111111111111111,0.00558659217877095,455.676643375,"Added location"
6,4,0.75,0.645758902275305,0.653941596729283,0.0198980277725346,"El Hierro","Fuerteventura",0.0891089108910891,0.111111111111111,0.00558659217877095,455.676643375,"Added location"
6,4,0.775,0.641461018829154,0.642323689493463,0.0234509933974361,"El Hierro","Fuerteventura",0.0891089108910891,0.111111111111111,0.00558659217877095,455.676643375,"Added location"
6,4,0.8,0.647064161229868,0.637986691073839,0.0514262108355306,"El Hierro","Fuerteventura",0.0891089108910891,0.111111111111111,0.00558659217877095,455.676643375,"Added location"
6,5,0.3,0.657405950363111,0.752864883527612,NA,"El Hierro","Western Sahara",0.0178571428571429,0.0952380952380952,0,437.371016375,"Added location"
6,5,0.325,0.657405950363111,0.752864883527612,NA,"El Hierro","Western Sahara",0.0178571428571429,0.0952380952380952,0,437.371016375,"Added location"
6,5,0.35,0.657405950363111,0.752864883527612,NA,"El Hierro","Western Sahara",0.0178571428571429,0.0952380952380952,0,437.371016375,"Added location"
6,5,0.375,0.657405950363111,0.752864883527612,NA,"El Hierro","Western Sahara",0.0178571428571429,0.0952380952380952,0,437.371016375,"Added location"
6,5,0.4,0.657405950363111,0.752864883527612,NA,"El Hierro","Western Sahara",0.0178571428571429,0.0952380952380952,0,437.371016375,"Added location"
6,5,0.425,0.657405950363111,0.752864883527612,NA,"El Hierro","Western Sahara",0.0178571428571429,0.0952380952380952,0,437.371016375,"Added location"
6,5,0.45,0.657405950363111,0.752864883527612,NA,"El Hierro","Western Sahara",0.0178571428571429,0.0952380952380952,0,437.371016375,"Added location"
6,5,0.475,0.657405950363111,0.752864883527612,NA,"El Hierro","Western Sahara",0.0178571428571429,0.0952380952380952,0,437.371016375,"Added location"
6,5,0.5,0.660173553812821,0.739431997969549,0.0696604092055122,"El Hierro","Western Sahara",0.0178571428571429,0.0952380952380952,0,437.371016375,"Added location"
6,5,0.525,0.654229752630041,0.721076538488624,0.0579559895162229,"El Hierro","Western Sahara",0.0178571428571429,0.0952380952380952,0,437.371016375,"Added location"
6,5,0.55,0.662011380692081,0.715102211340859,0.106146139059168,"El Hierro","Western Sahara",0.0178571428571429,0.0952380952380952,0,437.371016375,"Added location"
6,5,0.575,0.656534779844382,0.691700333785089,0.1001861012495,"El Hierro","Western Sahara",0.0178571428571429,0.0952380952380952,0,437.371016375,"Added location"
6,5,0.6,0.664074215900507,0.686560757950986,0.133694577736772,"El Hierro","Western Sahara",0.0178571428571429,0.0952380952380952,0,437.371016375,"Added location"
6,5,0.625,0.656789576019788,0.666700984344829,0.120653743255374,"El Hierro","Western Sahara",0.0178571428571429,0.0952380952380952,0,437.371016375,"Added location"
6,5,0.65,0.65025691513475,0.64826370694274,0.113927297227717,"El Hierro","Western Sahara",0.0178571428571429,0.0952380952380952,0,437.371016375,"Added location"
6,5,0.675,0.643670020137595,0.633806935918584,0.10649893038934,"El Hierro","Western Sahara",0.0178571428571429,0.0952380952380952,0,437.371016375,"Added location"
6,5,0.7,0.654012965891354,0.638192409354345,0.134616610709469,"El Hierro","Western Sahara",0.0178571428571429,0.0952380952380952,0,437.371016375,"Added location"
6,5,0.725,0.656271807545056,0.634695289010661,0.147281510308941,"El Hierro","Western Sahara",0.0178571428571429,0.0952380952380952,0,437.371016375,"Added location"
6,5,0.75,0.658660662169579,0.633763944320251,0.155119861772257,"El Hierro","Western Sahara",0.0178571428571429,0.0952380952380952,0,437.371016375,"Added location"
6,5,0.775,0.65640716430185,0.625185179151741,0.15469984412934,"El Hierro","Western Sahara",0.0178571428571429,0.0952380952380952,0,437.371016375,"Added location"
6,5,0.8,0.65045920681457,0.614335476288796,0.145366820121392,"El Hierro","Western Sahara",0.0178571428571429,0.0952380952380952,0,437.371016375,"Added location"
6,6,0.3,0.655661550661585,0.751079254194786,NA,"El Hierro","El Hierro",1,1,1,0,"Single location"
6,6,0.325,0.655661550661585,0.751079254194786,NA,"El Hierro","El Hierro",1,1,1,0,"Single location"
6,6,0.35,0.655661550661585,0.751079254194786,NA,"El Hierro","El Hierro",1,1,1,0,"Single location"
6,6,0.375,0.655661550661585,0.751079254194786,NA,"El Hierro","El Hierro",1,1,1,0,"Single location"
6,6,0.4,0.655661550661585,0.751079254194786,NA,"El Hierro","El Hierro",1,1,1,0,"Single location"
6,6,0.425,0.655661550661585,0.751079254194786,NA,"El Hierro","El Hierro",1,1,1,0,"Single location"
6,6,0.45,0.655661550661585,0.751079254194786,NA,"El Hierro","El Hierro",1,1,1,0,"Single location"
6,6,0.475,0.655661550661585,0.751079254194786,NA,"El Hierro","El Hierro",1,1,1,0,"Single location"
6,6,0.5,0.659101931231489,0.733352311816829,0.0788509779550598,"El Hierro","El Hierro",1,1,1,0,"Single location"
6,6,0.525,0.662362074512075,0.733644021246704,0.0973948456861646,"El Hierro","El Hierro",1,1,1,0,"Single location"
6,6,0.55,0.666239446528952,0.734294805197014,0.115411515783524,"El Hierro","El Hierro",1,1,1,0,"Single location"
6,6,0.575,0.67200771063787,0.735422510314285,0.136012494931441,"El Hierro","El Hierro",1,1,1,0,"Single location"
6,6,0.6,0.67606528796707,0.738042787230446,0.153023149959753,"El Hierro","El Hierro",1,1,1,0,"Single location"
6,6,0.625,0.676568567778891,0.73473015631915,0.157355330967818,"El Hierro","El Hierro",1,1,1,0,"Single location"
6,6,0.65,0.678409445532821,0.734224539011808,0.16519583807541,"El Hierro","El Hierro",1,1,1,0,"Single location"
6,6,0.675,0.67630699028189,0.730369511203994,0.157713464253395,"El Hierro","El Hierro",1,1,1,0,"Single location"
6,6,0.7,0.681839070052673,0.732087164504643,0.176326319827421,"El Hierro","El Hierro",1,1,1,0,"Single location"
6,6,0.725,0.686796927940842,0.734150189551331,0.194344758716651,"El Hierro","El Hierro",1,1,1,0,"Single location"
6,6,0.75,0.68825623807833,0.728685218030783,0.204428635516835,"El Hierro","El Hierro",1,1,1,0,"Single location"
6,6,0.775,0.691981044298848,0.727807202964805,0.218428556530368,"El Hierro","El Hierro",1,1,1,0,"Single location"
6,6,0.8,0.687473730435906,0.716322848209846,0.206386387027159,"El Hierro","El Hierro",1,1,1,0,"Single location"
6,7,0.3,0.653922613984833,0.750413200809735,NA,"El Hierro","La Gomera",0.232558139534884,0.368421052631579,0.0909090909090909,80.11273198,"Added location"
6,7,0.325,0.653922613984833,0.750413200809735,NA,"El Hierro","La Gomera",0.232558139534884,0.368421052631579,0.0909090909090909,80.11273198,"Added location"
6,7,0.35,0.653922613984833,0.750413200809735,NA,"El Hierro","La Gomera",0.232558139534884,0.368421052631579,0.0909090909090909,80.11273198,"Added location"
6,7,0.375,0.653922613984833,0.750413200809735,NA,"El Hierro","La Gomera",0.232558139534884,0.368421052631579,0.0909090909090909,80.11273198,"Added location"
6,7,0.4,0.653922613984833,0.750413200809735,NA,"El Hierro","La Gomera",0.232558139534884,0.368421052631579,0.0909090909090909,80.11273198,"Added location"
6,7,0.425,0.653922613984833,0.750413200809735,NA,"El Hierro","La Gomera",0.232558139534884,0.368421052631579,0.0909090909090909,80.11273198,"Added location"
6,7,0.45,0.653922613984833,0.750413200809735,NA,"El Hierro","La Gomera",0.232558139534884,0.368421052631579,0.0909090909090909,80.11273198,"Added location"
6,7,0.475,0.653922613984833,0.750413200809735,NA,"El Hierro","La Gomera",0.232558139534884,0.368421052631579,0.0909090909090909,80.11273198,"Added location"
6,7,0.5,0.655690750895062,0.740271641559441,0.0563193580661316,"El Hierro","La Gomera",0.232558139534884,0.368421052631579,0.0909090909090909,80.11273198,"Added location"
6,7,0.525,0.659514423164562,0.740030647364093,0.0808189458131538,"El Hierro","La Gomera",0.232558139534884,0.368421052631579,0.0909090909090909,80.11273198,"Added location"
6,7,0.55,0.661722836396816,0.737947556400926,0.0922654649551749,"El Hierro","La Gomera",0.232558139534884,0.368421052631579,0.0909090909090909,80.11273198,"Added location"
6,7,0.575,0.665416322907958,0.737780540969423,0.115008309715861,"El Hierro","La Gomera",0.232558139534884,0.368421052631579,0.0909090909090909,80.11273198,"Added location"
6,7,0.6,0.670099839523239,0.737942710753202,0.137533804660635,"El Hierro","La Gomera",0.232558139534884,0.368421052631579,0.0909090909090909,80.11273198,"Added location"
6,7,0.625,0.672664459473296,0.734387973043104,0.148820049093085,"El Hierro","La Gomera",0.232558139534884,0.368421052631579,0.0909090909090909,80.11273198,"Added location"
6,7,0.65,0.673433187227017,0.729908324093198,0.153653982785403,"El Hierro","La Gomera",0.232558139534884,0.368421052631579,0.0909090909090909,80.11273198,"Added location"
6,7,0.675,0.674244561266193,0.725315889567535,0.160475674940867,"El Hierro","La Gomera",0.232558139534884,0.368421052631579,0.0909090909090909,80.11273198,"Added location"
6,7,0.7,0.673780821802813,0.718292935347735,0.158562052909117,"El Hierro","La Gomera",0.232558139534884,0.368421052631579,0.0909090909090909,80.11273198,"Added location"
6,7,0.725,0.680921952573027,0.719028856608407,0.186290572002859,"El Hierro","La Gomera",0.232558139534884,0.368421052631579,0.0909090909090909,80.11273198,"Added location"
6,7,0.75,0.679750696670193,0.70997670414323,0.182338292593426,"El Hierro","La Gomera",0.232558139534884,0.368421052631579,0.0909090909090909,80.11273198,"Added location"
6,7,0.775,0.677023758158968,0.698816367751137,0.176021891755672,"El Hierro","La Gomera",0.232558139534884,0.368421052631579,0.0909090909090909,80.11273198,"Added location"
6,7,0.8,0.673015584394158,0.689700976460371,0.165649312138782,"El Hierro","La Gomera",0.232558139534884,0.368421052631579,0.0909090909090909,80.11273198,"Added location"
7,1,0.3,0.635414947174423,0.735125944275917,NA,"La Gomera","Tenerife Teno",0.168421052631579,0.478260869565217,0.091703056768559,52.751492455,"Added location"
7,1,0.325,0.635414947174423,0.735125944275917,NA,"La Gomera","Tenerife Teno",0.168421052631579,0.478260869565217,0.091703056768559,52.751492455,"Added location"
7,1,0.35,0.635414947174423,0.735125944275917,NA,"La Gomera","Tenerife Teno",0.168421052631579,0.478260869565217,0.091703056768559,52.751492455,"Added location"
7,1,0.375,0.635414947174423,0.735125944275917,NA,"La Gomera","Tenerife Teno",0.168421052631579,0.478260869565217,0.091703056768559,52.751492455,"Added location"
7,1,0.4,0.635414947174423,0.735125944275917,NA,"La Gomera","Tenerife Teno",0.168421052631579,0.478260869565217,0.091703056768559,52.751492455,"Added location"
7,1,0.425,0.635414947174423,0.735125944275917,NA,"La Gomera","Tenerife Teno",0.168421052631579,0.478260869565217,0.091703056768559,52.751492455,"Added location"
7,1,0.45,0.635414947174423,0.735125944275917,NA,"La Gomera","Tenerife Teno",0.168421052631579,0.478260869565217,0.091703056768559,52.751492455,"Added location"
7,1,0.475,0.635414947174423,0.735125944275917,NA,"La Gomera","Tenerife Teno",0.168421052631579,0.478260869565217,0.091703056768559,52.751492455,"Added location"
7,1,0.5,0.636245448205737,0.725721480650847,0.0451497576068565,"La Gomera","Tenerife Teno",0.168421052631579,0.478260869565217,0.091703056768559,52.751492455,"Added location"
7,1,0.525,0.643218721454156,0.72861836022391,0.0928663516191604,"La Gomera","Tenerife Teno",0.168421052631579,0.478260869565217,0.091703056768559,52.751492455,"Added location"
7,1,0.55,0.646866629084227,0.728228546145803,0.11286526070136,"La Gomera","Tenerife Teno",0.168421052631579,0.478260869565217,0.091703056768559,52.751492455,"Added location"
7,1,0.575,0.645671830091133,0.72358210606384,0.106754702933087,"La Gomera","Tenerife Teno",0.168421052631579,0.478260869565217,0.091703056768559,52.751492455,"Added location"
7,1,0.6,0.650112493363393,0.72541371008654,0.126697379417175,"La Gomera","Tenerife Teno",0.168421052631579,0.478260869565217,0.091703056768559,52.751492455,"Added location"
7,1,0.625,0.651820331801771,0.72392451781188,0.136077633361987,"La Gomera","Tenerife Teno",0.168421052631579,0.478260869565217,0.091703056768559,52.751492455,"Added location"
7,1,0.65,0.660956104805725,0.727574641234109,0.174436097857501,"La Gomera","Tenerife Teno",0.168421052631579,0.478260869565217,0.091703056768559,52.751492455,"Added location"
7,1,0.675,0.664095779470525,0.724479049575046,0.182857359244694,"La Gomera","Tenerife Teno",0.168421052631579,0.478260869565217,0.091703056768559,52.751492455,"Added location"
7,1,0.7,0.676949552083672,0.731009983521504,0.225489277024891,"La Gomera","Tenerife Teno",0.168421052631579,0.478260869565217,0.091703056768559,52.751492455,"Added location"
7,1,0.725,0.681045744194144,0.728595943269393,0.235153253824732,"La Gomera","Tenerife Teno",0.168421052631579,0.478260869565217,0.091703056768559,52.751492455,"Added location"
7,1,0.75,0.692093542432411,0.732129278750448,0.265702242534905,"La Gomera","Tenerife Teno",0.168421052631579,0.478260869565217,0.091703056768559,52.751492455,"Added location"
7,1,0.775,0.697565871713598,0.732990994439503,0.279700694663583,"La Gomera","Tenerife Teno",0.168421052631579,0.478260869565217,0.091703056768559,52.751492455,"Added location"
7,1,0.8,0.701432569868632,0.730627761979243,0.289438813414805,"La Gomera","Tenerife Teno",0.168421052631579,0.478260869565217,0.091703056768559,52.751492455,"Added location"
7,2,0.3,0.674697639206735,0.767895935960589,NA,"La Gomera","Tenerife South",0.237113402061856,0.476190476190476,0.0851063829787234,92.99956344,"Added location"
7,2,0.325,0.674697639206735,0.767895935960589,NA,"La Gomera","Tenerife South",0.237113402061856,0.476190476190476,0.0851063829787234,92.99956344,"Added location"
7,2,0.35,0.674697639206735,0.767895935960589,NA,"La Gomera","Tenerife South",0.237113402061856,0.476190476190476,0.0851063829787234,92.99956344,"Added location"
7,2,0.375,0.674697639206735,0.767895935960589,NA,"La Gomera","Tenerife South",0.237113402061856,0.476190476190476,0.0851063829787234,92.99956344,"Added location"
7,2,0.4,0.674697639206735,0.767895935960589,NA,"La Gomera","Tenerife South",0.237113402061856,0.476190476190476,0.0851063829787234,92.99956344,"Added location"
7,2,0.425,0.674697639206735,0.767895935960589,NA,"La Gomera","Tenerife South",0.237113402061856,0.476190476190476,0.0851063829787234,92.99956344,"Added location"
7,2,0.45,0.674697639206735,0.767895935960589,NA,"La Gomera","Tenerife South",0.237113402061856,0.476190476190476,0.0851063829787234,92.99956344,"Added location"
7,2,0.475,0.674697639206735,0.767895935960589,NA,"La Gomera","Tenerife South",0.237113402061856,0.476190476190476,0.0851063829787234,92.99956344,"Added location"
7,2,0.5,0.677940162165202,0.761251666039299,0.0712122675427891,"La Gomera","Tenerife South",0.237113402061856,0.476190476190476,0.0851063829787234,92.99956344,"Added location"
7,2,0.525,0.680503075597526,0.760305513214619,0.0898787411632782,"La Gomera","Tenerife South",0.237113402061856,0.476190476190476,0.0851063829787234,92.99956344,"Added location"
7,2,0.55,0.683198821700029,0.759947199892087,0.105977350387646,"La Gomera","Tenerife South",0.237113402061856,0.476190476190476,0.0851063829787234,92.99956344,"Added location"
7,2,0.575,0.685392377142119,0.75809046196651,0.116255446358211,"La Gomera","Tenerife South",0.237113402061856,0.476190476190476,0.0851063829787234,92.99956344,"Added location"
7,2,0.6,0.685078008521421,0.753845126476809,0.118848083858899,"La Gomera","Tenerife South",0.237113402061856,0.476190476190476,0.0851063829787234,92.99956344,"Added location"
7,2,0.625,0.688383928901961,0.75324380127622,0.134592438574415,"La Gomera","Tenerife South",0.237113402061856,0.476190476190476,0.0851063829787234,92.99956344,"Added location"
7,2,0.65,0.686229389979988,0.747204722845041,0.12354922394241,"La Gomera","Tenerife South",0.237113402061856,0.476190476190476,0.0851063829787234,92.99956344,"Added location"
7,2,0.675,0.683307017012712,0.739689716601814,0.116519344477328,"La Gomera","Tenerife South",0.237113402061856,0.476190476190476,0.0851063829787234,92.99956344,"Added location"
7,2,0.7,0.679572842943269,0.730928773858188,0.108544948115413,"La Gomera","Tenerife South",0.237113402061856,0.476190476190476,0.0851063829787234,92.99956344,"Added location"
7,2,0.725,0.678742032929423,0.724311375041796,0.107347910087785,"La Gomera","Tenerife South",0.237113402061856,0.476190476190476,0.0851063829787234,92.99956344,"Added location"
7,2,0.75,0.679167878658729,0.71848897513942,0.112403137459032,"La Gomera","Tenerife South",0.237113402061856,0.476190476190476,0.0851063829787234,92.99956344,"Added location"
7,2,0.775,0.677154764559488,0.710593551488088,0.108919369068265,"La Gomera","Tenerife South",0.237113402061856,0.476190476190476,0.0851063829787234,92.99956344,"Added location"
7,2,0.8,0.676548093642261,0.699306935696157,0.118431787206697,"La Gomera","Tenerife South",0.237113402061856,0.476190476190476,0.0851063829787234,92.99956344,"Added location"
7,3,0.3,0.672583630612668,0.76573357569064,NA,"La Gomera","Gran Canaria",0.228915662650602,0.421052631578947,0.0922330097087379,200.274260075,"Added location"
7,3,0.325,0.672583630612668,0.76573357569064,NA,"La Gomera","Gran Canaria",0.228915662650602,0.421052631578947,0.0922330097087379,200.274260075,"Added location"
7,3,0.35,0.672583630612668,0.76573357569064,NA,"La Gomera","Gran Canaria",0.228915662650602,0.421052631578947,0.0922330097087379,200.274260075,"Added location"
7,3,0.375,0.672583630612668,0.76573357569064,NA,"La Gomera","Gran Canaria",0.228915662650602,0.421052631578947,0.0922330097087379,200.274260075,"Added location"
7,3,0.4,0.672583630612668,0.76573357569064,NA,"La Gomera","Gran Canaria",0.228915662650602,0.421052631578947,0.0922330097087379,200.274260075,"Added location"
7,3,0.425,0.672583630612668,0.76573357569064,NA,"La Gomera","Gran Canaria",0.228915662650602,0.421052631578947,0.0922330097087379,200.274260075,"Added location"
7,3,0.45,0.672583630612668,0.76573357569064,NA,"La Gomera","Gran Canaria",0.228915662650602,0.421052631578947,0.0922330097087379,200.274260075,"Added location"
7,3,0.475,0.672583630612668,0.76573357569064,NA,"La Gomera","Gran Canaria",0.228915662650602,0.421052631578947,0.0922330097087379,200.274260075,"Added location"
7,3,0.5,0.676826216057547,0.756647952632573,0.0822938402624403,"La Gomera","Gran Canaria",0.228915662650602,0.421052631578947,0.0922330097087379,200.274260075,"Added location"
7,3,0.525,0.684504861506971,0.759914076731367,0.124877699849747,"La Gomera","Gran Canaria",0.228915662650602,0.421052631578947,0.0922330097087379,200.274260075,"Added location"
7,3,0.55,0.688160914804782,0.758744043751143,0.141126717310444,"La Gomera","Gran Canaria",0.228915662650602,0.421052631578947,0.0922330097087379,200.274260075,"Added location"
7,3,0.575,0.692993151188227,0.7566741692388,0.161095066562555,"La Gomera","Gran Canaria",0.228915662650602,0.421052631578947,0.0922330097087379,200.274260075,"Added location"
7,3,0.6,0.695808596623163,0.752305261357644,0.179682145279985,"La Gomera","Gran Canaria",0.228915662650602,0.421052631578947,0.0922330097087379,200.274260075,"Added location"
7,3,0.625,0.700641407495001,0.746453875869999,0.192258095713692,"La Gomera","Gran Canaria",0.228915662650602,0.421052631578947,0.0922330097087379,200.274260075,"Added location"
7,3,0.65,0.705194677052932,0.739593427801787,0.207922686315003,"La Gomera","Gran Canaria",0.228915662650602,0.421052631578947,0.0922330097087379,200.274260075,"Added location"
7,3,0.675,0.706880499766825,0.732936326292908,0.213097659518667,"La Gomera","Gran Canaria",0.228915662650602,0.421052631578947,0.0922330097087379,200.274260075,"Added location"
7,3,0.7,0.704914648611231,0.720594402361831,0.208101494889378,"La Gomera","Gran Canaria",0.228915662650602,0.421052631578947,0.0922330097087379,200.274260075,"Added location"
7,3,0.725,0.706379434584828,0.715183110157592,0.215553296459377,"La Gomera","Gran Canaria",0.228915662650602,0.421052631578947,0.0922330097087379,200.274260075,"Added location"
7,3,0.75,0.705933272279178,0.704267952321434,0.21714932131195,"La Gomera","Gran Canaria",0.228915662650602,0.421052631578947,0.0922330097087379,200.274260075,"Added location"
7,3,0.775,0.708713306044863,0.699921860393565,0.22641009642312,"La Gomera","Gran Canaria",0.228915662650602,0.421052631578947,0.0922330097087379,200.274260075,"Added location"
7,3,0.8,0.706514294940447,0.691364346053731,0.223754496647873,"La Gomera","Gran Canaria",0.228915662650602,0.421052631578947,0.0922330097087379,200.274260075,"Added location"
7,4,0.3,0.681241718573809,0.772470983491724,NA,"La Gomera","Fuerteventura",0.161290322580645,0.263157894736842,0.0452261306532663,376.892630125,"Added location"
7,4,0.325,0.681241718573809,0.772470983491724,NA,"La Gomera","Fuerteventura",0.161290322580645,0.263157894736842,0.0452261306532663,376.892630125,"Added location"
7,4,0.35,0.681241718573809,0.772470983491724,NA,"La Gomera","Fuerteventura",0.161290322580645,0.263157894736842,0.0452261306532663,376.892630125,"Added location"
7,4,0.375,0.681241718573809,0.772470983491724,NA,"La Gomera","Fuerteventura",0.161290322580645,0.263157894736842,0.0452261306532663,376.892630125,"Added location"
7,4,0.4,0.681241718573809,0.772470983491724,NA,"La Gomera","Fuerteventura",0.161290322580645,0.263157894736842,0.0452261306532663,376.892630125,"Added location"
7,4,0.425,0.681241718573809,0.772470983491724,NA,"La Gomera","Fuerteventura",0.161290322580645,0.263157894736842,0.0452261306532663,376.892630125,"Added location"
7,4,0.45,0.681241718573809,0.772470983491724,NA,"La Gomera","Fuerteventura",0.161290322580645,0.263157894736842,0.0452261306532663,376.892630125,"Added location"
7,4,0.475,0.681241718573809,0.772470983491724,NA,"La Gomera","Fuerteventura",0.161290322580645,0.263157894736842,0.0452261306532663,376.892630125,"Added location"
7,4,0.5,0.686597828544493,0.759968877654791,0.0938971912465038,"La Gomera","Fuerteventura",0.161290322580645,0.263157894736842,0.0452261306532663,376.892630125,"Added location"
7,4,0.525,0.68863933748704,0.759547751750277,0.106070278766857,"La Gomera","Fuerteventura",0.161290322580645,0.263157894736842,0.0452261306532663,376.892630125,"Added location"
7,4,0.55,0.691361818180145,0.760827781836721,0.11992187588577,"La Gomera","Fuerteventura",0.161290322580645,0.263157894736842,0.0452261306532663,376.892630125,"Added location"
7,4,0.575,0.689280194725598,0.756733112074952,0.107164995944387,"La Gomera","Fuerteventura",0.161290322580645,0.263157894736842,0.0452261306532663,376.892630125,"Added location"
7,4,0.6,0.688925590629519,0.754809632840901,0.104371070326631,"La Gomera","Fuerteventura",0.161290322580645,0.263157894736842,0.0452261306532663,376.892630125,"Added location"
7,4,0.625,0.691879807975627,0.756352641209402,0.117772625783405,"La Gomera","Fuerteventura",0.161290322580645,0.263157894736842,0.0452261306532663,376.892630125,"Added location"
7,4,0.65,0.690340045683002,0.753719148732306,0.111744852902993,"La Gomera","Fuerteventura",0.161290322580645,0.263157894736842,0.0452261306532663,376.892630125,"Added location"
7,4,0.675,0.690119594614532,0.75163870763264,0.111888294039988,"La Gomera","Fuerteventura",0.161290322580645,0.263157894736842,0.0452261306532663,376.892630125,"Added location"
7,4,0.7,0.690835400129354,0.750573519256544,0.118511742703279,"La Gomera","Fuerteventura",0.161290322580645,0.263157894736842,0.0452261306532663,376.892630125,"Added location"
7,4,0.725,0.696930716131095,0.752683700644956,0.148389699900653,"La Gomera","Fuerteventura",0.161290322580645,0.263157894736842,0.0452261306532663,376.892630125,"Added location"
7,4,0.75,0.699725097866356,0.751151774816576,0.164337959254217,"La Gomera","Fuerteventura",0.161290322580645,0.263157894736842,0.0452261306532663,376.892630125,"Added location"
7,4,0.775,0.706930684045044,0.754028720458895,0.193522550289665,"La Gomera","Fuerteventura",0.161290322580645,0.263157894736842,0.0452261306532663,376.892630125,"Added location"
7,4,0.8,0.711419345736534,0.752408405340168,0.209283847683475,"La Gomera","Fuerteventura",0.161290322580645,0.263157894736842,0.0452261306532663,376.892630125,"Added location"
7,5,0.3,0.663144698884063,0.75774169630374,NA,"La Gomera","Western Sahara",0.0467289719626168,0.227272727272727,0.0137614678899083,390.00886975,"Added location"
7,5,0.325,0.663144698884063,0.75774169630374,NA,"La Gomera","Western Sahara",0.0467289719626168,0.227272727272727,0.0137614678899083,390.00886975,"Added location"
7,5,0.35,0.663144698884063,0.75774169630374,NA,"La Gomera","Western Sahara",0.0467289719626168,0.227272727272727,0.0137614678899083,390.00886975,"Added location"
7,5,0.375,0.663144698884063,0.75774169630374,NA,"La Gomera","Western Sahara",0.0467289719626168,0.227272727272727,0.0137614678899083,390.00886975,"Added location"
7,5,0.4,0.663144698884063,0.75774169630374,NA,"La Gomera","Western Sahara",0.0467289719626168,0.227272727272727,0.0137614678899083,390.00886975,"Added location"
7,5,0.425,0.663144698884063,0.75774169630374,NA,"La Gomera","Western Sahara",0.0467289719626168,0.227272727272727,0.0137614678899083,390.00886975,"Added location"
7,5,0.45,0.663144698884063,0.75774169630374,NA,"La Gomera","Western Sahara",0.0467289719626168,0.227272727272727,0.0137614678899083,390.00886975,"Added location"
7,5,0.475,0.663144698884063,0.75774169630374,NA,"La Gomera","Western Sahara",0.0467289719626168,0.227272727272727,0.0137614678899083,390.00886975,"Added location"
7,5,0.5,0.666623551443235,0.745270190158781,0.0767341651396855,"La Gomera","Western Sahara",0.0467289719626168,0.227272727272727,0.0137614678899083,390.00886975,"Added location"
7,5,0.525,0.673910074421693,0.746293694224714,0.12129288754234,"La Gomera","Western Sahara",0.0467289719626168,0.227272727272727,0.0137614678899083,390.00886975,"Added location"
7,5,0.55,0.680456364017686,0.744904263783019,0.152418165745791,"La Gomera","Western Sahara",0.0467289719626168,0.227272727272727,0.0137614678899083,390.00886975,"Added location"
7,5,0.575,0.68886321325536,0.747799720381642,0.185014480203039,"La Gomera","Western Sahara",0.0467289719626168,0.227272727272727,0.0137614678899083,390.00886975,"Added location"
7,5,0.6,0.688406413478327,0.739705091501203,0.187102223325313,"La Gomera","Western Sahara",0.0467289719626168,0.227272727272727,0.0137614678899083,390.00886975,"Added location"
7,5,0.625,0.687681788785071,0.731891015799823,0.18207123623218,"La Gomera","Western Sahara",0.0467289719626168,0.227272727272727,0.0137614678899083,390.00886975,"Added location"
7,5,0.65,0.689053216641768,0.726687922693349,0.187102622079723,"La Gomera","Western Sahara",0.0467289719626168,0.227272727272727,0.0137614678899083,390.00886975,"Added location"
7,5,0.675,0.698343808629739,0.730519830681158,0.217694164074572,"La Gomera","Western Sahara",0.0467289719626168,0.227272727272727,0.0137614678899083,390.00886975,"Added location"
7,5,0.7,0.695873521633844,0.725559886748439,0.210036223086669,"La Gomera","Western Sahara",0.0467289719626168,0.227272727272727,0.0137614678899083,390.00886975,"Added location"
7,5,0.725,0.695557744417189,0.720471784570539,0.209572264699755,"La Gomera","Western Sahara",0.0467289719626168,0.227272727272727,0.0137614678899083,390.00886975,"Added location"
7,5,0.75,0.68043866885956,0.695174837631047,0.175217275040224,"La Gomera","Western Sahara",0.0467289719626168,0.227272727272727,0.0137614678899083,390.00886975,"Added location"
7,5,0.775,0.666443874680854,0.664979059929066,0.147739024485617,"La Gomera","Western Sahara",0.0467289719626168,0.227272727272727,0.0137614678899083,390.00886975,"Added location"
7,5,0.8,0.657507341171889,0.642928229713504,0.134893140415373,"La Gomera","Western Sahara",0.0467289719626168,0.227272727272727,0.0137614678899083,390.00886975,"Added location"
7,6,0.3,0.635840599242106,0.7352681920836,NA,"La Gomera","El Hierro",0.232558139534884,0.368421052631579,0.0909090909090909,80.11273198,"Added location"
7,6,0.325,0.635840599242106,0.7352681920836,NA,"La Gomera","El Hierro",0.232558139534884,0.368421052631579,0.0909090909090909,80.11273198,"Added location"
7,6,0.35,0.635840599242106,0.7352681920836,NA,"La Gomera","El Hierro",0.232558139534884,0.368421052631579,0.0909090909090909,80.11273198,"Added location"
7,6,0.375,0.635840599242106,0.7352681920836,NA,"La Gomera","El Hierro",0.232558139534884,0.368421052631579,0.0909090909090909,80.11273198,"Added location"
7,6,0.4,0.635840599242106,0.7352681920836,NA,"La Gomera","El Hierro",0.232558139534884,0.368421052631579,0.0909090909090909,80.11273198,"Added location"
7,6,0.425,0.635840599242106,0.7352681920836,NA,"La Gomera","El Hierro",0.232558139534884,0.368421052631579,0.0909090909090909,80.11273198,"Added location"
7,6,0.45,0.635840599242106,0.7352681920836,NA,"La Gomera","El Hierro",0.232558139534884,0.368421052631579,0.0909090909090909,80.11273198,"Added location"
7,6,0.475,0.635840599242106,0.7352681920836,NA,"La Gomera","El Hierro",0.232558139534884,0.368421052631579,0.0909090909090909,80.11273198,"Added location"
7,6,0.5,0.637310077130341,0.720224887641806,0.058422480109172,"La Gomera","El Hierro",0.232558139534884,0.368421052631579,0.0909090909090909,80.11273198,"Added location"
7,6,0.525,0.640680273693581,0.719737244202913,0.0789427814906012,"La Gomera","El Hierro",0.232558139534884,0.368421052631579,0.0909090909090909,80.11273198,"Added location"
7,6,0.55,0.641571057440395,0.715599899580199,0.084482532408279,"La Gomera","El Hierro",0.232558139534884,0.368421052631579,0.0909090909090909,80.11273198,"Added location"
7,6,0.575,0.644289516194887,0.714892972570181,0.0981299360791077,"La Gomera","El Hierro",0.232558139534884,0.368421052631579,0.0909090909090909,80.11273198,"Added location"
7,6,0.6,0.654448035222908,0.720797522857047,0.138188994237806,"La Gomera","El Hierro",0.232558139534884,0.368421052631579,0.0909090909090909,80.11273198,"Added location"
7,6,0.625,0.662351299642171,0.724862178036797,0.170337541213632,"La Gomera","El Hierro",0.232558139534884,0.368421052631579,0.0909090909090909,80.11273198,"Added location"
7,6,0.65,0.668800729252425,0.728816760724578,0.19260724537572,"La Gomera","El Hierro",0.232558139534884,0.368421052631579,0.0909090909090909,80.11273198,"Added location"
7,6,0.675,0.67396160559107,0.732344590319432,0.206698376994114,"La Gomera","El Hierro",0.232558139534884,0.368421052631579,0.0909090909090909,80.11273198,"Added location"
7,6,0.7,0.677346284368318,0.732949910498281,0.221392145937204,"La Gomera","El Hierro",0.232558139534884,0.368421052631579,0.0909090909090909,80.11273198,"Added location"
7,6,0.725,0.684664211579897,0.736804276418327,0.244356290212888,"La Gomera","El Hierro",0.232558139534884,0.368421052631579,0.0909090909090909,80.11273198,"Added location"
7,6,0.75,0.688001243151532,0.737266441717607,0.250560884201414,"La Gomera","El Hierro",0.232558139534884,0.368421052631579,0.0909090909090909,80.11273198,"Added location"
7,6,0.775,0.688231459253436,0.733816050978072,0.253649717076901,"La Gomera","El Hierro",0.232558139534884,0.368421052631579,0.0909090909090909,80.11273198,"Added location"
7,6,0.8,0.691537436559766,0.734219489005749,0.265018485150703,"La Gomera","El Hierro",0.232558139534884,0.368421052631579,0.0909090909090909,80.11273198,"Added location"
7,7,0.3,0.668201705858337,0.762357359159624,NA,"La Gomera","La Gomera",1,1,1,0,"Single location"
7,7,0.325,0.668201705858337,0.762357359159624,NA,"La Gomera","La Gomera",1,1,1,0,"Single location"
7,7,0.35,0.668201705858337,0.762357359159624,NA,"La Gomera","La Gomera",1,1,1,0,"Single location"
7,7,0.375,0.668201705858337,0.762357359159624,NA,"La Gomera","La Gomera",1,1,1,0,"Single location"
7,7,0.4,0.668201705858337,0.762357359159624,NA,"La Gomera","La Gomera",1,1,1,0,"Single location"
7,7,0.425,0.668201705858337,0.762357359159624,NA,"La Gomera","La Gomera",1,1,1,0,"Single location"
7,7,0.45,0.668201705858337,0.762357359159624,NA,"La Gomera","La Gomera",1,1,1,0,"Single location"
7,7,0.475,0.668201705858337,0.762357359159624,NA,"La Gomera","La Gomera",1,1,1,0,"Single location"
7,7,0.5,0.671200859747256,0.752956868337137,0.0687897155856373,"La Gomera","La Gomera",1,1,1,0,"Single location"
7,7,0.525,0.67013442346888,0.748893334707462,0.0647283342660147,"La Gomera","La Gomera",1,1,1,0,"Single location"
7,7,0.55,0.672615519278453,0.748640956493204,0.0833193729399096,"La Gomera","La Gomera",1,1,1,0,"Single location"
7,7,0.575,0.677014248642504,0.750690347536272,0.107312793184713,"La Gomera","La Gomera",1,1,1,0,"Single location"
7,7,0.6,0.676649301234024,0.748533712597579,0.106539848442055,"La Gomera","La Gomera",1,1,1,0,"Single location"
7,7,0.625,0.673213864806485,0.741726123568929,0.0925077005050772,"La Gomera","La Gomera",1,1,1,0,"Single location"
7,7,0.65,0.674345886107627,0.736706992689732,0.103916476046277,"La Gomera","La Gomera",1,1,1,0,"Single location"
7,7,0.675,0.671329079607347,0.728089450556298,0.0948612117909378,"La Gomera","La Gomera",1,1,1,0,"Single location"
7,7,0.7,0.672898087168249,0.720722158489918,0.111256703518263,"La Gomera","La Gomera",1,1,1,0,"Single location"
7,7,0.725,0.671134400390342,0.711479431275385,0.106943477264525,"La Gomera","La Gomera",1,1,1,0,"Single location"
7,7,0.75,0.674802629597543,0.707260365902993,0.127092635965004,"La Gomera","La Gomera",1,1,1,0,"Single location"
7,7,0.775,0.677011757206117,0.70163358205252,0.136621822002158,"La Gomera","La Gomera",1,1,1,0,"Single location"
7,7,0.8,0.675172744197459,0.690821772841998,0.137508210222016,"La Gomera","La Gomera",1,1,1,0,"Single location"
