"species","P_layer","A_layer","iter","f1"
"Argyranthemum_frutescens","layer_2","layer_1",1,0.666666666666667
"Argyranthemum_frutescens","layer_2","layer_1",2,0.666666666666667
"Argyranthemum_frutescens","layer_2","layer_1",3,0.666666666666667
"Argyranthemum_frutescens","layer_2","layer_1",4,0.666666666666667
"Argyranthemum_frutescens","layer_2","layer_1",5,0.666666666666667
"Argyranthemum_frutescens","layer_2","layer_1",6,0.666666666666667
"Argyranthemum_frutescens","layer_2","layer_1",7,0.666666666666667
"Argyranthemum_frutescens","layer_2","layer_1",8,0.666666666666667
"Argyranthemum_frutescens","layer_2","layer_1",9,0.666666666666667
"Argyranthemum_frutescens","layer_2","layer_1",10,0.666666666666667
"Argyranthemum_frutescens","layer_2","layer_1",11,0.666666666666667
"Argyranthemum_frutescens","layer_2","layer_1",12,0.666666666666667
"Argyranthemum_frutescens","layer_2","layer_1",13,0.666666666666667
"Argyranthemum_frutescens","layer_2","layer_1",14,0.666666666666667
"Argyranthemum_frutescens","layer_2","layer_1",15,0.666666666666667
"Argyranthemum_frutescens","layer_2","layer_1",16,0.666666666666667
"Argyranthemum_frutescens","layer_2","layer_1",17,0.666666666666667
"Argyranthemum_frutescens","layer_2","layer_1",18,0.666666666666667
"Argyranthemum_frutescens","layer_2","layer_1",19,0.666666666666667
"Argyranthemum_frutescens","layer_2","layer_1",20,0.666666666666667
"Argyranthemum_frutescens","layer_2","layer_1",21,0.666666666666667
"Argyranthemum_frutescens","layer_2","layer_1",22,0.666666666666667
"Argyranthemum_frutescens","layer_2","layer_1",23,0.666666666666667
"Argyranthemum_frutescens","layer_2","layer_1",24,0.666666666666667
"Argyranthemum_frutescens","layer_2","layer_1",25,0.666666666666667
"Argyranthemum_frutescens","layer_2","layer_1",26,0.666666666666667
"Argyranthemum_frutescens","layer_2","layer_1",27,0.666666666666667
"Argyranthemum_frutescens","layer_2","layer_1",28,0.666666666666667
"Argyranthemum_frutescens","layer_2","layer_1",29,0.666666666666667
"Argyranthemum_frutescens","layer_2","layer_1",30,0.666666666666667
"Argyranthemum_frutescens","layer_2","layer_1",31,0.666666666666667
"Argyranthemum_frutescens","layer_2","layer_1",32,0.666666666666667
"Argyranthemum_frutescens","layer_2","layer_1",33,0.666666666666667
"Argyranthemum_frutescens","layer_2","layer_1",34,0.666666666666667
"Argyranthemum_frutescens","layer_2","layer_1",35,0.666666666666667
"Argyranthemum_frutescens","layer_2","layer_1",36,0.666666666666667
"Argyranthemum_frutescens","layer_2","layer_1",37,0.666666666666667
"Argyranthemum_frutescens","layer_2","layer_1",38,0.666666666666667
"Argyranthemum_frutescens","layer_2","layer_1",39,0.666666666666667
"Argyranthemum_frutescens","layer_2","layer_1",40,0.666666666666667
"Argyranthemum_frutescens","layer_2","layer_1",41,0.666666666666667
"Argyranthemum_frutescens","layer_2","layer_1",42,0.666666666666667
"Argyranthemum_frutescens","layer_2","layer_1",43,0.666666666666667
"Argyranthemum_frutescens","layer_2","layer_1",44,0.666666666666667
"Argyranthemum_frutescens","layer_2","layer_1",45,0.666666666666667
"Argyranthemum_frutescens","layer_2","layer_1",46,0.666666666666667
"Argyranthemum_frutescens","layer_2","layer_1",47,0.666666666666667
"Argyranthemum_frutescens","layer_2","layer_1",48,0.666666666666667
"Argyranthemum_frutescens","layer_2","layer_1",49,0.666666666666667
"Argyranthemum_frutescens","layer_2","layer_1",50,0.666666666666667
"Argyranthemum_frutescens","layer_7","layer_1",1,0.666666666666667
"Argyranthemum_frutescens","layer_7","layer_1",2,0.666666666666667
"Argyranthemum_frutescens","layer_7","layer_1",3,0.666666666666667
"Argyranthemum_frutescens","layer_7","layer_1",4,0.666666666666667
"Argyranthemum_frutescens","layer_7","layer_1",5,0.666666666666667
"Argyranthemum_frutescens","layer_7","layer_1",6,0.666666666666667
"Argyranthemum_frutescens","layer_7","layer_1",7,0.666666666666667
"Argyranthemum_frutescens","layer_7","layer_1",8,0.666666666666667
"Argyranthemum_frutescens","layer_7","layer_1",9,0.666666666666667
"Argyranthemum_frutescens","layer_7","layer_1",10,0.666666666666667
"Argyranthemum_frutescens","layer_7","layer_1",11,0.666666666666667
"Argyranthemum_frutescens","layer_7","layer_1",12,0.666666666666667
"Argyranthemum_frutescens","layer_7","layer_1",13,0.666666666666667
"Argyranthemum_frutescens","layer_7","layer_1",14,0.666666666666667
"Argyranthemum_frutescens","layer_7","layer_1",15,0.666666666666667
"Argyranthemum_frutescens","layer_7","layer_1",16,0.666666666666667
"Argyranthemum_frutescens","layer_7","layer_1",17,0.666666666666667
"Argyranthemum_frutescens","layer_7","layer_1",18,0.666666666666667
"Argyranthemum_frutescens","layer_7","layer_1",19,0.666666666666667
"Argyranthemum_frutescens","layer_7","layer_1",20,0.666666666666667
"Argyranthemum_frutescens","layer_7","layer_1",21,0.666666666666667
"Argyranthemum_frutescens","layer_7","layer_1",22,0.666666666666667
"Argyranthemum_frutescens","layer_7","layer_1",23,0.666666666666667
"Argyranthemum_frutescens","layer_7","layer_1",24,0.666666666666667
"Argyranthemum_frutescens","layer_7","layer_1",25,0.666666666666667
"Argyranthemum_frutescens","layer_7","layer_1",26,0.666666666666667
"Argyranthemum_frutescens","layer_7","layer_1",27,0.666666666666667
"Argyranthemum_frutescens","layer_7","layer_1",28,0.666666666666667
"Argyranthemum_frutescens","layer_7","layer_1",29,0.666666666666667
"Argyranthemum_frutescens","layer_7","layer_1",30,0.666666666666667
"Argyranthemum_frutescens","layer_7","layer_1",31,0.666666666666667
"Argyranthemum_frutescens","layer_7","layer_1",32,0.666666666666667
"Argyranthemum_frutescens","layer_7","layer_1",33,0.666666666666667
"Argyranthemum_frutescens","layer_7","layer_1",34,0.666666666666667
"Argyranthemum_frutescens","layer_7","layer_1",35,0.666666666666667
"Argyranthemum_frutescens","layer_7","layer_1",36,0.666666666666667
"Argyranthemum_frutescens","layer_7","layer_1",37,0.666666666666667
"Argyranthemum_frutescens","layer_7","layer_1",38,0.666666666666667
"Argyranthemum_frutescens","layer_7","layer_1",39,0.666666666666667
"Argyranthemum_frutescens","layer_7","layer_1",40,0.666666666666667
"Argyranthemum_frutescens","layer_7","layer_1",41,0.666666666666667
"Argyranthemum_frutescens","layer_7","layer_1",42,0.666666666666667
"Argyranthemum_frutescens","layer_7","layer_1",43,0.666666666666667
"Argyranthemum_frutescens","layer_7","layer_1",44,0.666666666666667
"Argyranthemum_frutescens","layer_7","layer_1",45,0.666666666666667
"Argyranthemum_frutescens","layer_7","layer_1",46,0.666666666666667
"Argyranthemum_frutescens","layer_7","layer_1",47,0.666666666666667
"Argyranthemum_frutescens","layer_7","layer_1",48,0.666666666666667
"Argyranthemum_frutescens","layer_7","layer_1",49,0.666666666666667
"Argyranthemum_frutescens","layer_7","layer_1",50,0.666666666666667
"Argyranthemum_frutescens","layer_1","layer_2",1,0.666666666666667
"Argyranthemum_frutescens","layer_1","layer_2",2,0.666666666666667
"Argyranthemum_frutescens","layer_1","layer_2",3,0.666666666666667
"Argyranthemum_frutescens","layer_1","layer_2",4,0.666666666666667
"Argyranthemum_frutescens","layer_1","layer_2",5,0.666666666666667
"Argyranthemum_frutescens","layer_1","layer_2",6,0.666666666666667
"Argyranthemum_frutescens","layer_1","layer_2",7,0.666666666666667
"Argyranthemum_frutescens","layer_1","layer_2",8,0.666666666666667
"Argyranthemum_frutescens","layer_1","layer_2",9,0.666666666666667
"Argyranthemum_frutescens","layer_1","layer_2",10,0.666666666666667
"Argyranthemum_frutescens","layer_1","layer_2",11,0.666666666666667
"Argyranthemum_frutescens","layer_1","layer_2",12,0.666666666666667
"Argyranthemum_frutescens","layer_1","layer_2",13,0.666666666666667
"Argyranthemum_frutescens","layer_1","layer_2",14,0.666666666666667
"Argyranthemum_frutescens","layer_1","layer_2",15,0.666666666666667
"Argyranthemum_frutescens","layer_1","layer_2",16,0.666666666666667
"Argyranthemum_frutescens","layer_1","layer_2",17,0.666666666666667
"Argyranthemum_frutescens","layer_1","layer_2",18,0.666666666666667
"Argyranthemum_frutescens","layer_1","layer_2",19,0.666666666666667
"Argyranthemum_frutescens","layer_1","layer_2",20,0.666666666666667
"Argyranthemum_frutescens","layer_1","layer_2",21,0.666666666666667
"Argyranthemum_frutescens","layer_1","layer_2",22,0.666666666666667
"Argyranthemum_frutescens","layer_1","layer_2",23,0.666666666666667
"Argyranthemum_frutescens","layer_1","layer_2",24,0.666666666666667
"Argyranthemum_frutescens","layer_1","layer_2",25,0.666666666666667
"Argyranthemum_frutescens","layer_1","layer_2",26,0.666666666666667
"Argyranthemum_frutescens","layer_1","layer_2",27,0.666666666666667
"Argyranthemum_frutescens","layer_1","layer_2",28,0.666666666666667
"Argyranthemum_frutescens","layer_1","layer_2",29,0.666666666666667
"Argyranthemum_frutescens","layer_1","layer_2",30,0.666666666666667
"Argyranthemum_frutescens","layer_1","layer_2",31,0.666666666666667
"Argyranthemum_frutescens","layer_1","layer_2",32,0.666666666666667
"Argyranthemum_frutescens","layer_1","layer_2",33,0.666666666666667
"Argyranthemum_frutescens","layer_1","layer_2",34,0.666666666666667
"Argyranthemum_frutescens","layer_1","layer_2",35,0.666666666666667
"Argyranthemum_frutescens","layer_1","layer_2",36,0.666666666666667
"Argyranthemum_frutescens","layer_1","layer_2",37,0.666666666666667
"Argyranthemum_frutescens","layer_1","layer_2",38,0.666666666666667
"Argyranthemum_frutescens","layer_1","layer_2",39,0.666666666666667
"Argyranthemum_frutescens","layer_1","layer_2",40,0.666666666666667
"Argyranthemum_frutescens","layer_1","layer_2",41,0.666666666666667
"Argyranthemum_frutescens","layer_1","layer_2",42,0.666666666666667
"Argyranthemum_frutescens","layer_1","layer_2",43,0.666666666666667
"Argyranthemum_frutescens","layer_1","layer_2",44,0.666666666666667
"Argyranthemum_frutescens","layer_1","layer_2",45,0.666666666666667
"Argyranthemum_frutescens","layer_1","layer_2",46,0.666666666666667
"Argyranthemum_frutescens","layer_1","layer_2",47,0.666666666666667
"Argyranthemum_frutescens","layer_1","layer_2",48,0.666666666666667
"Argyranthemum_frutescens","layer_1","layer_2",49,0.666666666666667
"Argyranthemum_frutescens","layer_1","layer_2",50,0.666666666666667
"Argyranthemum_frutescens","layer_7","layer_2",1,0.666666666666667
"Argyranthemum_frutescens","layer_7","layer_2",2,0.666666666666667
"Argyranthemum_frutescens","layer_7","layer_2",3,0.666666666666667
"Argyranthemum_frutescens","layer_7","layer_2",4,0.666666666666667
"Argyranthemum_frutescens","layer_7","layer_2",5,0.666666666666667
"Argyranthemum_frutescens","layer_7","layer_2",6,0.666666666666667
"Argyranthemum_frutescens","layer_7","layer_2",7,0.666666666666667
"Argyranthemum_frutescens","layer_7","layer_2",8,0.666666666666667
"Argyranthemum_frutescens","layer_7","layer_2",9,0.666666666666667
"Argyranthemum_frutescens","layer_7","layer_2",10,0.666666666666667
"Argyranthemum_frutescens","layer_7","layer_2",11,0.666666666666667
"Argyranthemum_frutescens","layer_7","layer_2",12,0.666666666666667
"Argyranthemum_frutescens","layer_7","layer_2",13,0.666666666666667
"Argyranthemum_frutescens","layer_7","layer_2",14,0.666666666666667
"Argyranthemum_frutescens","layer_7","layer_2",15,0.666666666666667
"Argyranthemum_frutescens","layer_7","layer_2",16,0.666666666666667
"Argyranthemum_frutescens","layer_7","layer_2",17,0.666666666666667
"Argyranthemum_frutescens","layer_7","layer_2",18,0.666666666666667
"Argyranthemum_frutescens","layer_7","layer_2",19,0.666666666666667
"Argyranthemum_frutescens","layer_7","layer_2",20,0.666666666666667
"Argyranthemum_frutescens","layer_7","layer_2",21,0.666666666666667
"Argyranthemum_frutescens","layer_7","layer_2",22,0.666666666666667
"Argyranthemum_frutescens","layer_7","layer_2",23,0.666666666666667
"Argyranthemum_frutescens","layer_7","layer_2",24,0.666666666666667
"Argyranthemum_frutescens","layer_7","layer_2",25,0.666666666666667
"Argyranthemum_frutescens","layer_7","layer_2",26,0.666666666666667
"Argyranthemum_frutescens","layer_7","layer_2",27,0.666666666666667
"Argyranthemum_frutescens","layer_7","layer_2",28,0.666666666666667
"Argyranthemum_frutescens","layer_7","layer_2",29,0.666666666666667
"Argyranthemum_frutescens","layer_7","layer_2",30,0.666666666666667
"Argyranthemum_frutescens","layer_7","layer_2",31,0.666666666666667
"Argyranthemum_frutescens","layer_7","layer_2",32,0.666666666666667
"Argyranthemum_frutescens","layer_7","layer_2",33,0.666666666666667
"Argyranthemum_frutescens","layer_7","layer_2",34,0.666666666666667
"Argyranthemum_frutescens","layer_7","layer_2",35,0.666666666666667
"Argyranthemum_frutescens","layer_7","layer_2",36,0.666666666666667
"Argyranthemum_frutescens","layer_7","layer_2",37,0.666666666666667
"Argyranthemum_frutescens","layer_7","layer_2",38,0.666666666666667
"Argyranthemum_frutescens","layer_7","layer_2",39,0.666666666666667
"Argyranthemum_frutescens","layer_7","layer_2",40,0.666666666666667
"Argyranthemum_frutescens","layer_7","layer_2",41,0.666666666666667
"Argyranthemum_frutescens","layer_7","layer_2",42,0.666666666666667
"Argyranthemum_frutescens","layer_7","layer_2",43,0.666666666666667
"Argyranthemum_frutescens","layer_7","layer_2",44,0.666666666666667
"Argyranthemum_frutescens","layer_7","layer_2",45,0.666666666666667
"Argyranthemum_frutescens","layer_7","layer_2",46,0.666666666666667
"Argyranthemum_frutescens","layer_7","layer_2",47,0.666666666666667
"Argyranthemum_frutescens","layer_7","layer_2",48,0.666666666666667
"Argyranthemum_frutescens","layer_7","layer_2",49,0.666666666666667
"Argyranthemum_frutescens","layer_7","layer_2",50,0.666666666666667
"Argyranthemum_frutescens","layer_1","layer_7",1,0.666666666666667
"Argyranthemum_frutescens","layer_1","layer_7",2,0.666666666666667
"Argyranthemum_frutescens","layer_1","layer_7",3,0.666666666666667
"Argyranthemum_frutescens","layer_1","layer_7",4,0.666666666666667
"Argyranthemum_frutescens","layer_1","layer_7",5,0.666666666666667
"Argyranthemum_frutescens","layer_1","layer_7",6,0.666666666666667
"Argyranthemum_frutescens","layer_1","layer_7",7,0.666666666666667
"Argyranthemum_frutescens","layer_1","layer_7",8,0.666666666666667
"Argyranthemum_frutescens","layer_1","layer_7",9,0.666666666666667
"Argyranthemum_frutescens","layer_1","layer_7",10,0.666666666666667
"Argyranthemum_frutescens","layer_1","layer_7",11,0.666666666666667
"Argyranthemum_frutescens","layer_1","layer_7",12,0.666666666666667
"Argyranthemum_frutescens","layer_1","layer_7",13,0.666666666666667
"Argyranthemum_frutescens","layer_1","layer_7",14,0.666666666666667
"Argyranthemum_frutescens","layer_1","layer_7",15,0.666666666666667
"Argyranthemum_frutescens","layer_1","layer_7",16,0.666666666666667
"Argyranthemum_frutescens","layer_1","layer_7",17,0.666666666666667
"Argyranthemum_frutescens","layer_1","layer_7",18,0.666666666666667
"Argyranthemum_frutescens","layer_1","layer_7",19,0.666666666666667
"Argyranthemum_frutescens","layer_1","layer_7",20,0.666666666666667
"Argyranthemum_frutescens","layer_1","layer_7",21,0.666666666666667
"Argyranthemum_frutescens","layer_1","layer_7",22,0.666666666666667
"Argyranthemum_frutescens","layer_1","layer_7",23,0.666666666666667
"Argyranthemum_frutescens","layer_1","layer_7",24,0.666666666666667
"Argyranthemum_frutescens","layer_1","layer_7",25,0.666666666666667
"Argyranthemum_frutescens","layer_1","layer_7",26,0.666666666666667
"Argyranthemum_frutescens","layer_1","layer_7",27,0.666666666666667
"Argyranthemum_frutescens","layer_1","layer_7",28,0.666666666666667
"Argyranthemum_frutescens","layer_1","layer_7",29,0.666666666666667
"Argyranthemum_frutescens","layer_1","layer_7",30,0.666666666666667
"Argyranthemum_frutescens","layer_1","layer_7",31,0.666666666666667
"Argyranthemum_frutescens","layer_1","layer_7",32,0.666666666666667
"Argyranthemum_frutescens","layer_1","layer_7",33,0.666666666666667
"Argyranthemum_frutescens","layer_1","layer_7",34,0.666666666666667
"Argyranthemum_frutescens","layer_1","layer_7",35,0.666666666666667
"Argyranthemum_frutescens","layer_1","layer_7",36,0.666666666666667
"Argyranthemum_frutescens","layer_1","layer_7",37,0.666666666666667
"Argyranthemum_frutescens","layer_1","layer_7",38,0.666666666666667
"Argyranthemum_frutescens","layer_1","layer_7",39,0.666666666666667
"Argyranthemum_frutescens","layer_1","layer_7",40,0.666666666666667
"Argyranthemum_frutescens","layer_1","layer_7",41,0.666666666666667
"Argyranthemum_frutescens","layer_1","layer_7",42,0.666666666666667
"Argyranthemum_frutescens","layer_1","layer_7",43,0.666666666666667
"Argyranthemum_frutescens","layer_1","layer_7",44,0.666666666666667
"Argyranthemum_frutescens","layer_1","layer_7",45,0.666666666666667
"Argyranthemum_frutescens","layer_1","layer_7",46,0.666666666666667
"Argyranthemum_frutescens","layer_1","layer_7",47,0.666666666666667
"Argyranthemum_frutescens","layer_1","layer_7",48,0.666666666666667
"Argyranthemum_frutescens","layer_1","layer_7",49,0.666666666666667
"Argyranthemum_frutescens","layer_1","layer_7",50,0.666666666666667
"Argyranthemum_frutescens","layer_2","layer_7",1,0.727272727272727
"Argyranthemum_frutescens","layer_2","layer_7",2,0.666666666666667
"Argyranthemum_frutescens","layer_2","layer_7",3,0.666666666666667
"Argyranthemum_frutescens","layer_2","layer_7",4,0.666666666666667
"Argyranthemum_frutescens","layer_2","layer_7",5,0.666666666666667
"Argyranthemum_frutescens","layer_2","layer_7",6,0.666666666666667
"Argyranthemum_frutescens","layer_2","layer_7",7,0.666666666666667
"Argyranthemum_frutescens","layer_2","layer_7",8,0.444444444444444
"Argyranthemum_frutescens","layer_2","layer_7",9,0.666666666666667
"Argyranthemum_frutescens","layer_2","layer_7",10,0.666666666666667
"Argyranthemum_frutescens","layer_2","layer_7",11,0.666666666666667
"Argyranthemum_frutescens","layer_2","layer_7",12,0.666666666666667
"Argyranthemum_frutescens","layer_2","layer_7",13,0.666666666666667
"Argyranthemum_frutescens","layer_2","layer_7",14,0.666666666666667
"Argyranthemum_frutescens","layer_2","layer_7",15,0.666666666666667
"Argyranthemum_frutescens","layer_2","layer_7",16,0.666666666666667
"Argyranthemum_frutescens","layer_2","layer_7",17,0.666666666666667
"Argyranthemum_frutescens","layer_2","layer_7",18,0.571428571428571
"Argyranthemum_frutescens","layer_2","layer_7",19,0.666666666666667
"Argyranthemum_frutescens","layer_2","layer_7",20,0.666666666666667
"Argyranthemum_frutescens","layer_2","layer_7",21,0.666666666666667
"Argyranthemum_frutescens","layer_2","layer_7",22,0.666666666666667
"Argyranthemum_frutescens","layer_2","layer_7",23,0.666666666666667
"Argyranthemum_frutescens","layer_2","layer_7",24,0.666666666666667
"Argyranthemum_frutescens","layer_2","layer_7",25,0.666666666666667
"Argyranthemum_frutescens","layer_2","layer_7",26,0.666666666666667
"Argyranthemum_frutescens","layer_2","layer_7",27,0.666666666666667
"Argyranthemum_frutescens","layer_2","layer_7",28,0.666666666666667
"Argyranthemum_frutescens","layer_2","layer_7",29,0.666666666666667
"Argyranthemum_frutescens","layer_2","layer_7",30,0.666666666666667
"Argyranthemum_frutescens","layer_2","layer_7",31,0.666666666666667
"Argyranthemum_frutescens","layer_2","layer_7",32,0.666666666666667
"Argyranthemum_frutescens","layer_2","layer_7",33,0.666666666666667
"Argyranthemum_frutescens","layer_2","layer_7",34,0.666666666666667
"Argyranthemum_frutescens","layer_2","layer_7",35,0.666666666666667
"Argyranthemum_frutescens","layer_2","layer_7",36,0.666666666666667
"Argyranthemum_frutescens","layer_2","layer_7",37,0.666666666666667
"Argyranthemum_frutescens","layer_2","layer_7",38,0.666666666666667
"Argyranthemum_frutescens","layer_2","layer_7",39,0.666666666666667
"Argyranthemum_frutescens","layer_2","layer_7",40,0.666666666666667
"Argyranthemum_frutescens","layer_2","layer_7",41,0.666666666666667
"Argyranthemum_frutescens","layer_2","layer_7",42,0.666666666666667
"Argyranthemum_frutescens","layer_2","layer_7",43,0.666666666666667
"Argyranthemum_frutescens","layer_2","layer_7",44,0.666666666666667
"Argyranthemum_frutescens","layer_2","layer_7",45,0.666666666666667
"Argyranthemum_frutescens","layer_2","layer_7",46,0.666666666666667
"Argyranthemum_frutescens","layer_2","layer_7",47,0.666666666666667
"Argyranthemum_frutescens","layer_2","layer_7",48,0.75
"Argyranthemum_frutescens","layer_2","layer_7",49,0.666666666666667
"Argyranthemum_frutescens","layer_2","layer_7",50,0.666666666666667
"Euphorbia_balsamifera_f","layer_3","layer_1",1,0.666666666666667
"Euphorbia_balsamifera_f","layer_3","layer_1",2,0.666666666666667
"Euphorbia_balsamifera_f","layer_3","layer_1",3,0.666666666666667
"Euphorbia_balsamifera_f","layer_3","layer_1",4,0.666666666666667
"Euphorbia_balsamifera_f","layer_3","layer_1",5,0.666666666666667
"Euphorbia_balsamifera_f","layer_3","layer_1",6,0.666666666666667
"Euphorbia_balsamifera_f","layer_3","layer_1",7,0.666666666666667
"Euphorbia_balsamifera_f","layer_3","layer_1",8,0.666666666666667
"Euphorbia_balsamifera_f","layer_3","layer_1",9,0.666666666666667
"Euphorbia_balsamifera_f","layer_3","layer_1",10,0.666666666666667
"Euphorbia_balsamifera_f","layer_3","layer_1",11,0.666666666666667
"Euphorbia_balsamifera_f","layer_3","layer_1",12,0.666666666666667
"Euphorbia_balsamifera_f","layer_3","layer_1",13,0.666666666666667
"Euphorbia_balsamifera_f","layer_3","layer_1",14,0.666666666666667
"Euphorbia_balsamifera_f","layer_3","layer_1",15,0.666666666666667
"Euphorbia_balsamifera_f","layer_3","layer_1",16,0.666666666666667
"Euphorbia_balsamifera_f","layer_3","layer_1",17,0.666666666666667
"Euphorbia_balsamifera_f","layer_3","layer_1",18,0.666666666666667
"Euphorbia_balsamifera_f","layer_3","layer_1",19,0.666666666666667
"Euphorbia_balsamifera_f","layer_3","layer_1",20,0.666666666666667
"Euphorbia_balsamifera_f","layer_3","layer_1",21,0.666666666666667
"Euphorbia_balsamifera_f","layer_3","layer_1",22,0.545454545454545
"Euphorbia_balsamifera_f","layer_3","layer_1",23,0.8
"Euphorbia_balsamifera_f","layer_3","layer_1",24,0.666666666666667
"Euphorbia_balsamifera_f","layer_3","layer_1",25,0.666666666666667
"Euphorbia_balsamifera_f","layer_3","layer_1",26,0.666666666666667
"Euphorbia_balsamifera_f","layer_3","layer_1",27,0.666666666666667
"Euphorbia_balsamifera_f","layer_3","layer_1",28,0.666666666666667
"Euphorbia_balsamifera_f","layer_3","layer_1",29,0.666666666666667
"Euphorbia_balsamifera_f","layer_3","layer_1",30,0.666666666666667
"Euphorbia_balsamifera_f","layer_3","layer_1",31,0.666666666666667
"Euphorbia_balsamifera_f","layer_3","layer_1",32,0.666666666666667
"Euphorbia_balsamifera_f","layer_3","layer_1",33,0.571428571428572
"Euphorbia_balsamifera_f","layer_3","layer_1",34,0.666666666666667
"Euphorbia_balsamifera_f","layer_3","layer_1",35,0.666666666666667
"Euphorbia_balsamifera_f","layer_3","layer_1",36,0.666666666666667
"Euphorbia_balsamifera_f","layer_3","layer_1",37,0.666666666666667
"Euphorbia_balsamifera_f","layer_3","layer_1",38,0.666666666666667
"Euphorbia_balsamifera_f","layer_3","layer_1",39,0.666666666666667
"Euphorbia_balsamifera_f","layer_3","layer_1",40,0.666666666666667
"Euphorbia_balsamifera_f","layer_3","layer_1",41,0.666666666666667
"Euphorbia_balsamifera_f","layer_3","layer_1",42,0.666666666666667
"Euphorbia_balsamifera_f","layer_3","layer_1",43,0.666666666666667
"Euphorbia_balsamifera_f","layer_3","layer_1",44,0.666666666666667
"Euphorbia_balsamifera_f","layer_3","layer_1",45,0.666666666666667
"Euphorbia_balsamifera_f","layer_3","layer_1",46,0.666666666666667
"Euphorbia_balsamifera_f","layer_3","layer_1",47,0.666666666666667
"Euphorbia_balsamifera_f","layer_3","layer_1",48,0.666666666666667
"Euphorbia_balsamifera_f","layer_3","layer_1",49,0.666666666666667
"Euphorbia_balsamifera_f","layer_3","layer_1",50,0.666666666666667
"Euphorbia_balsamifera_f","layer_4","layer_1",1,0.666666666666667
"Euphorbia_balsamifera_f","layer_4","layer_1",2,0.666666666666667
"Euphorbia_balsamifera_f","layer_4","layer_1",3,0.666666666666667
"Euphorbia_balsamifera_f","layer_4","layer_1",4,0.666666666666667
"Euphorbia_balsamifera_f","layer_4","layer_1",5,0.666666666666667
"Euphorbia_balsamifera_f","layer_4","layer_1",6,0.666666666666667
"Euphorbia_balsamifera_f","layer_4","layer_1",7,0.666666666666667
"Euphorbia_balsamifera_f","layer_4","layer_1",8,0.666666666666667
"Euphorbia_balsamifera_f","layer_4","layer_1",9,0.666666666666667
"Euphorbia_balsamifera_f","layer_4","layer_1",10,0.666666666666667
"Euphorbia_balsamifera_f","layer_4","layer_1",11,0.666666666666667
"Euphorbia_balsamifera_f","layer_4","layer_1",12,0.666666666666667
"Euphorbia_balsamifera_f","layer_4","layer_1",13,0.666666666666667
"Euphorbia_balsamifera_f","layer_4","layer_1",14,0.666666666666667
"Euphorbia_balsamifera_f","layer_4","layer_1",15,0.666666666666667
"Euphorbia_balsamifera_f","layer_4","layer_1",16,0.666666666666667
"Euphorbia_balsamifera_f","layer_4","layer_1",17,0.666666666666667
"Euphorbia_balsamifera_f","layer_4","layer_1",18,0.666666666666667
"Euphorbia_balsamifera_f","layer_4","layer_1",19,0.666666666666667
"Euphorbia_balsamifera_f","layer_4","layer_1",20,0.666666666666667
"Euphorbia_balsamifera_f","layer_4","layer_1",21,0.666666666666667
"Euphorbia_balsamifera_f","layer_4","layer_1",22,0.666666666666667
"Euphorbia_balsamifera_f","layer_4","layer_1",23,0.666666666666667
"Euphorbia_balsamifera_f","layer_4","layer_1",24,0.666666666666667
"Euphorbia_balsamifera_f","layer_4","layer_1",25,0.666666666666667
"Euphorbia_balsamifera_f","layer_4","layer_1",26,0.666666666666667
"Euphorbia_balsamifera_f","layer_4","layer_1",27,0.666666666666667
"Euphorbia_balsamifera_f","layer_4","layer_1",28,0.666666666666667
"Euphorbia_balsamifera_f","layer_4","layer_1",29,0.666666666666667
"Euphorbia_balsamifera_f","layer_4","layer_1",30,0.666666666666667
"Euphorbia_balsamifera_f","layer_4","layer_1",31,0.666666666666667
"Euphorbia_balsamifera_f","layer_4","layer_1",32,0.666666666666667
"Euphorbia_balsamifera_f","layer_4","layer_1",33,0.666666666666667
"Euphorbia_balsamifera_f","layer_4","layer_1",34,0.666666666666667
"Euphorbia_balsamifera_f","layer_4","layer_1",35,0.666666666666667
"Euphorbia_balsamifera_f","layer_4","layer_1",36,0.666666666666667
"Euphorbia_balsamifera_f","layer_4","layer_1",37,0.666666666666667
"Euphorbia_balsamifera_f","layer_4","layer_1",38,0.666666666666667
"Euphorbia_balsamifera_f","layer_4","layer_1",39,0.666666666666667
"Euphorbia_balsamifera_f","layer_4","layer_1",40,0.666666666666667
"Euphorbia_balsamifera_f","layer_4","layer_1",41,0.666666666666667
"Euphorbia_balsamifera_f","layer_4","layer_1",42,0.666666666666667
"Euphorbia_balsamifera_f","layer_4","layer_1",43,0.666666666666667
"Euphorbia_balsamifera_f","layer_4","layer_1",44,0.666666666666667
"Euphorbia_balsamifera_f","layer_4","layer_1",45,0.666666666666667
"Euphorbia_balsamifera_f","layer_4","layer_1",46,0.666666666666667
"Euphorbia_balsamifera_f","layer_4","layer_1",47,0.666666666666667
"Euphorbia_balsamifera_f","layer_4","layer_1",48,0.666666666666667
"Euphorbia_balsamifera_f","layer_4","layer_1",49,0.666666666666667
"Euphorbia_balsamifera_f","layer_4","layer_1",50,0.666666666666667
"Euphorbia_balsamifera_f","layer_5","layer_1",1,0.666666666666667
"Euphorbia_balsamifera_f","layer_5","layer_1",2,0.666666666666667
"Euphorbia_balsamifera_f","layer_5","layer_1",3,0.666666666666667
"Euphorbia_balsamifera_f","layer_5","layer_1",4,0.666666666666667
"Euphorbia_balsamifera_f","layer_5","layer_1",5,0.666666666666667
"Euphorbia_balsamifera_f","layer_5","layer_1",6,0.666666666666667
"Euphorbia_balsamifera_f","layer_5","layer_1",7,0.666666666666667
"Euphorbia_balsamifera_f","layer_5","layer_1",8,0.666666666666667
"Euphorbia_balsamifera_f","layer_5","layer_1",9,0.666666666666667
"Euphorbia_balsamifera_f","layer_5","layer_1",10,0.666666666666667
"Euphorbia_balsamifera_f","layer_5","layer_1",11,0.666666666666667
"Euphorbia_balsamifera_f","layer_5","layer_1",12,0.666666666666667
"Euphorbia_balsamifera_f","layer_5","layer_1",13,0.666666666666667
"Euphorbia_balsamifera_f","layer_5","layer_1",14,0.666666666666667
"Euphorbia_balsamifera_f","layer_5","layer_1",15,0.666666666666667
"Euphorbia_balsamifera_f","layer_5","layer_1",16,0.666666666666667
"Euphorbia_balsamifera_f","layer_5","layer_1",17,0.666666666666667
"Euphorbia_balsamifera_f","layer_5","layer_1",18,0.666666666666667
"Euphorbia_balsamifera_f","layer_5","layer_1",19,0.666666666666667
"Euphorbia_balsamifera_f","layer_5","layer_1",20,0.666666666666667
"Euphorbia_balsamifera_f","layer_5","layer_1",21,0.666666666666667
"Euphorbia_balsamifera_f","layer_5","layer_1",22,0.666666666666667
"Euphorbia_balsamifera_f","layer_5","layer_1",23,0.666666666666667
"Euphorbia_balsamifera_f","layer_5","layer_1",24,0.666666666666667
"Euphorbia_balsamifera_f","layer_5","layer_1",25,0.666666666666667
"Euphorbia_balsamifera_f","layer_5","layer_1",26,0.666666666666667
"Euphorbia_balsamifera_f","layer_5","layer_1",27,0.666666666666667
"Euphorbia_balsamifera_f","layer_5","layer_1",28,0.666666666666667
"Euphorbia_balsamifera_f","layer_5","layer_1",29,0.666666666666667
"Euphorbia_balsamifera_f","layer_5","layer_1",30,0.666666666666667
"Euphorbia_balsamifera_f","layer_5","layer_1",31,0.666666666666667
"Euphorbia_balsamifera_f","layer_5","layer_1",32,0.666666666666667
"Euphorbia_balsamifera_f","layer_5","layer_1",33,0.666666666666667
"Euphorbia_balsamifera_f","layer_5","layer_1",34,0.666666666666667
"Euphorbia_balsamifera_f","layer_5","layer_1",35,0.666666666666667
"Euphorbia_balsamifera_f","layer_5","layer_1",36,0.666666666666667
"Euphorbia_balsamifera_f","layer_5","layer_1",37,0.666666666666667
"Euphorbia_balsamifera_f","layer_5","layer_1",38,0.666666666666667
"Euphorbia_balsamifera_f","layer_5","layer_1",39,0.666666666666667
"Euphorbia_balsamifera_f","layer_5","layer_1",40,0.666666666666667
"Euphorbia_balsamifera_f","layer_5","layer_1",41,0.666666666666667
"Euphorbia_balsamifera_f","layer_5","layer_1",42,0.666666666666667
"Euphorbia_balsamifera_f","layer_5","layer_1",43,0.666666666666667
"Euphorbia_balsamifera_f","layer_5","layer_1",44,0.666666666666667
"Euphorbia_balsamifera_f","layer_5","layer_1",45,0.666666666666667
"Euphorbia_balsamifera_f","layer_5","layer_1",46,0.666666666666667
"Euphorbia_balsamifera_f","layer_5","layer_1",47,0.666666666666667
"Euphorbia_balsamifera_f","layer_5","layer_1",48,0.666666666666667
"Euphorbia_balsamifera_f","layer_5","layer_1",49,0.666666666666667
"Euphorbia_balsamifera_f","layer_5","layer_1",50,0.666666666666667
"Euphorbia_balsamifera_f","layer_6","layer_1",1,0.4
"Euphorbia_balsamifera_f","layer_6","layer_1",2,0.666666666666667
"Euphorbia_balsamifera_f","layer_6","layer_1",3,0.666666666666667
"Euphorbia_balsamifera_f","layer_6","layer_1",4,0.666666666666667
"Euphorbia_balsamifera_f","layer_6","layer_1",5,0.666666666666667
"Euphorbia_balsamifera_f","layer_6","layer_1",6,0.666666666666667
"Euphorbia_balsamifera_f","layer_6","layer_1",7,0.666666666666667
"Euphorbia_balsamifera_f","layer_6","layer_1",8,0.666666666666667
"Euphorbia_balsamifera_f","layer_6","layer_1",9,0.666666666666667
"Euphorbia_balsamifera_f","layer_6","layer_1",10,0.666666666666667
"Euphorbia_balsamifera_f","layer_6","layer_1",11,0.666666666666667
"Euphorbia_balsamifera_f","layer_6","layer_1",12,1
"Euphorbia_balsamifera_f","layer_6","layer_1",13,0.666666666666667
"Euphorbia_balsamifera_f","layer_6","layer_1",14,0.666666666666667
"Euphorbia_balsamifera_f","layer_6","layer_1",15,0.666666666666667
"Euphorbia_balsamifera_f","layer_6","layer_1",16,0.666666666666667
"Euphorbia_balsamifera_f","layer_6","layer_1",17,0.8
"Euphorbia_balsamifera_f","layer_6","layer_1",18,0.666666666666667
"Euphorbia_balsamifera_f","layer_6","layer_1",19,0.666666666666667
"Euphorbia_balsamifera_f","layer_6","layer_1",20,0.666666666666667
"Euphorbia_balsamifera_f","layer_6","layer_1",21,0.666666666666667
"Euphorbia_balsamifera_f","layer_6","layer_1",22,0.666666666666667
"Euphorbia_balsamifera_f","layer_6","layer_1",23,0.5
"Euphorbia_balsamifera_f","layer_6","layer_1",24,0.666666666666667
"Euphorbia_balsamifera_f","layer_6","layer_1",25,0.666666666666667
"Euphorbia_balsamifera_f","layer_6","layer_1",26,0.666666666666667
"Euphorbia_balsamifera_f","layer_6","layer_1",27,1
"Euphorbia_balsamifera_f","layer_6","layer_1",28,0.666666666666667
"Euphorbia_balsamifera_f","layer_6","layer_1",29,0.666666666666667
"Euphorbia_balsamifera_f","layer_6","layer_1",30,0.666666666666667
"Euphorbia_balsamifera_f","layer_6","layer_1",31,0.8
"Euphorbia_balsamifera_f","layer_6","layer_1",32,0.666666666666667
"Euphorbia_balsamifera_f","layer_6","layer_1",33,0.666666666666667
"Euphorbia_balsamifera_f","layer_6","layer_1",34,0.666666666666667
"Euphorbia_balsamifera_f","layer_6","layer_1",35,0.666666666666667
"Euphorbia_balsamifera_f","layer_6","layer_1",36,0.666666666666667
"Euphorbia_balsamifera_f","layer_6","layer_1",37,0.666666666666667
"Euphorbia_balsamifera_f","layer_6","layer_1",38,0.666666666666667
"Euphorbia_balsamifera_f","layer_6","layer_1",39,0.666666666666667
"Euphorbia_balsamifera_f","layer_6","layer_1",40,0.666666666666667
"Euphorbia_balsamifera_f","layer_6","layer_1",41,0.666666666666667
"Euphorbia_balsamifera_f","layer_6","layer_1",42,0.666666666666667
"Euphorbia_balsamifera_f","layer_6","layer_1",43,0.666666666666667
"Euphorbia_balsamifera_f","layer_6","layer_1",44,0.666666666666667
"Euphorbia_balsamifera_f","layer_6","layer_1",45,0.666666666666667
"Euphorbia_balsamifera_f","layer_6","layer_1",46,0.666666666666667
"Euphorbia_balsamifera_f","layer_6","layer_1",47,0.666666666666667
"Euphorbia_balsamifera_f","layer_6","layer_1",48,0.666666666666667
"Euphorbia_balsamifera_f","layer_6","layer_1",49,0.666666666666667
"Euphorbia_balsamifera_f","layer_6","layer_1",50,0.8
"Euphorbia_balsamifera_f","layer_7","layer_1",1,0.666666666666667
"Euphorbia_balsamifera_f","layer_7","layer_1",2,0.666666666666667
"Euphorbia_balsamifera_f","layer_7","layer_1",3,0.666666666666667
"Euphorbia_balsamifera_f","layer_7","layer_1",4,0.666666666666667
"Euphorbia_balsamifera_f","layer_7","layer_1",5,0.666666666666667
"Euphorbia_balsamifera_f","layer_7","layer_1",6,0.666666666666667
"Euphorbia_balsamifera_f","layer_7","layer_1",7,0.666666666666667
"Euphorbia_balsamifera_f","layer_7","layer_1",8,0.666666666666667
"Euphorbia_balsamifera_f","layer_7","layer_1",9,0.666666666666667
"Euphorbia_balsamifera_f","layer_7","layer_1",10,0.666666666666667
"Euphorbia_balsamifera_f","layer_7","layer_1",11,0.666666666666667
"Euphorbia_balsamifera_f","layer_7","layer_1",12,0.666666666666667
"Euphorbia_balsamifera_f","layer_7","layer_1",13,0.666666666666667
"Euphorbia_balsamifera_f","layer_7","layer_1",14,0.666666666666667
"Euphorbia_balsamifera_f","layer_7","layer_1",15,0.666666666666667
"Euphorbia_balsamifera_f","layer_7","layer_1",16,0.666666666666667
"Euphorbia_balsamifera_f","layer_7","layer_1",17,0.666666666666667
"Euphorbia_balsamifera_f","layer_7","layer_1",18,0.666666666666667
"Euphorbia_balsamifera_f","layer_7","layer_1",19,0.666666666666667
"Euphorbia_balsamifera_f","layer_7","layer_1",20,0.666666666666667
"Euphorbia_balsamifera_f","layer_7","layer_1",21,0.666666666666667
"Euphorbia_balsamifera_f","layer_7","layer_1",22,0.666666666666667
"Euphorbia_balsamifera_f","layer_7","layer_1",23,0.666666666666667
"Euphorbia_balsamifera_f","layer_7","layer_1",24,0.666666666666667
"Euphorbia_balsamifera_f","layer_7","layer_1",25,0.666666666666667
"Euphorbia_balsamifera_f","layer_7","layer_1",26,0.666666666666667
"Euphorbia_balsamifera_f","layer_7","layer_1",27,0.666666666666667
"Euphorbia_balsamifera_f","layer_7","layer_1",28,0.666666666666667
"Euphorbia_balsamifera_f","layer_7","layer_1",29,0.666666666666667
"Euphorbia_balsamifera_f","layer_7","layer_1",30,0.666666666666667
"Euphorbia_balsamifera_f","layer_7","layer_1",31,0.666666666666667
"Euphorbia_balsamifera_f","layer_7","layer_1",32,0.666666666666667
"Euphorbia_balsamifera_f","layer_7","layer_1",33,0.666666666666667
"Euphorbia_balsamifera_f","layer_7","layer_1",34,0.666666666666667
"Euphorbia_balsamifera_f","layer_7","layer_1",35,0.666666666666667
"Euphorbia_balsamifera_f","layer_7","layer_1",36,0.666666666666667
"Euphorbia_balsamifera_f","layer_7","layer_1",37,0.666666666666667
"Euphorbia_balsamifera_f","layer_7","layer_1",38,0.666666666666667
"Euphorbia_balsamifera_f","layer_7","layer_1",39,0.666666666666667
"Euphorbia_balsamifera_f","layer_7","layer_1",40,0.666666666666667
"Euphorbia_balsamifera_f","layer_7","layer_1",41,0.666666666666667
"Euphorbia_balsamifera_f","layer_7","layer_1",42,0.666666666666667
"Euphorbia_balsamifera_f","layer_7","layer_1",43,0.666666666666667
"Euphorbia_balsamifera_f","layer_7","layer_1",44,0.666666666666667
"Euphorbia_balsamifera_f","layer_7","layer_1",45,0.666666666666667
"Euphorbia_balsamifera_f","layer_7","layer_1",46,0.666666666666667
"Euphorbia_balsamifera_f","layer_7","layer_1",47,0.666666666666667
"Euphorbia_balsamifera_f","layer_7","layer_1",48,0.666666666666667
"Euphorbia_balsamifera_f","layer_7","layer_1",49,0.666666666666667
"Euphorbia_balsamifera_f","layer_7","layer_1",50,0.666666666666667
"Euphorbia_balsamifera_f","layer_1","layer_3",1,0.571428571428572
"Euphorbia_balsamifera_f","layer_1","layer_3",2,0.666666666666667
"Euphorbia_balsamifera_f","layer_1","layer_3",3,0.666666666666667
"Euphorbia_balsamifera_f","layer_1","layer_3",4,0.666666666666667
"Euphorbia_balsamifera_f","layer_1","layer_3",5,0.666666666666667
"Euphorbia_balsamifera_f","layer_1","layer_3",6,0.666666666666667
"Euphorbia_balsamifera_f","layer_1","layer_3",7,0.666666666666667
"Euphorbia_balsamifera_f","layer_1","layer_3",8,0.666666666666667
"Euphorbia_balsamifera_f","layer_1","layer_3",9,0.666666666666667
"Euphorbia_balsamifera_f","layer_1","layer_3",10,0.666666666666667
"Euphorbia_balsamifera_f","layer_1","layer_3",11,0.5
"Euphorbia_balsamifera_f","layer_1","layer_3",12,0.4
"Euphorbia_balsamifera_f","layer_1","layer_3",13,0.285714285714286
"Euphorbia_balsamifera_f","layer_1","layer_3",14,0.666666666666667
"Euphorbia_balsamifera_f","layer_1","layer_3",15,0.5
"Euphorbia_balsamifera_f","layer_1","layer_3",16,0.666666666666667
"Euphorbia_balsamifera_f","layer_1","layer_3",17,0.666666666666667
"Euphorbia_balsamifera_f","layer_1","layer_3",18,0.666666666666667
"Euphorbia_balsamifera_f","layer_1","layer_3",19,0.666666666666667
"Euphorbia_balsamifera_f","layer_1","layer_3",20,0.5
"Euphorbia_balsamifera_f","layer_1","layer_3",21,0.666666666666667
"Euphorbia_balsamifera_f","layer_1","layer_3",22,0.4
"Euphorbia_balsamifera_f","layer_1","layer_3",23,0.666666666666667
"Euphorbia_balsamifera_f","layer_1","layer_3",24,0.666666666666667
"Euphorbia_balsamifera_f","layer_1","layer_3",25,0.8
"Euphorbia_balsamifera_f","layer_1","layer_3",26,0.666666666666667
"Euphorbia_balsamifera_f","layer_1","layer_3",27,0.666666666666667
"Euphorbia_balsamifera_f","layer_1","layer_3",28,0.666666666666667
"Euphorbia_balsamifera_f","layer_1","layer_3",29,0.666666666666667
"Euphorbia_balsamifera_f","layer_1","layer_3",30,0.666666666666667
"Euphorbia_balsamifera_f","layer_1","layer_3",31,0.666666666666667
"Euphorbia_balsamifera_f","layer_1","layer_3",32,0.666666666666667
"Euphorbia_balsamifera_f","layer_1","layer_3",33,0.666666666666667
"Euphorbia_balsamifera_f","layer_1","layer_3",34,0.666666666666667
"Euphorbia_balsamifera_f","layer_1","layer_3",35,0.666666666666667
"Euphorbia_balsamifera_f","layer_1","layer_3",36,0.666666666666667
"Euphorbia_balsamifera_f","layer_1","layer_3",37,0.5
"Euphorbia_balsamifera_f","layer_1","layer_3",38,0.666666666666667
"Euphorbia_balsamifera_f","layer_1","layer_3",39,0.666666666666667
"Euphorbia_balsamifera_f","layer_1","layer_3",40,0.666666666666667
"Euphorbia_balsamifera_f","layer_1","layer_3",41,0.666666666666667
"Euphorbia_balsamifera_f","layer_1","layer_3",42,0.285714285714286
"Euphorbia_balsamifera_f","layer_1","layer_3",43,0.666666666666667
"Euphorbia_balsamifera_f","layer_1","layer_3",44,0.666666666666667
"Euphorbia_balsamifera_f","layer_1","layer_3",45,0.666666666666667
"Euphorbia_balsamifera_f","layer_1","layer_3",46,0.666666666666667
"Euphorbia_balsamifera_f","layer_1","layer_3",47,0.666666666666667
"Euphorbia_balsamifera_f","layer_1","layer_3",48,0.666666666666667
"Euphorbia_balsamifera_f","layer_1","layer_3",49,0.666666666666667
"Euphorbia_balsamifera_f","layer_1","layer_3",50,0.666666666666667
"Euphorbia_balsamifera_f","layer_4","layer_3",1,0.666666666666667
"Euphorbia_balsamifera_f","layer_4","layer_3",2,0.666666666666667
"Euphorbia_balsamifera_f","layer_4","layer_3",3,0.666666666666667
"Euphorbia_balsamifera_f","layer_4","layer_3",4,0.857142857142857
"Euphorbia_balsamifera_f","layer_4","layer_3",5,0.666666666666667
"Euphorbia_balsamifera_f","layer_4","layer_3",6,0.666666666666667
"Euphorbia_balsamifera_f","layer_4","layer_3",7,0.666666666666667
"Euphorbia_balsamifera_f","layer_4","layer_3",8,0.666666666666667
"Euphorbia_balsamifera_f","layer_4","layer_3",9,0.666666666666667
"Euphorbia_balsamifera_f","layer_4","layer_3",10,0.666666666666667
"Euphorbia_balsamifera_f","layer_4","layer_3",11,0.666666666666667
"Euphorbia_balsamifera_f","layer_4","layer_3",12,0.666666666666667
"Euphorbia_balsamifera_f","layer_4","layer_3",13,0.666666666666667
"Euphorbia_balsamifera_f","layer_4","layer_3",14,0.666666666666667
"Euphorbia_balsamifera_f","layer_4","layer_3",15,0.666666666666667
"Euphorbia_balsamifera_f","layer_4","layer_3",16,0.666666666666667
"Euphorbia_balsamifera_f","layer_4","layer_3",17,0.666666666666667
"Euphorbia_balsamifera_f","layer_4","layer_3",18,0.666666666666667
"Euphorbia_balsamifera_f","layer_4","layer_3",19,0.666666666666667
"Euphorbia_balsamifera_f","layer_4","layer_3",20,0.666666666666667
"Euphorbia_balsamifera_f","layer_4","layer_3",21,0.666666666666667
"Euphorbia_balsamifera_f","layer_4","layer_3",22,0.666666666666667
"Euphorbia_balsamifera_f","layer_4","layer_3",23,0.666666666666667
"Euphorbia_balsamifera_f","layer_4","layer_3",24,0.666666666666667
"Euphorbia_balsamifera_f","layer_4","layer_3",25,0.666666666666667
"Euphorbia_balsamifera_f","layer_4","layer_3",26,0.666666666666667
"Euphorbia_balsamifera_f","layer_4","layer_3",27,0.666666666666667
"Euphorbia_balsamifera_f","layer_4","layer_3",28,0.666666666666667
"Euphorbia_balsamifera_f","layer_4","layer_3",29,0.666666666666667
"Euphorbia_balsamifera_f","layer_4","layer_3",30,0.666666666666667
"Euphorbia_balsamifera_f","layer_4","layer_3",31,0.666666666666667
"Euphorbia_balsamifera_f","layer_4","layer_3",32,0.666666666666667
"Euphorbia_balsamifera_f","layer_4","layer_3",33,0.666666666666667
"Euphorbia_balsamifera_f","layer_4","layer_3",34,0.666666666666667
"Euphorbia_balsamifera_f","layer_4","layer_3",35,0.666666666666667
"Euphorbia_balsamifera_f","layer_4","layer_3",36,0.666666666666667
"Euphorbia_balsamifera_f","layer_4","layer_3",37,0.666666666666667
"Euphorbia_balsamifera_f","layer_4","layer_3",38,0.666666666666667
"Euphorbia_balsamifera_f","layer_4","layer_3",39,0.666666666666667
"Euphorbia_balsamifera_f","layer_4","layer_3",40,0.666666666666667
"Euphorbia_balsamifera_f","layer_4","layer_3",41,0.666666666666667
"Euphorbia_balsamifera_f","layer_4","layer_3",42,0.666666666666667
"Euphorbia_balsamifera_f","layer_4","layer_3",43,0.666666666666667
"Euphorbia_balsamifera_f","layer_4","layer_3",44,0.666666666666667
"Euphorbia_balsamifera_f","layer_4","layer_3",45,0.666666666666667
"Euphorbia_balsamifera_f","layer_4","layer_3",46,0.666666666666667
"Euphorbia_balsamifera_f","layer_4","layer_3",47,0.666666666666667
"Euphorbia_balsamifera_f","layer_4","layer_3",48,0.666666666666667
"Euphorbia_balsamifera_f","layer_4","layer_3",49,0.666666666666667
"Euphorbia_balsamifera_f","layer_4","layer_3",50,0.666666666666667
"Euphorbia_balsamifera_f","layer_5","layer_3",1,0.666666666666667
"Euphorbia_balsamifera_f","layer_5","layer_3",2,0.666666666666667
"Euphorbia_balsamifera_f","layer_5","layer_3",3,0.666666666666667
"Euphorbia_balsamifera_f","layer_5","layer_3",4,0.666666666666667
"Euphorbia_balsamifera_f","layer_5","layer_3",5,0.666666666666667
"Euphorbia_balsamifera_f","layer_5","layer_3",6,0.666666666666667
"Euphorbia_balsamifera_f","layer_5","layer_3",7,0.666666666666667
"Euphorbia_balsamifera_f","layer_5","layer_3",8,0.666666666666667
"Euphorbia_balsamifera_f","layer_5","layer_3",9,0.666666666666667
"Euphorbia_balsamifera_f","layer_5","layer_3",10,0.666666666666667
"Euphorbia_balsamifera_f","layer_5","layer_3",11,0.666666666666667
"Euphorbia_balsamifera_f","layer_5","layer_3",12,0.666666666666667
"Euphorbia_balsamifera_f","layer_5","layer_3",13,0.666666666666667
"Euphorbia_balsamifera_f","layer_5","layer_3",14,0.666666666666667
"Euphorbia_balsamifera_f","layer_5","layer_3",15,0.666666666666667
"Euphorbia_balsamifera_f","layer_5","layer_3",16,0.666666666666667
"Euphorbia_balsamifera_f","layer_5","layer_3",17,0.666666666666667
"Euphorbia_balsamifera_f","layer_5","layer_3",18,0.666666666666667
"Euphorbia_balsamifera_f","layer_5","layer_3",19,0.666666666666667
"Euphorbia_balsamifera_f","layer_5","layer_3",20,0.666666666666667
"Euphorbia_balsamifera_f","layer_5","layer_3",21,0.666666666666667
"Euphorbia_balsamifera_f","layer_5","layer_3",22,0.666666666666667
"Euphorbia_balsamifera_f","layer_5","layer_3",23,0.666666666666667
"Euphorbia_balsamifera_f","layer_5","layer_3",24,0.666666666666667
"Euphorbia_balsamifera_f","layer_5","layer_3",25,0.666666666666667
"Euphorbia_balsamifera_f","layer_5","layer_3",26,0.666666666666667
"Euphorbia_balsamifera_f","layer_5","layer_3",27,0.666666666666667
"Euphorbia_balsamifera_f","layer_5","layer_3",28,0.666666666666667
"Euphorbia_balsamifera_f","layer_5","layer_3",29,0.666666666666667
"Euphorbia_balsamifera_f","layer_5","layer_3",30,0.666666666666667
"Euphorbia_balsamifera_f","layer_5","layer_3",31,0.666666666666667
"Euphorbia_balsamifera_f","layer_5","layer_3",32,0.666666666666667
"Euphorbia_balsamifera_f","layer_5","layer_3",33,0.666666666666667
"Euphorbia_balsamifera_f","layer_5","layer_3",34,0.666666666666667
"Euphorbia_balsamifera_f","layer_5","layer_3",35,0.666666666666667
"Euphorbia_balsamifera_f","layer_5","layer_3",36,0.666666666666667
"Euphorbia_balsamifera_f","layer_5","layer_3",37,0.666666666666667
"Euphorbia_balsamifera_f","layer_5","layer_3",38,0.666666666666667
"Euphorbia_balsamifera_f","layer_5","layer_3",39,0.666666666666667
"Euphorbia_balsamifera_f","layer_5","layer_3",40,0.666666666666667
"Euphorbia_balsamifera_f","layer_5","layer_3",41,0.666666666666667
"Euphorbia_balsamifera_f","layer_5","layer_3",42,0.666666666666667
"Euphorbia_balsamifera_f","layer_5","layer_3",43,0.666666666666667
"Euphorbia_balsamifera_f","layer_5","layer_3",44,0.666666666666667
"Euphorbia_balsamifera_f","layer_5","layer_3",45,0.666666666666667
"Euphorbia_balsamifera_f","layer_5","layer_3",46,0.666666666666667
"Euphorbia_balsamifera_f","layer_5","layer_3",47,0.666666666666667
"Euphorbia_balsamifera_f","layer_5","layer_3",48,0.666666666666667
"Euphorbia_balsamifera_f","layer_5","layer_3",49,0.666666666666667
"Euphorbia_balsamifera_f","layer_5","layer_3",50,0.666666666666667
"Euphorbia_balsamifera_f","layer_6","layer_3",1,0.666666666666667
"Euphorbia_balsamifera_f","layer_6","layer_3",2,0.666666666666667
"Euphorbia_balsamifera_f","layer_6","layer_3",3,0.666666666666667
"Euphorbia_balsamifera_f","layer_6","layer_3",4,1
"Euphorbia_balsamifera_f","layer_6","layer_3",5,0.8
"Euphorbia_balsamifera_f","layer_6","layer_3",6,0.666666666666667
"Euphorbia_balsamifera_f","layer_6","layer_3",7,0.666666666666667
"Euphorbia_balsamifera_f","layer_6","layer_3",8,0.666666666666667
"Euphorbia_balsamifera_f","layer_6","layer_3",9,0.666666666666667
"Euphorbia_balsamifera_f","layer_6","layer_3",10,0.666666666666667
"Euphorbia_balsamifera_f","layer_6","layer_3",11,0.666666666666667
"Euphorbia_balsamifera_f","layer_6","layer_3",12,0.5
"Euphorbia_balsamifera_f","layer_6","layer_3",13,0.666666666666667
"Euphorbia_balsamifera_f","layer_6","layer_3",14,0.666666666666667
"Euphorbia_balsamifera_f","layer_6","layer_3",15,0.666666666666667
"Euphorbia_balsamifera_f","layer_6","layer_3",16,0.666666666666667
"Euphorbia_balsamifera_f","layer_6","layer_3",17,0.666666666666667
"Euphorbia_balsamifera_f","layer_6","layer_3",18,0.666666666666667
"Euphorbia_balsamifera_f","layer_6","layer_3",19,0.666666666666667
"Euphorbia_balsamifera_f","layer_6","layer_3",20,0.666666666666667
"Euphorbia_balsamifera_f","layer_6","layer_3",21,0.666666666666667
"Euphorbia_balsamifera_f","layer_6","layer_3",22,0.666666666666667
"Euphorbia_balsamifera_f","layer_6","layer_3",23,0.666666666666667
"Euphorbia_balsamifera_f","layer_6","layer_3",24,0.666666666666667
"Euphorbia_balsamifera_f","layer_6","layer_3",25,0.666666666666667
"Euphorbia_balsamifera_f","layer_6","layer_3",26,0.666666666666667
"Euphorbia_balsamifera_f","layer_6","layer_3",27,0.666666666666667
"Euphorbia_balsamifera_f","layer_6","layer_3",28,0.666666666666667
"Euphorbia_balsamifera_f","layer_6","layer_3",29,0.666666666666667
"Euphorbia_balsamifera_f","layer_6","layer_3",30,0.666666666666667
"Euphorbia_balsamifera_f","layer_6","layer_3",31,0.666666666666667
"Euphorbia_balsamifera_f","layer_6","layer_3",32,0.666666666666667
"Euphorbia_balsamifera_f","layer_6","layer_3",33,0.4
"Euphorbia_balsamifera_f","layer_6","layer_3",34,0.666666666666667
"Euphorbia_balsamifera_f","layer_6","layer_3",35,0.666666666666667
"Euphorbia_balsamifera_f","layer_6","layer_3",36,0.666666666666667
"Euphorbia_balsamifera_f","layer_6","layer_3",37,0.666666666666667
"Euphorbia_balsamifera_f","layer_6","layer_3",38,0.5
"Euphorbia_balsamifera_f","layer_6","layer_3",39,0.666666666666667
"Euphorbia_balsamifera_f","layer_6","layer_3",40,0.666666666666667
"Euphorbia_balsamifera_f","layer_6","layer_3",41,1
"Euphorbia_balsamifera_f","layer_6","layer_3",42,0.666666666666667
"Euphorbia_balsamifera_f","layer_6","layer_3",43,0.666666666666667
"Euphorbia_balsamifera_f","layer_6","layer_3",44,0.666666666666667
"Euphorbia_balsamifera_f","layer_6","layer_3",45,0.666666666666667
"Euphorbia_balsamifera_f","layer_6","layer_3",46,1
"Euphorbia_balsamifera_f","layer_6","layer_3",47,1
"Euphorbia_balsamifera_f","layer_6","layer_3",48,1
"Euphorbia_balsamifera_f","layer_6","layer_3",49,0.666666666666667
"Euphorbia_balsamifera_f","layer_6","layer_3",50,0.8
"Euphorbia_balsamifera_f","layer_7","layer_3",1,0.666666666666667
"Euphorbia_balsamifera_f","layer_7","layer_3",2,1
"Euphorbia_balsamifera_f","layer_7","layer_3",3,0.666666666666667
"Euphorbia_balsamifera_f","layer_7","layer_3",4,0.571428571428572
"Euphorbia_balsamifera_f","layer_7","layer_3",5,0.666666666666667
"Euphorbia_balsamifera_f","layer_7","layer_3",6,0.571428571428572
"Euphorbia_balsamifera_f","layer_7","layer_3",7,0.666666666666667
"Euphorbia_balsamifera_f","layer_7","layer_3",8,0.666666666666667
"Euphorbia_balsamifera_f","layer_7","layer_3",9,0.666666666666667
"Euphorbia_balsamifera_f","layer_7","layer_3",10,0.666666666666667
"Euphorbia_balsamifera_f","layer_7","layer_3",11,0.666666666666667
"Euphorbia_balsamifera_f","layer_7","layer_3",12,0.666666666666667
"Euphorbia_balsamifera_f","layer_7","layer_3",13,0.666666666666667
"Euphorbia_balsamifera_f","layer_7","layer_3",14,0.666666666666667
"Euphorbia_balsamifera_f","layer_7","layer_3",15,0.666666666666667
"Euphorbia_balsamifera_f","layer_7","layer_3",16,0.666666666666667
"Euphorbia_balsamifera_f","layer_7","layer_3",17,0.666666666666667
"Euphorbia_balsamifera_f","layer_7","layer_3",18,0.666666666666667
"Euphorbia_balsamifera_f","layer_7","layer_3",19,0.666666666666667
"Euphorbia_balsamifera_f","layer_7","layer_3",20,0.666666666666667
"Euphorbia_balsamifera_f","layer_7","layer_3",21,0.666666666666667
"Euphorbia_balsamifera_f","layer_7","layer_3",22,0.666666666666667
"Euphorbia_balsamifera_f","layer_7","layer_3",23,0.666666666666667
"Euphorbia_balsamifera_f","layer_7","layer_3",24,0.666666666666667
"Euphorbia_balsamifera_f","layer_7","layer_3",25,0.666666666666667
"Euphorbia_balsamifera_f","layer_7","layer_3",26,0.4
"Euphorbia_balsamifera_f","layer_7","layer_3",27,0.666666666666667
"Euphorbia_balsamifera_f","layer_7","layer_3",28,0.666666666666667
"Euphorbia_balsamifera_f","layer_7","layer_3",29,1
"Euphorbia_balsamifera_f","layer_7","layer_3",30,0.666666666666667
"Euphorbia_balsamifera_f","layer_7","layer_3",31,0.666666666666667
"Euphorbia_balsamifera_f","layer_7","layer_3",32,0.666666666666667
"Euphorbia_balsamifera_f","layer_7","layer_3",33,0.666666666666667
"Euphorbia_balsamifera_f","layer_7","layer_3",34,0.666666666666667
"Euphorbia_balsamifera_f","layer_7","layer_3",35,0.666666666666667
"Euphorbia_balsamifera_f","layer_7","layer_3",36,0.333333333333333
"Euphorbia_balsamifera_f","layer_7","layer_3",37,0.666666666666667
"Euphorbia_balsamifera_f","layer_7","layer_3",38,0.666666666666667
"Euphorbia_balsamifera_f","layer_7","layer_3",39,0.571428571428572
"Euphorbia_balsamifera_f","layer_7","layer_3",40,0.571428571428572
"Euphorbia_balsamifera_f","layer_7","layer_3",41,0.666666666666667
"Euphorbia_balsamifera_f","layer_7","layer_3",42,0.75
"Euphorbia_balsamifera_f","layer_7","layer_3",43,0.857142857142857
"Euphorbia_balsamifera_f","layer_7","layer_3",44,0.666666666666667
"Euphorbia_balsamifera_f","layer_7","layer_3",45,0.666666666666667
"Euphorbia_balsamifera_f","layer_7","layer_3",46,0.666666666666667
"Euphorbia_balsamifera_f","layer_7","layer_3",47,0.666666666666667
"Euphorbia_balsamifera_f","layer_7","layer_3",48,0.666666666666667
"Euphorbia_balsamifera_f","layer_7","layer_3",49,0.666666666666667
"Euphorbia_balsamifera_f","layer_7","layer_3",50,0.666666666666667
"Euphorbia_balsamifera_f","layer_1","layer_4",1,0.666666666666667
"Euphorbia_balsamifera_f","layer_1","layer_4",2,0.666666666666667
"Euphorbia_balsamifera_f","layer_1","layer_4",3,0.666666666666667
"Euphorbia_balsamifera_f","layer_1","layer_4",4,0.666666666666667
"Euphorbia_balsamifera_f","layer_1","layer_4",5,0.666666666666667
"Euphorbia_balsamifera_f","layer_1","layer_4",6,0.666666666666667
"Euphorbia_balsamifera_f","layer_1","layer_4",7,0.666666666666667
"Euphorbia_balsamifera_f","layer_1","layer_4",8,0.666666666666667
"Euphorbia_balsamifera_f","layer_1","layer_4",9,0.666666666666667
"Euphorbia_balsamifera_f","layer_1","layer_4",10,0.666666666666667
"Euphorbia_balsamifera_f","layer_1","layer_4",11,0.666666666666667
"Euphorbia_balsamifera_f","layer_1","layer_4",12,0.666666666666667
"Euphorbia_balsamifera_f","layer_1","layer_4",13,0.666666666666667
"Euphorbia_balsamifera_f","layer_1","layer_4",14,0.666666666666667
"Euphorbia_balsamifera_f","layer_1","layer_4",15,0.666666666666667
"Euphorbia_balsamifera_f","layer_1","layer_4",16,0.666666666666667
"Euphorbia_balsamifera_f","layer_1","layer_4",17,0.666666666666667
"Euphorbia_balsamifera_f","layer_1","layer_4",18,0.666666666666667
"Euphorbia_balsamifera_f","layer_1","layer_4",19,0.666666666666667
"Euphorbia_balsamifera_f","layer_1","layer_4",20,0.666666666666667
"Euphorbia_balsamifera_f","layer_1","layer_4",21,0.666666666666667
"Euphorbia_balsamifera_f","layer_1","layer_4",22,0.666666666666667
"Euphorbia_balsamifera_f","layer_1","layer_4",23,0.666666666666667
"Euphorbia_balsamifera_f","layer_1","layer_4",24,0.666666666666667
"Euphorbia_balsamifera_f","layer_1","layer_4",25,0.666666666666667
"Euphorbia_balsamifera_f","layer_1","layer_4",26,0.666666666666667
"Euphorbia_balsamifera_f","layer_1","layer_4",27,0.666666666666667
"Euphorbia_balsamifera_f","layer_1","layer_4",28,0.666666666666667
"Euphorbia_balsamifera_f","layer_1","layer_4",29,0.666666666666667
"Euphorbia_balsamifera_f","layer_1","layer_4",30,0.666666666666667
"Euphorbia_balsamifera_f","layer_1","layer_4",31,0.666666666666667
"Euphorbia_balsamifera_f","layer_1","layer_4",32,0.666666666666667
"Euphorbia_balsamifera_f","layer_1","layer_4",33,0.666666666666667
"Euphorbia_balsamifera_f","layer_1","layer_4",34,0.666666666666667
"Euphorbia_balsamifera_f","layer_1","layer_4",35,0.666666666666667
"Euphorbia_balsamifera_f","layer_1","layer_4",36,0.666666666666667
"Euphorbia_balsamifera_f","layer_1","layer_4",37,0.666666666666667
"Euphorbia_balsamifera_f","layer_1","layer_4",38,0.666666666666667
"Euphorbia_balsamifera_f","layer_1","layer_4",39,0.666666666666667
"Euphorbia_balsamifera_f","layer_1","layer_4",40,0.666666666666667
"Euphorbia_balsamifera_f","layer_1","layer_4",41,0.666666666666667
"Euphorbia_balsamifera_f","layer_1","layer_4",42,0.666666666666667
"Euphorbia_balsamifera_f","layer_1","layer_4",43,0.666666666666667
"Euphorbia_balsamifera_f","layer_1","layer_4",44,0.666666666666667
"Euphorbia_balsamifera_f","layer_1","layer_4",45,0.666666666666667
"Euphorbia_balsamifera_f","layer_1","layer_4",46,0.666666666666667
"Euphorbia_balsamifera_f","layer_1","layer_4",47,0.666666666666667
"Euphorbia_balsamifera_f","layer_1","layer_4",48,0.666666666666667
"Euphorbia_balsamifera_f","layer_1","layer_4",49,0.666666666666667
"Euphorbia_balsamifera_f","layer_1","layer_4",50,0.666666666666667
"Euphorbia_balsamifera_f","layer_3","layer_4",1,0.666666666666667
"Euphorbia_balsamifera_f","layer_3","layer_4",2,0.666666666666667
"Euphorbia_balsamifera_f","layer_3","layer_4",3,0.666666666666667
"Euphorbia_balsamifera_f","layer_3","layer_4",4,0.666666666666667
"Euphorbia_balsamifera_f","layer_3","layer_4",5,0.666666666666667
"Euphorbia_balsamifera_f","layer_3","layer_4",6,0.666666666666667
"Euphorbia_balsamifera_f","layer_3","layer_4",7,0.666666666666667
"Euphorbia_balsamifera_f","layer_3","layer_4",8,0.666666666666667
"Euphorbia_balsamifera_f","layer_3","layer_4",9,0.666666666666667
"Euphorbia_balsamifera_f","layer_3","layer_4",10,0.666666666666667
"Euphorbia_balsamifera_f","layer_3","layer_4",11,0.666666666666667
"Euphorbia_balsamifera_f","layer_3","layer_4",12,0.666666666666667
"Euphorbia_balsamifera_f","layer_3","layer_4",13,0.666666666666667
"Euphorbia_balsamifera_f","layer_3","layer_4",14,0.666666666666667
"Euphorbia_balsamifera_f","layer_3","layer_4",15,0.666666666666667
"Euphorbia_balsamifera_f","layer_3","layer_4",16,0.666666666666667
"Euphorbia_balsamifera_f","layer_3","layer_4",17,0.666666666666667
"Euphorbia_balsamifera_f","layer_3","layer_4",18,0.666666666666667
"Euphorbia_balsamifera_f","layer_3","layer_4",19,0.666666666666667
"Euphorbia_balsamifera_f","layer_3","layer_4",20,0.666666666666667
"Euphorbia_balsamifera_f","layer_3","layer_4",21,0.666666666666667
"Euphorbia_balsamifera_f","layer_3","layer_4",22,0.666666666666667
"Euphorbia_balsamifera_f","layer_3","layer_4",23,0.666666666666667
"Euphorbia_balsamifera_f","layer_3","layer_4",24,0.666666666666667
"Euphorbia_balsamifera_f","layer_3","layer_4",25,0.666666666666667
"Euphorbia_balsamifera_f","layer_3","layer_4",26,0.666666666666667
"Euphorbia_balsamifera_f","layer_3","layer_4",27,0.666666666666667
"Euphorbia_balsamifera_f","layer_3","layer_4",28,0.666666666666667
"Euphorbia_balsamifera_f","layer_3","layer_4",29,0.666666666666667
"Euphorbia_balsamifera_f","layer_3","layer_4",30,0.666666666666667
"Euphorbia_balsamifera_f","layer_3","layer_4",31,0.666666666666667
"Euphorbia_balsamifera_f","layer_3","layer_4",32,0.666666666666667
"Euphorbia_balsamifera_f","layer_3","layer_4",33,0.666666666666667
"Euphorbia_balsamifera_f","layer_3","layer_4",34,0.666666666666667
"Euphorbia_balsamifera_f","layer_3","layer_4",35,0.666666666666667
"Euphorbia_balsamifera_f","layer_3","layer_4",36,0.666666666666667
"Euphorbia_balsamifera_f","layer_3","layer_4",37,0.666666666666667
"Euphorbia_balsamifera_f","layer_3","layer_4",38,0.666666666666667
"Euphorbia_balsamifera_f","layer_3","layer_4",39,0.666666666666667
"Euphorbia_balsamifera_f","layer_3","layer_4",40,0.666666666666667
"Euphorbia_balsamifera_f","layer_3","layer_4",41,0.666666666666667
"Euphorbia_balsamifera_f","layer_3","layer_4",42,0.666666666666667
"Euphorbia_balsamifera_f","layer_3","layer_4",43,0.666666666666667
"Euphorbia_balsamifera_f","layer_3","layer_4",44,0.666666666666667
"Euphorbia_balsamifera_f","layer_3","layer_4",45,0.666666666666667
"Euphorbia_balsamifera_f","layer_3","layer_4",46,0.666666666666667
"Euphorbia_balsamifera_f","layer_3","layer_4",47,0.666666666666667
"Euphorbia_balsamifera_f","layer_3","layer_4",48,0.666666666666667
"Euphorbia_balsamifera_f","layer_3","layer_4",49,0.666666666666667
"Euphorbia_balsamifera_f","layer_3","layer_4",50,0.666666666666667
"Euphorbia_balsamifera_f","layer_5","layer_4",1,0.666666666666667
"Euphorbia_balsamifera_f","layer_5","layer_4",2,0.666666666666667
"Euphorbia_balsamifera_f","layer_5","layer_4",3,0.666666666666667
"Euphorbia_balsamifera_f","layer_5","layer_4",4,0.666666666666667
"Euphorbia_balsamifera_f","layer_5","layer_4",5,0.666666666666667
"Euphorbia_balsamifera_f","layer_5","layer_4",6,0.666666666666667
"Euphorbia_balsamifera_f","layer_5","layer_4",7,0.666666666666667
"Euphorbia_balsamifera_f","layer_5","layer_4",8,0.4
"Euphorbia_balsamifera_f","layer_5","layer_4",9,0.666666666666667
"Euphorbia_balsamifera_f","layer_5","layer_4",10,0.666666666666667
"Euphorbia_balsamifera_f","layer_5","layer_4",11,0.666666666666667
"Euphorbia_balsamifera_f","layer_5","layer_4",12,0.666666666666667
"Euphorbia_balsamifera_f","layer_5","layer_4",13,0.666666666666667
"Euphorbia_balsamifera_f","layer_5","layer_4",14,0.666666666666667
"Euphorbia_balsamifera_f","layer_5","layer_4",15,0.666666666666667
"Euphorbia_balsamifera_f","layer_5","layer_4",16,0.666666666666667
"Euphorbia_balsamifera_f","layer_5","layer_4",17,0.666666666666667
"Euphorbia_balsamifera_f","layer_5","layer_4",18,0.666666666666667
"Euphorbia_balsamifera_f","layer_5","layer_4",19,0.666666666666667
"Euphorbia_balsamifera_f","layer_5","layer_4",20,0.666666666666667
"Euphorbia_balsamifera_f","layer_5","layer_4",21,0.666666666666667
"Euphorbia_balsamifera_f","layer_5","layer_4",22,0.666666666666667
"Euphorbia_balsamifera_f","layer_5","layer_4",23,0.666666666666667
"Euphorbia_balsamifera_f","layer_5","layer_4",24,0.666666666666667
"Euphorbia_balsamifera_f","layer_5","layer_4",25,0.666666666666667
"Euphorbia_balsamifera_f","layer_5","layer_4",26,0.666666666666667
"Euphorbia_balsamifera_f","layer_5","layer_4",27,0.666666666666667
"Euphorbia_balsamifera_f","layer_5","layer_4",28,0.666666666666667
"Euphorbia_balsamifera_f","layer_5","layer_4",29,0.666666666666667
"Euphorbia_balsamifera_f","layer_5","layer_4",30,0.4
"Euphorbia_balsamifera_f","layer_5","layer_4",31,0.666666666666667
"Euphorbia_balsamifera_f","layer_5","layer_4",32,0.666666666666667
"Euphorbia_balsamifera_f","layer_5","layer_4",33,0.666666666666667
"Euphorbia_balsamifera_f","layer_5","layer_4",34,0.666666666666667
"Euphorbia_balsamifera_f","layer_5","layer_4",35,0.666666666666667
"Euphorbia_balsamifera_f","layer_5","layer_4",36,0.666666666666667
"Euphorbia_balsamifera_f","layer_5","layer_4",37,0.666666666666667
"Euphorbia_balsamifera_f","layer_5","layer_4",38,0.666666666666667
"Euphorbia_balsamifera_f","layer_5","layer_4",39,0.666666666666667
"Euphorbia_balsamifera_f","layer_5","layer_4",40,0.666666666666667
"Euphorbia_balsamifera_f","layer_5","layer_4",41,0.666666666666667
"Euphorbia_balsamifera_f","layer_5","layer_4",42,0.666666666666667
"Euphorbia_balsamifera_f","layer_5","layer_4",43,0.666666666666667
"Euphorbia_balsamifera_f","layer_5","layer_4",44,0.666666666666667
"Euphorbia_balsamifera_f","layer_5","layer_4",45,0.666666666666667
"Euphorbia_balsamifera_f","layer_5","layer_4",46,0.666666666666667
"Euphorbia_balsamifera_f","layer_5","layer_4",47,0.666666666666667
"Euphorbia_balsamifera_f","layer_5","layer_4",48,0.666666666666667
"Euphorbia_balsamifera_f","layer_5","layer_4",49,0.666666666666667
"Euphorbia_balsamifera_f","layer_5","layer_4",50,0.666666666666667
"Euphorbia_balsamifera_f","layer_6","layer_4",1,0.666666666666667
"Euphorbia_balsamifera_f","layer_6","layer_4",2,0.666666666666667
"Euphorbia_balsamifera_f","layer_6","layer_4",3,0.666666666666667
"Euphorbia_balsamifera_f","layer_6","layer_4",4,0.666666666666667
"Euphorbia_balsamifera_f","layer_6","layer_4",5,0.666666666666667
"Euphorbia_balsamifera_f","layer_6","layer_4",6,0.666666666666667
"Euphorbia_balsamifera_f","layer_6","layer_4",7,0.666666666666667
"Euphorbia_balsamifera_f","layer_6","layer_4",8,0.666666666666667
"Euphorbia_balsamifera_f","layer_6","layer_4",9,0.666666666666667
"Euphorbia_balsamifera_f","layer_6","layer_4",10,0.666666666666667
"Euphorbia_balsamifera_f","layer_6","layer_4",11,0.666666666666667
"Euphorbia_balsamifera_f","layer_6","layer_4",12,0.666666666666667
"Euphorbia_balsamifera_f","layer_6","layer_4",13,0.666666666666667
"Euphorbia_balsamifera_f","layer_6","layer_4",14,0.666666666666667
"Euphorbia_balsamifera_f","layer_6","layer_4",15,0.666666666666667
"Euphorbia_balsamifera_f","layer_6","layer_4",16,0.666666666666667
"Euphorbia_balsamifera_f","layer_6","layer_4",17,0.666666666666667
"Euphorbia_balsamifera_f","layer_6","layer_4",18,0.666666666666667
"Euphorbia_balsamifera_f","layer_6","layer_4",19,0.666666666666667
"Euphorbia_balsamifera_f","layer_6","layer_4",20,0.666666666666667
"Euphorbia_balsamifera_f","layer_6","layer_4",21,0.666666666666667
"Euphorbia_balsamifera_f","layer_6","layer_4",22,0.666666666666667
"Euphorbia_balsamifera_f","layer_6","layer_4",23,0.666666666666667
"Euphorbia_balsamifera_f","layer_6","layer_4",24,0.666666666666667
"Euphorbia_balsamifera_f","layer_6","layer_4",25,0.666666666666667
"Euphorbia_balsamifera_f","layer_6","layer_4",26,0.666666666666667
"Euphorbia_balsamifera_f","layer_6","layer_4",27,0.666666666666667
"Euphorbia_balsamifera_f","layer_6","layer_4",28,0.666666666666667
"Euphorbia_balsamifera_f","layer_6","layer_4",29,0.666666666666667
"Euphorbia_balsamifera_f","layer_6","layer_4",30,0.666666666666667
"Euphorbia_balsamifera_f","layer_6","layer_4",31,0.666666666666667
"Euphorbia_balsamifera_f","layer_6","layer_4",32,0.666666666666667
"Euphorbia_balsamifera_f","layer_6","layer_4",33,0.666666666666667
"Euphorbia_balsamifera_f","layer_6","layer_4",34,0.666666666666667
"Euphorbia_balsamifera_f","layer_6","layer_4",35,0.666666666666667
"Euphorbia_balsamifera_f","layer_6","layer_4",36,0.666666666666667
"Euphorbia_balsamifera_f","layer_6","layer_4",37,0.666666666666667
"Euphorbia_balsamifera_f","layer_6","layer_4",38,0.666666666666667
"Euphorbia_balsamifera_f","layer_6","layer_4",39,0.666666666666667
"Euphorbia_balsamifera_f","layer_6","layer_4",40,0.666666666666667
"Euphorbia_balsamifera_f","layer_6","layer_4",41,0.666666666666667
"Euphorbia_balsamifera_f","layer_6","layer_4",42,0.666666666666667
"Euphorbia_balsamifera_f","layer_6","layer_4",43,0.666666666666667
"Euphorbia_balsamifera_f","layer_6","layer_4",44,0.666666666666667
"Euphorbia_balsamifera_f","layer_6","layer_4",45,0.666666666666667
"Euphorbia_balsamifera_f","layer_6","layer_4",46,0.666666666666667
"Euphorbia_balsamifera_f","layer_6","layer_4",47,0.666666666666667
"Euphorbia_balsamifera_f","layer_6","layer_4",48,0.666666666666667
"Euphorbia_balsamifera_f","layer_6","layer_4",49,0.666666666666667
"Euphorbia_balsamifera_f","layer_6","layer_4",50,0.666666666666667
"Euphorbia_balsamifera_f","layer_7","layer_4",1,0.666666666666667
"Euphorbia_balsamifera_f","layer_7","layer_4",2,0.666666666666667
"Euphorbia_balsamifera_f","layer_7","layer_4",3,0.666666666666667
"Euphorbia_balsamifera_f","layer_7","layer_4",4,0.666666666666667
"Euphorbia_balsamifera_f","layer_7","layer_4",5,0.666666666666667
"Euphorbia_balsamifera_f","layer_7","layer_4",6,0.666666666666667
"Euphorbia_balsamifera_f","layer_7","layer_4",7,0.666666666666667
"Euphorbia_balsamifera_f","layer_7","layer_4",8,0.666666666666667
"Euphorbia_balsamifera_f","layer_7","layer_4",9,0.666666666666667
"Euphorbia_balsamifera_f","layer_7","layer_4",10,0.666666666666667
"Euphorbia_balsamifera_f","layer_7","layer_4",11,0.666666666666667
"Euphorbia_balsamifera_f","layer_7","layer_4",12,0.666666666666667
"Euphorbia_balsamifera_f","layer_7","layer_4",13,0.666666666666667
"Euphorbia_balsamifera_f","layer_7","layer_4",14,0.666666666666667
"Euphorbia_balsamifera_f","layer_7","layer_4",15,0.666666666666667
"Euphorbia_balsamifera_f","layer_7","layer_4",16,0.666666666666667
"Euphorbia_balsamifera_f","layer_7","layer_4",17,0.666666666666667
"Euphorbia_balsamifera_f","layer_7","layer_4",18,0.666666666666667
"Euphorbia_balsamifera_f","layer_7","layer_4",19,0.666666666666667
"Euphorbia_balsamifera_f","layer_7","layer_4",20,0.666666666666667
"Euphorbia_balsamifera_f","layer_7","layer_4",21,0.666666666666667
"Euphorbia_balsamifera_f","layer_7","layer_4",22,0.666666666666667
"Euphorbia_balsamifera_f","layer_7","layer_4",23,0.666666666666667
"Euphorbia_balsamifera_f","layer_7","layer_4",24,0.666666666666667
"Euphorbia_balsamifera_f","layer_7","layer_4",25,0.666666666666667
"Euphorbia_balsamifera_f","layer_7","layer_4",26,0.666666666666667
"Euphorbia_balsamifera_f","layer_7","layer_4",27,0.666666666666667
"Euphorbia_balsamifera_f","layer_7","layer_4",28,0.666666666666667
"Euphorbia_balsamifera_f","layer_7","layer_4",29,0.666666666666667
"Euphorbia_balsamifera_f","layer_7","layer_4",30,0.666666666666667
"Euphorbia_balsamifera_f","layer_7","layer_4",31,0.666666666666667
"Euphorbia_balsamifera_f","layer_7","layer_4",32,0.666666666666667
"Euphorbia_balsamifera_f","layer_7","layer_4",33,0.666666666666667
"Euphorbia_balsamifera_f","layer_7","layer_4",34,0.666666666666667
"Euphorbia_balsamifera_f","layer_7","layer_4",35,0.666666666666667
"Euphorbia_balsamifera_f","layer_7","layer_4",36,1
"Euphorbia_balsamifera_f","layer_7","layer_4",37,0.666666666666667
"Euphorbia_balsamifera_f","layer_7","layer_4",38,0.666666666666667
"Euphorbia_balsamifera_f","layer_7","layer_4",39,0.666666666666667
"Euphorbia_balsamifera_f","layer_7","layer_4",40,0.666666666666667
"Euphorbia_balsamifera_f","layer_7","layer_4",41,0.666666666666667
"Euphorbia_balsamifera_f","layer_7","layer_4",42,0.666666666666667
"Euphorbia_balsamifera_f","layer_7","layer_4",43,0.666666666666667
"Euphorbia_balsamifera_f","layer_7","layer_4",44,0.666666666666667
"Euphorbia_balsamifera_f","layer_7","layer_4",45,0.666666666666667
"Euphorbia_balsamifera_f","layer_7","layer_4",46,0.666666666666667
"Euphorbia_balsamifera_f","layer_7","layer_4",47,0.666666666666667
"Euphorbia_balsamifera_f","layer_7","layer_4",48,0.666666666666667
"Euphorbia_balsamifera_f","layer_7","layer_4",49,0.666666666666667
"Euphorbia_balsamifera_f","layer_7","layer_4",50,0.666666666666667
"Euphorbia_balsamifera_f","layer_1","layer_5",1,0.666666666666667
"Euphorbia_balsamifera_f","layer_1","layer_5",2,0.666666666666667
"Euphorbia_balsamifera_f","layer_1","layer_5",3,0.666666666666667
"Euphorbia_balsamifera_f","layer_1","layer_5",4,0.666666666666667
"Euphorbia_balsamifera_f","layer_1","layer_5",5,0.666666666666667
"Euphorbia_balsamifera_f","layer_1","layer_5",6,0.666666666666667
"Euphorbia_balsamifera_f","layer_1","layer_5",7,0.666666666666667
"Euphorbia_balsamifera_f","layer_1","layer_5",8,0.666666666666667
"Euphorbia_balsamifera_f","layer_1","layer_5",9,0.666666666666667
"Euphorbia_balsamifera_f","layer_1","layer_5",10,0.666666666666667
"Euphorbia_balsamifera_f","layer_1","layer_5",11,0.666666666666667
"Euphorbia_balsamifera_f","layer_1","layer_5",12,0.666666666666667
"Euphorbia_balsamifera_f","layer_1","layer_5",13,0.666666666666667
"Euphorbia_balsamifera_f","layer_1","layer_5",14,0.666666666666667
"Euphorbia_balsamifera_f","layer_1","layer_5",15,0.666666666666667
"Euphorbia_balsamifera_f","layer_1","layer_5",16,0.666666666666667
"Euphorbia_balsamifera_f","layer_1","layer_5",17,0.666666666666667
"Euphorbia_balsamifera_f","layer_1","layer_5",18,0.666666666666667
"Euphorbia_balsamifera_f","layer_1","layer_5",19,0.666666666666667
"Euphorbia_balsamifera_f","layer_1","layer_5",20,0.666666666666667
"Euphorbia_balsamifera_f","layer_1","layer_5",21,0.666666666666667
"Euphorbia_balsamifera_f","layer_1","layer_5",22,0.666666666666667
"Euphorbia_balsamifera_f","layer_1","layer_5",23,0.666666666666667
"Euphorbia_balsamifera_f","layer_1","layer_5",24,0.666666666666667
"Euphorbia_balsamifera_f","layer_1","layer_5",25,0.666666666666667
"Euphorbia_balsamifera_f","layer_1","layer_5",26,0.666666666666667
"Euphorbia_balsamifera_f","layer_1","layer_5",27,0.666666666666667
"Euphorbia_balsamifera_f","layer_1","layer_5",28,0.666666666666667
"Euphorbia_balsamifera_f","layer_1","layer_5",29,0.666666666666667
"Euphorbia_balsamifera_f","layer_1","layer_5",30,0.666666666666667
"Euphorbia_balsamifera_f","layer_1","layer_5",31,0.666666666666667
"Euphorbia_balsamifera_f","layer_1","layer_5",32,0.666666666666667
"Euphorbia_balsamifera_f","layer_1","layer_5",33,0.666666666666667
"Euphorbia_balsamifera_f","layer_1","layer_5",34,0.666666666666667
"Euphorbia_balsamifera_f","layer_1","layer_5",35,0.666666666666667
"Euphorbia_balsamifera_f","layer_1","layer_5",36,0.666666666666667
"Euphorbia_balsamifera_f","layer_1","layer_5",37,0.666666666666667
"Euphorbia_balsamifera_f","layer_1","layer_5",38,0.666666666666667
"Euphorbia_balsamifera_f","layer_1","layer_5",39,0.666666666666667
"Euphorbia_balsamifera_f","layer_1","layer_5",40,0.666666666666667
"Euphorbia_balsamifera_f","layer_1","layer_5",41,0.666666666666667
"Euphorbia_balsamifera_f","layer_1","layer_5",42,0.666666666666667
"Euphorbia_balsamifera_f","layer_1","layer_5",43,0.666666666666667
"Euphorbia_balsamifera_f","layer_1","layer_5",44,0.666666666666667
"Euphorbia_balsamifera_f","layer_1","layer_5",45,0.666666666666667
"Euphorbia_balsamifera_f","layer_1","layer_5",46,0.666666666666667
"Euphorbia_balsamifera_f","layer_1","layer_5",47,0.666666666666667
"Euphorbia_balsamifera_f","layer_1","layer_5",48,0.666666666666667
"Euphorbia_balsamifera_f","layer_1","layer_5",49,0.666666666666667
"Euphorbia_balsamifera_f","layer_1","layer_5",50,0.666666666666667
"Euphorbia_balsamifera_f","layer_3","layer_5",1,0.666666666666667
"Euphorbia_balsamifera_f","layer_3","layer_5",2,0.666666666666667
"Euphorbia_balsamifera_f","layer_3","layer_5",3,0.666666666666667
"Euphorbia_balsamifera_f","layer_3","layer_5",4,0.666666666666667
"Euphorbia_balsamifera_f","layer_3","layer_5",5,0.666666666666667
"Euphorbia_balsamifera_f","layer_3","layer_5",6,0.666666666666667
"Euphorbia_balsamifera_f","layer_3","layer_5",7,0.666666666666667
"Euphorbia_balsamifera_f","layer_3","layer_5",8,0.666666666666667
"Euphorbia_balsamifera_f","layer_3","layer_5",9,0.666666666666667
"Euphorbia_balsamifera_f","layer_3","layer_5",10,0.666666666666667
"Euphorbia_balsamifera_f","layer_3","layer_5",11,0.666666666666667
"Euphorbia_balsamifera_f","layer_3","layer_5",12,0.666666666666667
"Euphorbia_balsamifera_f","layer_3","layer_5",13,0.666666666666667
"Euphorbia_balsamifera_f","layer_3","layer_5",14,0.666666666666667
"Euphorbia_balsamifera_f","layer_3","layer_5",15,0.666666666666667
"Euphorbia_balsamifera_f","layer_3","layer_5",16,0.666666666666667
"Euphorbia_balsamifera_f","layer_3","layer_5",17,0.666666666666667
"Euphorbia_balsamifera_f","layer_3","layer_5",18,0.666666666666667
"Euphorbia_balsamifera_f","layer_3","layer_5",19,0.666666666666667
"Euphorbia_balsamifera_f","layer_3","layer_5",20,0.666666666666667
"Euphorbia_balsamifera_f","layer_3","layer_5",21,0.666666666666667
"Euphorbia_balsamifera_f","layer_3","layer_5",22,0.666666666666667
"Euphorbia_balsamifera_f","layer_3","layer_5",23,0.666666666666667
"Euphorbia_balsamifera_f","layer_3","layer_5",24,0.666666666666667
"Euphorbia_balsamifera_f","layer_3","layer_5",25,0.666666666666667
"Euphorbia_balsamifera_f","layer_3","layer_5",26,0.666666666666667
"Euphorbia_balsamifera_f","layer_3","layer_5",27,0.666666666666667
"Euphorbia_balsamifera_f","layer_3","layer_5",28,0.666666666666667
"Euphorbia_balsamifera_f","layer_3","layer_5",29,0.666666666666667
"Euphorbia_balsamifera_f","layer_3","layer_5",30,0.666666666666667
"Euphorbia_balsamifera_f","layer_3","layer_5",31,0.666666666666667
"Euphorbia_balsamifera_f","layer_3","layer_5",32,0.666666666666667
"Euphorbia_balsamifera_f","layer_3","layer_5",33,0.666666666666667
"Euphorbia_balsamifera_f","layer_3","layer_5",34,0.666666666666667
"Euphorbia_balsamifera_f","layer_3","layer_5",35,0.666666666666667
"Euphorbia_balsamifera_f","layer_3","layer_5",36,0.666666666666667
"Euphorbia_balsamifera_f","layer_3","layer_5",37,0.666666666666667
"Euphorbia_balsamifera_f","layer_3","layer_5",38,0.666666666666667
"Euphorbia_balsamifera_f","layer_3","layer_5",39,0.666666666666667
"Euphorbia_balsamifera_f","layer_3","layer_5",40,0.666666666666667
"Euphorbia_balsamifera_f","layer_3","layer_5",41,0.666666666666667
"Euphorbia_balsamifera_f","layer_3","layer_5",42,0.666666666666667
"Euphorbia_balsamifera_f","layer_3","layer_5",43,0.666666666666667
"Euphorbia_balsamifera_f","layer_3","layer_5",44,0.666666666666667
"Euphorbia_balsamifera_f","layer_3","layer_5",45,0.666666666666667
"Euphorbia_balsamifera_f","layer_3","layer_5",46,0.666666666666667
"Euphorbia_balsamifera_f","layer_3","layer_5",47,0.666666666666667
"Euphorbia_balsamifera_f","layer_3","layer_5",48,0.666666666666667
"Euphorbia_balsamifera_f","layer_3","layer_5",49,0.666666666666667
"Euphorbia_balsamifera_f","layer_3","layer_5",50,0.666666666666667
"Euphorbia_balsamifera_f","layer_4","layer_5",1,0.666666666666667
"Euphorbia_balsamifera_f","layer_4","layer_5",2,0.666666666666667
"Euphorbia_balsamifera_f","layer_4","layer_5",3,0.666666666666667
"Euphorbia_balsamifera_f","layer_4","layer_5",4,0.666666666666667
"Euphorbia_balsamifera_f","layer_4","layer_5",5,0.666666666666667
"Euphorbia_balsamifera_f","layer_4","layer_5",6,0.666666666666667
"Euphorbia_balsamifera_f","layer_4","layer_5",7,0.666666666666667
"Euphorbia_balsamifera_f","layer_4","layer_5",8,0.666666666666667
"Euphorbia_balsamifera_f","layer_4","layer_5",9,0.666666666666667
"Euphorbia_balsamifera_f","layer_4","layer_5",10,0.666666666666667
"Euphorbia_balsamifera_f","layer_4","layer_5",11,0.666666666666667
"Euphorbia_balsamifera_f","layer_4","layer_5",12,0.666666666666667
"Euphorbia_balsamifera_f","layer_4","layer_5",13,0.666666666666667
"Euphorbia_balsamifera_f","layer_4","layer_5",14,0.666666666666667
"Euphorbia_balsamifera_f","layer_4","layer_5",15,0.666666666666667
"Euphorbia_balsamifera_f","layer_4","layer_5",16,0.666666666666667
"Euphorbia_balsamifera_f","layer_4","layer_5",17,0.666666666666667
"Euphorbia_balsamifera_f","layer_4","layer_5",18,0.666666666666667
"Euphorbia_balsamifera_f","layer_4","layer_5",19,0.666666666666667
"Euphorbia_balsamifera_f","layer_4","layer_5",20,0.666666666666667
"Euphorbia_balsamifera_f","layer_4","layer_5",21,0.666666666666667
"Euphorbia_balsamifera_f","layer_4","layer_5",22,0.666666666666667
"Euphorbia_balsamifera_f","layer_4","layer_5",23,0.666666666666667
"Euphorbia_balsamifera_f","layer_4","layer_5",24,0.666666666666667
"Euphorbia_balsamifera_f","layer_4","layer_5",25,0.666666666666667
"Euphorbia_balsamifera_f","layer_4","layer_5",26,0.666666666666667
"Euphorbia_balsamifera_f","layer_4","layer_5",27,0.666666666666667
"Euphorbia_balsamifera_f","layer_4","layer_5",28,0.666666666666667
"Euphorbia_balsamifera_f","layer_4","layer_5",29,0.666666666666667
"Euphorbia_balsamifera_f","layer_4","layer_5",30,0.666666666666667
"Euphorbia_balsamifera_f","layer_4","layer_5",31,0.666666666666667
"Euphorbia_balsamifera_f","layer_4","layer_5",32,0.666666666666667
"Euphorbia_balsamifera_f","layer_4","layer_5",33,0.666666666666667
"Euphorbia_balsamifera_f","layer_4","layer_5",34,0.666666666666667
"Euphorbia_balsamifera_f","layer_4","layer_5",35,0.666666666666667
"Euphorbia_balsamifera_f","layer_4","layer_5",36,0.666666666666667
"Euphorbia_balsamifera_f","layer_4","layer_5",37,0.666666666666667
"Euphorbia_balsamifera_f","layer_4","layer_5",38,0.666666666666667
"Euphorbia_balsamifera_f","layer_4","layer_5",39,0.666666666666667
"Euphorbia_balsamifera_f","layer_4","layer_5",40,0.666666666666667
"Euphorbia_balsamifera_f","layer_4","layer_5",41,0.666666666666667
"Euphorbia_balsamifera_f","layer_4","layer_5",42,0.666666666666667
"Euphorbia_balsamifera_f","layer_4","layer_5",43,0.666666666666667
"Euphorbia_balsamifera_f","layer_4","layer_5",44,0.666666666666667
"Euphorbia_balsamifera_f","layer_4","layer_5",45,0.666666666666667
"Euphorbia_balsamifera_f","layer_4","layer_5",46,0.666666666666667
"Euphorbia_balsamifera_f","layer_4","layer_5",47,0.666666666666667
"Euphorbia_balsamifera_f","layer_4","layer_5",48,0.666666666666667
"Euphorbia_balsamifera_f","layer_4","layer_5",49,0.666666666666667
"Euphorbia_balsamifera_f","layer_4","layer_5",50,0.666666666666667
"Euphorbia_balsamifera_f","layer_6","layer_5",1,0.666666666666667
"Euphorbia_balsamifera_f","layer_6","layer_5",2,0.666666666666667
"Euphorbia_balsamifera_f","layer_6","layer_5",3,0.666666666666667
"Euphorbia_balsamifera_f","layer_6","layer_5",4,0.666666666666667
"Euphorbia_balsamifera_f","layer_6","layer_5",5,0.666666666666667
"Euphorbia_balsamifera_f","layer_6","layer_5",6,0.666666666666667
"Euphorbia_balsamifera_f","layer_6","layer_5",7,0.666666666666667
"Euphorbia_balsamifera_f","layer_6","layer_5",8,0.666666666666667
"Euphorbia_balsamifera_f","layer_6","layer_5",9,0.666666666666667
"Euphorbia_balsamifera_f","layer_6","layer_5",10,0.666666666666667
"Euphorbia_balsamifera_f","layer_6","layer_5",11,0.666666666666667
"Euphorbia_balsamifera_f","layer_6","layer_5",12,0.666666666666667
"Euphorbia_balsamifera_f","layer_6","layer_5",13,0.666666666666667
"Euphorbia_balsamifera_f","layer_6","layer_5",14,0.666666666666667
"Euphorbia_balsamifera_f","layer_6","layer_5",15,0.666666666666667
"Euphorbia_balsamifera_f","layer_6","layer_5",16,0.666666666666667
"Euphorbia_balsamifera_f","layer_6","layer_5",17,0.666666666666667
"Euphorbia_balsamifera_f","layer_6","layer_5",18,0.666666666666667
"Euphorbia_balsamifera_f","layer_6","layer_5",19,0.666666666666667
"Euphorbia_balsamifera_f","layer_6","layer_5",20,0.666666666666667
"Euphorbia_balsamifera_f","layer_6","layer_5",21,0.666666666666667
"Euphorbia_balsamifera_f","layer_6","layer_5",22,0.666666666666667
"Euphorbia_balsamifera_f","layer_6","layer_5",23,0.666666666666667
"Euphorbia_balsamifera_f","layer_6","layer_5",24,0.666666666666667
"Euphorbia_balsamifera_f","layer_6","layer_5",25,0.666666666666667
"Euphorbia_balsamifera_f","layer_6","layer_5",26,0.666666666666667
"Euphorbia_balsamifera_f","layer_6","layer_5",27,0.666666666666667
"Euphorbia_balsamifera_f","layer_6","layer_5",28,0.666666666666667
"Euphorbia_balsamifera_f","layer_6","layer_5",29,0.666666666666667
"Euphorbia_balsamifera_f","layer_6","layer_5",30,0.666666666666667
"Euphorbia_balsamifera_f","layer_6","layer_5",31,0.666666666666667
"Euphorbia_balsamifera_f","layer_6","layer_5",32,0.666666666666667
"Euphorbia_balsamifera_f","layer_6","layer_5",33,0.666666666666667
"Euphorbia_balsamifera_f","layer_6","layer_5",34,0.666666666666667
"Euphorbia_balsamifera_f","layer_6","layer_5",35,0.666666666666667
"Euphorbia_balsamifera_f","layer_6","layer_5",36,0.666666666666667
"Euphorbia_balsamifera_f","layer_6","layer_5",37,0.666666666666667
"Euphorbia_balsamifera_f","layer_6","layer_5",38,0.666666666666667
"Euphorbia_balsamifera_f","layer_6","layer_5",39,0.666666666666667
"Euphorbia_balsamifera_f","layer_6","layer_5",40,0.666666666666667
"Euphorbia_balsamifera_f","layer_6","layer_5",41,0.666666666666667
"Euphorbia_balsamifera_f","layer_6","layer_5",42,0.666666666666667
"Euphorbia_balsamifera_f","layer_6","layer_5",43,0.666666666666667
"Euphorbia_balsamifera_f","layer_6","layer_5",44,0.666666666666667
"Euphorbia_balsamifera_f","layer_6","layer_5",45,0.666666666666667
"Euphorbia_balsamifera_f","layer_6","layer_5",46,0.666666666666667
"Euphorbia_balsamifera_f","layer_6","layer_5",47,0.666666666666667
"Euphorbia_balsamifera_f","layer_6","layer_5",48,0.666666666666667
"Euphorbia_balsamifera_f","layer_6","layer_5",49,0.666666666666667
"Euphorbia_balsamifera_f","layer_6","layer_5",50,0.666666666666667
"Euphorbia_balsamifera_f","layer_7","layer_5",1,0.666666666666667
"Euphorbia_balsamifera_f","layer_7","layer_5",2,0.666666666666667
"Euphorbia_balsamifera_f","layer_7","layer_5",3,0.666666666666667
"Euphorbia_balsamifera_f","layer_7","layer_5",4,0.666666666666667
"Euphorbia_balsamifera_f","layer_7","layer_5",5,0.666666666666667
"Euphorbia_balsamifera_f","layer_7","layer_5",6,0.666666666666667
"Euphorbia_balsamifera_f","layer_7","layer_5",7,0.666666666666667
"Euphorbia_balsamifera_f","layer_7","layer_5",8,0.666666666666667
"Euphorbia_balsamifera_f","layer_7","layer_5",9,0.666666666666667
"Euphorbia_balsamifera_f","layer_7","layer_5",10,0.666666666666667
"Euphorbia_balsamifera_f","layer_7","layer_5",11,0.666666666666667
"Euphorbia_balsamifera_f","layer_7","layer_5",12,0.666666666666667
"Euphorbia_balsamifera_f","layer_7","layer_5",13,0.666666666666667
"Euphorbia_balsamifera_f","layer_7","layer_5",14,0.666666666666667
"Euphorbia_balsamifera_f","layer_7","layer_5",15,0.666666666666667
"Euphorbia_balsamifera_f","layer_7","layer_5",16,0.666666666666667
"Euphorbia_balsamifera_f","layer_7","layer_5",17,0.666666666666667
"Euphorbia_balsamifera_f","layer_7","layer_5",18,0.666666666666667
"Euphorbia_balsamifera_f","layer_7","layer_5",19,0.666666666666667
"Euphorbia_balsamifera_f","layer_7","layer_5",20,0.666666666666667
"Euphorbia_balsamifera_f","layer_7","layer_5",21,0.666666666666667
"Euphorbia_balsamifera_f","layer_7","layer_5",22,0.666666666666667
"Euphorbia_balsamifera_f","layer_7","layer_5",23,0.666666666666667
"Euphorbia_balsamifera_f","layer_7","layer_5",24,0.666666666666667
"Euphorbia_balsamifera_f","layer_7","layer_5",25,0.666666666666667
"Euphorbia_balsamifera_f","layer_7","layer_5",26,0.666666666666667
"Euphorbia_balsamifera_f","layer_7","layer_5",27,0.666666666666667
"Euphorbia_balsamifera_f","layer_7","layer_5",28,0.666666666666667
"Euphorbia_balsamifera_f","layer_7","layer_5",29,0.666666666666667
"Euphorbia_balsamifera_f","layer_7","layer_5",30,0.666666666666667
"Euphorbia_balsamifera_f","layer_7","layer_5",31,0.666666666666667
"Euphorbia_balsamifera_f","layer_7","layer_5",32,0.666666666666667
"Euphorbia_balsamifera_f","layer_7","layer_5",33,0.666666666666667
"Euphorbia_balsamifera_f","layer_7","layer_5",34,0.666666666666667
"Euphorbia_balsamifera_f","layer_7","layer_5",35,0.666666666666667
"Euphorbia_balsamifera_f","layer_7","layer_5",36,0.666666666666667
"Euphorbia_balsamifera_f","layer_7","layer_5",37,0.666666666666667
"Euphorbia_balsamifera_f","layer_7","layer_5",38,0.666666666666667
"Euphorbia_balsamifera_f","layer_7","layer_5",39,0.666666666666667
"Euphorbia_balsamifera_f","layer_7","layer_5",40,0.666666666666667
"Euphorbia_balsamifera_f","layer_7","layer_5",41,0.666666666666667
"Euphorbia_balsamifera_f","layer_7","layer_5",42,0.666666666666667
"Euphorbia_balsamifera_f","layer_7","layer_5",43,0.666666666666667
"Euphorbia_balsamifera_f","layer_7","layer_5",44,0.666666666666667
"Euphorbia_balsamifera_f","layer_7","layer_5",45,0.666666666666667
"Euphorbia_balsamifera_f","layer_7","layer_5",46,0.666666666666667
"Euphorbia_balsamifera_f","layer_7","layer_5",47,0.666666666666667
"Euphorbia_balsamifera_f","layer_7","layer_5",48,0.666666666666667
"Euphorbia_balsamifera_f","layer_7","layer_5",49,0.666666666666667
"Euphorbia_balsamifera_f","layer_7","layer_5",50,0.666666666666667
"Euphorbia_balsamifera_f","layer_1","layer_6",1,0.666666666666667
"Euphorbia_balsamifera_f","layer_1","layer_6",2,0.666666666666667
"Euphorbia_balsamifera_f","layer_1","layer_6",3,0.5
"Euphorbia_balsamifera_f","layer_1","layer_6",4,0.666666666666667
"Euphorbia_balsamifera_f","layer_1","layer_6",5,0.666666666666667
"Euphorbia_balsamifera_f","layer_1","layer_6",6,0.4
"Euphorbia_balsamifera_f","layer_1","layer_6",7,0.666666666666667
"Euphorbia_balsamifera_f","layer_1","layer_6",8,0.666666666666667
"Euphorbia_balsamifera_f","layer_1","layer_6",9,0.666666666666667
"Euphorbia_balsamifera_f","layer_1","layer_6",10,0.5
"Euphorbia_balsamifera_f","layer_1","layer_6",11,0.666666666666667
"Euphorbia_balsamifera_f","layer_1","layer_6",12,0.666666666666667
"Euphorbia_balsamifera_f","layer_1","layer_6",13,0.5
"Euphorbia_balsamifera_f","layer_1","layer_6",14,0.4
"Euphorbia_balsamifera_f","layer_1","layer_6",15,0.666666666666667
"Euphorbia_balsamifera_f","layer_1","layer_6",16,0.333333333333333
"Euphorbia_balsamifera_f","layer_1","layer_6",17,0.666666666666667
"Euphorbia_balsamifera_f","layer_1","layer_6",18,0.666666666666667
"Euphorbia_balsamifera_f","layer_1","layer_6",19,0.666666666666667
"Euphorbia_balsamifera_f","layer_1","layer_6",20,0.666666666666667
"Euphorbia_balsamifera_f","layer_1","layer_6",21,0.666666666666667
"Euphorbia_balsamifera_f","layer_1","layer_6",22,0.666666666666667
"Euphorbia_balsamifera_f","layer_1","layer_6",23,0.857142857142857
"Euphorbia_balsamifera_f","layer_1","layer_6",24,0.666666666666667
"Euphorbia_balsamifera_f","layer_1","layer_6",25,0.666666666666667
"Euphorbia_balsamifera_f","layer_1","layer_6",26,0.5
"Euphorbia_balsamifera_f","layer_1","layer_6",27,0.5
"Euphorbia_balsamifera_f","layer_1","layer_6",28,0.8
"Euphorbia_balsamifera_f","layer_1","layer_6",29,0.666666666666667
"Euphorbia_balsamifera_f","layer_1","layer_6",30,0.666666666666667
"Euphorbia_balsamifera_f","layer_1","layer_6",31,0.666666666666667
"Euphorbia_balsamifera_f","layer_1","layer_6",32,0.666666666666667
"Euphorbia_balsamifera_f","layer_1","layer_6",33,0.4
"Euphorbia_balsamifera_f","layer_1","layer_6",34,0.333333333333333
"Euphorbia_balsamifera_f","layer_1","layer_6",35,0.666666666666667
"Euphorbia_balsamifera_f","layer_1","layer_6",36,0.8
"Euphorbia_balsamifera_f","layer_1","layer_6",37,0.666666666666667
"Euphorbia_balsamifera_f","layer_1","layer_6",38,0.666666666666667
"Euphorbia_balsamifera_f","layer_1","layer_6",39,0.666666666666667
"Euphorbia_balsamifera_f","layer_1","layer_6",40,0.666666666666667
"Euphorbia_balsamifera_f","layer_1","layer_6",41,0.666666666666667
"Euphorbia_balsamifera_f","layer_1","layer_6",42,0.666666666666667
"Euphorbia_balsamifera_f","layer_1","layer_6",43,0.666666666666667
"Euphorbia_balsamifera_f","layer_1","layer_6",44,0.666666666666667
"Euphorbia_balsamifera_f","layer_1","layer_6",45,0.666666666666667
"Euphorbia_balsamifera_f","layer_1","layer_6",46,0.666666666666667
"Euphorbia_balsamifera_f","layer_1","layer_6",47,0.666666666666667
"Euphorbia_balsamifera_f","layer_1","layer_6",48,0.666666666666667
"Euphorbia_balsamifera_f","layer_1","layer_6",49,0.666666666666667
"Euphorbia_balsamifera_f","layer_1","layer_6",50,0.666666666666667
"Euphorbia_balsamifera_f","layer_3","layer_6",1,0.666666666666667
"Euphorbia_balsamifera_f","layer_3","layer_6",2,0.666666666666667
"Euphorbia_balsamifera_f","layer_3","layer_6",3,0.666666666666667
"Euphorbia_balsamifera_f","layer_3","layer_6",4,0.666666666666667
"Euphorbia_balsamifera_f","layer_3","layer_6",5,0.666666666666667
"Euphorbia_balsamifera_f","layer_3","layer_6",6,0.666666666666667
"Euphorbia_balsamifera_f","layer_3","layer_6",7,0.666666666666667
"Euphorbia_balsamifera_f","layer_3","layer_6",8,0.666666666666667
"Euphorbia_balsamifera_f","layer_3","layer_6",9,0.666666666666667
"Euphorbia_balsamifera_f","layer_3","layer_6",10,0.5
"Euphorbia_balsamifera_f","layer_3","layer_6",11,0.75
"Euphorbia_balsamifera_f","layer_3","layer_6",12,0.666666666666667
"Euphorbia_balsamifera_f","layer_3","layer_6",13,0.666666666666667
"Euphorbia_balsamifera_f","layer_3","layer_6",14,0.888888888888889
"Euphorbia_balsamifera_f","layer_3","layer_6",15,0.666666666666667
"Euphorbia_balsamifera_f","layer_3","layer_6",16,0.666666666666667
"Euphorbia_balsamifera_f","layer_3","layer_6",17,0.888888888888889
"Euphorbia_balsamifera_f","layer_3","layer_6",18,0.666666666666667
"Euphorbia_balsamifera_f","layer_3","layer_6",19,0.666666666666667
"Euphorbia_balsamifera_f","layer_3","layer_6",20,0.666666666666667
"Euphorbia_balsamifera_f","layer_3","layer_6",21,0.666666666666667
"Euphorbia_balsamifera_f","layer_3","layer_6",22,0.666666666666667
"Euphorbia_balsamifera_f","layer_3","layer_6",23,0.666666666666667
"Euphorbia_balsamifera_f","layer_3","layer_6",24,0.857142857142857
"Euphorbia_balsamifera_f","layer_3","layer_6",25,0.666666666666667
"Euphorbia_balsamifera_f","layer_3","layer_6",26,1
"Euphorbia_balsamifera_f","layer_3","layer_6",27,0.666666666666667
"Euphorbia_balsamifera_f","layer_3","layer_6",28,0.666666666666667
"Euphorbia_balsamifera_f","layer_3","layer_6",29,0.666666666666667
"Euphorbia_balsamifera_f","layer_3","layer_6",30,0.666666666666667
"Euphorbia_balsamifera_f","layer_3","layer_6",31,0.666666666666667
"Euphorbia_balsamifera_f","layer_3","layer_6",32,0.666666666666667
"Euphorbia_balsamifera_f","layer_3","layer_6",33,0.666666666666667
"Euphorbia_balsamifera_f","layer_3","layer_6",34,0.571428571428572
"Euphorbia_balsamifera_f","layer_3","layer_6",35,0.666666666666667
"Euphorbia_balsamifera_f","layer_3","layer_6",36,0.666666666666667
"Euphorbia_balsamifera_f","layer_3","layer_6",37,0.666666666666667
"Euphorbia_balsamifera_f","layer_3","layer_6",38,0.666666666666667
"Euphorbia_balsamifera_f","layer_3","layer_6",39,0.666666666666667
"Euphorbia_balsamifera_f","layer_3","layer_6",40,0.888888888888889
"Euphorbia_balsamifera_f","layer_3","layer_6",41,0.571428571428572
"Euphorbia_balsamifera_f","layer_3","layer_6",42,0.571428571428572
"Euphorbia_balsamifera_f","layer_3","layer_6",43,0.666666666666667
"Euphorbia_balsamifera_f","layer_3","layer_6",44,0.666666666666667
"Euphorbia_balsamifera_f","layer_3","layer_6",45,0.666666666666667
"Euphorbia_balsamifera_f","layer_3","layer_6",46,1
"Euphorbia_balsamifera_f","layer_3","layer_6",47,0.666666666666667
"Euphorbia_balsamifera_f","layer_3","layer_6",48,0.666666666666667
"Euphorbia_balsamifera_f","layer_3","layer_6",49,0.666666666666667
"Euphorbia_balsamifera_f","layer_3","layer_6",50,0.666666666666667
"Euphorbia_balsamifera_f","layer_4","layer_6",1,0.666666666666667
"Euphorbia_balsamifera_f","layer_4","layer_6",2,0.666666666666667
"Euphorbia_balsamifera_f","layer_4","layer_6",3,0.666666666666667
"Euphorbia_balsamifera_f","layer_4","layer_6",4,0.666666666666667
"Euphorbia_balsamifera_f","layer_4","layer_6",5,0.666666666666667
"Euphorbia_balsamifera_f","layer_4","layer_6",6,0.666666666666667
"Euphorbia_balsamifera_f","layer_4","layer_6",7,0.666666666666667
"Euphorbia_balsamifera_f","layer_4","layer_6",8,0.666666666666667
"Euphorbia_balsamifera_f","layer_4","layer_6",9,0.571428571428572
"Euphorbia_balsamifera_f","layer_4","layer_6",10,0.666666666666667
"Euphorbia_balsamifera_f","layer_4","layer_6",11,0.666666666666667
"Euphorbia_balsamifera_f","layer_4","layer_6",12,0.666666666666667
"Euphorbia_balsamifera_f","layer_4","layer_6",13,0.666666666666667
"Euphorbia_balsamifera_f","layer_4","layer_6",14,0.666666666666667
"Euphorbia_balsamifera_f","layer_4","layer_6",15,0.666666666666667
"Euphorbia_balsamifera_f","layer_4","layer_6",16,0.666666666666667
"Euphorbia_balsamifera_f","layer_4","layer_6",17,0.666666666666667
"Euphorbia_balsamifera_f","layer_4","layer_6",18,0.666666666666667
"Euphorbia_balsamifera_f","layer_4","layer_6",19,0.666666666666667
"Euphorbia_balsamifera_f","layer_4","layer_6",20,0.666666666666667
"Euphorbia_balsamifera_f","layer_4","layer_6",21,0.666666666666667
"Euphorbia_balsamifera_f","layer_4","layer_6",22,0.666666666666667
"Euphorbia_balsamifera_f","layer_4","layer_6",23,0.666666666666667
"Euphorbia_balsamifera_f","layer_4","layer_6",24,0.666666666666667
"Euphorbia_balsamifera_f","layer_4","layer_6",25,0.666666666666667
"Euphorbia_balsamifera_f","layer_4","layer_6",26,0.666666666666667
"Euphorbia_balsamifera_f","layer_4","layer_6",27,0.666666666666667
"Euphorbia_balsamifera_f","layer_4","layer_6",28,0.666666666666667
"Euphorbia_balsamifera_f","layer_4","layer_6",29,0.666666666666667
"Euphorbia_balsamifera_f","layer_4","layer_6",30,0.666666666666667
"Euphorbia_balsamifera_f","layer_4","layer_6",31,0.666666666666667
"Euphorbia_balsamifera_f","layer_4","layer_6",32,0.5
"Euphorbia_balsamifera_f","layer_4","layer_6",33,0.666666666666667
"Euphorbia_balsamifera_f","layer_4","layer_6",34,0.666666666666667
"Euphorbia_balsamifera_f","layer_4","layer_6",35,0.666666666666667
"Euphorbia_balsamifera_f","layer_4","layer_6",36,0.75
"Euphorbia_balsamifera_f","layer_4","layer_6",37,0.666666666666667
"Euphorbia_balsamifera_f","layer_4","layer_6",38,0.666666666666667
"Euphorbia_balsamifera_f","layer_4","layer_6",39,0.666666666666667
"Euphorbia_balsamifera_f","layer_4","layer_6",40,0.666666666666667
"Euphorbia_balsamifera_f","layer_4","layer_6",41,0.5
"Euphorbia_balsamifera_f","layer_4","layer_6",42,0.666666666666667
"Euphorbia_balsamifera_f","layer_4","layer_6",43,0.666666666666667
"Euphorbia_balsamifera_f","layer_4","layer_6",44,0.666666666666667
"Euphorbia_balsamifera_f","layer_4","layer_6",45,0.666666666666667
"Euphorbia_balsamifera_f","layer_4","layer_6",46,0.666666666666667
"Euphorbia_balsamifera_f","layer_4","layer_6",47,0.285714285714286
"Euphorbia_balsamifera_f","layer_4","layer_6",48,0.571428571428572
"Euphorbia_balsamifera_f","layer_4","layer_6",49,0.666666666666667
"Euphorbia_balsamifera_f","layer_4","layer_6",50,0.666666666666667
"Euphorbia_balsamifera_f","layer_5","layer_6",1,0.666666666666667
"Euphorbia_balsamifera_f","layer_5","layer_6",2,0.666666666666667
"Euphorbia_balsamifera_f","layer_5","layer_6",3,0.666666666666667
"Euphorbia_balsamifera_f","layer_5","layer_6",4,0.666666666666667
"Euphorbia_balsamifera_f","layer_5","layer_6",5,0.666666666666667
"Euphorbia_balsamifera_f","layer_5","layer_6",6,0.666666666666667
"Euphorbia_balsamifera_f","layer_5","layer_6",7,0.666666666666667
"Euphorbia_balsamifera_f","layer_5","layer_6",8,0.666666666666667
"Euphorbia_balsamifera_f","layer_5","layer_6",9,0.666666666666667
"Euphorbia_balsamifera_f","layer_5","layer_6",10,0.666666666666667
"Euphorbia_balsamifera_f","layer_5","layer_6",11,0.666666666666667
"Euphorbia_balsamifera_f","layer_5","layer_6",12,0.666666666666667
"Euphorbia_balsamifera_f","layer_5","layer_6",13,0.666666666666667
"Euphorbia_balsamifera_f","layer_5","layer_6",14,0.666666666666667
"Euphorbia_balsamifera_f","layer_5","layer_6",15,0.666666666666667
"Euphorbia_balsamifera_f","layer_5","layer_6",16,0.666666666666667
"Euphorbia_balsamifera_f","layer_5","layer_6",17,0.666666666666667
"Euphorbia_balsamifera_f","layer_5","layer_6",18,0.666666666666667
"Euphorbia_balsamifera_f","layer_5","layer_6",19,0.666666666666667
"Euphorbia_balsamifera_f","layer_5","layer_6",20,0.666666666666667
"Euphorbia_balsamifera_f","layer_5","layer_6",21,0.666666666666667
"Euphorbia_balsamifera_f","layer_5","layer_6",22,0.666666666666667
"Euphorbia_balsamifera_f","layer_5","layer_6",23,0.666666666666667
"Euphorbia_balsamifera_f","layer_5","layer_6",24,0.666666666666667
"Euphorbia_balsamifera_f","layer_5","layer_6",25,0.666666666666667
"Euphorbia_balsamifera_f","layer_5","layer_6",26,0.666666666666667
"Euphorbia_balsamifera_f","layer_5","layer_6",27,0.666666666666667
"Euphorbia_balsamifera_f","layer_5","layer_6",28,0.666666666666667
"Euphorbia_balsamifera_f","layer_5","layer_6",29,0.666666666666667
"Euphorbia_balsamifera_f","layer_5","layer_6",30,0.666666666666667
"Euphorbia_balsamifera_f","layer_5","layer_6",31,0.666666666666667
"Euphorbia_balsamifera_f","layer_5","layer_6",32,0.666666666666667
"Euphorbia_balsamifera_f","layer_5","layer_6",33,0.666666666666667
"Euphorbia_balsamifera_f","layer_5","layer_6",34,0.666666666666667
"Euphorbia_balsamifera_f","layer_5","layer_6",35,0.666666666666667
"Euphorbia_balsamifera_f","layer_5","layer_6",36,0.666666666666667
"Euphorbia_balsamifera_f","layer_5","layer_6",37,0.666666666666667
"Euphorbia_balsamifera_f","layer_5","layer_6",38,0.666666666666667
"Euphorbia_balsamifera_f","layer_5","layer_6",39,0.666666666666667
"Euphorbia_balsamifera_f","layer_5","layer_6",40,0.666666666666667
"Euphorbia_balsamifera_f","layer_5","layer_6",41,0.666666666666667
"Euphorbia_balsamifera_f","layer_5","layer_6",42,0.666666666666667
"Euphorbia_balsamifera_f","layer_5","layer_6",43,0.666666666666667
"Euphorbia_balsamifera_f","layer_5","layer_6",44,0.666666666666667
"Euphorbia_balsamifera_f","layer_5","layer_6",45,0.666666666666667
"Euphorbia_balsamifera_f","layer_5","layer_6",46,0.666666666666667
"Euphorbia_balsamifera_f","layer_5","layer_6",47,0.666666666666667
"Euphorbia_balsamifera_f","layer_5","layer_6",48,0.666666666666667
"Euphorbia_balsamifera_f","layer_5","layer_6",49,0.666666666666667
"Euphorbia_balsamifera_f","layer_5","layer_6",50,0.666666666666667
"Euphorbia_balsamifera_f","layer_7","layer_6",1,0.8
"Euphorbia_balsamifera_f","layer_7","layer_6",2,0.5
"Euphorbia_balsamifera_f","layer_7","layer_6",3,0.666666666666667
"Euphorbia_balsamifera_f","layer_7","layer_6",4,1
"Euphorbia_balsamifera_f","layer_7","layer_6",5,0.666666666666667
"Euphorbia_balsamifera_f","layer_7","layer_6",6,0.666666666666667
"Euphorbia_balsamifera_f","layer_7","layer_6",7,0.857142857142857
"Euphorbia_balsamifera_f","layer_7","layer_6",8,0.666666666666667
"Euphorbia_balsamifera_f","layer_7","layer_6",9,0.5
"Euphorbia_balsamifera_f","layer_7","layer_6",10,0.8
"Euphorbia_balsamifera_f","layer_7","layer_6",11,0.666666666666667
"Euphorbia_balsamifera_f","layer_7","layer_6",12,0.666666666666667
"Euphorbia_balsamifera_f","layer_7","layer_6",13,0.666666666666667
"Euphorbia_balsamifera_f","layer_7","layer_6",14,0.666666666666667
"Euphorbia_balsamifera_f","layer_7","layer_6",15,0.666666666666667
"Euphorbia_balsamifera_f","layer_7","layer_6",16,0.666666666666667
"Euphorbia_balsamifera_f","layer_7","layer_6",17,0.666666666666667
"Euphorbia_balsamifera_f","layer_7","layer_6",18,0.8
"Euphorbia_balsamifera_f","layer_7","layer_6",19,0.666666666666667
"Euphorbia_balsamifera_f","layer_7","layer_6",20,0.8
"Euphorbia_balsamifera_f","layer_7","layer_6",21,0.666666666666667
"Euphorbia_balsamifera_f","layer_7","layer_6",22,0.666666666666667
"Euphorbia_balsamifera_f","layer_7","layer_6",23,0.666666666666667
"Euphorbia_balsamifera_f","layer_7","layer_6",24,0.666666666666667
"Euphorbia_balsamifera_f","layer_7","layer_6",25,0.666666666666667
"Euphorbia_balsamifera_f","layer_7","layer_6",26,0.5
"Euphorbia_balsamifera_f","layer_7","layer_6",27,0.857142857142857
"Euphorbia_balsamifera_f","layer_7","layer_6",28,0.666666666666667
"Euphorbia_balsamifera_f","layer_7","layer_6",29,0.666666666666667
"Euphorbia_balsamifera_f","layer_7","layer_6",30,0.666666666666667
"Euphorbia_balsamifera_f","layer_7","layer_6",31,0.666666666666667
"Euphorbia_balsamifera_f","layer_7","layer_6",32,0.666666666666667
"Euphorbia_balsamifera_f","layer_7","layer_6",33,0.666666666666667
"Euphorbia_balsamifera_f","layer_7","layer_6",34,0.666666666666667
"Euphorbia_balsamifera_f","layer_7","layer_6",35,0.666666666666667
"Euphorbia_balsamifera_f","layer_7","layer_6",36,0.666666666666667
"Euphorbia_balsamifera_f","layer_7","layer_6",37,0.666666666666667
"Euphorbia_balsamifera_f","layer_7","layer_6",38,0.666666666666667
"Euphorbia_balsamifera_f","layer_7","layer_6",39,0.666666666666667
"Euphorbia_balsamifera_f","layer_7","layer_6",40,0.666666666666667
"Euphorbia_balsamifera_f","layer_7","layer_6",41,0.666666666666667
"Euphorbia_balsamifera_f","layer_7","layer_6",42,0.666666666666667
"Euphorbia_balsamifera_f","layer_7","layer_6",43,0.666666666666667
"Euphorbia_balsamifera_f","layer_7","layer_6",44,0.571428571428572
"Euphorbia_balsamifera_f","layer_7","layer_6",45,0.666666666666667
"Euphorbia_balsamifera_f","layer_7","layer_6",46,0.666666666666667
"Euphorbia_balsamifera_f","layer_7","layer_6",47,0.666666666666667
"Euphorbia_balsamifera_f","layer_7","layer_6",48,0.8
"Euphorbia_balsamifera_f","layer_7","layer_6",49,0.666666666666667
"Euphorbia_balsamifera_f","layer_7","layer_6",50,0.666666666666667
"Euphorbia_balsamifera_f","layer_1","layer_7",1,0.666666666666667
"Euphorbia_balsamifera_f","layer_1","layer_7",2,0.666666666666667
"Euphorbia_balsamifera_f","layer_1","layer_7",3,0.666666666666667
"Euphorbia_balsamifera_f","layer_1","layer_7",4,0.666666666666667
"Euphorbia_balsamifera_f","layer_1","layer_7",5,0.666666666666667
"Euphorbia_balsamifera_f","layer_1","layer_7",6,0.666666666666667
"Euphorbia_balsamifera_f","layer_1","layer_7",7,0.666666666666667
"Euphorbia_balsamifera_f","layer_1","layer_7",8,0.666666666666667
"Euphorbia_balsamifera_f","layer_1","layer_7",9,0.666666666666667
"Euphorbia_balsamifera_f","layer_1","layer_7",10,0.666666666666667
"Euphorbia_balsamifera_f","layer_1","layer_7",11,0.666666666666667
"Euphorbia_balsamifera_f","layer_1","layer_7",12,0.666666666666667
"Euphorbia_balsamifera_f","layer_1","layer_7",13,0.666666666666667
"Euphorbia_balsamifera_f","layer_1","layer_7",14,0.666666666666667
"Euphorbia_balsamifera_f","layer_1","layer_7",15,0.666666666666667
"Euphorbia_balsamifera_f","layer_1","layer_7",16,0.666666666666667
"Euphorbia_balsamifera_f","layer_1","layer_7",17,0.666666666666667
"Euphorbia_balsamifera_f","layer_1","layer_7",18,0.666666666666667
"Euphorbia_balsamifera_f","layer_1","layer_7",19,0.666666666666667
"Euphorbia_balsamifera_f","layer_1","layer_7",20,0.666666666666667
"Euphorbia_balsamifera_f","layer_1","layer_7",21,0.666666666666667
"Euphorbia_balsamifera_f","layer_1","layer_7",22,0.666666666666667
"Euphorbia_balsamifera_f","layer_1","layer_7",23,0.666666666666667
"Euphorbia_balsamifera_f","layer_1","layer_7",24,0.666666666666667
"Euphorbia_balsamifera_f","layer_1","layer_7",25,0.666666666666667
"Euphorbia_balsamifera_f","layer_1","layer_7",26,0.666666666666667
"Euphorbia_balsamifera_f","layer_1","layer_7",27,0.666666666666667
"Euphorbia_balsamifera_f","layer_1","layer_7",28,0.666666666666667
"Euphorbia_balsamifera_f","layer_1","layer_7",29,0.666666666666667
"Euphorbia_balsamifera_f","layer_1","layer_7",30,0.666666666666667
"Euphorbia_balsamifera_f","layer_1","layer_7",31,0.666666666666667
"Euphorbia_balsamifera_f","layer_1","layer_7",32,0.666666666666667
"Euphorbia_balsamifera_f","layer_1","layer_7",33,0.666666666666667
"Euphorbia_balsamifera_f","layer_1","layer_7",34,0.666666666666667
"Euphorbia_balsamifera_f","layer_1","layer_7",35,0.666666666666667
"Euphorbia_balsamifera_f","layer_1","layer_7",36,0.333333333333333
"Euphorbia_balsamifera_f","layer_1","layer_7",37,0.666666666666667
"Euphorbia_balsamifera_f","layer_1","layer_7",38,0.666666666666667
"Euphorbia_balsamifera_f","layer_1","layer_7",39,0.666666666666667
"Euphorbia_balsamifera_f","layer_1","layer_7",40,0.666666666666667
"Euphorbia_balsamifera_f","layer_1","layer_7",41,0.666666666666667
"Euphorbia_balsamifera_f","layer_1","layer_7",42,0.666666666666667
"Euphorbia_balsamifera_f","layer_1","layer_7",43,0.666666666666667
"Euphorbia_balsamifera_f","layer_1","layer_7",44,0.666666666666667
"Euphorbia_balsamifera_f","layer_1","layer_7",45,0.666666666666667
"Euphorbia_balsamifera_f","layer_1","layer_7",46,0.666666666666667
"Euphorbia_balsamifera_f","layer_1","layer_7",47,0.666666666666667
"Euphorbia_balsamifera_f","layer_1","layer_7",48,0.666666666666667
"Euphorbia_balsamifera_f","layer_1","layer_7",49,0.666666666666667
"Euphorbia_balsamifera_f","layer_1","layer_7",50,0.666666666666667
"Euphorbia_balsamifera_f","layer_3","layer_7",1,0.666666666666667
"Euphorbia_balsamifera_f","layer_3","layer_7",2,0.666666666666667
"Euphorbia_balsamifera_f","layer_3","layer_7",3,0.666666666666667
"Euphorbia_balsamifera_f","layer_3","layer_7",4,0.666666666666667
"Euphorbia_balsamifera_f","layer_3","layer_7",5,0.666666666666667
"Euphorbia_balsamifera_f","layer_3","layer_7",6,0.666666666666667
"Euphorbia_balsamifera_f","layer_3","layer_7",7,0.666666666666667
"Euphorbia_balsamifera_f","layer_3","layer_7",8,0.6
"Euphorbia_balsamifera_f","layer_3","layer_7",9,0.666666666666667
"Euphorbia_balsamifera_f","layer_3","layer_7",10,0.666666666666667
"Euphorbia_balsamifera_f","layer_3","layer_7",11,0.8
"Euphorbia_balsamifera_f","layer_3","layer_7",12,0.75
"Euphorbia_balsamifera_f","layer_3","layer_7",13,0.666666666666667
"Euphorbia_balsamifera_f","layer_3","layer_7",14,0.666666666666667
"Euphorbia_balsamifera_f","layer_3","layer_7",15,0.6
"Euphorbia_balsamifera_f","layer_3","layer_7",16,0.666666666666667
"Euphorbia_balsamifera_f","layer_3","layer_7",17,0.666666666666667
"Euphorbia_balsamifera_f","layer_3","layer_7",18,0.666666666666667
"Euphorbia_balsamifera_f","layer_3","layer_7",19,0.666666666666667
"Euphorbia_balsamifera_f","layer_3","layer_7",20,0.666666666666667
"Euphorbia_balsamifera_f","layer_3","layer_7",21,0.666666666666667
"Euphorbia_balsamifera_f","layer_3","layer_7",22,0.666666666666667
"Euphorbia_balsamifera_f","layer_3","layer_7",23,0.666666666666667
"Euphorbia_balsamifera_f","layer_3","layer_7",24,0.666666666666667
"Euphorbia_balsamifera_f","layer_3","layer_7",25,0.888888888888889
"Euphorbia_balsamifera_f","layer_3","layer_7",26,0.666666666666667
"Euphorbia_balsamifera_f","layer_3","layer_7",27,0.666666666666667
"Euphorbia_balsamifera_f","layer_3","layer_7",28,0.666666666666667
"Euphorbia_balsamifera_f","layer_3","layer_7",29,0.666666666666667
"Euphorbia_balsamifera_f","layer_3","layer_7",30,0.666666666666667
"Euphorbia_balsamifera_f","layer_3","layer_7",31,0.666666666666667
"Euphorbia_balsamifera_f","layer_3","layer_7",32,0.666666666666667
"Euphorbia_balsamifera_f","layer_3","layer_7",33,0.666666666666667
"Euphorbia_balsamifera_f","layer_3","layer_7",34,0.666666666666667
"Euphorbia_balsamifera_f","layer_3","layer_7",35,0.666666666666667
"Euphorbia_balsamifera_f","layer_3","layer_7",36,0.666666666666667
"Euphorbia_balsamifera_f","layer_3","layer_7",37,0.666666666666667
"Euphorbia_balsamifera_f","layer_3","layer_7",38,0.666666666666667
"Euphorbia_balsamifera_f","layer_3","layer_7",39,0.6
"Euphorbia_balsamifera_f","layer_3","layer_7",40,0.75
"Euphorbia_balsamifera_f","layer_3","layer_7",41,0.666666666666667
"Euphorbia_balsamifera_f","layer_3","layer_7",42,0.666666666666667
"Euphorbia_balsamifera_f","layer_3","layer_7",43,0.75
"Euphorbia_balsamifera_f","layer_3","layer_7",44,0.666666666666667
"Euphorbia_balsamifera_f","layer_3","layer_7",45,0.666666666666667
"Euphorbia_balsamifera_f","layer_3","layer_7",46,0.666666666666667
"Euphorbia_balsamifera_f","layer_3","layer_7",47,0.666666666666667
"Euphorbia_balsamifera_f","layer_3","layer_7",48,0.666666666666667
"Euphorbia_balsamifera_f","layer_3","layer_7",49,0.666666666666667
"Euphorbia_balsamifera_f","layer_3","layer_7",50,0.571428571428572
"Euphorbia_balsamifera_f","layer_4","layer_7",1,0.666666666666667
"Euphorbia_balsamifera_f","layer_4","layer_7",2,0.666666666666667
"Euphorbia_balsamifera_f","layer_4","layer_7",3,0.666666666666667
"Euphorbia_balsamifera_f","layer_4","layer_7",4,0.666666666666667
"Euphorbia_balsamifera_f","layer_4","layer_7",5,0.666666666666667
"Euphorbia_balsamifera_f","layer_4","layer_7",6,0.666666666666667
"Euphorbia_balsamifera_f","layer_4","layer_7",7,0.666666666666667
"Euphorbia_balsamifera_f","layer_4","layer_7",8,0.666666666666667
"Euphorbia_balsamifera_f","layer_4","layer_7",9,0.666666666666667
"Euphorbia_balsamifera_f","layer_4","layer_7",10,0.666666666666667
"Euphorbia_balsamifera_f","layer_4","layer_7",11,0.666666666666667
"Euphorbia_balsamifera_f","layer_4","layer_7",12,0.666666666666667
"Euphorbia_balsamifera_f","layer_4","layer_7",13,0.666666666666667
"Euphorbia_balsamifera_f","layer_4","layer_7",14,0.666666666666667
"Euphorbia_balsamifera_f","layer_4","layer_7",15,0.666666666666667
"Euphorbia_balsamifera_f","layer_4","layer_7",16,0.666666666666667
"Euphorbia_balsamifera_f","layer_4","layer_7",17,0.666666666666667
"Euphorbia_balsamifera_f","layer_4","layer_7",18,0.666666666666667
"Euphorbia_balsamifera_f","layer_4","layer_7",19,0.666666666666667
"Euphorbia_balsamifera_f","layer_4","layer_7",20,0.666666666666667
"Euphorbia_balsamifera_f","layer_4","layer_7",21,0.666666666666667
"Euphorbia_balsamifera_f","layer_4","layer_7",22,0.666666666666667
"Euphorbia_balsamifera_f","layer_4","layer_7",23,0.666666666666667
"Euphorbia_balsamifera_f","layer_4","layer_7",24,0.666666666666667
"Euphorbia_balsamifera_f","layer_4","layer_7",25,0.666666666666667
"Euphorbia_balsamifera_f","layer_4","layer_7",26,0.666666666666667
"Euphorbia_balsamifera_f","layer_4","layer_7",27,0.666666666666667
"Euphorbia_balsamifera_f","layer_4","layer_7",28,0.666666666666667
"Euphorbia_balsamifera_f","layer_4","layer_7",29,0.666666666666667
"Euphorbia_balsamifera_f","layer_4","layer_7",30,0.666666666666667
"Euphorbia_balsamifera_f","layer_4","layer_7",31,0.666666666666667
"Euphorbia_balsamifera_f","layer_4","layer_7",32,0.666666666666667
"Euphorbia_balsamifera_f","layer_4","layer_7",33,0.666666666666667
"Euphorbia_balsamifera_f","layer_4","layer_7",34,0.666666666666667
"Euphorbia_balsamifera_f","layer_4","layer_7",35,0.666666666666667
"Euphorbia_balsamifera_f","layer_4","layer_7",36,0.666666666666667
"Euphorbia_balsamifera_f","layer_4","layer_7",37,0.666666666666667
"Euphorbia_balsamifera_f","layer_4","layer_7",38,0.666666666666667
"Euphorbia_balsamifera_f","layer_4","layer_7",39,0.666666666666667
"Euphorbia_balsamifera_f","layer_4","layer_7",40,0.666666666666667
"Euphorbia_balsamifera_f","layer_4","layer_7",41,0.666666666666667
"Euphorbia_balsamifera_f","layer_4","layer_7",42,0.666666666666667
"Euphorbia_balsamifera_f","layer_4","layer_7",43,0.666666666666667
"Euphorbia_balsamifera_f","layer_4","layer_7",44,0.666666666666667
"Euphorbia_balsamifera_f","layer_4","layer_7",45,0.666666666666667
"Euphorbia_balsamifera_f","layer_4","layer_7",46,0.666666666666667
"Euphorbia_balsamifera_f","layer_4","layer_7",47,0.666666666666667
"Euphorbia_balsamifera_f","layer_4","layer_7",48,0.666666666666667
"Euphorbia_balsamifera_f","layer_4","layer_7",49,0.666666666666667
"Euphorbia_balsamifera_f","layer_4","layer_7",50,0.666666666666667
"Euphorbia_balsamifera_f","layer_5","layer_7",1,0.666666666666667
"Euphorbia_balsamifera_f","layer_5","layer_7",2,0.666666666666667
"Euphorbia_balsamifera_f","layer_5","layer_7",3,0.666666666666667
"Euphorbia_balsamifera_f","layer_5","layer_7",4,0.666666666666667
"Euphorbia_balsamifera_f","layer_5","layer_7",5,0.666666666666667
"Euphorbia_balsamifera_f","layer_5","layer_7",6,0.666666666666667
"Euphorbia_balsamifera_f","layer_5","layer_7",7,0.666666666666667
"Euphorbia_balsamifera_f","layer_5","layer_7",8,0.666666666666667
"Euphorbia_balsamifera_f","layer_5","layer_7",9,0.666666666666667
"Euphorbia_balsamifera_f","layer_5","layer_7",10,0.666666666666667
"Euphorbia_balsamifera_f","layer_5","layer_7",11,0.666666666666667
"Euphorbia_balsamifera_f","layer_5","layer_7",12,0.666666666666667
"Euphorbia_balsamifera_f","layer_5","layer_7",13,0.666666666666667
"Euphorbia_balsamifera_f","layer_5","layer_7",14,0.666666666666667
"Euphorbia_balsamifera_f","layer_5","layer_7",15,0.666666666666667
"Euphorbia_balsamifera_f","layer_5","layer_7",16,0.666666666666667
"Euphorbia_balsamifera_f","layer_5","layer_7",17,0.666666666666667
"Euphorbia_balsamifera_f","layer_5","layer_7",18,0.666666666666667
"Euphorbia_balsamifera_f","layer_5","layer_7",19,0.666666666666667
"Euphorbia_balsamifera_f","layer_5","layer_7",20,0.666666666666667
"Euphorbia_balsamifera_f","layer_5","layer_7",21,0.666666666666667
"Euphorbia_balsamifera_f","layer_5","layer_7",22,0.666666666666667
"Euphorbia_balsamifera_f","layer_5","layer_7",23,0.666666666666667
"Euphorbia_balsamifera_f","layer_5","layer_7",24,0.666666666666667
"Euphorbia_balsamifera_f","layer_5","layer_7",25,0.666666666666667
"Euphorbia_balsamifera_f","layer_5","layer_7",26,0.666666666666667
"Euphorbia_balsamifera_f","layer_5","layer_7",27,0.666666666666667
"Euphorbia_balsamifera_f","layer_5","layer_7",28,0.666666666666667
"Euphorbia_balsamifera_f","layer_5","layer_7",29,0.666666666666667
"Euphorbia_balsamifera_f","layer_5","layer_7",30,0.666666666666667
"Euphorbia_balsamifera_f","layer_5","layer_7",31,0.666666666666667
"Euphorbia_balsamifera_f","layer_5","layer_7",32,0.666666666666667
"Euphorbia_balsamifera_f","layer_5","layer_7",33,0.666666666666667
"Euphorbia_balsamifera_f","layer_5","layer_7",34,0.666666666666667
"Euphorbia_balsamifera_f","layer_5","layer_7",35,0.666666666666667
"Euphorbia_balsamifera_f","layer_5","layer_7",36,0.666666666666667
"Euphorbia_balsamifera_f","layer_5","layer_7",37,0.666666666666667
"Euphorbia_balsamifera_f","layer_5","layer_7",38,0.666666666666667
"Euphorbia_balsamifera_f","layer_5","layer_7",39,0.666666666666667
"Euphorbia_balsamifera_f","layer_5","layer_7",40,0.666666666666667
"Euphorbia_balsamifera_f","layer_5","layer_7",41,0.666666666666667
"Euphorbia_balsamifera_f","layer_5","layer_7",42,0.666666666666667
"Euphorbia_balsamifera_f","layer_5","layer_7",43,0.666666666666667
"Euphorbia_balsamifera_f","layer_5","layer_7",44,0.666666666666667
"Euphorbia_balsamifera_f","layer_5","layer_7",45,0.666666666666667
"Euphorbia_balsamifera_f","layer_5","layer_7",46,0.666666666666667
"Euphorbia_balsamifera_f","layer_5","layer_7",47,0.666666666666667
"Euphorbia_balsamifera_f","layer_5","layer_7",48,0.666666666666667
"Euphorbia_balsamifera_f","layer_5","layer_7",49,0.666666666666667
"Euphorbia_balsamifera_f","layer_5","layer_7",50,0.666666666666667
"Euphorbia_balsamifera_f","layer_6","layer_7",1,0.666666666666667
"Euphorbia_balsamifera_f","layer_6","layer_7",2,0.666666666666667
"Euphorbia_balsamifera_f","layer_6","layer_7",3,0.666666666666667
"Euphorbia_balsamifera_f","layer_6","layer_7",4,0.666666666666667
"Euphorbia_balsamifera_f","layer_6","layer_7",5,0.666666666666667
"Euphorbia_balsamifera_f","layer_6","layer_7",6,1
"Euphorbia_balsamifera_f","layer_6","layer_7",7,0.666666666666667
"Euphorbia_balsamifera_f","layer_6","layer_7",8,0.666666666666667
"Euphorbia_balsamifera_f","layer_6","layer_7",9,0.666666666666667
"Euphorbia_balsamifera_f","layer_6","layer_7",10,0.666666666666667
"Euphorbia_balsamifera_f","layer_6","layer_7",11,0.666666666666667
"Euphorbia_balsamifera_f","layer_6","layer_7",12,0.666666666666667
"Euphorbia_balsamifera_f","layer_6","layer_7",13,0.666666666666667
"Euphorbia_balsamifera_f","layer_6","layer_7",14,0.666666666666667
"Euphorbia_balsamifera_f","layer_6","layer_7",15,0.666666666666667
"Euphorbia_balsamifera_f","layer_6","layer_7",16,0.666666666666667
"Euphorbia_balsamifera_f","layer_6","layer_7",17,0.666666666666667
"Euphorbia_balsamifera_f","layer_6","layer_7",18,0.666666666666667
"Euphorbia_balsamifera_f","layer_6","layer_7",19,0.666666666666667
"Euphorbia_balsamifera_f","layer_6","layer_7",20,0.666666666666667
"Euphorbia_balsamifera_f","layer_6","layer_7",21,0.666666666666667
"Euphorbia_balsamifera_f","layer_6","layer_7",22,0.5
"Euphorbia_balsamifera_f","layer_6","layer_7",23,0.666666666666667
"Euphorbia_balsamifera_f","layer_6","layer_7",24,0.666666666666667
"Euphorbia_balsamifera_f","layer_6","layer_7",25,1
"Euphorbia_balsamifera_f","layer_6","layer_7",26,0.666666666666667
"Euphorbia_balsamifera_f","layer_6","layer_7",27,0.666666666666667
"Euphorbia_balsamifera_f","layer_6","layer_7",28,0.666666666666667
"Euphorbia_balsamifera_f","layer_6","layer_7",29,0.666666666666667
"Euphorbia_balsamifera_f","layer_6","layer_7",30,0.666666666666667
"Euphorbia_balsamifera_f","layer_6","layer_7",31,0.666666666666667
"Euphorbia_balsamifera_f","layer_6","layer_7",32,0.8
"Euphorbia_balsamifera_f","layer_6","layer_7",33,0.666666666666667
"Euphorbia_balsamifera_f","layer_6","layer_7",34,0.5
"Euphorbia_balsamifera_f","layer_6","layer_7",35,0.666666666666667
"Euphorbia_balsamifera_f","layer_6","layer_7",36,0.666666666666667
"Euphorbia_balsamifera_f","layer_6","layer_7",37,0.666666666666667
"Euphorbia_balsamifera_f","layer_6","layer_7",38,0.8
"Euphorbia_balsamifera_f","layer_6","layer_7",39,0.666666666666667
"Euphorbia_balsamifera_f","layer_6","layer_7",40,0.666666666666667
"Euphorbia_balsamifera_f","layer_6","layer_7",41,0.666666666666667
"Euphorbia_balsamifera_f","layer_6","layer_7",42,1
"Euphorbia_balsamifera_f","layer_6","layer_7",43,0.666666666666667
"Euphorbia_balsamifera_f","layer_6","layer_7",44,0.666666666666667
"Euphorbia_balsamifera_f","layer_6","layer_7",45,0.666666666666667
"Euphorbia_balsamifera_f","layer_6","layer_7",46,0.666666666666667
"Euphorbia_balsamifera_f","layer_6","layer_7",47,0.666666666666667
"Euphorbia_balsamifera_f","layer_6","layer_7",48,0.666666666666667
"Euphorbia_balsamifera_f","layer_6","layer_7",49,0.666666666666667
"Euphorbia_balsamifera_f","layer_6","layer_7",50,0.666666666666667
"Euphorbia_balsamifera_m","layer_2","layer_1",1,0.666666666666667
"Euphorbia_balsamifera_m","layer_2","layer_1",2,0.666666666666667
"Euphorbia_balsamifera_m","layer_2","layer_1",3,0.666666666666667
"Euphorbia_balsamifera_m","layer_2","layer_1",4,0.666666666666667
"Euphorbia_balsamifera_m","layer_2","layer_1",5,0.666666666666667
"Euphorbia_balsamifera_m","layer_2","layer_1",6,0.666666666666667
"Euphorbia_balsamifera_m","layer_2","layer_1",7,0.666666666666667
"Euphorbia_balsamifera_m","layer_2","layer_1",8,0.666666666666667
"Euphorbia_balsamifera_m","layer_2","layer_1",9,0.666666666666667
"Euphorbia_balsamifera_m","layer_2","layer_1",10,0.666666666666667
"Euphorbia_balsamifera_m","layer_2","layer_1",11,0.666666666666667
"Euphorbia_balsamifera_m","layer_2","layer_1",12,0.666666666666667
"Euphorbia_balsamifera_m","layer_2","layer_1",13,0.666666666666667
"Euphorbia_balsamifera_m","layer_2","layer_1",14,0.666666666666667
"Euphorbia_balsamifera_m","layer_2","layer_1",15,0.666666666666667
"Euphorbia_balsamifera_m","layer_2","layer_1",16,0.666666666666667
"Euphorbia_balsamifera_m","layer_2","layer_1",17,0.666666666666667
"Euphorbia_balsamifera_m","layer_2","layer_1",18,0.666666666666667
"Euphorbia_balsamifera_m","layer_2","layer_1",19,0.666666666666667
"Euphorbia_balsamifera_m","layer_2","layer_1",20,0.666666666666667
"Euphorbia_balsamifera_m","layer_2","layer_1",21,0.666666666666667
"Euphorbia_balsamifera_m","layer_2","layer_1",22,0.666666666666667
"Euphorbia_balsamifera_m","layer_2","layer_1",23,0.666666666666667
"Euphorbia_balsamifera_m","layer_2","layer_1",24,0.666666666666667
"Euphorbia_balsamifera_m","layer_2","layer_1",25,0.666666666666667
"Euphorbia_balsamifera_m","layer_2","layer_1",26,0.666666666666667
"Euphorbia_balsamifera_m","layer_2","layer_1",27,0.666666666666667
"Euphorbia_balsamifera_m","layer_2","layer_1",28,0.666666666666667
"Euphorbia_balsamifera_m","layer_2","layer_1",29,0.666666666666667
"Euphorbia_balsamifera_m","layer_2","layer_1",30,0.666666666666667
"Euphorbia_balsamifera_m","layer_2","layer_1",31,0.666666666666667
"Euphorbia_balsamifera_m","layer_2","layer_1",32,0.666666666666667
"Euphorbia_balsamifera_m","layer_2","layer_1",33,0.666666666666667
"Euphorbia_balsamifera_m","layer_2","layer_1",34,0.666666666666667
"Euphorbia_balsamifera_m","layer_2","layer_1",35,0.666666666666667
"Euphorbia_balsamifera_m","layer_2","layer_1",36,0.666666666666667
"Euphorbia_balsamifera_m","layer_2","layer_1",37,0.666666666666667
"Euphorbia_balsamifera_m","layer_2","layer_1",38,0.666666666666667
"Euphorbia_balsamifera_m","layer_2","layer_1",39,0.666666666666667
"Euphorbia_balsamifera_m","layer_2","layer_1",40,0.666666666666667
"Euphorbia_balsamifera_m","layer_2","layer_1",41,0.666666666666667
"Euphorbia_balsamifera_m","layer_2","layer_1",42,0.666666666666667
"Euphorbia_balsamifera_m","layer_2","layer_1",43,0.666666666666667
"Euphorbia_balsamifera_m","layer_2","layer_1",44,0.666666666666667
"Euphorbia_balsamifera_m","layer_2","layer_1",45,0.666666666666667
"Euphorbia_balsamifera_m","layer_2","layer_1",46,0.666666666666667
"Euphorbia_balsamifera_m","layer_2","layer_1",47,0.666666666666667
"Euphorbia_balsamifera_m","layer_2","layer_1",48,0.666666666666667
"Euphorbia_balsamifera_m","layer_2","layer_1",49,0.666666666666667
"Euphorbia_balsamifera_m","layer_2","layer_1",50,0.666666666666667
"Euphorbia_balsamifera_m","layer_3","layer_1",1,0.666666666666667
"Euphorbia_balsamifera_m","layer_3","layer_1",2,0.666666666666667
"Euphorbia_balsamifera_m","layer_3","layer_1",3,0.666666666666667
"Euphorbia_balsamifera_m","layer_3","layer_1",4,0.666666666666667
"Euphorbia_balsamifera_m","layer_3","layer_1",5,0.666666666666667
"Euphorbia_balsamifera_m","layer_3","layer_1",6,0.666666666666667
"Euphorbia_balsamifera_m","layer_3","layer_1",7,0.666666666666667
"Euphorbia_balsamifera_m","layer_3","layer_1",8,0.666666666666667
"Euphorbia_balsamifera_m","layer_3","layer_1",9,0.666666666666667
"Euphorbia_balsamifera_m","layer_3","layer_1",10,0.666666666666667
"Euphorbia_balsamifera_m","layer_3","layer_1",11,0.666666666666667
"Euphorbia_balsamifera_m","layer_3","layer_1",12,0.666666666666667
"Euphorbia_balsamifera_m","layer_3","layer_1",13,0.666666666666667
"Euphorbia_balsamifera_m","layer_3","layer_1",14,0.666666666666667
"Euphorbia_balsamifera_m","layer_3","layer_1",15,0.666666666666667
"Euphorbia_balsamifera_m","layer_3","layer_1",16,0.666666666666667
"Euphorbia_balsamifera_m","layer_3","layer_1",17,0.666666666666667
"Euphorbia_balsamifera_m","layer_3","layer_1",18,0.666666666666667
"Euphorbia_balsamifera_m","layer_3","layer_1",19,0.666666666666667
"Euphorbia_balsamifera_m","layer_3","layer_1",20,0.666666666666667
"Euphorbia_balsamifera_m","layer_3","layer_1",21,0.666666666666667
"Euphorbia_balsamifera_m","layer_3","layer_1",22,0.666666666666667
"Euphorbia_balsamifera_m","layer_3","layer_1",23,0.666666666666667
"Euphorbia_balsamifera_m","layer_3","layer_1",24,0.666666666666667
"Euphorbia_balsamifera_m","layer_3","layer_1",25,0.666666666666667
"Euphorbia_balsamifera_m","layer_3","layer_1",26,0.666666666666667
"Euphorbia_balsamifera_m","layer_3","layer_1",27,0.666666666666667
"Euphorbia_balsamifera_m","layer_3","layer_1",28,0.666666666666667
"Euphorbia_balsamifera_m","layer_3","layer_1",29,0.666666666666667
"Euphorbia_balsamifera_m","layer_3","layer_1",30,0.666666666666667
"Euphorbia_balsamifera_m","layer_3","layer_1",31,0.666666666666667
"Euphorbia_balsamifera_m","layer_3","layer_1",32,0.666666666666667
"Euphorbia_balsamifera_m","layer_3","layer_1",33,0.666666666666667
"Euphorbia_balsamifera_m","layer_3","layer_1",34,0.666666666666667
"Euphorbia_balsamifera_m","layer_3","layer_1",35,0.666666666666667
"Euphorbia_balsamifera_m","layer_3","layer_1",36,0.666666666666667
"Euphorbia_balsamifera_m","layer_3","layer_1",37,0.666666666666667
"Euphorbia_balsamifera_m","layer_3","layer_1",38,0.666666666666667
"Euphorbia_balsamifera_m","layer_3","layer_1",39,0.666666666666667
"Euphorbia_balsamifera_m","layer_3","layer_1",40,0.666666666666667
"Euphorbia_balsamifera_m","layer_3","layer_1",41,0.666666666666667
"Euphorbia_balsamifera_m","layer_3","layer_1",42,0.666666666666667
"Euphorbia_balsamifera_m","layer_3","layer_1",43,0.666666666666667
"Euphorbia_balsamifera_m","layer_3","layer_1",44,0.666666666666667
"Euphorbia_balsamifera_m","layer_3","layer_1",45,0.666666666666667
"Euphorbia_balsamifera_m","layer_3","layer_1",46,0.666666666666667
"Euphorbia_balsamifera_m","layer_3","layer_1",47,0.666666666666667
"Euphorbia_balsamifera_m","layer_3","layer_1",48,0.666666666666667
"Euphorbia_balsamifera_m","layer_3","layer_1",49,0.666666666666667
"Euphorbia_balsamifera_m","layer_3","layer_1",50,0.666666666666667
"Euphorbia_balsamifera_m","layer_4","layer_1",1,0.666666666666667
"Euphorbia_balsamifera_m","layer_4","layer_1",2,0.666666666666667
"Euphorbia_balsamifera_m","layer_4","layer_1",3,0.666666666666667
"Euphorbia_balsamifera_m","layer_4","layer_1",4,0.666666666666667
"Euphorbia_balsamifera_m","layer_4","layer_1",5,0.666666666666667
"Euphorbia_balsamifera_m","layer_4","layer_1",6,0.666666666666667
"Euphorbia_balsamifera_m","layer_4","layer_1",7,0.666666666666667
"Euphorbia_balsamifera_m","layer_4","layer_1",8,0.666666666666667
"Euphorbia_balsamifera_m","layer_4","layer_1",9,0.666666666666667
"Euphorbia_balsamifera_m","layer_4","layer_1",10,0.666666666666667
"Euphorbia_balsamifera_m","layer_4","layer_1",11,0.666666666666667
"Euphorbia_balsamifera_m","layer_4","layer_1",12,0.666666666666667
"Euphorbia_balsamifera_m","layer_4","layer_1",13,0.666666666666667
"Euphorbia_balsamifera_m","layer_4","layer_1",14,0.666666666666667
"Euphorbia_balsamifera_m","layer_4","layer_1",15,0.666666666666667
"Euphorbia_balsamifera_m","layer_4","layer_1",16,0.666666666666667
"Euphorbia_balsamifera_m","layer_4","layer_1",17,0.666666666666667
"Euphorbia_balsamifera_m","layer_4","layer_1",18,0.666666666666667
"Euphorbia_balsamifera_m","layer_4","layer_1",19,0.666666666666667
"Euphorbia_balsamifera_m","layer_4","layer_1",20,0.666666666666667
"Euphorbia_balsamifera_m","layer_4","layer_1",21,0.666666666666667
"Euphorbia_balsamifera_m","layer_4","layer_1",22,0.666666666666667
"Euphorbia_balsamifera_m","layer_4","layer_1",23,0.666666666666667
"Euphorbia_balsamifera_m","layer_4","layer_1",24,0.666666666666667
"Euphorbia_balsamifera_m","layer_4","layer_1",25,0.666666666666667
"Euphorbia_balsamifera_m","layer_4","layer_1",26,0.666666666666667
"Euphorbia_balsamifera_m","layer_4","layer_1",27,0.666666666666667
"Euphorbia_balsamifera_m","layer_4","layer_1",28,0.666666666666667
"Euphorbia_balsamifera_m","layer_4","layer_1",29,0.666666666666667
"Euphorbia_balsamifera_m","layer_4","layer_1",30,0.666666666666667
"Euphorbia_balsamifera_m","layer_4","layer_1",31,0.666666666666667
"Euphorbia_balsamifera_m","layer_4","layer_1",32,0.666666666666667
"Euphorbia_balsamifera_m","layer_4","layer_1",33,0.666666666666667
"Euphorbia_balsamifera_m","layer_4","layer_1",34,0.666666666666667
"Euphorbia_balsamifera_m","layer_4","layer_1",35,0.666666666666667
"Euphorbia_balsamifera_m","layer_4","layer_1",36,0.666666666666667
"Euphorbia_balsamifera_m","layer_4","layer_1",37,0.666666666666667
"Euphorbia_balsamifera_m","layer_4","layer_1",38,0.666666666666667
"Euphorbia_balsamifera_m","layer_4","layer_1",39,0.666666666666667
"Euphorbia_balsamifera_m","layer_4","layer_1",40,0.666666666666667
"Euphorbia_balsamifera_m","layer_4","layer_1",41,0.666666666666667
"Euphorbia_balsamifera_m","layer_4","layer_1",42,0.666666666666667
"Euphorbia_balsamifera_m","layer_4","layer_1",43,0.666666666666667
"Euphorbia_balsamifera_m","layer_4","layer_1",44,0.666666666666667
"Euphorbia_balsamifera_m","layer_4","layer_1",45,0.666666666666667
"Euphorbia_balsamifera_m","layer_4","layer_1",46,0.666666666666667
"Euphorbia_balsamifera_m","layer_4","layer_1",47,0.666666666666667
"Euphorbia_balsamifera_m","layer_4","layer_1",48,0.666666666666667
"Euphorbia_balsamifera_m","layer_4","layer_1",49,0.666666666666667
"Euphorbia_balsamifera_m","layer_4","layer_1",50,0.666666666666667
"Euphorbia_balsamifera_m","layer_5","layer_1",1,0.666666666666667
"Euphorbia_balsamifera_m","layer_5","layer_1",2,0.666666666666667
"Euphorbia_balsamifera_m","layer_5","layer_1",3,0.666666666666667
"Euphorbia_balsamifera_m","layer_5","layer_1",4,0.666666666666667
"Euphorbia_balsamifera_m","layer_5","layer_1",5,0.666666666666667
"Euphorbia_balsamifera_m","layer_5","layer_1",6,0.666666666666667
"Euphorbia_balsamifera_m","layer_5","layer_1",7,0.666666666666667
"Euphorbia_balsamifera_m","layer_5","layer_1",8,0.666666666666667
"Euphorbia_balsamifera_m","layer_5","layer_1",9,0.666666666666667
"Euphorbia_balsamifera_m","layer_5","layer_1",10,0.666666666666667
"Euphorbia_balsamifera_m","layer_5","layer_1",11,0.666666666666667
"Euphorbia_balsamifera_m","layer_5","layer_1",12,0.666666666666667
"Euphorbia_balsamifera_m","layer_5","layer_1",13,0.666666666666667
"Euphorbia_balsamifera_m","layer_5","layer_1",14,0.666666666666667
"Euphorbia_balsamifera_m","layer_5","layer_1",15,0.666666666666667
"Euphorbia_balsamifera_m","layer_5","layer_1",16,0.666666666666667
"Euphorbia_balsamifera_m","layer_5","layer_1",17,0.666666666666667
"Euphorbia_balsamifera_m","layer_5","layer_1",18,0.666666666666667
"Euphorbia_balsamifera_m","layer_5","layer_1",19,0.666666666666667
"Euphorbia_balsamifera_m","layer_5","layer_1",20,0.666666666666667
"Euphorbia_balsamifera_m","layer_5","layer_1",21,0.666666666666667
"Euphorbia_balsamifera_m","layer_5","layer_1",22,0.666666666666667
"Euphorbia_balsamifera_m","layer_5","layer_1",23,0.666666666666667
"Euphorbia_balsamifera_m","layer_5","layer_1",24,0.666666666666667
"Euphorbia_balsamifera_m","layer_5","layer_1",25,0.666666666666667
"Euphorbia_balsamifera_m","layer_5","layer_1",26,0.666666666666667
"Euphorbia_balsamifera_m","layer_5","layer_1",27,0.666666666666667
"Euphorbia_balsamifera_m","layer_5","layer_1",28,0.666666666666667
"Euphorbia_balsamifera_m","layer_5","layer_1",29,0.666666666666667
"Euphorbia_balsamifera_m","layer_5","layer_1",30,0.666666666666667
"Euphorbia_balsamifera_m","layer_5","layer_1",31,0.666666666666667
"Euphorbia_balsamifera_m","layer_5","layer_1",32,0.666666666666667
"Euphorbia_balsamifera_m","layer_5","layer_1",33,0.666666666666667
"Euphorbia_balsamifera_m","layer_5","layer_1",34,0.666666666666667
"Euphorbia_balsamifera_m","layer_5","layer_1",35,0.666666666666667
"Euphorbia_balsamifera_m","layer_5","layer_1",36,0.666666666666667
"Euphorbia_balsamifera_m","layer_5","layer_1",37,0.666666666666667
"Euphorbia_balsamifera_m","layer_5","layer_1",38,0.666666666666667
"Euphorbia_balsamifera_m","layer_5","layer_1",39,0.666666666666667
"Euphorbia_balsamifera_m","layer_5","layer_1",40,0.666666666666667
"Euphorbia_balsamifera_m","layer_5","layer_1",41,0.666666666666667
"Euphorbia_balsamifera_m","layer_5","layer_1",42,0.666666666666667
"Euphorbia_balsamifera_m","layer_5","layer_1",43,0.666666666666667
"Euphorbia_balsamifera_m","layer_5","layer_1",44,0.666666666666667
"Euphorbia_balsamifera_m","layer_5","layer_1",45,0.666666666666667
"Euphorbia_balsamifera_m","layer_5","layer_1",46,0.666666666666667
"Euphorbia_balsamifera_m","layer_5","layer_1",47,0.666666666666667
"Euphorbia_balsamifera_m","layer_5","layer_1",48,0.666666666666667
"Euphorbia_balsamifera_m","layer_5","layer_1",49,0.666666666666667
"Euphorbia_balsamifera_m","layer_5","layer_1",50,0.666666666666667
"Euphorbia_balsamifera_m","layer_6","layer_1",1,0.666666666666667
"Euphorbia_balsamifera_m","layer_6","layer_1",2,0.666666666666667
"Euphorbia_balsamifera_m","layer_6","layer_1",3,0.666666666666667
"Euphorbia_balsamifera_m","layer_6","layer_1",4,0.666666666666667
"Euphorbia_balsamifera_m","layer_6","layer_1",5,0.666666666666667
"Euphorbia_balsamifera_m","layer_6","layer_1",6,0.666666666666667
"Euphorbia_balsamifera_m","layer_6","layer_1",7,0.666666666666667
"Euphorbia_balsamifera_m","layer_6","layer_1",8,0.666666666666667
"Euphorbia_balsamifera_m","layer_6","layer_1",9,0.666666666666667
"Euphorbia_balsamifera_m","layer_6","layer_1",10,0.666666666666667
"Euphorbia_balsamifera_m","layer_6","layer_1",11,0.666666666666667
"Euphorbia_balsamifera_m","layer_6","layer_1",12,0.666666666666667
"Euphorbia_balsamifera_m","layer_6","layer_1",13,0.666666666666667
"Euphorbia_balsamifera_m","layer_6","layer_1",14,0.666666666666667
"Euphorbia_balsamifera_m","layer_6","layer_1",15,0.666666666666667
"Euphorbia_balsamifera_m","layer_6","layer_1",16,0.666666666666667
"Euphorbia_balsamifera_m","layer_6","layer_1",17,0.666666666666667
"Euphorbia_balsamifera_m","layer_6","layer_1",18,0.666666666666667
"Euphorbia_balsamifera_m","layer_6","layer_1",19,0.666666666666667
"Euphorbia_balsamifera_m","layer_6","layer_1",20,0.666666666666667
"Euphorbia_balsamifera_m","layer_6","layer_1",21,0.666666666666667
"Euphorbia_balsamifera_m","layer_6","layer_1",22,0.666666666666667
"Euphorbia_balsamifera_m","layer_6","layer_1",23,0.666666666666667
"Euphorbia_balsamifera_m","layer_6","layer_1",24,0.666666666666667
"Euphorbia_balsamifera_m","layer_6","layer_1",25,0.666666666666667
"Euphorbia_balsamifera_m","layer_6","layer_1",26,0.666666666666667
"Euphorbia_balsamifera_m","layer_6","layer_1",27,0.666666666666667
"Euphorbia_balsamifera_m","layer_6","layer_1",28,0.666666666666667
"Euphorbia_balsamifera_m","layer_6","layer_1",29,0.666666666666667
"Euphorbia_balsamifera_m","layer_6","layer_1",30,0.666666666666667
"Euphorbia_balsamifera_m","layer_6","layer_1",31,0.666666666666667
"Euphorbia_balsamifera_m","layer_6","layer_1",32,0.666666666666667
"Euphorbia_balsamifera_m","layer_6","layer_1",33,0.666666666666667
"Euphorbia_balsamifera_m","layer_6","layer_1",34,0.666666666666667
"Euphorbia_balsamifera_m","layer_6","layer_1",35,0.666666666666667
"Euphorbia_balsamifera_m","layer_6","layer_1",36,0.666666666666667
"Euphorbia_balsamifera_m","layer_6","layer_1",37,0.666666666666667
"Euphorbia_balsamifera_m","layer_6","layer_1",38,0.666666666666667
"Euphorbia_balsamifera_m","layer_6","layer_1",39,0.666666666666667
"Euphorbia_balsamifera_m","layer_6","layer_1",40,0.666666666666667
"Euphorbia_balsamifera_m","layer_6","layer_1",41,0.666666666666667
"Euphorbia_balsamifera_m","layer_6","layer_1",42,0.666666666666667
"Euphorbia_balsamifera_m","layer_6","layer_1",43,0.666666666666667
"Euphorbia_balsamifera_m","layer_6","layer_1",44,0.666666666666667
"Euphorbia_balsamifera_m","layer_6","layer_1",45,0.666666666666667
"Euphorbia_balsamifera_m","layer_6","layer_1",46,0.666666666666667
"Euphorbia_balsamifera_m","layer_6","layer_1",47,0.666666666666667
"Euphorbia_balsamifera_m","layer_6","layer_1",48,0.666666666666667
"Euphorbia_balsamifera_m","layer_6","layer_1",49,0.666666666666667
"Euphorbia_balsamifera_m","layer_6","layer_1",50,0.666666666666667
"Euphorbia_balsamifera_m","layer_7","layer_1",1,0.666666666666667
"Euphorbia_balsamifera_m","layer_7","layer_1",2,0.666666666666667
"Euphorbia_balsamifera_m","layer_7","layer_1",3,0.666666666666667
"Euphorbia_balsamifera_m","layer_7","layer_1",4,0.666666666666667
"Euphorbia_balsamifera_m","layer_7","layer_1",5,0.666666666666667
"Euphorbia_balsamifera_m","layer_7","layer_1",6,0.666666666666667
"Euphorbia_balsamifera_m","layer_7","layer_1",7,0.666666666666667
"Euphorbia_balsamifera_m","layer_7","layer_1",8,0.666666666666667
"Euphorbia_balsamifera_m","layer_7","layer_1",9,0.666666666666667
"Euphorbia_balsamifera_m","layer_7","layer_1",10,0.666666666666667
"Euphorbia_balsamifera_m","layer_7","layer_1",11,0.666666666666667
"Euphorbia_balsamifera_m","layer_7","layer_1",12,0.666666666666667
"Euphorbia_balsamifera_m","layer_7","layer_1",13,0.666666666666667
"Euphorbia_balsamifera_m","layer_7","layer_1",14,0.666666666666667
"Euphorbia_balsamifera_m","layer_7","layer_1",15,0.666666666666667
"Euphorbia_balsamifera_m","layer_7","layer_1",16,0.666666666666667
"Euphorbia_balsamifera_m","layer_7","layer_1",17,0.666666666666667
"Euphorbia_balsamifera_m","layer_7","layer_1",18,0.666666666666667
"Euphorbia_balsamifera_m","layer_7","layer_1",19,0.666666666666667
"Euphorbia_balsamifera_m","layer_7","layer_1",20,0.666666666666667
"Euphorbia_balsamifera_m","layer_7","layer_1",21,0.666666666666667
"Euphorbia_balsamifera_m","layer_7","layer_1",22,0.666666666666667
"Euphorbia_balsamifera_m","layer_7","layer_1",23,0.666666666666667
"Euphorbia_balsamifera_m","layer_7","layer_1",24,0.666666666666667
"Euphorbia_balsamifera_m","layer_7","layer_1",25,0.666666666666667
"Euphorbia_balsamifera_m","layer_7","layer_1",26,0.666666666666667
"Euphorbia_balsamifera_m","layer_7","layer_1",27,0.666666666666667
"Euphorbia_balsamifera_m","layer_7","layer_1",28,0.666666666666667
"Euphorbia_balsamifera_m","layer_7","layer_1",29,0.666666666666667
"Euphorbia_balsamifera_m","layer_7","layer_1",30,0.666666666666667
"Euphorbia_balsamifera_m","layer_7","layer_1",31,0.666666666666667
"Euphorbia_balsamifera_m","layer_7","layer_1",32,0.666666666666667
"Euphorbia_balsamifera_m","layer_7","layer_1",33,0.666666666666667
"Euphorbia_balsamifera_m","layer_7","layer_1",34,0.666666666666667
"Euphorbia_balsamifera_m","layer_7","layer_1",35,0.666666666666667
"Euphorbia_balsamifera_m","layer_7","layer_1",36,0.666666666666667
"Euphorbia_balsamifera_m","layer_7","layer_1",37,0.666666666666667
"Euphorbia_balsamifera_m","layer_7","layer_1",38,0.666666666666667
"Euphorbia_balsamifera_m","layer_7","layer_1",39,0.666666666666667
"Euphorbia_balsamifera_m","layer_7","layer_1",40,0.666666666666667
"Euphorbia_balsamifera_m","layer_7","layer_1",41,0.666666666666667
"Euphorbia_balsamifera_m","layer_7","layer_1",42,0.666666666666667
"Euphorbia_balsamifera_m","layer_7","layer_1",43,0.666666666666667
"Euphorbia_balsamifera_m","layer_7","layer_1",44,0.666666666666667
"Euphorbia_balsamifera_m","layer_7","layer_1",45,0.666666666666667
"Euphorbia_balsamifera_m","layer_7","layer_1",46,0.666666666666667
"Euphorbia_balsamifera_m","layer_7","layer_1",47,0.666666666666667
"Euphorbia_balsamifera_m","layer_7","layer_1",48,0.666666666666667
"Euphorbia_balsamifera_m","layer_7","layer_1",49,0.666666666666667
"Euphorbia_balsamifera_m","layer_7","layer_1",50,0.666666666666667
"Euphorbia_balsamifera_m","layer_1","layer_2",1,0.666666666666667
"Euphorbia_balsamifera_m","layer_1","layer_2",2,0.666666666666667
"Euphorbia_balsamifera_m","layer_1","layer_2",3,0.666666666666667
"Euphorbia_balsamifera_m","layer_1","layer_2",4,0.666666666666667
"Euphorbia_balsamifera_m","layer_1","layer_2",5,0.666666666666667
"Euphorbia_balsamifera_m","layer_1","layer_2",6,0.666666666666667
"Euphorbia_balsamifera_m","layer_1","layer_2",7,0.666666666666667
"Euphorbia_balsamifera_m","layer_1","layer_2",8,0.666666666666667
"Euphorbia_balsamifera_m","layer_1","layer_2",9,0.666666666666667
"Euphorbia_balsamifera_m","layer_1","layer_2",10,0.666666666666667
"Euphorbia_balsamifera_m","layer_1","layer_2",11,0.666666666666667
"Euphorbia_balsamifera_m","layer_1","layer_2",12,0.666666666666667
"Euphorbia_balsamifera_m","layer_1","layer_2",13,0.666666666666667
"Euphorbia_balsamifera_m","layer_1","layer_2",14,0.666666666666667
"Euphorbia_balsamifera_m","layer_1","layer_2",15,0.666666666666667
"Euphorbia_balsamifera_m","layer_1","layer_2",16,0.666666666666667
"Euphorbia_balsamifera_m","layer_1","layer_2",17,0.666666666666667
"Euphorbia_balsamifera_m","layer_1","layer_2",18,0.666666666666667
"Euphorbia_balsamifera_m","layer_1","layer_2",19,0.666666666666667
"Euphorbia_balsamifera_m","layer_1","layer_2",20,0.666666666666667
"Euphorbia_balsamifera_m","layer_1","layer_2",21,0.666666666666667
"Euphorbia_balsamifera_m","layer_1","layer_2",22,0.666666666666667
"Euphorbia_balsamifera_m","layer_1","layer_2",23,0.666666666666667
"Euphorbia_balsamifera_m","layer_1","layer_2",24,0.666666666666667
"Euphorbia_balsamifera_m","layer_1","layer_2",25,0.666666666666667
"Euphorbia_balsamifera_m","layer_1","layer_2",26,0.666666666666667
"Euphorbia_balsamifera_m","layer_1","layer_2",27,0.666666666666667
"Euphorbia_balsamifera_m","layer_1","layer_2",28,0.666666666666667
"Euphorbia_balsamifera_m","layer_1","layer_2",29,0.666666666666667
"Euphorbia_balsamifera_m","layer_1","layer_2",30,0.666666666666667
"Euphorbia_balsamifera_m","layer_1","layer_2",31,0.666666666666667
"Euphorbia_balsamifera_m","layer_1","layer_2",32,0.666666666666667
"Euphorbia_balsamifera_m","layer_1","layer_2",33,0.666666666666667
"Euphorbia_balsamifera_m","layer_1","layer_2",34,0.666666666666667
"Euphorbia_balsamifera_m","layer_1","layer_2",35,0.666666666666667
"Euphorbia_balsamifera_m","layer_1","layer_2",36,0.666666666666667
"Euphorbia_balsamifera_m","layer_1","layer_2",37,0.666666666666667
"Euphorbia_balsamifera_m","layer_1","layer_2",38,0.666666666666667
"Euphorbia_balsamifera_m","layer_1","layer_2",39,0.666666666666667
"Euphorbia_balsamifera_m","layer_1","layer_2",40,0.666666666666667
"Euphorbia_balsamifera_m","layer_1","layer_2",41,0.666666666666667
"Euphorbia_balsamifera_m","layer_1","layer_2",42,0.666666666666667
"Euphorbia_balsamifera_m","layer_1","layer_2",43,0.666666666666667
"Euphorbia_balsamifera_m","layer_1","layer_2",44,0.666666666666667
"Euphorbia_balsamifera_m","layer_1","layer_2",45,0.666666666666667
"Euphorbia_balsamifera_m","layer_1","layer_2",46,0.666666666666667
"Euphorbia_balsamifera_m","layer_1","layer_2",47,0.666666666666667
"Euphorbia_balsamifera_m","layer_1","layer_2",48,0.666666666666667
"Euphorbia_balsamifera_m","layer_1","layer_2",49,0.666666666666667
"Euphorbia_balsamifera_m","layer_1","layer_2",50,0.666666666666667
"Euphorbia_balsamifera_m","layer_3","layer_2",1,0.666666666666667
"Euphorbia_balsamifera_m","layer_3","layer_2",2,0.666666666666667
"Euphorbia_balsamifera_m","layer_3","layer_2",3,0.666666666666667
"Euphorbia_balsamifera_m","layer_3","layer_2",4,0.666666666666667
"Euphorbia_balsamifera_m","layer_3","layer_2",5,0.666666666666667
"Euphorbia_balsamifera_m","layer_3","layer_2",6,0.666666666666667
"Euphorbia_balsamifera_m","layer_3","layer_2",7,0.666666666666667
"Euphorbia_balsamifera_m","layer_3","layer_2",8,0.666666666666667
"Euphorbia_balsamifera_m","layer_3","layer_2",9,0.666666666666667
"Euphorbia_balsamifera_m","layer_3","layer_2",10,0.666666666666667
"Euphorbia_balsamifera_m","layer_3","layer_2",11,0.666666666666667
"Euphorbia_balsamifera_m","layer_3","layer_2",12,0.666666666666667
"Euphorbia_balsamifera_m","layer_3","layer_2",13,0.666666666666667
"Euphorbia_balsamifera_m","layer_3","layer_2",14,0.666666666666667
"Euphorbia_balsamifera_m","layer_3","layer_2",15,0.666666666666667
"Euphorbia_balsamifera_m","layer_3","layer_2",16,0.666666666666667
"Euphorbia_balsamifera_m","layer_3","layer_2",17,0.666666666666667
"Euphorbia_balsamifera_m","layer_3","layer_2",18,0.666666666666667
"Euphorbia_balsamifera_m","layer_3","layer_2",19,0.666666666666667
"Euphorbia_balsamifera_m","layer_3","layer_2",20,0.666666666666667
"Euphorbia_balsamifera_m","layer_3","layer_2",21,0.666666666666667
"Euphorbia_balsamifera_m","layer_3","layer_2",22,0.666666666666667
"Euphorbia_balsamifera_m","layer_3","layer_2",23,0.666666666666667
"Euphorbia_balsamifera_m","layer_3","layer_2",24,0.666666666666667
"Euphorbia_balsamifera_m","layer_3","layer_2",25,0.666666666666667
"Euphorbia_balsamifera_m","layer_3","layer_2",26,0.666666666666667
"Euphorbia_balsamifera_m","layer_3","layer_2",27,0.666666666666667
"Euphorbia_balsamifera_m","layer_3","layer_2",28,0.666666666666667
"Euphorbia_balsamifera_m","layer_3","layer_2",29,0.666666666666667
"Euphorbia_balsamifera_m","layer_3","layer_2",30,0.666666666666667
"Euphorbia_balsamifera_m","layer_3","layer_2",31,0.666666666666667
"Euphorbia_balsamifera_m","layer_3","layer_2",32,0.666666666666667
"Euphorbia_balsamifera_m","layer_3","layer_2",33,0.666666666666667
"Euphorbia_balsamifera_m","layer_3","layer_2",34,0.666666666666667
"Euphorbia_balsamifera_m","layer_3","layer_2",35,0.666666666666667
"Euphorbia_balsamifera_m","layer_3","layer_2",36,0.666666666666667
"Euphorbia_balsamifera_m","layer_3","layer_2",37,0.666666666666667
"Euphorbia_balsamifera_m","layer_3","layer_2",38,0.666666666666667
"Euphorbia_balsamifera_m","layer_3","layer_2",39,0.666666666666667
"Euphorbia_balsamifera_m","layer_3","layer_2",40,0.666666666666667
"Euphorbia_balsamifera_m","layer_3","layer_2",41,0.666666666666667
"Euphorbia_balsamifera_m","layer_3","layer_2",42,0.666666666666667
"Euphorbia_balsamifera_m","layer_3","layer_2",43,0.666666666666667
"Euphorbia_balsamifera_m","layer_3","layer_2",44,0.666666666666667
"Euphorbia_balsamifera_m","layer_3","layer_2",45,0.666666666666667
"Euphorbia_balsamifera_m","layer_3","layer_2",46,0.666666666666667
"Euphorbia_balsamifera_m","layer_3","layer_2",47,0.666666666666667
"Euphorbia_balsamifera_m","layer_3","layer_2",48,0.666666666666667
"Euphorbia_balsamifera_m","layer_3","layer_2",49,0.666666666666667
"Euphorbia_balsamifera_m","layer_3","layer_2",50,0.666666666666667
"Euphorbia_balsamifera_m","layer_4","layer_2",1,0.666666666666667
"Euphorbia_balsamifera_m","layer_4","layer_2",2,0.666666666666667
"Euphorbia_balsamifera_m","layer_4","layer_2",3,0.666666666666667
"Euphorbia_balsamifera_m","layer_4","layer_2",4,0.666666666666667
"Euphorbia_balsamifera_m","layer_4","layer_2",5,0.666666666666667
"Euphorbia_balsamifera_m","layer_4","layer_2",6,0.666666666666667
"Euphorbia_balsamifera_m","layer_4","layer_2",7,0.666666666666667
"Euphorbia_balsamifera_m","layer_4","layer_2",8,0.666666666666667
"Euphorbia_balsamifera_m","layer_4","layer_2",9,0.666666666666667
"Euphorbia_balsamifera_m","layer_4","layer_2",10,0.666666666666667
"Euphorbia_balsamifera_m","layer_4","layer_2",11,0.666666666666667
"Euphorbia_balsamifera_m","layer_4","layer_2",12,0.666666666666667
"Euphorbia_balsamifera_m","layer_4","layer_2",13,0.666666666666667
"Euphorbia_balsamifera_m","layer_4","layer_2",14,0.666666666666667
"Euphorbia_balsamifera_m","layer_4","layer_2",15,0.666666666666667
"Euphorbia_balsamifera_m","layer_4","layer_2",16,0.666666666666667
"Euphorbia_balsamifera_m","layer_4","layer_2",17,0.666666666666667
"Euphorbia_balsamifera_m","layer_4","layer_2",18,0.666666666666667
"Euphorbia_balsamifera_m","layer_4","layer_2",19,0.666666666666667
"Euphorbia_balsamifera_m","layer_4","layer_2",20,0.666666666666667
"Euphorbia_balsamifera_m","layer_4","layer_2",21,0.666666666666667
"Euphorbia_balsamifera_m","layer_4","layer_2",22,0.666666666666667
"Euphorbia_balsamifera_m","layer_4","layer_2",23,0.666666666666667
"Euphorbia_balsamifera_m","layer_4","layer_2",24,0.666666666666667
"Euphorbia_balsamifera_m","layer_4","layer_2",25,0.666666666666667
"Euphorbia_balsamifera_m","layer_4","layer_2",26,0.666666666666667
"Euphorbia_balsamifera_m","layer_4","layer_2",27,0.666666666666667
"Euphorbia_balsamifera_m","layer_4","layer_2",28,0.666666666666667
"Euphorbia_balsamifera_m","layer_4","layer_2",29,0.666666666666667
"Euphorbia_balsamifera_m","layer_4","layer_2",30,0.666666666666667
"Euphorbia_balsamifera_m","layer_4","layer_2",31,0.666666666666667
"Euphorbia_balsamifera_m","layer_4","layer_2",32,0.666666666666667
"Euphorbia_balsamifera_m","layer_4","layer_2",33,0.666666666666667
"Euphorbia_balsamifera_m","layer_4","layer_2",34,0.666666666666667
"Euphorbia_balsamifera_m","layer_4","layer_2",35,0.666666666666667
"Euphorbia_balsamifera_m","layer_4","layer_2",36,0.666666666666667
"Euphorbia_balsamifera_m","layer_4","layer_2",37,0.666666666666667
"Euphorbia_balsamifera_m","layer_4","layer_2",38,0.666666666666667
"Euphorbia_balsamifera_m","layer_4","layer_2",39,0.666666666666667
"Euphorbia_balsamifera_m","layer_4","layer_2",40,0.666666666666667
"Euphorbia_balsamifera_m","layer_4","layer_2",41,0.666666666666667
"Euphorbia_balsamifera_m","layer_4","layer_2",42,0.666666666666667
"Euphorbia_balsamifera_m","layer_4","layer_2",43,0.666666666666667
"Euphorbia_balsamifera_m","layer_4","layer_2",44,0.666666666666667
"Euphorbia_balsamifera_m","layer_4","layer_2",45,0.666666666666667
"Euphorbia_balsamifera_m","layer_4","layer_2",46,0.666666666666667
"Euphorbia_balsamifera_m","layer_4","layer_2",47,0.666666666666667
"Euphorbia_balsamifera_m","layer_4","layer_2",48,0.666666666666667
"Euphorbia_balsamifera_m","layer_4","layer_2",49,0.666666666666667
"Euphorbia_balsamifera_m","layer_4","layer_2",50,0.666666666666667
"Euphorbia_balsamifera_m","layer_5","layer_2",1,0.666666666666667
"Euphorbia_balsamifera_m","layer_5","layer_2",2,0.666666666666667
"Euphorbia_balsamifera_m","layer_5","layer_2",3,0.666666666666667
"Euphorbia_balsamifera_m","layer_5","layer_2",4,0.666666666666667
"Euphorbia_balsamifera_m","layer_5","layer_2",5,0.666666666666667
"Euphorbia_balsamifera_m","layer_5","layer_2",6,0.666666666666667
"Euphorbia_balsamifera_m","layer_5","layer_2",7,0.666666666666667
"Euphorbia_balsamifera_m","layer_5","layer_2",8,0.666666666666667
"Euphorbia_balsamifera_m","layer_5","layer_2",9,0.666666666666667
"Euphorbia_balsamifera_m","layer_5","layer_2",10,0.666666666666667
"Euphorbia_balsamifera_m","layer_5","layer_2",11,0.666666666666667
"Euphorbia_balsamifera_m","layer_5","layer_2",12,0.666666666666667
"Euphorbia_balsamifera_m","layer_5","layer_2",13,0.666666666666667
"Euphorbia_balsamifera_m","layer_5","layer_2",14,0.666666666666667
"Euphorbia_balsamifera_m","layer_5","layer_2",15,0.666666666666667
"Euphorbia_balsamifera_m","layer_5","layer_2",16,0.666666666666667
"Euphorbia_balsamifera_m","layer_5","layer_2",17,0.666666666666667
"Euphorbia_balsamifera_m","layer_5","layer_2",18,0.666666666666667
"Euphorbia_balsamifera_m","layer_5","layer_2",19,0.666666666666667
"Euphorbia_balsamifera_m","layer_5","layer_2",20,0.666666666666667
"Euphorbia_balsamifera_m","layer_5","layer_2",21,0.666666666666667
"Euphorbia_balsamifera_m","layer_5","layer_2",22,0.666666666666667
"Euphorbia_balsamifera_m","layer_5","layer_2",23,0.666666666666667
"Euphorbia_balsamifera_m","layer_5","layer_2",24,0.666666666666667
"Euphorbia_balsamifera_m","layer_5","layer_2",25,0.666666666666667
"Euphorbia_balsamifera_m","layer_5","layer_2",26,0.666666666666667
"Euphorbia_balsamifera_m","layer_5","layer_2",27,0.666666666666667
"Euphorbia_balsamifera_m","layer_5","layer_2",28,0.666666666666667
"Euphorbia_balsamifera_m","layer_5","layer_2",29,0.666666666666667
"Euphorbia_balsamifera_m","layer_5","layer_2",30,0.666666666666667
"Euphorbia_balsamifera_m","layer_5","layer_2",31,0.666666666666667
"Euphorbia_balsamifera_m","layer_5","layer_2",32,0.666666666666667
"Euphorbia_balsamifera_m","layer_5","layer_2",33,0.666666666666667
"Euphorbia_balsamifera_m","layer_5","layer_2",34,0.666666666666667
"Euphorbia_balsamifera_m","layer_5","layer_2",35,0.666666666666667
"Euphorbia_balsamifera_m","layer_5","layer_2",36,0.666666666666667
"Euphorbia_balsamifera_m","layer_5","layer_2",37,0.666666666666667
"Euphorbia_balsamifera_m","layer_5","layer_2",38,0.666666666666667
"Euphorbia_balsamifera_m","layer_5","layer_2",39,0.666666666666667
"Euphorbia_balsamifera_m","layer_5","layer_2",40,0.666666666666667
"Euphorbia_balsamifera_m","layer_5","layer_2",41,0.666666666666667
"Euphorbia_balsamifera_m","layer_5","layer_2",42,0.666666666666667
"Euphorbia_balsamifera_m","layer_5","layer_2",43,0.666666666666667
"Euphorbia_balsamifera_m","layer_5","layer_2",44,0.666666666666667
"Euphorbia_balsamifera_m","layer_5","layer_2",45,0.666666666666667
"Euphorbia_balsamifera_m","layer_5","layer_2",46,0.666666666666667
"Euphorbia_balsamifera_m","layer_5","layer_2",47,0.666666666666667
"Euphorbia_balsamifera_m","layer_5","layer_2",48,0.666666666666667
"Euphorbia_balsamifera_m","layer_5","layer_2",49,0.666666666666667
"Euphorbia_balsamifera_m","layer_5","layer_2",50,0.666666666666667
"Euphorbia_balsamifera_m","layer_6","layer_2",1,0.666666666666667
"Euphorbia_balsamifera_m","layer_6","layer_2",2,0.6
"Euphorbia_balsamifera_m","layer_6","layer_2",3,0.545454545454545
"Euphorbia_balsamifera_m","layer_6","layer_2",4,0.666666666666667
"Euphorbia_balsamifera_m","layer_6","layer_2",5,0.666666666666667
"Euphorbia_balsamifera_m","layer_6","layer_2",6,0.666666666666667
"Euphorbia_balsamifera_m","layer_6","layer_2",7,0.666666666666667
"Euphorbia_balsamifera_m","layer_6","layer_2",8,0.666666666666667
"Euphorbia_balsamifera_m","layer_6","layer_2",9,0.666666666666667
"Euphorbia_balsamifera_m","layer_6","layer_2",10,0.666666666666667
"Euphorbia_balsamifera_m","layer_6","layer_2",11,0.666666666666667
"Euphorbia_balsamifera_m","layer_6","layer_2",12,0.666666666666667
"Euphorbia_balsamifera_m","layer_6","layer_2",13,0.666666666666667
"Euphorbia_balsamifera_m","layer_6","layer_2",14,0.666666666666667
"Euphorbia_balsamifera_m","layer_6","layer_2",15,0.666666666666667
"Euphorbia_balsamifera_m","layer_6","layer_2",16,0.666666666666667
"Euphorbia_balsamifera_m","layer_6","layer_2",17,0.666666666666667
"Euphorbia_balsamifera_m","layer_6","layer_2",18,0.666666666666667
"Euphorbia_balsamifera_m","layer_6","layer_2",19,0.666666666666667
"Euphorbia_balsamifera_m","layer_6","layer_2",20,0.545454545454545
"Euphorbia_balsamifera_m","layer_6","layer_2",21,0.666666666666667
"Euphorbia_balsamifera_m","layer_6","layer_2",22,0.666666666666667
"Euphorbia_balsamifera_m","layer_6","layer_2",23,0.666666666666667
"Euphorbia_balsamifera_m","layer_6","layer_2",24,0.666666666666667
"Euphorbia_balsamifera_m","layer_6","layer_2",25,0.666666666666667
"Euphorbia_balsamifera_m","layer_6","layer_2",26,0.666666666666667
"Euphorbia_balsamifera_m","layer_6","layer_2",27,0.666666666666667
"Euphorbia_balsamifera_m","layer_6","layer_2",28,0.666666666666667
"Euphorbia_balsamifera_m","layer_6","layer_2",29,0.666666666666667
"Euphorbia_balsamifera_m","layer_6","layer_2",30,0.666666666666667
"Euphorbia_balsamifera_m","layer_6","layer_2",31,0.666666666666667
"Euphorbia_balsamifera_m","layer_6","layer_2",32,0.666666666666667
"Euphorbia_balsamifera_m","layer_6","layer_2",33,0.666666666666667
"Euphorbia_balsamifera_m","layer_6","layer_2",34,0.666666666666667
"Euphorbia_balsamifera_m","layer_6","layer_2",35,0.666666666666667
"Euphorbia_balsamifera_m","layer_6","layer_2",36,0.666666666666667
"Euphorbia_balsamifera_m","layer_6","layer_2",37,0.666666666666667
"Euphorbia_balsamifera_m","layer_6","layer_2",38,0.666666666666667
"Euphorbia_balsamifera_m","layer_6","layer_2",39,0.666666666666667
"Euphorbia_balsamifera_m","layer_6","layer_2",40,0.666666666666667
"Euphorbia_balsamifera_m","layer_6","layer_2",41,0.666666666666667
"Euphorbia_balsamifera_m","layer_6","layer_2",42,0.666666666666667
"Euphorbia_balsamifera_m","layer_6","layer_2",43,0.666666666666667
"Euphorbia_balsamifera_m","layer_6","layer_2",44,0.666666666666667
"Euphorbia_balsamifera_m","layer_6","layer_2",45,0.666666666666667
"Euphorbia_balsamifera_m","layer_6","layer_2",46,0.666666666666667
"Euphorbia_balsamifera_m","layer_6","layer_2",47,0.6
"Euphorbia_balsamifera_m","layer_6","layer_2",48,0.666666666666667
"Euphorbia_balsamifera_m","layer_6","layer_2",49,0.666666666666667
"Euphorbia_balsamifera_m","layer_6","layer_2",50,0.666666666666667
"Euphorbia_balsamifera_m","layer_7","layer_2",1,0.666666666666667
"Euphorbia_balsamifera_m","layer_7","layer_2",2,0.666666666666667
"Euphorbia_balsamifera_m","layer_7","layer_2",3,0.666666666666667
"Euphorbia_balsamifera_m","layer_7","layer_2",4,0.666666666666667
"Euphorbia_balsamifera_m","layer_7","layer_2",5,0.666666666666667
"Euphorbia_balsamifera_m","layer_7","layer_2",6,0.666666666666667
"Euphorbia_balsamifera_m","layer_7","layer_2",7,0.666666666666667
"Euphorbia_balsamifera_m","layer_7","layer_2",8,0.666666666666667
"Euphorbia_balsamifera_m","layer_7","layer_2",9,0.666666666666667
"Euphorbia_balsamifera_m","layer_7","layer_2",10,0.666666666666667
"Euphorbia_balsamifera_m","layer_7","layer_2",11,0.666666666666667
"Euphorbia_balsamifera_m","layer_7","layer_2",12,0.666666666666667
"Euphorbia_balsamifera_m","layer_7","layer_2",13,0.666666666666667
"Euphorbia_balsamifera_m","layer_7","layer_2",14,0.666666666666667
"Euphorbia_balsamifera_m","layer_7","layer_2",15,0.666666666666667
"Euphorbia_balsamifera_m","layer_7","layer_2",16,0.666666666666667
"Euphorbia_balsamifera_m","layer_7","layer_2",17,0.666666666666667
"Euphorbia_balsamifera_m","layer_7","layer_2",18,0.666666666666667
"Euphorbia_balsamifera_m","layer_7","layer_2",19,0.666666666666667
"Euphorbia_balsamifera_m","layer_7","layer_2",20,0.666666666666667
"Euphorbia_balsamifera_m","layer_7","layer_2",21,0.666666666666667
"Euphorbia_balsamifera_m","layer_7","layer_2",22,0.666666666666667
"Euphorbia_balsamifera_m","layer_7","layer_2",23,0.666666666666667
"Euphorbia_balsamifera_m","layer_7","layer_2",24,0.666666666666667
"Euphorbia_balsamifera_m","layer_7","layer_2",25,0.666666666666667
"Euphorbia_balsamifera_m","layer_7","layer_2",26,0.666666666666667
"Euphorbia_balsamifera_m","layer_7","layer_2",27,0.666666666666667
"Euphorbia_balsamifera_m","layer_7","layer_2",28,0.666666666666667
"Euphorbia_balsamifera_m","layer_7","layer_2",29,0.666666666666667
"Euphorbia_balsamifera_m","layer_7","layer_2",30,0.666666666666667
"Euphorbia_balsamifera_m","layer_7","layer_2",31,0.666666666666667
"Euphorbia_balsamifera_m","layer_7","layer_2",32,0.666666666666667
"Euphorbia_balsamifera_m","layer_7","layer_2",33,0.666666666666667
"Euphorbia_balsamifera_m","layer_7","layer_2",34,0.666666666666667
"Euphorbia_balsamifera_m","layer_7","layer_2",35,0.666666666666667
"Euphorbia_balsamifera_m","layer_7","layer_2",36,0.666666666666667
"Euphorbia_balsamifera_m","layer_7","layer_2",37,0.666666666666667
"Euphorbia_balsamifera_m","layer_7","layer_2",38,0.666666666666667
"Euphorbia_balsamifera_m","layer_7","layer_2",39,0.666666666666667
"Euphorbia_balsamifera_m","layer_7","layer_2",40,0.666666666666667
"Euphorbia_balsamifera_m","layer_7","layer_2",41,0.666666666666667
"Euphorbia_balsamifera_m","layer_7","layer_2",42,0.666666666666667
"Euphorbia_balsamifera_m","layer_7","layer_2",43,0.666666666666667
"Euphorbia_balsamifera_m","layer_7","layer_2",44,0.666666666666667
"Euphorbia_balsamifera_m","layer_7","layer_2",45,0.666666666666667
"Euphorbia_balsamifera_m","layer_7","layer_2",46,0.666666666666667
"Euphorbia_balsamifera_m","layer_7","layer_2",47,0.666666666666667
"Euphorbia_balsamifera_m","layer_7","layer_2",48,0.666666666666667
"Euphorbia_balsamifera_m","layer_7","layer_2",49,0.666666666666667
"Euphorbia_balsamifera_m","layer_7","layer_2",50,0.666666666666667
"Euphorbia_balsamifera_m","layer_1","layer_3",1,0.666666666666667
"Euphorbia_balsamifera_m","layer_1","layer_3",2,0.666666666666667
"Euphorbia_balsamifera_m","layer_1","layer_3",3,0.666666666666667
"Euphorbia_balsamifera_m","layer_1","layer_3",4,0.666666666666667
"Euphorbia_balsamifera_m","layer_1","layer_3",5,0.666666666666667
"Euphorbia_balsamifera_m","layer_1","layer_3",6,0.666666666666667
"Euphorbia_balsamifera_m","layer_1","layer_3",7,0.666666666666667
"Euphorbia_balsamifera_m","layer_1","layer_3",8,0.666666666666667
"Euphorbia_balsamifera_m","layer_1","layer_3",9,0.666666666666667
"Euphorbia_balsamifera_m","layer_1","layer_3",10,0.666666666666667
"Euphorbia_balsamifera_m","layer_1","layer_3",11,0.666666666666667
"Euphorbia_balsamifera_m","layer_1","layer_3",12,0.666666666666667
"Euphorbia_balsamifera_m","layer_1","layer_3",13,0.666666666666667
"Euphorbia_balsamifera_m","layer_1","layer_3",14,0.666666666666667
"Euphorbia_balsamifera_m","layer_1","layer_3",15,0.666666666666667
"Euphorbia_balsamifera_m","layer_1","layer_3",16,0.666666666666667
"Euphorbia_balsamifera_m","layer_1","layer_3",17,0.666666666666667
"Euphorbia_balsamifera_m","layer_1","layer_3",18,0.666666666666667
"Euphorbia_balsamifera_m","layer_1","layer_3",19,0.666666666666667
"Euphorbia_balsamifera_m","layer_1","layer_3",20,0.666666666666667
"Euphorbia_balsamifera_m","layer_1","layer_3",21,0.666666666666667
"Euphorbia_balsamifera_m","layer_1","layer_3",22,0.666666666666667
"Euphorbia_balsamifera_m","layer_1","layer_3",23,0.666666666666667
"Euphorbia_balsamifera_m","layer_1","layer_3",24,0.666666666666667
"Euphorbia_balsamifera_m","layer_1","layer_3",25,0.666666666666667
"Euphorbia_balsamifera_m","layer_1","layer_3",26,0.666666666666667
"Euphorbia_balsamifera_m","layer_1","layer_3",27,0.666666666666667
"Euphorbia_balsamifera_m","layer_1","layer_3",28,0.666666666666667
"Euphorbia_balsamifera_m","layer_1","layer_3",29,0.666666666666667
"Euphorbia_balsamifera_m","layer_1","layer_3",30,0.666666666666667
"Euphorbia_balsamifera_m","layer_1","layer_3",31,0.666666666666667
"Euphorbia_balsamifera_m","layer_1","layer_3",32,0.666666666666667
"Euphorbia_balsamifera_m","layer_1","layer_3",33,0.666666666666667
"Euphorbia_balsamifera_m","layer_1","layer_3",34,0.666666666666667
"Euphorbia_balsamifera_m","layer_1","layer_3",35,0.666666666666667
"Euphorbia_balsamifera_m","layer_1","layer_3",36,0.666666666666667
"Euphorbia_balsamifera_m","layer_1","layer_3",37,0.666666666666667
"Euphorbia_balsamifera_m","layer_1","layer_3",38,0.666666666666667
"Euphorbia_balsamifera_m","layer_1","layer_3",39,0.666666666666667
"Euphorbia_balsamifera_m","layer_1","layer_3",40,0.666666666666667
"Euphorbia_balsamifera_m","layer_1","layer_3",41,0.666666666666667
"Euphorbia_balsamifera_m","layer_1","layer_3",42,0.666666666666667
"Euphorbia_balsamifera_m","layer_1","layer_3",43,0.666666666666667
"Euphorbia_balsamifera_m","layer_1","layer_3",44,0.666666666666667
"Euphorbia_balsamifera_m","layer_1","layer_3",45,0.666666666666667
"Euphorbia_balsamifera_m","layer_1","layer_3",46,0.666666666666667
"Euphorbia_balsamifera_m","layer_1","layer_3",47,0.666666666666667
"Euphorbia_balsamifera_m","layer_1","layer_3",48,0.666666666666667
"Euphorbia_balsamifera_m","layer_1","layer_3",49,0.666666666666667
"Euphorbia_balsamifera_m","layer_1","layer_3",50,0.666666666666667
"Euphorbia_balsamifera_m","layer_2","layer_3",1,0.666666666666667
"Euphorbia_balsamifera_m","layer_2","layer_3",2,0.666666666666667
"Euphorbia_balsamifera_m","layer_2","layer_3",3,0.666666666666667
"Euphorbia_balsamifera_m","layer_2","layer_3",4,0.666666666666667
"Euphorbia_balsamifera_m","layer_2","layer_3",5,0.666666666666667
"Euphorbia_balsamifera_m","layer_2","layer_3",6,0.666666666666667
"Euphorbia_balsamifera_m","layer_2","layer_3",7,0.666666666666667
"Euphorbia_balsamifera_m","layer_2","layer_3",8,0.666666666666667
"Euphorbia_balsamifera_m","layer_2","layer_3",9,0.666666666666667
"Euphorbia_balsamifera_m","layer_2","layer_3",10,0.666666666666667
"Euphorbia_balsamifera_m","layer_2","layer_3",11,0.666666666666667
"Euphorbia_balsamifera_m","layer_2","layer_3",12,0.666666666666667
"Euphorbia_balsamifera_m","layer_2","layer_3",13,0.666666666666667
"Euphorbia_balsamifera_m","layer_2","layer_3",14,0.666666666666667
"Euphorbia_balsamifera_m","layer_2","layer_3",15,0.666666666666667
"Euphorbia_balsamifera_m","layer_2","layer_3",16,0.666666666666667
"Euphorbia_balsamifera_m","layer_2","layer_3",17,0.666666666666667
"Euphorbia_balsamifera_m","layer_2","layer_3",18,0.666666666666667
"Euphorbia_balsamifera_m","layer_2","layer_3",19,0.666666666666667
"Euphorbia_balsamifera_m","layer_2","layer_3",20,0.666666666666667
"Euphorbia_balsamifera_m","layer_2","layer_3",21,0.666666666666667
"Euphorbia_balsamifera_m","layer_2","layer_3",22,0.666666666666667
"Euphorbia_balsamifera_m","layer_2","layer_3",23,0.666666666666667
"Euphorbia_balsamifera_m","layer_2","layer_3",24,0.666666666666667
"Euphorbia_balsamifera_m","layer_2","layer_3",25,0.666666666666667
"Euphorbia_balsamifera_m","layer_2","layer_3",26,0.666666666666667
"Euphorbia_balsamifera_m","layer_2","layer_3",27,0.666666666666667
"Euphorbia_balsamifera_m","layer_2","layer_3",28,0.666666666666667
"Euphorbia_balsamifera_m","layer_2","layer_3",29,0.666666666666667
"Euphorbia_balsamifera_m","layer_2","layer_3",30,0.666666666666667
"Euphorbia_balsamifera_m","layer_2","layer_3",31,0.666666666666667
"Euphorbia_balsamifera_m","layer_2","layer_3",32,0.666666666666667
"Euphorbia_balsamifera_m","layer_2","layer_3",33,0.666666666666667
"Euphorbia_balsamifera_m","layer_2","layer_3",34,0.666666666666667
"Euphorbia_balsamifera_m","layer_2","layer_3",35,0.666666666666667
"Euphorbia_balsamifera_m","layer_2","layer_3",36,0.666666666666667
"Euphorbia_balsamifera_m","layer_2","layer_3",37,0.666666666666667
"Euphorbia_balsamifera_m","layer_2","layer_3",38,0.666666666666667
"Euphorbia_balsamifera_m","layer_2","layer_3",39,0.666666666666667
"Euphorbia_balsamifera_m","layer_2","layer_3",40,0.666666666666667
"Euphorbia_balsamifera_m","layer_2","layer_3",41,0.666666666666667
"Euphorbia_balsamifera_m","layer_2","layer_3",42,0.666666666666667
"Euphorbia_balsamifera_m","layer_2","layer_3",43,0.666666666666667
"Euphorbia_balsamifera_m","layer_2","layer_3",44,0.666666666666667
"Euphorbia_balsamifera_m","layer_2","layer_3",45,0.666666666666667
"Euphorbia_balsamifera_m","layer_2","layer_3",46,0.666666666666667
"Euphorbia_balsamifera_m","layer_2","layer_3",47,0.666666666666667
"Euphorbia_balsamifera_m","layer_2","layer_3",48,0.666666666666667
"Euphorbia_balsamifera_m","layer_2","layer_3",49,0.666666666666667
"Euphorbia_balsamifera_m","layer_2","layer_3",50,0.666666666666667
"Euphorbia_balsamifera_m","layer_4","layer_3",1,0.666666666666667
"Euphorbia_balsamifera_m","layer_4","layer_3",2,0.666666666666667
"Euphorbia_balsamifera_m","layer_4","layer_3",3,0.666666666666667
"Euphorbia_balsamifera_m","layer_4","layer_3",4,0.666666666666667
"Euphorbia_balsamifera_m","layer_4","layer_3",5,0.666666666666667
"Euphorbia_balsamifera_m","layer_4","layer_3",6,0.666666666666667
"Euphorbia_balsamifera_m","layer_4","layer_3",7,0.666666666666667
"Euphorbia_balsamifera_m","layer_4","layer_3",8,0.666666666666667
"Euphorbia_balsamifera_m","layer_4","layer_3",9,0.666666666666667
"Euphorbia_balsamifera_m","layer_4","layer_3",10,0.666666666666667
"Euphorbia_balsamifera_m","layer_4","layer_3",11,0.666666666666667
"Euphorbia_balsamifera_m","layer_4","layer_3",12,0.666666666666667
"Euphorbia_balsamifera_m","layer_4","layer_3",13,0.666666666666667
"Euphorbia_balsamifera_m","layer_4","layer_3",14,0.666666666666667
"Euphorbia_balsamifera_m","layer_4","layer_3",15,0.666666666666667
"Euphorbia_balsamifera_m","layer_4","layer_3",16,0.666666666666667
"Euphorbia_balsamifera_m","layer_4","layer_3",17,0.666666666666667
"Euphorbia_balsamifera_m","layer_4","layer_3",18,0.666666666666667
"Euphorbia_balsamifera_m","layer_4","layer_3",19,0.666666666666667
"Euphorbia_balsamifera_m","layer_4","layer_3",20,0.666666666666667
"Euphorbia_balsamifera_m","layer_4","layer_3",21,0.666666666666667
"Euphorbia_balsamifera_m","layer_4","layer_3",22,0.666666666666667
"Euphorbia_balsamifera_m","layer_4","layer_3",23,0.666666666666667
"Euphorbia_balsamifera_m","layer_4","layer_3",24,0.666666666666667
"Euphorbia_balsamifera_m","layer_4","layer_3",25,0.666666666666667
"Euphorbia_balsamifera_m","layer_4","layer_3",26,0.666666666666667
"Euphorbia_balsamifera_m","layer_4","layer_3",27,0.666666666666667
"Euphorbia_balsamifera_m","layer_4","layer_3",28,0.666666666666667
"Euphorbia_balsamifera_m","layer_4","layer_3",29,0.666666666666667
"Euphorbia_balsamifera_m","layer_4","layer_3",30,0.666666666666667
"Euphorbia_balsamifera_m","layer_4","layer_3",31,0.666666666666667
"Euphorbia_balsamifera_m","layer_4","layer_3",32,0.666666666666667
"Euphorbia_balsamifera_m","layer_4","layer_3",33,0.666666666666667
"Euphorbia_balsamifera_m","layer_4","layer_3",34,0.666666666666667
"Euphorbia_balsamifera_m","layer_4","layer_3",35,0.666666666666667
"Euphorbia_balsamifera_m","layer_4","layer_3",36,0.666666666666667
"Euphorbia_balsamifera_m","layer_4","layer_3",37,0.666666666666667
"Euphorbia_balsamifera_m","layer_4","layer_3",38,0.666666666666667
"Euphorbia_balsamifera_m","layer_4","layer_3",39,0.666666666666667
"Euphorbia_balsamifera_m","layer_4","layer_3",40,0.666666666666667
"Euphorbia_balsamifera_m","layer_4","layer_3",41,0.666666666666667
"Euphorbia_balsamifera_m","layer_4","layer_3",42,0.666666666666667
"Euphorbia_balsamifera_m","layer_4","layer_3",43,0.666666666666667
"Euphorbia_balsamifera_m","layer_4","layer_3",44,0.666666666666667
"Euphorbia_balsamifera_m","layer_4","layer_3",45,0.666666666666667
"Euphorbia_balsamifera_m","layer_4","layer_3",46,0.666666666666667
"Euphorbia_balsamifera_m","layer_4","layer_3",47,0.666666666666667
"Euphorbia_balsamifera_m","layer_4","layer_3",48,0.666666666666667
"Euphorbia_balsamifera_m","layer_4","layer_3",49,0.666666666666667
"Euphorbia_balsamifera_m","layer_4","layer_3",50,0.666666666666667
"Euphorbia_balsamifera_m","layer_5","layer_3",1,0.666666666666667
"Euphorbia_balsamifera_m","layer_5","layer_3",2,0.666666666666667
"Euphorbia_balsamifera_m","layer_5","layer_3",3,0.666666666666667
"Euphorbia_balsamifera_m","layer_5","layer_3",4,0.666666666666667
"Euphorbia_balsamifera_m","layer_5","layer_3",5,0.666666666666667
"Euphorbia_balsamifera_m","layer_5","layer_3",6,0.666666666666667
"Euphorbia_balsamifera_m","layer_5","layer_3",7,0.666666666666667
"Euphorbia_balsamifera_m","layer_5","layer_3",8,0.666666666666667
"Euphorbia_balsamifera_m","layer_5","layer_3",9,0.666666666666667
"Euphorbia_balsamifera_m","layer_5","layer_3",10,0.666666666666667
"Euphorbia_balsamifera_m","layer_5","layer_3",11,0.666666666666667
"Euphorbia_balsamifera_m","layer_5","layer_3",12,0.666666666666667
"Euphorbia_balsamifera_m","layer_5","layer_3",13,0.666666666666667
"Euphorbia_balsamifera_m","layer_5","layer_3",14,0.666666666666667
"Euphorbia_balsamifera_m","layer_5","layer_3",15,0.666666666666667
"Euphorbia_balsamifera_m","layer_5","layer_3",16,0.666666666666667
"Euphorbia_balsamifera_m","layer_5","layer_3",17,0.666666666666667
"Euphorbia_balsamifera_m","layer_5","layer_3",18,0.666666666666667
"Euphorbia_balsamifera_m","layer_5","layer_3",19,0.666666666666667
"Euphorbia_balsamifera_m","layer_5","layer_3",20,0.666666666666667
"Euphorbia_balsamifera_m","layer_5","layer_3",21,0.666666666666667
"Euphorbia_balsamifera_m","layer_5","layer_3",22,0.666666666666667
"Euphorbia_balsamifera_m","layer_5","layer_3",23,0.666666666666667
"Euphorbia_balsamifera_m","layer_5","layer_3",24,0.666666666666667
"Euphorbia_balsamifera_m","layer_5","layer_3",25,0.666666666666667
"Euphorbia_balsamifera_m","layer_5","layer_3",26,0.666666666666667
"Euphorbia_balsamifera_m","layer_5","layer_3",27,0.666666666666667
"Euphorbia_balsamifera_m","layer_5","layer_3",28,0.666666666666667
"Euphorbia_balsamifera_m","layer_5","layer_3",29,0.666666666666667
"Euphorbia_balsamifera_m","layer_5","layer_3",30,0.666666666666667
"Euphorbia_balsamifera_m","layer_5","layer_3",31,0.666666666666667
"Euphorbia_balsamifera_m","layer_5","layer_3",32,0.666666666666667
"Euphorbia_balsamifera_m","layer_5","layer_3",33,0.666666666666667
"Euphorbia_balsamifera_m","layer_5","layer_3",34,0.666666666666667
"Euphorbia_balsamifera_m","layer_5","layer_3",35,0.666666666666667
"Euphorbia_balsamifera_m","layer_5","layer_3",36,0.666666666666667
"Euphorbia_balsamifera_m","layer_5","layer_3",37,0.666666666666667
"Euphorbia_balsamifera_m","layer_5","layer_3",38,0.666666666666667
"Euphorbia_balsamifera_m","layer_5","layer_3",39,0.666666666666667
"Euphorbia_balsamifera_m","layer_5","layer_3",40,0.666666666666667
"Euphorbia_balsamifera_m","layer_5","layer_3",41,0.666666666666667
"Euphorbia_balsamifera_m","layer_5","layer_3",42,0.666666666666667
"Euphorbia_balsamifera_m","layer_5","layer_3",43,0.666666666666667
"Euphorbia_balsamifera_m","layer_5","layer_3",44,0.666666666666667
"Euphorbia_balsamifera_m","layer_5","layer_3",45,0.666666666666667
"Euphorbia_balsamifera_m","layer_5","layer_3",46,0.666666666666667
"Euphorbia_balsamifera_m","layer_5","layer_3",47,0.666666666666667
"Euphorbia_balsamifera_m","layer_5","layer_3",48,0.666666666666667
"Euphorbia_balsamifera_m","layer_5","layer_3",49,0.666666666666667
"Euphorbia_balsamifera_m","layer_5","layer_3",50,0.666666666666667
"Euphorbia_balsamifera_m","layer_6","layer_3",1,0.666666666666667
"Euphorbia_balsamifera_m","layer_6","layer_3",2,0.666666666666667
"Euphorbia_balsamifera_m","layer_6","layer_3",3,0.666666666666667
"Euphorbia_balsamifera_m","layer_6","layer_3",4,0.666666666666667
"Euphorbia_balsamifera_m","layer_6","layer_3",5,0.666666666666667
"Euphorbia_balsamifera_m","layer_6","layer_3",6,0.666666666666667
"Euphorbia_balsamifera_m","layer_6","layer_3",7,0.666666666666667
"Euphorbia_balsamifera_m","layer_6","layer_3",8,0.666666666666667
"Euphorbia_balsamifera_m","layer_6","layer_3",9,0.666666666666667
"Euphorbia_balsamifera_m","layer_6","layer_3",10,0.666666666666667
"Euphorbia_balsamifera_m","layer_6","layer_3",11,0.666666666666667
"Euphorbia_balsamifera_m","layer_6","layer_3",12,0.666666666666667
"Euphorbia_balsamifera_m","layer_6","layer_3",13,0.666666666666667
"Euphorbia_balsamifera_m","layer_6","layer_3",14,0.666666666666667
"Euphorbia_balsamifera_m","layer_6","layer_3",15,0.666666666666667
"Euphorbia_balsamifera_m","layer_6","layer_3",16,0.666666666666667
"Euphorbia_balsamifera_m","layer_6","layer_3",17,0.666666666666667
"Euphorbia_balsamifera_m","layer_6","layer_3",18,0.666666666666667
"Euphorbia_balsamifera_m","layer_6","layer_3",19,0.666666666666667
"Euphorbia_balsamifera_m","layer_6","layer_3",20,0.666666666666667
"Euphorbia_balsamifera_m","layer_6","layer_3",21,0.666666666666667
"Euphorbia_balsamifera_m","layer_6","layer_3",22,0.666666666666667
"Euphorbia_balsamifera_m","layer_6","layer_3",23,0.666666666666667
"Euphorbia_balsamifera_m","layer_6","layer_3",24,0.666666666666667
"Euphorbia_balsamifera_m","layer_6","layer_3",25,0.666666666666667
"Euphorbia_balsamifera_m","layer_6","layer_3",26,0.666666666666667
"Euphorbia_balsamifera_m","layer_6","layer_3",27,0.666666666666667
"Euphorbia_balsamifera_m","layer_6","layer_3",28,0.666666666666667
"Euphorbia_balsamifera_m","layer_6","layer_3",29,0.666666666666667
"Euphorbia_balsamifera_m","layer_6","layer_3",30,0.666666666666667
"Euphorbia_balsamifera_m","layer_6","layer_3",31,0.666666666666667
"Euphorbia_balsamifera_m","layer_6","layer_3",32,0.666666666666667
"Euphorbia_balsamifera_m","layer_6","layer_3",33,0.666666666666667
"Euphorbia_balsamifera_m","layer_6","layer_3",34,0.666666666666667
"Euphorbia_balsamifera_m","layer_6","layer_3",35,0.666666666666667
"Euphorbia_balsamifera_m","layer_6","layer_3",36,0.666666666666667
"Euphorbia_balsamifera_m","layer_6","layer_3",37,0.666666666666667
"Euphorbia_balsamifera_m","layer_6","layer_3",38,0.666666666666667
"Euphorbia_balsamifera_m","layer_6","layer_3",39,0.666666666666667
"Euphorbia_balsamifera_m","layer_6","layer_3",40,0.666666666666667
"Euphorbia_balsamifera_m","layer_6","layer_3",41,0.666666666666667
"Euphorbia_balsamifera_m","layer_6","layer_3",42,0.666666666666667
"Euphorbia_balsamifera_m","layer_6","layer_3",43,0.666666666666667
"Euphorbia_balsamifera_m","layer_6","layer_3",44,0.666666666666667
"Euphorbia_balsamifera_m","layer_6","layer_3",45,0.666666666666667
"Euphorbia_balsamifera_m","layer_6","layer_3",46,0.666666666666667
"Euphorbia_balsamifera_m","layer_6","layer_3",47,0.666666666666667
"Euphorbia_balsamifera_m","layer_6","layer_3",48,0.666666666666667
"Euphorbia_balsamifera_m","layer_6","layer_3",49,0.666666666666667
"Euphorbia_balsamifera_m","layer_6","layer_3",50,0.666666666666667
"Euphorbia_balsamifera_m","layer_7","layer_3",1,0.666666666666667
"Euphorbia_balsamifera_m","layer_7","layer_3",2,0.666666666666667
"Euphorbia_balsamifera_m","layer_7","layer_3",3,0.666666666666667
"Euphorbia_balsamifera_m","layer_7","layer_3",4,0.666666666666667
"Euphorbia_balsamifera_m","layer_7","layer_3",5,0.666666666666667
"Euphorbia_balsamifera_m","layer_7","layer_3",6,0.666666666666667
"Euphorbia_balsamifera_m","layer_7","layer_3",7,0.666666666666667
"Euphorbia_balsamifera_m","layer_7","layer_3",8,0.666666666666667
"Euphorbia_balsamifera_m","layer_7","layer_3",9,0.666666666666667
"Euphorbia_balsamifera_m","layer_7","layer_3",10,0.666666666666667
"Euphorbia_balsamifera_m","layer_7","layer_3",11,0.666666666666667
"Euphorbia_balsamifera_m","layer_7","layer_3",12,0.666666666666667
"Euphorbia_balsamifera_m","layer_7","layer_3",13,0.666666666666667
"Euphorbia_balsamifera_m","layer_7","layer_3",14,0.666666666666667
"Euphorbia_balsamifera_m","layer_7","layer_3",15,0.666666666666667
"Euphorbia_balsamifera_m","layer_7","layer_3",16,0.666666666666667
"Euphorbia_balsamifera_m","layer_7","layer_3",17,0.666666666666667
"Euphorbia_balsamifera_m","layer_7","layer_3",18,0.666666666666667
"Euphorbia_balsamifera_m","layer_7","layer_3",19,0.666666666666667
"Euphorbia_balsamifera_m","layer_7","layer_3",20,0.666666666666667
"Euphorbia_balsamifera_m","layer_7","layer_3",21,0.666666666666667
"Euphorbia_balsamifera_m","layer_7","layer_3",22,0.666666666666667
"Euphorbia_balsamifera_m","layer_7","layer_3",23,0.666666666666667
"Euphorbia_balsamifera_m","layer_7","layer_3",24,0.666666666666667
"Euphorbia_balsamifera_m","layer_7","layer_3",25,0.666666666666667
"Euphorbia_balsamifera_m","layer_7","layer_3",26,0.666666666666667
"Euphorbia_balsamifera_m","layer_7","layer_3",27,0.666666666666667
"Euphorbia_balsamifera_m","layer_7","layer_3",28,0.666666666666667
"Euphorbia_balsamifera_m","layer_7","layer_3",29,0.666666666666667
"Euphorbia_balsamifera_m","layer_7","layer_3",30,0.666666666666667
"Euphorbia_balsamifera_m","layer_7","layer_3",31,0.666666666666667
"Euphorbia_balsamifera_m","layer_7","layer_3",32,0.666666666666667
"Euphorbia_balsamifera_m","layer_7","layer_3",33,0.666666666666667
"Euphorbia_balsamifera_m","layer_7","layer_3",34,0.666666666666667
"Euphorbia_balsamifera_m","layer_7","layer_3",35,0.666666666666667
"Euphorbia_balsamifera_m","layer_7","layer_3",36,0.666666666666667
"Euphorbia_balsamifera_m","layer_7","layer_3",37,0.666666666666667
"Euphorbia_balsamifera_m","layer_7","layer_3",38,0.666666666666667
"Euphorbia_balsamifera_m","layer_7","layer_3",39,0.666666666666667
"Euphorbia_balsamifera_m","layer_7","layer_3",40,0.666666666666667
"Euphorbia_balsamifera_m","layer_7","layer_3",41,0.666666666666667
"Euphorbia_balsamifera_m","layer_7","layer_3",42,0.666666666666667
"Euphorbia_balsamifera_m","layer_7","layer_3",43,0.666666666666667
"Euphorbia_balsamifera_m","layer_7","layer_3",44,0.666666666666667
"Euphorbia_balsamifera_m","layer_7","layer_3",45,0.666666666666667
"Euphorbia_balsamifera_m","layer_7","layer_3",46,0.666666666666667
"Euphorbia_balsamifera_m","layer_7","layer_3",47,0.666666666666667
"Euphorbia_balsamifera_m","layer_7","layer_3",48,0.666666666666667
"Euphorbia_balsamifera_m","layer_7","layer_3",49,0.666666666666667
"Euphorbia_balsamifera_m","layer_7","layer_3",50,0.666666666666667
"Euphorbia_balsamifera_m","layer_1","layer_4",1,0.666666666666667
"Euphorbia_balsamifera_m","layer_1","layer_4",2,0.666666666666667
"Euphorbia_balsamifera_m","layer_1","layer_4",3,0.666666666666667
"Euphorbia_balsamifera_m","layer_1","layer_4",4,0.666666666666667
"Euphorbia_balsamifera_m","layer_1","layer_4",5,0.666666666666667
"Euphorbia_balsamifera_m","layer_1","layer_4",6,0.666666666666667
"Euphorbia_balsamifera_m","layer_1","layer_4",7,0.666666666666667
"Euphorbia_balsamifera_m","layer_1","layer_4",8,0.666666666666667
"Euphorbia_balsamifera_m","layer_1","layer_4",9,0.666666666666667
"Euphorbia_balsamifera_m","layer_1","layer_4",10,0.666666666666667
"Euphorbia_balsamifera_m","layer_1","layer_4",11,0.666666666666667
"Euphorbia_balsamifera_m","layer_1","layer_4",12,0.666666666666667
"Euphorbia_balsamifera_m","layer_1","layer_4",13,0.666666666666667
"Euphorbia_balsamifera_m","layer_1","layer_4",14,0.666666666666667
"Euphorbia_balsamifera_m","layer_1","layer_4",15,0.666666666666667
"Euphorbia_balsamifera_m","layer_1","layer_4",16,0.666666666666667
"Euphorbia_balsamifera_m","layer_1","layer_4",17,0.666666666666667
"Euphorbia_balsamifera_m","layer_1","layer_4",18,0.666666666666667
"Euphorbia_balsamifera_m","layer_1","layer_4",19,0.666666666666667
"Euphorbia_balsamifera_m","layer_1","layer_4",20,0.666666666666667
"Euphorbia_balsamifera_m","layer_1","layer_4",21,0.666666666666667
"Euphorbia_balsamifera_m","layer_1","layer_4",22,0.666666666666667
"Euphorbia_balsamifera_m","layer_1","layer_4",23,0.666666666666667
"Euphorbia_balsamifera_m","layer_1","layer_4",24,0.666666666666667
"Euphorbia_balsamifera_m","layer_1","layer_4",25,0.666666666666667
"Euphorbia_balsamifera_m","layer_1","layer_4",26,0.666666666666667
"Euphorbia_balsamifera_m","layer_1","layer_4",27,0.666666666666667
"Euphorbia_balsamifera_m","layer_1","layer_4",28,0.666666666666667
"Euphorbia_balsamifera_m","layer_1","layer_4",29,0.666666666666667
"Euphorbia_balsamifera_m","layer_1","layer_4",30,0.666666666666667
"Euphorbia_balsamifera_m","layer_1","layer_4",31,0.666666666666667
"Euphorbia_balsamifera_m","layer_1","layer_4",32,0.666666666666667
"Euphorbia_balsamifera_m","layer_1","layer_4",33,0.666666666666667
"Euphorbia_balsamifera_m","layer_1","layer_4",34,0.666666666666667
"Euphorbia_balsamifera_m","layer_1","layer_4",35,0.666666666666667
"Euphorbia_balsamifera_m","layer_1","layer_4",36,0.666666666666667
"Euphorbia_balsamifera_m","layer_1","layer_4",37,0.666666666666667
"Euphorbia_balsamifera_m","layer_1","layer_4",38,0.666666666666667
"Euphorbia_balsamifera_m","layer_1","layer_4",39,0.666666666666667
"Euphorbia_balsamifera_m","layer_1","layer_4",40,0.666666666666667
"Euphorbia_balsamifera_m","layer_1","layer_4",41,0.666666666666667
"Euphorbia_balsamifera_m","layer_1","layer_4",42,0.666666666666667
"Euphorbia_balsamifera_m","layer_1","layer_4",43,0.666666666666667
"Euphorbia_balsamifera_m","layer_1","layer_4",44,0.666666666666667
"Euphorbia_balsamifera_m","layer_1","layer_4",45,0.666666666666667
"Euphorbia_balsamifera_m","layer_1","layer_4",46,0.666666666666667
"Euphorbia_balsamifera_m","layer_1","layer_4",47,0.666666666666667
"Euphorbia_balsamifera_m","layer_1","layer_4",48,0.666666666666667
"Euphorbia_balsamifera_m","layer_1","layer_4",49,0.666666666666667
"Euphorbia_balsamifera_m","layer_1","layer_4",50,0.666666666666667
"Euphorbia_balsamifera_m","layer_2","layer_4",1,0.666666666666667
"Euphorbia_balsamifera_m","layer_2","layer_4",2,0.666666666666667
"Euphorbia_balsamifera_m","layer_2","layer_4",3,0.666666666666667
"Euphorbia_balsamifera_m","layer_2","layer_4",4,0.666666666666667
"Euphorbia_balsamifera_m","layer_2","layer_4",5,0.666666666666667
"Euphorbia_balsamifera_m","layer_2","layer_4",6,0.666666666666667
"Euphorbia_balsamifera_m","layer_2","layer_4",7,0.666666666666667
"Euphorbia_balsamifera_m","layer_2","layer_4",8,0.666666666666667
"Euphorbia_balsamifera_m","layer_2","layer_4",9,0.666666666666667
"Euphorbia_balsamifera_m","layer_2","layer_4",10,0.666666666666667
"Euphorbia_balsamifera_m","layer_2","layer_4",11,0.666666666666667
"Euphorbia_balsamifera_m","layer_2","layer_4",12,0.666666666666667
"Euphorbia_balsamifera_m","layer_2","layer_4",13,0.666666666666667
"Euphorbia_balsamifera_m","layer_2","layer_4",14,0.666666666666667
"Euphorbia_balsamifera_m","layer_2","layer_4",15,0.666666666666667
"Euphorbia_balsamifera_m","layer_2","layer_4",16,0.666666666666667
"Euphorbia_balsamifera_m","layer_2","layer_4",17,0.666666666666667
"Euphorbia_balsamifera_m","layer_2","layer_4",18,0.666666666666667
"Euphorbia_balsamifera_m","layer_2","layer_4",19,0.666666666666667
"Euphorbia_balsamifera_m","layer_2","layer_4",20,0.666666666666667
"Euphorbia_balsamifera_m","layer_2","layer_4",21,0.666666666666667
"Euphorbia_balsamifera_m","layer_2","layer_4",22,0.666666666666667
"Euphorbia_balsamifera_m","layer_2","layer_4",23,0.666666666666667
"Euphorbia_balsamifera_m","layer_2","layer_4",24,0.666666666666667
"Euphorbia_balsamifera_m","layer_2","layer_4",25,0.666666666666667
"Euphorbia_balsamifera_m","layer_2","layer_4",26,0.666666666666667
"Euphorbia_balsamifera_m","layer_2","layer_4",27,0.666666666666667
"Euphorbia_balsamifera_m","layer_2","layer_4",28,0.666666666666667
"Euphorbia_balsamifera_m","layer_2","layer_4",29,0.666666666666667
"Euphorbia_balsamifera_m","layer_2","layer_4",30,0.666666666666667
"Euphorbia_balsamifera_m","layer_2","layer_4",31,0.666666666666667
"Euphorbia_balsamifera_m","layer_2","layer_4",32,0.666666666666667
"Euphorbia_balsamifera_m","layer_2","layer_4",33,0.666666666666667
"Euphorbia_balsamifera_m","layer_2","layer_4",34,0.666666666666667
"Euphorbia_balsamifera_m","layer_2","layer_4",35,0.666666666666667
"Euphorbia_balsamifera_m","layer_2","layer_4",36,0.666666666666667
"Euphorbia_balsamifera_m","layer_2","layer_4",37,0.666666666666667
"Euphorbia_balsamifera_m","layer_2","layer_4",38,0.666666666666667
"Euphorbia_balsamifera_m","layer_2","layer_4",39,0.666666666666667
"Euphorbia_balsamifera_m","layer_2","layer_4",40,0.666666666666667
"Euphorbia_balsamifera_m","layer_2","layer_4",41,0.666666666666667
"Euphorbia_balsamifera_m","layer_2","layer_4",42,0.666666666666667
"Euphorbia_balsamifera_m","layer_2","layer_4",43,0.666666666666667
"Euphorbia_balsamifera_m","layer_2","layer_4",44,0.666666666666667
"Euphorbia_balsamifera_m","layer_2","layer_4",45,0.666666666666667
"Euphorbia_balsamifera_m","layer_2","layer_4",46,0.666666666666667
"Euphorbia_balsamifera_m","layer_2","layer_4",47,0.666666666666667
"Euphorbia_balsamifera_m","layer_2","layer_4",48,0.666666666666667
"Euphorbia_balsamifera_m","layer_2","layer_4",49,0.666666666666667
"Euphorbia_balsamifera_m","layer_2","layer_4",50,0.666666666666667
"Euphorbia_balsamifera_m","layer_3","layer_4",1,0.666666666666667
"Euphorbia_balsamifera_m","layer_3","layer_4",2,0.666666666666667
"Euphorbia_balsamifera_m","layer_3","layer_4",3,0.666666666666667
"Euphorbia_balsamifera_m","layer_3","layer_4",4,0.666666666666667
"Euphorbia_balsamifera_m","layer_3","layer_4",5,0.666666666666667
"Euphorbia_balsamifera_m","layer_3","layer_4",6,0.666666666666667
"Euphorbia_balsamifera_m","layer_3","layer_4",7,0.666666666666667
"Euphorbia_balsamifera_m","layer_3","layer_4",8,0.666666666666667
"Euphorbia_balsamifera_m","layer_3","layer_4",9,0.666666666666667
"Euphorbia_balsamifera_m","layer_3","layer_4",10,0.666666666666667
"Euphorbia_balsamifera_m","layer_3","layer_4",11,0.666666666666667
"Euphorbia_balsamifera_m","layer_3","layer_4",12,0.666666666666667
"Euphorbia_balsamifera_m","layer_3","layer_4",13,0.666666666666667
"Euphorbia_balsamifera_m","layer_3","layer_4",14,0.666666666666667
"Euphorbia_balsamifera_m","layer_3","layer_4",15,0.666666666666667
"Euphorbia_balsamifera_m","layer_3","layer_4",16,0.666666666666667
"Euphorbia_balsamifera_m","layer_3","layer_4",17,0.666666666666667
"Euphorbia_balsamifera_m","layer_3","layer_4",18,0.666666666666667
"Euphorbia_balsamifera_m","layer_3","layer_4",19,0.666666666666667
"Euphorbia_balsamifera_m","layer_3","layer_4",20,0.666666666666667
"Euphorbia_balsamifera_m","layer_3","layer_4",21,0.666666666666667
"Euphorbia_balsamifera_m","layer_3","layer_4",22,0.666666666666667
"Euphorbia_balsamifera_m","layer_3","layer_4",23,0.666666666666667
"Euphorbia_balsamifera_m","layer_3","layer_4",24,0.666666666666667
"Euphorbia_balsamifera_m","layer_3","layer_4",25,0.666666666666667
"Euphorbia_balsamifera_m","layer_3","layer_4",26,0.666666666666667
"Euphorbia_balsamifera_m","layer_3","layer_4",27,0.666666666666667
"Euphorbia_balsamifera_m","layer_3","layer_4",28,0.666666666666667
"Euphorbia_balsamifera_m","layer_3","layer_4",29,0.666666666666667
"Euphorbia_balsamifera_m","layer_3","layer_4",30,0.666666666666667
"Euphorbia_balsamifera_m","layer_3","layer_4",31,0.666666666666667
"Euphorbia_balsamifera_m","layer_3","layer_4",32,0.666666666666667
"Euphorbia_balsamifera_m","layer_3","layer_4",33,0.666666666666667
"Euphorbia_balsamifera_m","layer_3","layer_4",34,0.666666666666667
"Euphorbia_balsamifera_m","layer_3","layer_4",35,0.666666666666667
"Euphorbia_balsamifera_m","layer_3","layer_4",36,0.666666666666667
"Euphorbia_balsamifera_m","layer_3","layer_4",37,0.666666666666667
"Euphorbia_balsamifera_m","layer_3","layer_4",38,0.666666666666667
"Euphorbia_balsamifera_m","layer_3","layer_4",39,0.666666666666667
"Euphorbia_balsamifera_m","layer_3","layer_4",40,0.666666666666667
"Euphorbia_balsamifera_m","layer_3","layer_4",41,0.666666666666667
"Euphorbia_balsamifera_m","layer_3","layer_4",42,0.666666666666667
"Euphorbia_balsamifera_m","layer_3","layer_4",43,0.666666666666667
"Euphorbia_balsamifera_m","layer_3","layer_4",44,0.666666666666667
"Euphorbia_balsamifera_m","layer_3","layer_4",45,0.666666666666667
"Euphorbia_balsamifera_m","layer_3","layer_4",46,0.666666666666667
"Euphorbia_balsamifera_m","layer_3","layer_4",47,0.666666666666667
"Euphorbia_balsamifera_m","layer_3","layer_4",48,0.666666666666667
"Euphorbia_balsamifera_m","layer_3","layer_4",49,0.666666666666667
"Euphorbia_balsamifera_m","layer_3","layer_4",50,0.666666666666667
"Euphorbia_balsamifera_m","layer_5","layer_4",1,0.666666666666667
"Euphorbia_balsamifera_m","layer_5","layer_4",2,0.666666666666667
"Euphorbia_balsamifera_m","layer_5","layer_4",3,0.666666666666667
"Euphorbia_balsamifera_m","layer_5","layer_4",4,0.666666666666667
"Euphorbia_balsamifera_m","layer_5","layer_4",5,0.666666666666667
"Euphorbia_balsamifera_m","layer_5","layer_4",6,0.666666666666667
"Euphorbia_balsamifera_m","layer_5","layer_4",7,0.666666666666667
"Euphorbia_balsamifera_m","layer_5","layer_4",8,0.666666666666667
"Euphorbia_balsamifera_m","layer_5","layer_4",9,0.666666666666667
"Euphorbia_balsamifera_m","layer_5","layer_4",10,0.666666666666667
"Euphorbia_balsamifera_m","layer_5","layer_4",11,0.666666666666667
"Euphorbia_balsamifera_m","layer_5","layer_4",12,0.666666666666667
"Euphorbia_balsamifera_m","layer_5","layer_4",13,0.666666666666667
"Euphorbia_balsamifera_m","layer_5","layer_4",14,0.666666666666667
"Euphorbia_balsamifera_m","layer_5","layer_4",15,0.666666666666667
"Euphorbia_balsamifera_m","layer_5","layer_4",16,0.666666666666667
"Euphorbia_balsamifera_m","layer_5","layer_4",17,0.666666666666667
"Euphorbia_balsamifera_m","layer_5","layer_4",18,0.666666666666667
"Euphorbia_balsamifera_m","layer_5","layer_4",19,0.666666666666667
"Euphorbia_balsamifera_m","layer_5","layer_4",20,0.666666666666667
"Euphorbia_balsamifera_m","layer_5","layer_4",21,0.666666666666667
"Euphorbia_balsamifera_m","layer_5","layer_4",22,0.666666666666667
"Euphorbia_balsamifera_m","layer_5","layer_4",23,0.666666666666667
"Euphorbia_balsamifera_m","layer_5","layer_4",24,0.666666666666667
"Euphorbia_balsamifera_m","layer_5","layer_4",25,0.666666666666667
"Euphorbia_balsamifera_m","layer_5","layer_4",26,0.666666666666667
"Euphorbia_balsamifera_m","layer_5","layer_4",27,0.666666666666667
"Euphorbia_balsamifera_m","layer_5","layer_4",28,0.666666666666667
"Euphorbia_balsamifera_m","layer_5","layer_4",29,0.666666666666667
"Euphorbia_balsamifera_m","layer_5","layer_4",30,0.666666666666667
"Euphorbia_balsamifera_m","layer_5","layer_4",31,0.666666666666667
"Euphorbia_balsamifera_m","layer_5","layer_4",32,0.666666666666667
"Euphorbia_balsamifera_m","layer_5","layer_4",33,0.666666666666667
"Euphorbia_balsamifera_m","layer_5","layer_4",34,0.666666666666667
"Euphorbia_balsamifera_m","layer_5","layer_4",35,0.666666666666667
"Euphorbia_balsamifera_m","layer_5","layer_4",36,0.666666666666667
"Euphorbia_balsamifera_m","layer_5","layer_4",37,0.666666666666667
"Euphorbia_balsamifera_m","layer_5","layer_4",38,0.666666666666667
"Euphorbia_balsamifera_m","layer_5","layer_4",39,0.666666666666667
"Euphorbia_balsamifera_m","layer_5","layer_4",40,0.666666666666667
"Euphorbia_balsamifera_m","layer_5","layer_4",41,0.666666666666667
"Euphorbia_balsamifera_m","layer_5","layer_4",42,0.666666666666667
"Euphorbia_balsamifera_m","layer_5","layer_4",43,0.666666666666667
"Euphorbia_balsamifera_m","layer_5","layer_4",44,0.666666666666667
"Euphorbia_balsamifera_m","layer_5","layer_4",45,0.666666666666667
"Euphorbia_balsamifera_m","layer_5","layer_4",46,0.666666666666667
"Euphorbia_balsamifera_m","layer_5","layer_4",47,0.666666666666667
"Euphorbia_balsamifera_m","layer_5","layer_4",48,0.666666666666667
"Euphorbia_balsamifera_m","layer_5","layer_4",49,0.666666666666667
"Euphorbia_balsamifera_m","layer_5","layer_4",50,0.666666666666667
"Euphorbia_balsamifera_m","layer_6","layer_4",1,0.666666666666667
"Euphorbia_balsamifera_m","layer_6","layer_4",2,0.666666666666667
"Euphorbia_balsamifera_m","layer_6","layer_4",3,0.666666666666667
"Euphorbia_balsamifera_m","layer_6","layer_4",4,0.666666666666667
"Euphorbia_balsamifera_m","layer_6","layer_4",5,0.666666666666667
"Euphorbia_balsamifera_m","layer_6","layer_4",6,0.666666666666667
"Euphorbia_balsamifera_m","layer_6","layer_4",7,0.666666666666667
"Euphorbia_balsamifera_m","layer_6","layer_4",8,0.666666666666667
"Euphorbia_balsamifera_m","layer_6","layer_4",9,0.666666666666667
"Euphorbia_balsamifera_m","layer_6","layer_4",10,0.666666666666667
"Euphorbia_balsamifera_m","layer_6","layer_4",11,0.666666666666667
"Euphorbia_balsamifera_m","layer_6","layer_4",12,0.666666666666667
"Euphorbia_balsamifera_m","layer_6","layer_4",13,0.666666666666667
"Euphorbia_balsamifera_m","layer_6","layer_4",14,0.666666666666667
"Euphorbia_balsamifera_m","layer_6","layer_4",15,0.666666666666667
"Euphorbia_balsamifera_m","layer_6","layer_4",16,0.666666666666667
"Euphorbia_balsamifera_m","layer_6","layer_4",17,0.666666666666667
"Euphorbia_balsamifera_m","layer_6","layer_4",18,0.666666666666667
"Euphorbia_balsamifera_m","layer_6","layer_4",19,0.666666666666667
"Euphorbia_balsamifera_m","layer_6","layer_4",20,0.666666666666667
"Euphorbia_balsamifera_m","layer_6","layer_4",21,0.666666666666667
"Euphorbia_balsamifera_m","layer_6","layer_4",22,0.666666666666667
"Euphorbia_balsamifera_m","layer_6","layer_4",23,0.666666666666667
"Euphorbia_balsamifera_m","layer_6","layer_4",24,0.666666666666667
"Euphorbia_balsamifera_m","layer_6","layer_4",25,0.666666666666667
"Euphorbia_balsamifera_m","layer_6","layer_4",26,0.666666666666667
"Euphorbia_balsamifera_m","layer_6","layer_4",27,0.666666666666667
"Euphorbia_balsamifera_m","layer_6","layer_4",28,0.666666666666667
"Euphorbia_balsamifera_m","layer_6","layer_4",29,0.666666666666667
"Euphorbia_balsamifera_m","layer_6","layer_4",30,0.666666666666667
"Euphorbia_balsamifera_m","layer_6","layer_4",31,0.666666666666667
"Euphorbia_balsamifera_m","layer_6","layer_4",32,0.666666666666667
"Euphorbia_balsamifera_m","layer_6","layer_4",33,0.666666666666667
"Euphorbia_balsamifera_m","layer_6","layer_4",34,0.666666666666667
"Euphorbia_balsamifera_m","layer_6","layer_4",35,0.666666666666667
"Euphorbia_balsamifera_m","layer_6","layer_4",36,0.666666666666667
"Euphorbia_balsamifera_m","layer_6","layer_4",37,0.666666666666667
"Euphorbia_balsamifera_m","layer_6","layer_4",38,0.666666666666667
"Euphorbia_balsamifera_m","layer_6","layer_4",39,0.666666666666667
"Euphorbia_balsamifera_m","layer_6","layer_4",40,0.666666666666667
"Euphorbia_balsamifera_m","layer_6","layer_4",41,0.666666666666667
"Euphorbia_balsamifera_m","layer_6","layer_4",42,0.666666666666667
"Euphorbia_balsamifera_m","layer_6","layer_4",43,0.666666666666667
"Euphorbia_balsamifera_m","layer_6","layer_4",44,0.666666666666667
"Euphorbia_balsamifera_m","layer_6","layer_4",45,0.666666666666667
"Euphorbia_balsamifera_m","layer_6","layer_4",46,0.666666666666667
"Euphorbia_balsamifera_m","layer_6","layer_4",47,0.666666666666667
"Euphorbia_balsamifera_m","layer_6","layer_4",48,0.666666666666667
"Euphorbia_balsamifera_m","layer_6","layer_4",49,0.666666666666667
"Euphorbia_balsamifera_m","layer_6","layer_4",50,0.666666666666667
"Euphorbia_balsamifera_m","layer_7","layer_4",1,0.666666666666667
"Euphorbia_balsamifera_m","layer_7","layer_4",2,0.666666666666667
"Euphorbia_balsamifera_m","layer_7","layer_4",3,0.666666666666667
"Euphorbia_balsamifera_m","layer_7","layer_4",4,0.666666666666667
"Euphorbia_balsamifera_m","layer_7","layer_4",5,0.666666666666667
"Euphorbia_balsamifera_m","layer_7","layer_4",6,0.666666666666667
"Euphorbia_balsamifera_m","layer_7","layer_4",7,0.666666666666667
"Euphorbia_balsamifera_m","layer_7","layer_4",8,0.666666666666667
"Euphorbia_balsamifera_m","layer_7","layer_4",9,0.666666666666667
"Euphorbia_balsamifera_m","layer_7","layer_4",10,0.666666666666667
"Euphorbia_balsamifera_m","layer_7","layer_4",11,0.666666666666667
"Euphorbia_balsamifera_m","layer_7","layer_4",12,0.666666666666667
"Euphorbia_balsamifera_m","layer_7","layer_4",13,0.666666666666667
"Euphorbia_balsamifera_m","layer_7","layer_4",14,0.666666666666667
"Euphorbia_balsamifera_m","layer_7","layer_4",15,0.666666666666667
"Euphorbia_balsamifera_m","layer_7","layer_4",16,0.666666666666667
"Euphorbia_balsamifera_m","layer_7","layer_4",17,0.666666666666667
"Euphorbia_balsamifera_m","layer_7","layer_4",18,0.666666666666667
"Euphorbia_balsamifera_m","layer_7","layer_4",19,0.666666666666667
"Euphorbia_balsamifera_m","layer_7","layer_4",20,0.666666666666667
"Euphorbia_balsamifera_m","layer_7","layer_4",21,0.666666666666667
"Euphorbia_balsamifera_m","layer_7","layer_4",22,0.666666666666667
"Euphorbia_balsamifera_m","layer_7","layer_4",23,0.666666666666667
"Euphorbia_balsamifera_m","layer_7","layer_4",24,0.666666666666667
"Euphorbia_balsamifera_m","layer_7","layer_4",25,0.666666666666667
"Euphorbia_balsamifera_m","layer_7","layer_4",26,0.666666666666667
"Euphorbia_balsamifera_m","layer_7","layer_4",27,0.666666666666667
"Euphorbia_balsamifera_m","layer_7","layer_4",28,0.666666666666667
"Euphorbia_balsamifera_m","layer_7","layer_4",29,0.666666666666667
"Euphorbia_balsamifera_m","layer_7","layer_4",30,0.666666666666667
"Euphorbia_balsamifera_m","layer_7","layer_4",31,0.666666666666667
"Euphorbia_balsamifera_m","layer_7","layer_4",32,0.666666666666667
"Euphorbia_balsamifera_m","layer_7","layer_4",33,0.666666666666667
"Euphorbia_balsamifera_m","layer_7","layer_4",34,0.666666666666667
"Euphorbia_balsamifera_m","layer_7","layer_4",35,0.666666666666667
"Euphorbia_balsamifera_m","layer_7","layer_4",36,0.666666666666667
"Euphorbia_balsamifera_m","layer_7","layer_4",37,0.666666666666667
"Euphorbia_balsamifera_m","layer_7","layer_4",38,0.666666666666667
"Euphorbia_balsamifera_m","layer_7","layer_4",39,0.666666666666667
"Euphorbia_balsamifera_m","layer_7","layer_4",40,0.666666666666667
"Euphorbia_balsamifera_m","layer_7","layer_4",41,0.666666666666667
"Euphorbia_balsamifera_m","layer_7","layer_4",42,0.666666666666667
"Euphorbia_balsamifera_m","layer_7","layer_4",43,0.666666666666667
"Euphorbia_balsamifera_m","layer_7","layer_4",44,0.666666666666667
"Euphorbia_balsamifera_m","layer_7","layer_4",45,0.666666666666667
"Euphorbia_balsamifera_m","layer_7","layer_4",46,0.666666666666667
"Euphorbia_balsamifera_m","layer_7","layer_4",47,0.666666666666667
"Euphorbia_balsamifera_m","layer_7","layer_4",48,0.666666666666667
"Euphorbia_balsamifera_m","layer_7","layer_4",49,0.666666666666667
"Euphorbia_balsamifera_m","layer_7","layer_4",50,0.666666666666667
"Euphorbia_balsamifera_m","layer_1","layer_5",1,0.666666666666667
"Euphorbia_balsamifera_m","layer_1","layer_5",2,0.666666666666667
"Euphorbia_balsamifera_m","layer_1","layer_5",3,0.666666666666667
"Euphorbia_balsamifera_m","layer_1","layer_5",4,0.666666666666667
"Euphorbia_balsamifera_m","layer_1","layer_5",5,0.666666666666667
"Euphorbia_balsamifera_m","layer_1","layer_5",6,0.666666666666667
"Euphorbia_balsamifera_m","layer_1","layer_5",7,0.666666666666667
"Euphorbia_balsamifera_m","layer_1","layer_5",8,0.666666666666667
"Euphorbia_balsamifera_m","layer_1","layer_5",9,0.666666666666667
"Euphorbia_balsamifera_m","layer_1","layer_5",10,0.666666666666667
"Euphorbia_balsamifera_m","layer_1","layer_5",11,0.666666666666667
"Euphorbia_balsamifera_m","layer_1","layer_5",12,0.666666666666667
"Euphorbia_balsamifera_m","layer_1","layer_5",13,0.666666666666667
"Euphorbia_balsamifera_m","layer_1","layer_5",14,0.666666666666667
"Euphorbia_balsamifera_m","layer_1","layer_5",15,0.666666666666667
"Euphorbia_balsamifera_m","layer_1","layer_5",16,0.666666666666667
"Euphorbia_balsamifera_m","layer_1","layer_5",17,0.666666666666667
"Euphorbia_balsamifera_m","layer_1","layer_5",18,0.666666666666667
"Euphorbia_balsamifera_m","layer_1","layer_5",19,0.666666666666667
"Euphorbia_balsamifera_m","layer_1","layer_5",20,0.666666666666667
"Euphorbia_balsamifera_m","layer_1","layer_5",21,0.666666666666667
"Euphorbia_balsamifera_m","layer_1","layer_5",22,0.666666666666667
"Euphorbia_balsamifera_m","layer_1","layer_5",23,0.666666666666667
"Euphorbia_balsamifera_m","layer_1","layer_5",24,0.666666666666667
"Euphorbia_balsamifera_m","layer_1","layer_5",25,0.666666666666667
"Euphorbia_balsamifera_m","layer_1","layer_5",26,0.666666666666667
"Euphorbia_balsamifera_m","layer_1","layer_5",27,0.666666666666667
"Euphorbia_balsamifera_m","layer_1","layer_5",28,0.666666666666667
"Euphorbia_balsamifera_m","layer_1","layer_5",29,0.666666666666667
"Euphorbia_balsamifera_m","layer_1","layer_5",30,0.666666666666667
"Euphorbia_balsamifera_m","layer_1","layer_5",31,0.666666666666667
"Euphorbia_balsamifera_m","layer_1","layer_5",32,0.666666666666667
"Euphorbia_balsamifera_m","layer_1","layer_5",33,0.666666666666667
"Euphorbia_balsamifera_m","layer_1","layer_5",34,0.666666666666667
"Euphorbia_balsamifera_m","layer_1","layer_5",35,0.666666666666667
"Euphorbia_balsamifera_m","layer_1","layer_5",36,0.666666666666667
"Euphorbia_balsamifera_m","layer_1","layer_5",37,0.666666666666667
"Euphorbia_balsamifera_m","layer_1","layer_5",38,0.666666666666667
"Euphorbia_balsamifera_m","layer_1","layer_5",39,0.666666666666667
"Euphorbia_balsamifera_m","layer_1","layer_5",40,0.666666666666667
"Euphorbia_balsamifera_m","layer_1","layer_5",41,0.666666666666667
"Euphorbia_balsamifera_m","layer_1","layer_5",42,0.666666666666667
"Euphorbia_balsamifera_m","layer_1","layer_5",43,0.666666666666667
"Euphorbia_balsamifera_m","layer_1","layer_5",44,0.666666666666667
"Euphorbia_balsamifera_m","layer_1","layer_5",45,0.666666666666667
"Euphorbia_balsamifera_m","layer_1","layer_5",46,0.666666666666667
"Euphorbia_balsamifera_m","layer_1","layer_5",47,0.666666666666667
"Euphorbia_balsamifera_m","layer_1","layer_5",48,0.666666666666667
"Euphorbia_balsamifera_m","layer_1","layer_5",49,0.666666666666667
"Euphorbia_balsamifera_m","layer_1","layer_5",50,0.666666666666667
"Euphorbia_balsamifera_m","layer_2","layer_5",1,0.666666666666667
"Euphorbia_balsamifera_m","layer_2","layer_5",2,0.666666666666667
"Euphorbia_balsamifera_m","layer_2","layer_5",3,0.666666666666667
"Euphorbia_balsamifera_m","layer_2","layer_5",4,0.666666666666667
"Euphorbia_balsamifera_m","layer_2","layer_5",5,0.666666666666667
"Euphorbia_balsamifera_m","layer_2","layer_5",6,0.666666666666667
"Euphorbia_balsamifera_m","layer_2","layer_5",7,0.666666666666667
"Euphorbia_balsamifera_m","layer_2","layer_5",8,0.666666666666667
"Euphorbia_balsamifera_m","layer_2","layer_5",9,0.666666666666667
"Euphorbia_balsamifera_m","layer_2","layer_5",10,0.666666666666667
"Euphorbia_balsamifera_m","layer_2","layer_5",11,0.666666666666667
"Euphorbia_balsamifera_m","layer_2","layer_5",12,0.666666666666667
"Euphorbia_balsamifera_m","layer_2","layer_5",13,0.666666666666667
"Euphorbia_balsamifera_m","layer_2","layer_5",14,0.666666666666667
"Euphorbia_balsamifera_m","layer_2","layer_5",15,0.666666666666667
"Euphorbia_balsamifera_m","layer_2","layer_5",16,0.666666666666667
"Euphorbia_balsamifera_m","layer_2","layer_5",17,0.666666666666667
"Euphorbia_balsamifera_m","layer_2","layer_5",18,0.666666666666667
"Euphorbia_balsamifera_m","layer_2","layer_5",19,0.666666666666667
"Euphorbia_balsamifera_m","layer_2","layer_5",20,0.666666666666667
"Euphorbia_balsamifera_m","layer_2","layer_5",21,0.666666666666667
"Euphorbia_balsamifera_m","layer_2","layer_5",22,0.666666666666667
"Euphorbia_balsamifera_m","layer_2","layer_5",23,0.666666666666667
"Euphorbia_balsamifera_m","layer_2","layer_5",24,0.666666666666667
"Euphorbia_balsamifera_m","layer_2","layer_5",25,0.666666666666667
"Euphorbia_balsamifera_m","layer_2","layer_5",26,0.666666666666667
"Euphorbia_balsamifera_m","layer_2","layer_5",27,0.666666666666667
"Euphorbia_balsamifera_m","layer_2","layer_5",28,0.666666666666667
"Euphorbia_balsamifera_m","layer_2","layer_5",29,0.666666666666667
"Euphorbia_balsamifera_m","layer_2","layer_5",30,0.666666666666667
"Euphorbia_balsamifera_m","layer_2","layer_5",31,0.666666666666667
"Euphorbia_balsamifera_m","layer_2","layer_5",32,0.666666666666667
"Euphorbia_balsamifera_m","layer_2","layer_5",33,0.666666666666667
"Euphorbia_balsamifera_m","layer_2","layer_5",34,0.666666666666667
"Euphorbia_balsamifera_m","layer_2","layer_5",35,0.666666666666667
"Euphorbia_balsamifera_m","layer_2","layer_5",36,0.666666666666667
"Euphorbia_balsamifera_m","layer_2","layer_5",37,0.666666666666667
"Euphorbia_balsamifera_m","layer_2","layer_5",38,0.666666666666667
"Euphorbia_balsamifera_m","layer_2","layer_5",39,0.666666666666667
"Euphorbia_balsamifera_m","layer_2","layer_5",40,0.666666666666667
"Euphorbia_balsamifera_m","layer_2","layer_5",41,0.666666666666667
"Euphorbia_balsamifera_m","layer_2","layer_5",42,0.666666666666667
"Euphorbia_balsamifera_m","layer_2","layer_5",43,0.666666666666667
"Euphorbia_balsamifera_m","layer_2","layer_5",44,0.666666666666667
"Euphorbia_balsamifera_m","layer_2","layer_5",45,0.666666666666667
"Euphorbia_balsamifera_m","layer_2","layer_5",46,0.666666666666667
"Euphorbia_balsamifera_m","layer_2","layer_5",47,0.666666666666667
"Euphorbia_balsamifera_m","layer_2","layer_5",48,0.666666666666667
"Euphorbia_balsamifera_m","layer_2","layer_5",49,0.666666666666667
"Euphorbia_balsamifera_m","layer_2","layer_5",50,0.666666666666667
"Euphorbia_balsamifera_m","layer_3","layer_5",1,0.666666666666667
"Euphorbia_balsamifera_m","layer_3","layer_5",2,0.666666666666667
"Euphorbia_balsamifera_m","layer_3","layer_5",3,0.666666666666667
"Euphorbia_balsamifera_m","layer_3","layer_5",4,0.666666666666667
"Euphorbia_balsamifera_m","layer_3","layer_5",5,0.666666666666667
"Euphorbia_balsamifera_m","layer_3","layer_5",6,0.666666666666667
"Euphorbia_balsamifera_m","layer_3","layer_5",7,0.666666666666667
"Euphorbia_balsamifera_m","layer_3","layer_5",8,0.666666666666667
"Euphorbia_balsamifera_m","layer_3","layer_5",9,0.666666666666667
"Euphorbia_balsamifera_m","layer_3","layer_5",10,0.666666666666667
"Euphorbia_balsamifera_m","layer_3","layer_5",11,0.666666666666667
"Euphorbia_balsamifera_m","layer_3","layer_5",12,0.666666666666667
"Euphorbia_balsamifera_m","layer_3","layer_5",13,0.666666666666667
"Euphorbia_balsamifera_m","layer_3","layer_5",14,0.666666666666667
"Euphorbia_balsamifera_m","layer_3","layer_5",15,0.666666666666667
"Euphorbia_balsamifera_m","layer_3","layer_5",16,0.666666666666667
"Euphorbia_balsamifera_m","layer_3","layer_5",17,0.666666666666667
"Euphorbia_balsamifera_m","layer_3","layer_5",18,0.666666666666667
"Euphorbia_balsamifera_m","layer_3","layer_5",19,0.666666666666667
"Euphorbia_balsamifera_m","layer_3","layer_5",20,0.666666666666667
"Euphorbia_balsamifera_m","layer_3","layer_5",21,0.666666666666667
"Euphorbia_balsamifera_m","layer_3","layer_5",22,0.666666666666667
"Euphorbia_balsamifera_m","layer_3","layer_5",23,0.666666666666667
"Euphorbia_balsamifera_m","layer_3","layer_5",24,0.666666666666667
"Euphorbia_balsamifera_m","layer_3","layer_5",25,0.666666666666667
"Euphorbia_balsamifera_m","layer_3","layer_5",26,0.666666666666667
"Euphorbia_balsamifera_m","layer_3","layer_5",27,0.666666666666667
"Euphorbia_balsamifera_m","layer_3","layer_5",28,0.666666666666667
"Euphorbia_balsamifera_m","layer_3","layer_5",29,0.666666666666667
"Euphorbia_balsamifera_m","layer_3","layer_5",30,0.666666666666667
"Euphorbia_balsamifera_m","layer_3","layer_5",31,0.666666666666667
"Euphorbia_balsamifera_m","layer_3","layer_5",32,0.666666666666667
"Euphorbia_balsamifera_m","layer_3","layer_5",33,0.666666666666667
"Euphorbia_balsamifera_m","layer_3","layer_5",34,0.666666666666667
"Euphorbia_balsamifera_m","layer_3","layer_5",35,0.666666666666667
"Euphorbia_balsamifera_m","layer_3","layer_5",36,0.666666666666667
"Euphorbia_balsamifera_m","layer_3","layer_5",37,0.666666666666667
"Euphorbia_balsamifera_m","layer_3","layer_5",38,0.666666666666667
"Euphorbia_balsamifera_m","layer_3","layer_5",39,0.666666666666667
"Euphorbia_balsamifera_m","layer_3","layer_5",40,0.666666666666667
"Euphorbia_balsamifera_m","layer_3","layer_5",41,0.666666666666667
"Euphorbia_balsamifera_m","layer_3","layer_5",42,0.666666666666667
"Euphorbia_balsamifera_m","layer_3","layer_5",43,0.666666666666667
"Euphorbia_balsamifera_m","layer_3","layer_5",44,0.666666666666667
"Euphorbia_balsamifera_m","layer_3","layer_5",45,0.666666666666667
"Euphorbia_balsamifera_m","layer_3","layer_5",46,0.666666666666667
"Euphorbia_balsamifera_m","layer_3","layer_5",47,0.666666666666667
"Euphorbia_balsamifera_m","layer_3","layer_5",48,0.666666666666667
"Euphorbia_balsamifera_m","layer_3","layer_5",49,0.666666666666667
"Euphorbia_balsamifera_m","layer_3","layer_5",50,0.666666666666667
"Euphorbia_balsamifera_m","layer_4","layer_5",1,0.666666666666667
"Euphorbia_balsamifera_m","layer_4","layer_5",2,0.666666666666667
"Euphorbia_balsamifera_m","layer_4","layer_5",3,0.666666666666667
"Euphorbia_balsamifera_m","layer_4","layer_5",4,0.666666666666667
"Euphorbia_balsamifera_m","layer_4","layer_5",5,0.666666666666667
"Euphorbia_balsamifera_m","layer_4","layer_5",6,0.666666666666667
"Euphorbia_balsamifera_m","layer_4","layer_5",7,0.666666666666667
"Euphorbia_balsamifera_m","layer_4","layer_5",8,0.666666666666667
"Euphorbia_balsamifera_m","layer_4","layer_5",9,0.666666666666667
"Euphorbia_balsamifera_m","layer_4","layer_5",10,0.666666666666667
"Euphorbia_balsamifera_m","layer_4","layer_5",11,0.666666666666667
"Euphorbia_balsamifera_m","layer_4","layer_5",12,0.666666666666667
"Euphorbia_balsamifera_m","layer_4","layer_5",13,0.666666666666667
"Euphorbia_balsamifera_m","layer_4","layer_5",14,0.666666666666667
"Euphorbia_balsamifera_m","layer_4","layer_5",15,0.666666666666667
"Euphorbia_balsamifera_m","layer_4","layer_5",16,0.666666666666667
"Euphorbia_balsamifera_m","layer_4","layer_5",17,0.666666666666667
"Euphorbia_balsamifera_m","layer_4","layer_5",18,0.666666666666667
"Euphorbia_balsamifera_m","layer_4","layer_5",19,0.666666666666667
"Euphorbia_balsamifera_m","layer_4","layer_5",20,0.666666666666667
"Euphorbia_balsamifera_m","layer_4","layer_5",21,0.666666666666667
"Euphorbia_balsamifera_m","layer_4","layer_5",22,0.666666666666667
"Euphorbia_balsamifera_m","layer_4","layer_5",23,0.666666666666667
"Euphorbia_balsamifera_m","layer_4","layer_5",24,0.666666666666667
"Euphorbia_balsamifera_m","layer_4","layer_5",25,0.666666666666667
"Euphorbia_balsamifera_m","layer_4","layer_5",26,0.666666666666667
"Euphorbia_balsamifera_m","layer_4","layer_5",27,0.666666666666667
"Euphorbia_balsamifera_m","layer_4","layer_5",28,0.666666666666667
"Euphorbia_balsamifera_m","layer_4","layer_5",29,0.666666666666667
"Euphorbia_balsamifera_m","layer_4","layer_5",30,0.666666666666667
"Euphorbia_balsamifera_m","layer_4","layer_5",31,0.666666666666667
"Euphorbia_balsamifera_m","layer_4","layer_5",32,0.666666666666667
"Euphorbia_balsamifera_m","layer_4","layer_5",33,0.666666666666667
"Euphorbia_balsamifera_m","layer_4","layer_5",34,0.666666666666667
"Euphorbia_balsamifera_m","layer_4","layer_5",35,0.666666666666667
"Euphorbia_balsamifera_m","layer_4","layer_5",36,0.666666666666667
"Euphorbia_balsamifera_m","layer_4","layer_5",37,0.666666666666667
"Euphorbia_balsamifera_m","layer_4","layer_5",38,0.666666666666667
"Euphorbia_balsamifera_m","layer_4","layer_5",39,0.666666666666667
"Euphorbia_balsamifera_m","layer_4","layer_5",40,0.666666666666667
"Euphorbia_balsamifera_m","layer_4","layer_5",41,0.666666666666667
"Euphorbia_balsamifera_m","layer_4","layer_5",42,0.666666666666667
"Euphorbia_balsamifera_m","layer_4","layer_5",43,0.666666666666667
"Euphorbia_balsamifera_m","layer_4","layer_5",44,0.666666666666667
"Euphorbia_balsamifera_m","layer_4","layer_5",45,0.666666666666667
"Euphorbia_balsamifera_m","layer_4","layer_5",46,0.666666666666667
"Euphorbia_balsamifera_m","layer_4","layer_5",47,0.666666666666667
"Euphorbia_balsamifera_m","layer_4","layer_5",48,0.666666666666667
"Euphorbia_balsamifera_m","layer_4","layer_5",49,0.666666666666667
"Euphorbia_balsamifera_m","layer_4","layer_5",50,0.666666666666667
"Euphorbia_balsamifera_m","layer_6","layer_5",1,0.666666666666667
"Euphorbia_balsamifera_m","layer_6","layer_5",2,0.666666666666667
"Euphorbia_balsamifera_m","layer_6","layer_5",3,0.666666666666667
"Euphorbia_balsamifera_m","layer_6","layer_5",4,0.666666666666667
"Euphorbia_balsamifera_m","layer_6","layer_5",5,0.666666666666667
"Euphorbia_balsamifera_m","layer_6","layer_5",6,0.666666666666667
"Euphorbia_balsamifera_m","layer_6","layer_5",7,0.666666666666667
"Euphorbia_balsamifera_m","layer_6","layer_5",8,0.666666666666667
"Euphorbia_balsamifera_m","layer_6","layer_5",9,0.666666666666667
"Euphorbia_balsamifera_m","layer_6","layer_5",10,0.666666666666667
"Euphorbia_balsamifera_m","layer_6","layer_5",11,0.666666666666667
"Euphorbia_balsamifera_m","layer_6","layer_5",12,0.666666666666667
"Euphorbia_balsamifera_m","layer_6","layer_5",13,0.666666666666667
"Euphorbia_balsamifera_m","layer_6","layer_5",14,0.666666666666667
"Euphorbia_balsamifera_m","layer_6","layer_5",15,0.666666666666667
"Euphorbia_balsamifera_m","layer_6","layer_5",16,0.666666666666667
"Euphorbia_balsamifera_m","layer_6","layer_5",17,0.666666666666667
"Euphorbia_balsamifera_m","layer_6","layer_5",18,0.666666666666667
"Euphorbia_balsamifera_m","layer_6","layer_5",19,0.666666666666667
"Euphorbia_balsamifera_m","layer_6","layer_5",20,0.666666666666667
"Euphorbia_balsamifera_m","layer_6","layer_5",21,0.666666666666667
"Euphorbia_balsamifera_m","layer_6","layer_5",22,0.666666666666667
"Euphorbia_balsamifera_m","layer_6","layer_5",23,0.666666666666667
"Euphorbia_balsamifera_m","layer_6","layer_5",24,0.666666666666667
"Euphorbia_balsamifera_m","layer_6","layer_5",25,0.666666666666667
"Euphorbia_balsamifera_m","layer_6","layer_5",26,0.666666666666667
"Euphorbia_balsamifera_m","layer_6","layer_5",27,0.666666666666667
"Euphorbia_balsamifera_m","layer_6","layer_5",28,0.666666666666667
"Euphorbia_balsamifera_m","layer_6","layer_5",29,0.666666666666667
"Euphorbia_balsamifera_m","layer_6","layer_5",30,0.666666666666667
"Euphorbia_balsamifera_m","layer_6","layer_5",31,0.666666666666667
"Euphorbia_balsamifera_m","layer_6","layer_5",32,0.666666666666667
"Euphorbia_balsamifera_m","layer_6","layer_5",33,0.666666666666667
"Euphorbia_balsamifera_m","layer_6","layer_5",34,0.666666666666667
"Euphorbia_balsamifera_m","layer_6","layer_5",35,0.666666666666667
"Euphorbia_balsamifera_m","layer_6","layer_5",36,0.666666666666667
"Euphorbia_balsamifera_m","layer_6","layer_5",37,0.666666666666667
"Euphorbia_balsamifera_m","layer_6","layer_5",38,0.666666666666667
"Euphorbia_balsamifera_m","layer_6","layer_5",39,0.666666666666667
"Euphorbia_balsamifera_m","layer_6","layer_5",40,0.666666666666667
"Euphorbia_balsamifera_m","layer_6","layer_5",41,0.666666666666667
"Euphorbia_balsamifera_m","layer_6","layer_5",42,0.666666666666667
"Euphorbia_balsamifera_m","layer_6","layer_5",43,0.666666666666667
"Euphorbia_balsamifera_m","layer_6","layer_5",44,0.666666666666667
"Euphorbia_balsamifera_m","layer_6","layer_5",45,0.666666666666667
"Euphorbia_balsamifera_m","layer_6","layer_5",46,0.666666666666667
"Euphorbia_balsamifera_m","layer_6","layer_5",47,0.666666666666667
"Euphorbia_balsamifera_m","layer_6","layer_5",48,0.666666666666667
"Euphorbia_balsamifera_m","layer_6","layer_5",49,0.666666666666667
"Euphorbia_balsamifera_m","layer_6","layer_5",50,0.666666666666667
"Euphorbia_balsamifera_m","layer_7","layer_5",1,0.666666666666667
"Euphorbia_balsamifera_m","layer_7","layer_5",2,0.666666666666667
"Euphorbia_balsamifera_m","layer_7","layer_5",3,0.666666666666667
"Euphorbia_balsamifera_m","layer_7","layer_5",4,0.666666666666667
"Euphorbia_balsamifera_m","layer_7","layer_5",5,0.666666666666667
"Euphorbia_balsamifera_m","layer_7","layer_5",6,0.666666666666667
"Euphorbia_balsamifera_m","layer_7","layer_5",7,0.666666666666667
"Euphorbia_balsamifera_m","layer_7","layer_5",8,0.666666666666667
"Euphorbia_balsamifera_m","layer_7","layer_5",9,0.666666666666667
"Euphorbia_balsamifera_m","layer_7","layer_5",10,0.666666666666667
"Euphorbia_balsamifera_m","layer_7","layer_5",11,0.666666666666667
"Euphorbia_balsamifera_m","layer_7","layer_5",12,0.666666666666667
"Euphorbia_balsamifera_m","layer_7","layer_5",13,0.666666666666667
"Euphorbia_balsamifera_m","layer_7","layer_5",14,0.666666666666667
"Euphorbia_balsamifera_m","layer_7","layer_5",15,0.666666666666667
"Euphorbia_balsamifera_m","layer_7","layer_5",16,0.666666666666667
"Euphorbia_balsamifera_m","layer_7","layer_5",17,0.666666666666667
"Euphorbia_balsamifera_m","layer_7","layer_5",18,0.666666666666667
"Euphorbia_balsamifera_m","layer_7","layer_5",19,0.666666666666667
"Euphorbia_balsamifera_m","layer_7","layer_5",20,0.666666666666667
"Euphorbia_balsamifera_m","layer_7","layer_5",21,0.666666666666667
"Euphorbia_balsamifera_m","layer_7","layer_5",22,0.666666666666667
"Euphorbia_balsamifera_m","layer_7","layer_5",23,0.666666666666667
"Euphorbia_balsamifera_m","layer_7","layer_5",24,0.666666666666667
"Euphorbia_balsamifera_m","layer_7","layer_5",25,0.666666666666667
"Euphorbia_balsamifera_m","layer_7","layer_5",26,0.666666666666667
"Euphorbia_balsamifera_m","layer_7","layer_5",27,0.666666666666667
"Euphorbia_balsamifera_m","layer_7","layer_5",28,0.666666666666667
"Euphorbia_balsamifera_m","layer_7","layer_5",29,0.666666666666667
"Euphorbia_balsamifera_m","layer_7","layer_5",30,0.666666666666667
"Euphorbia_balsamifera_m","layer_7","layer_5",31,0.666666666666667
"Euphorbia_balsamifera_m","layer_7","layer_5",32,0.666666666666667
"Euphorbia_balsamifera_m","layer_7","layer_5",33,0.666666666666667
"Euphorbia_balsamifera_m","layer_7","layer_5",34,0.666666666666667
"Euphorbia_balsamifera_m","layer_7","layer_5",35,0.666666666666667
"Euphorbia_balsamifera_m","layer_7","layer_5",36,0.666666666666667
"Euphorbia_balsamifera_m","layer_7","layer_5",37,0.666666666666667
"Euphorbia_balsamifera_m","layer_7","layer_5",38,0.666666666666667
"Euphorbia_balsamifera_m","layer_7","layer_5",39,0.666666666666667
"Euphorbia_balsamifera_m","layer_7","layer_5",40,0.666666666666667
"Euphorbia_balsamifera_m","layer_7","layer_5",41,0.666666666666667
"Euphorbia_balsamifera_m","layer_7","layer_5",42,0.666666666666667
"Euphorbia_balsamifera_m","layer_7","layer_5",43,0.666666666666667
"Euphorbia_balsamifera_m","layer_7","layer_5",44,0.666666666666667
"Euphorbia_balsamifera_m","layer_7","layer_5",45,0.666666666666667
"Euphorbia_balsamifera_m","layer_7","layer_5",46,0.666666666666667
"Euphorbia_balsamifera_m","layer_7","layer_5",47,0.666666666666667
"Euphorbia_balsamifera_m","layer_7","layer_5",48,0.666666666666667
"Euphorbia_balsamifera_m","layer_7","layer_5",49,0.666666666666667
"Euphorbia_balsamifera_m","layer_7","layer_5",50,0.666666666666667
"Euphorbia_balsamifera_m","layer_1","layer_6",1,0.666666666666667
"Euphorbia_balsamifera_m","layer_1","layer_6",2,0.666666666666667
"Euphorbia_balsamifera_m","layer_1","layer_6",3,0.666666666666667
"Euphorbia_balsamifera_m","layer_1","layer_6",4,0.666666666666667
"Euphorbia_balsamifera_m","layer_1","layer_6",5,0.666666666666667
"Euphorbia_balsamifera_m","layer_1","layer_6",6,0.666666666666667
"Euphorbia_balsamifera_m","layer_1","layer_6",7,0.666666666666667
"Euphorbia_balsamifera_m","layer_1","layer_6",8,0.666666666666667
"Euphorbia_balsamifera_m","layer_1","layer_6",9,0.666666666666667
"Euphorbia_balsamifera_m","layer_1","layer_6",10,0.666666666666667
"Euphorbia_balsamifera_m","layer_1","layer_6",11,0.666666666666667
"Euphorbia_balsamifera_m","layer_1","layer_6",12,0.666666666666667
"Euphorbia_balsamifera_m","layer_1","layer_6",13,0.666666666666667
"Euphorbia_balsamifera_m","layer_1","layer_6",14,0.666666666666667
"Euphorbia_balsamifera_m","layer_1","layer_6",15,0.666666666666667
"Euphorbia_balsamifera_m","layer_1","layer_6",16,0.666666666666667
"Euphorbia_balsamifera_m","layer_1","layer_6",17,0.666666666666667
"Euphorbia_balsamifera_m","layer_1","layer_6",18,0.666666666666667
"Euphorbia_balsamifera_m","layer_1","layer_6",19,0.666666666666667
"Euphorbia_balsamifera_m","layer_1","layer_6",20,0.666666666666667
"Euphorbia_balsamifera_m","layer_1","layer_6",21,0.666666666666667
"Euphorbia_balsamifera_m","layer_1","layer_6",22,0.666666666666667
"Euphorbia_balsamifera_m","layer_1","layer_6",23,0.666666666666667
"Euphorbia_balsamifera_m","layer_1","layer_6",24,0.666666666666667
"Euphorbia_balsamifera_m","layer_1","layer_6",25,0.666666666666667
"Euphorbia_balsamifera_m","layer_1","layer_6",26,0.666666666666667
"Euphorbia_balsamifera_m","layer_1","layer_6",27,0.666666666666667
"Euphorbia_balsamifera_m","layer_1","layer_6",28,0.666666666666667
"Euphorbia_balsamifera_m","layer_1","layer_6",29,0.666666666666667
"Euphorbia_balsamifera_m","layer_1","layer_6",30,0.666666666666667
"Euphorbia_balsamifera_m","layer_1","layer_6",31,0.666666666666667
"Euphorbia_balsamifera_m","layer_1","layer_6",32,0.666666666666667
"Euphorbia_balsamifera_m","layer_1","layer_6",33,0.666666666666667
"Euphorbia_balsamifera_m","layer_1","layer_6",34,0.666666666666667
"Euphorbia_balsamifera_m","layer_1","layer_6",35,0.666666666666667
"Euphorbia_balsamifera_m","layer_1","layer_6",36,0.666666666666667
"Euphorbia_balsamifera_m","layer_1","layer_6",37,0.666666666666667
"Euphorbia_balsamifera_m","layer_1","layer_6",38,0.666666666666667
"Euphorbia_balsamifera_m","layer_1","layer_6",39,0.666666666666667
"Euphorbia_balsamifera_m","layer_1","layer_6",40,0.666666666666667
"Euphorbia_balsamifera_m","layer_1","layer_6",41,0.666666666666667
"Euphorbia_balsamifera_m","layer_1","layer_6",42,0.666666666666667
"Euphorbia_balsamifera_m","layer_1","layer_6",43,0.666666666666667
"Euphorbia_balsamifera_m","layer_1","layer_6",44,0.666666666666667
"Euphorbia_balsamifera_m","layer_1","layer_6",45,0.666666666666667
"Euphorbia_balsamifera_m","layer_1","layer_6",46,0.666666666666667
"Euphorbia_balsamifera_m","layer_1","layer_6",47,0.666666666666667
"Euphorbia_balsamifera_m","layer_1","layer_6",48,0.666666666666667
"Euphorbia_balsamifera_m","layer_1","layer_6",49,0.666666666666667
"Euphorbia_balsamifera_m","layer_1","layer_6",50,0.666666666666667
"Euphorbia_balsamifera_m","layer_2","layer_6",1,0.666666666666667
"Euphorbia_balsamifera_m","layer_2","layer_6",2,0.666666666666667
"Euphorbia_balsamifera_m","layer_2","layer_6",3,0.666666666666667
"Euphorbia_balsamifera_m","layer_2","layer_6",4,0.545454545454545
"Euphorbia_balsamifera_m","layer_2","layer_6",5,0.666666666666667
"Euphorbia_balsamifera_m","layer_2","layer_6",6,0.666666666666667
"Euphorbia_balsamifera_m","layer_2","layer_6",7,0.666666666666667
"Euphorbia_balsamifera_m","layer_2","layer_6",8,0.666666666666667
"Euphorbia_balsamifera_m","layer_2","layer_6",9,0.666666666666667
"Euphorbia_balsamifera_m","layer_2","layer_6",10,0.666666666666667
"Euphorbia_balsamifera_m","layer_2","layer_6",11,0.666666666666667
"Euphorbia_balsamifera_m","layer_2","layer_6",12,0.666666666666667
"Euphorbia_balsamifera_m","layer_2","layer_6",13,0.666666666666667
"Euphorbia_balsamifera_m","layer_2","layer_6",14,0.666666666666667
"Euphorbia_balsamifera_m","layer_2","layer_6",15,0.666666666666667
"Euphorbia_balsamifera_m","layer_2","layer_6",16,0.666666666666667
"Euphorbia_balsamifera_m","layer_2","layer_6",17,0.666666666666667
"Euphorbia_balsamifera_m","layer_2","layer_6",18,0.666666666666667
"Euphorbia_balsamifera_m","layer_2","layer_6",19,0.666666666666667
"Euphorbia_balsamifera_m","layer_2","layer_6",20,0.666666666666667
"Euphorbia_balsamifera_m","layer_2","layer_6",21,0.666666666666667
"Euphorbia_balsamifera_m","layer_2","layer_6",22,0.666666666666667
"Euphorbia_balsamifera_m","layer_2","layer_6",23,0.666666666666667
"Euphorbia_balsamifera_m","layer_2","layer_6",24,0.666666666666667
"Euphorbia_balsamifera_m","layer_2","layer_6",25,0.666666666666667
"Euphorbia_balsamifera_m","layer_2","layer_6",26,0.666666666666667
"Euphorbia_balsamifera_m","layer_2","layer_6",27,0.666666666666667
"Euphorbia_balsamifera_m","layer_2","layer_6",28,0.666666666666667
"Euphorbia_balsamifera_m","layer_2","layer_6",29,0.666666666666667
"Euphorbia_balsamifera_m","layer_2","layer_6",30,0.666666666666667
"Euphorbia_balsamifera_m","layer_2","layer_6",31,0.666666666666667
"Euphorbia_balsamifera_m","layer_2","layer_6",32,0.666666666666667
"Euphorbia_balsamifera_m","layer_2","layer_6",33,0.666666666666667
"Euphorbia_balsamifera_m","layer_2","layer_6",34,0.666666666666667
"Euphorbia_balsamifera_m","layer_2","layer_6",35,0.666666666666667
"Euphorbia_balsamifera_m","layer_2","layer_6",36,0.666666666666667
"Euphorbia_balsamifera_m","layer_2","layer_6",37,0.4
"Euphorbia_balsamifera_m","layer_2","layer_6",38,0.666666666666667
"Euphorbia_balsamifera_m","layer_2","layer_6",39,0.666666666666667
"Euphorbia_balsamifera_m","layer_2","layer_6",40,0.666666666666667
"Euphorbia_balsamifera_m","layer_2","layer_6",41,0.666666666666667
"Euphorbia_balsamifera_m","layer_2","layer_6",42,0.666666666666667
"Euphorbia_balsamifera_m","layer_2","layer_6",43,0.666666666666667
"Euphorbia_balsamifera_m","layer_2","layer_6",44,0.666666666666667
"Euphorbia_balsamifera_m","layer_2","layer_6",45,0.666666666666667
"Euphorbia_balsamifera_m","layer_2","layer_6",46,0.666666666666667
"Euphorbia_balsamifera_m","layer_2","layer_6",47,0.666666666666667
"Euphorbia_balsamifera_m","layer_2","layer_6",48,0.666666666666667
"Euphorbia_balsamifera_m","layer_2","layer_6",49,0.666666666666667
"Euphorbia_balsamifera_m","layer_2","layer_6",50,0.666666666666667
"Euphorbia_balsamifera_m","layer_3","layer_6",1,0.666666666666667
"Euphorbia_balsamifera_m","layer_3","layer_6",2,0.666666666666667
"Euphorbia_balsamifera_m","layer_3","layer_6",3,0.666666666666667
"Euphorbia_balsamifera_m","layer_3","layer_6",4,0.666666666666667
"Euphorbia_balsamifera_m","layer_3","layer_6",5,0.666666666666667
"Euphorbia_balsamifera_m","layer_3","layer_6",6,0.666666666666667
"Euphorbia_balsamifera_m","layer_3","layer_6",7,0.666666666666667
"Euphorbia_balsamifera_m","layer_3","layer_6",8,0.666666666666667
"Euphorbia_balsamifera_m","layer_3","layer_6",9,0.666666666666667
"Euphorbia_balsamifera_m","layer_3","layer_6",10,0.666666666666667
"Euphorbia_balsamifera_m","layer_3","layer_6",11,0.666666666666667
"Euphorbia_balsamifera_m","layer_3","layer_6",12,0.666666666666667
"Euphorbia_balsamifera_m","layer_3","layer_6",13,0.666666666666667
"Euphorbia_balsamifera_m","layer_3","layer_6",14,0.666666666666667
"Euphorbia_balsamifera_m","layer_3","layer_6",15,0.666666666666667
"Euphorbia_balsamifera_m","layer_3","layer_6",16,0.666666666666667
"Euphorbia_balsamifera_m","layer_3","layer_6",17,0.666666666666667
"Euphorbia_balsamifera_m","layer_3","layer_6",18,0.666666666666667
"Euphorbia_balsamifera_m","layer_3","layer_6",19,0.666666666666667
"Euphorbia_balsamifera_m","layer_3","layer_6",20,0.666666666666667
"Euphorbia_balsamifera_m","layer_3","layer_6",21,0.666666666666667
"Euphorbia_balsamifera_m","layer_3","layer_6",22,0.666666666666667
"Euphorbia_balsamifera_m","layer_3","layer_6",23,0.666666666666667
"Euphorbia_balsamifera_m","layer_3","layer_6",24,0.666666666666667
"Euphorbia_balsamifera_m","layer_3","layer_6",25,0.666666666666667
"Euphorbia_balsamifera_m","layer_3","layer_6",26,0.666666666666667
"Euphorbia_balsamifera_m","layer_3","layer_6",27,0.666666666666667
"Euphorbia_balsamifera_m","layer_3","layer_6",28,0.666666666666667
"Euphorbia_balsamifera_m","layer_3","layer_6",29,0.666666666666667
"Euphorbia_balsamifera_m","layer_3","layer_6",30,0.666666666666667
"Euphorbia_balsamifera_m","layer_3","layer_6",31,0.666666666666667
"Euphorbia_balsamifera_m","layer_3","layer_6",32,0.666666666666667
"Euphorbia_balsamifera_m","layer_3","layer_6",33,0.666666666666667
"Euphorbia_balsamifera_m","layer_3","layer_6",34,0.666666666666667
"Euphorbia_balsamifera_m","layer_3","layer_6",35,0.666666666666667
"Euphorbia_balsamifera_m","layer_3","layer_6",36,0.666666666666667
"Euphorbia_balsamifera_m","layer_3","layer_6",37,0.666666666666667
"Euphorbia_balsamifera_m","layer_3","layer_6",38,0.666666666666667
"Euphorbia_balsamifera_m","layer_3","layer_6",39,0.666666666666667
"Euphorbia_balsamifera_m","layer_3","layer_6",40,0.666666666666667
"Euphorbia_balsamifera_m","layer_3","layer_6",41,0.666666666666667
"Euphorbia_balsamifera_m","layer_3","layer_6",42,0.666666666666667
"Euphorbia_balsamifera_m","layer_3","layer_6",43,0.666666666666667
"Euphorbia_balsamifera_m","layer_3","layer_6",44,0.666666666666667
"Euphorbia_balsamifera_m","layer_3","layer_6",45,0.666666666666667
"Euphorbia_balsamifera_m","layer_3","layer_6",46,0.666666666666667
"Euphorbia_balsamifera_m","layer_3","layer_6",47,0.666666666666667
"Euphorbia_balsamifera_m","layer_3","layer_6",48,0.666666666666667
"Euphorbia_balsamifera_m","layer_3","layer_6",49,0.666666666666667
"Euphorbia_balsamifera_m","layer_3","layer_6",50,0.666666666666667
"Euphorbia_balsamifera_m","layer_4","layer_6",1,0.666666666666667
"Euphorbia_balsamifera_m","layer_4","layer_6",2,0.666666666666667
"Euphorbia_balsamifera_m","layer_4","layer_6",3,0.666666666666667
"Euphorbia_balsamifera_m","layer_4","layer_6",4,0.666666666666667
"Euphorbia_balsamifera_m","layer_4","layer_6",5,0.666666666666667
"Euphorbia_balsamifera_m","layer_4","layer_6",6,0.666666666666667
"Euphorbia_balsamifera_m","layer_4","layer_6",7,0.666666666666667
"Euphorbia_balsamifera_m","layer_4","layer_6",8,0.666666666666667
"Euphorbia_balsamifera_m","layer_4","layer_6",9,0.666666666666667
"Euphorbia_balsamifera_m","layer_4","layer_6",10,0.666666666666667
"Euphorbia_balsamifera_m","layer_4","layer_6",11,0.666666666666667
"Euphorbia_balsamifera_m","layer_4","layer_6",12,0.666666666666667
"Euphorbia_balsamifera_m","layer_4","layer_6",13,0.666666666666667
"Euphorbia_balsamifera_m","layer_4","layer_6",14,0.666666666666667
"Euphorbia_balsamifera_m","layer_4","layer_6",15,0.666666666666667
"Euphorbia_balsamifera_m","layer_4","layer_6",16,0.666666666666667
"Euphorbia_balsamifera_m","layer_4","layer_6",17,0.666666666666667
"Euphorbia_balsamifera_m","layer_4","layer_6",18,0.666666666666667
"Euphorbia_balsamifera_m","layer_4","layer_6",19,0.666666666666667
"Euphorbia_balsamifera_m","layer_4","layer_6",20,0.666666666666667
"Euphorbia_balsamifera_m","layer_4","layer_6",21,0.666666666666667
"Euphorbia_balsamifera_m","layer_4","layer_6",22,0.666666666666667
"Euphorbia_balsamifera_m","layer_4","layer_6",23,0.666666666666667
"Euphorbia_balsamifera_m","layer_4","layer_6",24,0.666666666666667
"Euphorbia_balsamifera_m","layer_4","layer_6",25,0.666666666666667
"Euphorbia_balsamifera_m","layer_4","layer_6",26,0.666666666666667
"Euphorbia_balsamifera_m","layer_4","layer_6",27,0.666666666666667
"Euphorbia_balsamifera_m","layer_4","layer_6",28,0.666666666666667
"Euphorbia_balsamifera_m","layer_4","layer_6",29,0.666666666666667
"Euphorbia_balsamifera_m","layer_4","layer_6",30,0.666666666666667
"Euphorbia_balsamifera_m","layer_4","layer_6",31,0.666666666666667
"Euphorbia_balsamifera_m","layer_4","layer_6",32,0.666666666666667
"Euphorbia_balsamifera_m","layer_4","layer_6",33,0.666666666666667
"Euphorbia_balsamifera_m","layer_4","layer_6",34,0.666666666666667
"Euphorbia_balsamifera_m","layer_4","layer_6",35,0.666666666666667
"Euphorbia_balsamifera_m","layer_4","layer_6",36,0.666666666666667
"Euphorbia_balsamifera_m","layer_4","layer_6",37,0.666666666666667
"Euphorbia_balsamifera_m","layer_4","layer_6",38,0.666666666666667
"Euphorbia_balsamifera_m","layer_4","layer_6",39,0.666666666666667
"Euphorbia_balsamifera_m","layer_4","layer_6",40,0.666666666666667
"Euphorbia_balsamifera_m","layer_4","layer_6",41,0.666666666666667
"Euphorbia_balsamifera_m","layer_4","layer_6",42,0.666666666666667
"Euphorbia_balsamifera_m","layer_4","layer_6",43,0.666666666666667
"Euphorbia_balsamifera_m","layer_4","layer_6",44,0.666666666666667
"Euphorbia_balsamifera_m","layer_4","layer_6",45,0.666666666666667
"Euphorbia_balsamifera_m","layer_4","layer_6",46,0.666666666666667
"Euphorbia_balsamifera_m","layer_4","layer_6",47,0.666666666666667
"Euphorbia_balsamifera_m","layer_4","layer_6",48,0.666666666666667
"Euphorbia_balsamifera_m","layer_4","layer_6",49,0.666666666666667
"Euphorbia_balsamifera_m","layer_4","layer_6",50,0.666666666666667
"Euphorbia_balsamifera_m","layer_5","layer_6",1,0.666666666666667
"Euphorbia_balsamifera_m","layer_5","layer_6",2,0.666666666666667
"Euphorbia_balsamifera_m","layer_5","layer_6",3,0.666666666666667
"Euphorbia_balsamifera_m","layer_5","layer_6",4,0.666666666666667
"Euphorbia_balsamifera_m","layer_5","layer_6",5,0.666666666666667
"Euphorbia_balsamifera_m","layer_5","layer_6",6,0.666666666666667
"Euphorbia_balsamifera_m","layer_5","layer_6",7,0.666666666666667
"Euphorbia_balsamifera_m","layer_5","layer_6",8,0.666666666666667
"Euphorbia_balsamifera_m","layer_5","layer_6",9,0.666666666666667
"Euphorbia_balsamifera_m","layer_5","layer_6",10,0.666666666666667
"Euphorbia_balsamifera_m","layer_5","layer_6",11,0.666666666666667
"Euphorbia_balsamifera_m","layer_5","layer_6",12,0.666666666666667
"Euphorbia_balsamifera_m","layer_5","layer_6",13,0.666666666666667
"Euphorbia_balsamifera_m","layer_5","layer_6",14,0.666666666666667
"Euphorbia_balsamifera_m","layer_5","layer_6",15,0.666666666666667
"Euphorbia_balsamifera_m","layer_5","layer_6",16,0.666666666666667
"Euphorbia_balsamifera_m","layer_5","layer_6",17,0.666666666666667
"Euphorbia_balsamifera_m","layer_5","layer_6",18,0.666666666666667
"Euphorbia_balsamifera_m","layer_5","layer_6",19,0.666666666666667
"Euphorbia_balsamifera_m","layer_5","layer_6",20,0.666666666666667
"Euphorbia_balsamifera_m","layer_5","layer_6",21,0.666666666666667
"Euphorbia_balsamifera_m","layer_5","layer_6",22,0.666666666666667
"Euphorbia_balsamifera_m","layer_5","layer_6",23,0.666666666666667
"Euphorbia_balsamifera_m","layer_5","layer_6",24,0.666666666666667
"Euphorbia_balsamifera_m","layer_5","layer_6",25,0.666666666666667
"Euphorbia_balsamifera_m","layer_5","layer_6",26,0.666666666666667
"Euphorbia_balsamifera_m","layer_5","layer_6",27,0.666666666666667
"Euphorbia_balsamifera_m","layer_5","layer_6",28,0.666666666666667
"Euphorbia_balsamifera_m","layer_5","layer_6",29,0.666666666666667
"Euphorbia_balsamifera_m","layer_5","layer_6",30,0.666666666666667
"Euphorbia_balsamifera_m","layer_5","layer_6",31,0.666666666666667
"Euphorbia_balsamifera_m","layer_5","layer_6",32,0.666666666666667
"Euphorbia_balsamifera_m","layer_5","layer_6",33,0.666666666666667
"Euphorbia_balsamifera_m","layer_5","layer_6",34,0.666666666666667
"Euphorbia_balsamifera_m","layer_5","layer_6",35,0.666666666666667
"Euphorbia_balsamifera_m","layer_5","layer_6",36,0.666666666666667
"Euphorbia_balsamifera_m","layer_5","layer_6",37,0.666666666666667
"Euphorbia_balsamifera_m","layer_5","layer_6",38,0.666666666666667
"Euphorbia_balsamifera_m","layer_5","layer_6",39,0.666666666666667
"Euphorbia_balsamifera_m","layer_5","layer_6",40,0.666666666666667
"Euphorbia_balsamifera_m","layer_5","layer_6",41,0.666666666666667
"Euphorbia_balsamifera_m","layer_5","layer_6",42,0.666666666666667
"Euphorbia_balsamifera_m","layer_5","layer_6",43,0.666666666666667
"Euphorbia_balsamifera_m","layer_5","layer_6",44,0.666666666666667
"Euphorbia_balsamifera_m","layer_5","layer_6",45,0.666666666666667
"Euphorbia_balsamifera_m","layer_5","layer_6",46,0.666666666666667
"Euphorbia_balsamifera_m","layer_5","layer_6",47,0.666666666666667
"Euphorbia_balsamifera_m","layer_5","layer_6",48,0.666666666666667
"Euphorbia_balsamifera_m","layer_5","layer_6",49,0.666666666666667
"Euphorbia_balsamifera_m","layer_5","layer_6",50,0.666666666666667
"Euphorbia_balsamifera_m","layer_7","layer_6",1,0.666666666666667
"Euphorbia_balsamifera_m","layer_7","layer_6",2,0.666666666666667
"Euphorbia_balsamifera_m","layer_7","layer_6",3,0.666666666666667
"Euphorbia_balsamifera_m","layer_7","layer_6",4,0.666666666666667
"Euphorbia_balsamifera_m","layer_7","layer_6",5,0.666666666666667
"Euphorbia_balsamifera_m","layer_7","layer_6",6,0.666666666666667
"Euphorbia_balsamifera_m","layer_7","layer_6",7,0.666666666666667
"Euphorbia_balsamifera_m","layer_7","layer_6",8,0.666666666666667
"Euphorbia_balsamifera_m","layer_7","layer_6",9,0.666666666666667
"Euphorbia_balsamifera_m","layer_7","layer_6",10,0.666666666666667
"Euphorbia_balsamifera_m","layer_7","layer_6",11,0.666666666666667
"Euphorbia_balsamifera_m","layer_7","layer_6",12,0.666666666666667
"Euphorbia_balsamifera_m","layer_7","layer_6",13,0.666666666666667
"Euphorbia_balsamifera_m","layer_7","layer_6",14,0.666666666666667
"Euphorbia_balsamifera_m","layer_7","layer_6",15,0.666666666666667
"Euphorbia_balsamifera_m","layer_7","layer_6",16,0.666666666666667
"Euphorbia_balsamifera_m","layer_7","layer_6",17,0.666666666666667
"Euphorbia_balsamifera_m","layer_7","layer_6",18,0.666666666666667
"Euphorbia_balsamifera_m","layer_7","layer_6",19,0.666666666666667
"Euphorbia_balsamifera_m","layer_7","layer_6",20,0.666666666666667
"Euphorbia_balsamifera_m","layer_7","layer_6",21,0.666666666666667
"Euphorbia_balsamifera_m","layer_7","layer_6",22,0.666666666666667
"Euphorbia_balsamifera_m","layer_7","layer_6",23,0.666666666666667
"Euphorbia_balsamifera_m","layer_7","layer_6",24,0.666666666666667
"Euphorbia_balsamifera_m","layer_7","layer_6",25,0.666666666666667
"Euphorbia_balsamifera_m","layer_7","layer_6",26,0.666666666666667
"Euphorbia_balsamifera_m","layer_7","layer_6",27,0.666666666666667
"Euphorbia_balsamifera_m","layer_7","layer_6",28,0.666666666666667
"Euphorbia_balsamifera_m","layer_7","layer_6",29,0.666666666666667
"Euphorbia_balsamifera_m","layer_7","layer_6",30,0.666666666666667
"Euphorbia_balsamifera_m","layer_7","layer_6",31,0.666666666666667
"Euphorbia_balsamifera_m","layer_7","layer_6",32,0.666666666666667
"Euphorbia_balsamifera_m","layer_7","layer_6",33,0.666666666666667
"Euphorbia_balsamifera_m","layer_7","layer_6",34,0.666666666666667
"Euphorbia_balsamifera_m","layer_7","layer_6",35,0.666666666666667
"Euphorbia_balsamifera_m","layer_7","layer_6",36,0.666666666666667
"Euphorbia_balsamifera_m","layer_7","layer_6",37,0.666666666666667
"Euphorbia_balsamifera_m","layer_7","layer_6",38,0.666666666666667
"Euphorbia_balsamifera_m","layer_7","layer_6",39,0.666666666666667
"Euphorbia_balsamifera_m","layer_7","layer_6",40,0.666666666666667
"Euphorbia_balsamifera_m","layer_7","layer_6",41,0.666666666666667
"Euphorbia_balsamifera_m","layer_7","layer_6",42,0.666666666666667
"Euphorbia_balsamifera_m","layer_7","layer_6",43,0.666666666666667
"Euphorbia_balsamifera_m","layer_7","layer_6",44,0.666666666666667
"Euphorbia_balsamifera_m","layer_7","layer_6",45,0.666666666666667
"Euphorbia_balsamifera_m","layer_7","layer_6",46,0.666666666666667
"Euphorbia_balsamifera_m","layer_7","layer_6",47,0.666666666666667
"Euphorbia_balsamifera_m","layer_7","layer_6",48,0.666666666666667
"Euphorbia_balsamifera_m","layer_7","layer_6",49,0.666666666666667
"Euphorbia_balsamifera_m","layer_7","layer_6",50,0.666666666666667
"Euphorbia_balsamifera_m","layer_1","layer_7",1,0.666666666666667
"Euphorbia_balsamifera_m","layer_1","layer_7",2,0.666666666666667
"Euphorbia_balsamifera_m","layer_1","layer_7",3,0.666666666666667
"Euphorbia_balsamifera_m","layer_1","layer_7",4,0.666666666666667
"Euphorbia_balsamifera_m","layer_1","layer_7",5,0.666666666666667
"Euphorbia_balsamifera_m","layer_1","layer_7",6,0.666666666666667
"Euphorbia_balsamifera_m","layer_1","layer_7",7,0.666666666666667
"Euphorbia_balsamifera_m","layer_1","layer_7",8,0.666666666666667
"Euphorbia_balsamifera_m","layer_1","layer_7",9,0.666666666666667
"Euphorbia_balsamifera_m","layer_1","layer_7",10,0.666666666666667
"Euphorbia_balsamifera_m","layer_1","layer_7",11,0.666666666666667
"Euphorbia_balsamifera_m","layer_1","layer_7",12,0.666666666666667
"Euphorbia_balsamifera_m","layer_1","layer_7",13,0.666666666666667
"Euphorbia_balsamifera_m","layer_1","layer_7",14,0.666666666666667
"Euphorbia_balsamifera_m","layer_1","layer_7",15,0.666666666666667
"Euphorbia_balsamifera_m","layer_1","layer_7",16,0.666666666666667
"Euphorbia_balsamifera_m","layer_1","layer_7",17,0.666666666666667
"Euphorbia_balsamifera_m","layer_1","layer_7",18,0.666666666666667
"Euphorbia_balsamifera_m","layer_1","layer_7",19,0.666666666666667
"Euphorbia_balsamifera_m","layer_1","layer_7",20,0.666666666666667
"Euphorbia_balsamifera_m","layer_1","layer_7",21,0.666666666666667
"Euphorbia_balsamifera_m","layer_1","layer_7",22,0.666666666666667
"Euphorbia_balsamifera_m","layer_1","layer_7",23,0.666666666666667
"Euphorbia_balsamifera_m","layer_1","layer_7",24,0.666666666666667
"Euphorbia_balsamifera_m","layer_1","layer_7",25,0.666666666666667
"Euphorbia_balsamifera_m","layer_1","layer_7",26,0.666666666666667
"Euphorbia_balsamifera_m","layer_1","layer_7",27,0.666666666666667
"Euphorbia_balsamifera_m","layer_1","layer_7",28,0.666666666666667
"Euphorbia_balsamifera_m","layer_1","layer_7",29,0.666666666666667
"Euphorbia_balsamifera_m","layer_1","layer_7",30,0.666666666666667
"Euphorbia_balsamifera_m","layer_1","layer_7",31,0.666666666666667
"Euphorbia_balsamifera_m","layer_1","layer_7",32,0.666666666666667
"Euphorbia_balsamifera_m","layer_1","layer_7",33,0.666666666666667
"Euphorbia_balsamifera_m","layer_1","layer_7",34,0.666666666666667
"Euphorbia_balsamifera_m","layer_1","layer_7",35,0.666666666666667
"Euphorbia_balsamifera_m","layer_1","layer_7",36,0.666666666666667
"Euphorbia_balsamifera_m","layer_1","layer_7",37,0.666666666666667
"Euphorbia_balsamifera_m","layer_1","layer_7",38,0.666666666666667
"Euphorbia_balsamifera_m","layer_1","layer_7",39,0.666666666666667
"Euphorbia_balsamifera_m","layer_1","layer_7",40,0.666666666666667
"Euphorbia_balsamifera_m","layer_1","layer_7",41,0.666666666666667
"Euphorbia_balsamifera_m","layer_1","layer_7",42,0.666666666666667
"Euphorbia_balsamifera_m","layer_1","layer_7",43,0.666666666666667
"Euphorbia_balsamifera_m","layer_1","layer_7",44,0.666666666666667
"Euphorbia_balsamifera_m","layer_1","layer_7",45,0.666666666666667
"Euphorbia_balsamifera_m","layer_1","layer_7",46,0.666666666666667
"Euphorbia_balsamifera_m","layer_1","layer_7",47,0.666666666666667
"Euphorbia_balsamifera_m","layer_1","layer_7",48,0.666666666666667
"Euphorbia_balsamifera_m","layer_1","layer_7",49,0.666666666666667
"Euphorbia_balsamifera_m","layer_1","layer_7",50,0.666666666666667
"Euphorbia_balsamifera_m","layer_2","layer_7",1,0.666666666666667
"Euphorbia_balsamifera_m","layer_2","layer_7",2,0.666666666666667
"Euphorbia_balsamifera_m","layer_2","layer_7",3,0.666666666666667
"Euphorbia_balsamifera_m","layer_2","layer_7",4,0.666666666666667
"Euphorbia_balsamifera_m","layer_2","layer_7",5,0.666666666666667
"Euphorbia_balsamifera_m","layer_2","layer_7",6,0.666666666666667
"Euphorbia_balsamifera_m","layer_2","layer_7",7,0.666666666666667
"Euphorbia_balsamifera_m","layer_2","layer_7",8,0.666666666666667
"Euphorbia_balsamifera_m","layer_2","layer_7",9,0.666666666666667
"Euphorbia_balsamifera_m","layer_2","layer_7",10,0.666666666666667
"Euphorbia_balsamifera_m","layer_2","layer_7",11,0.666666666666667
"Euphorbia_balsamifera_m","layer_2","layer_7",12,0.666666666666667
"Euphorbia_balsamifera_m","layer_2","layer_7",13,0.666666666666667
"Euphorbia_balsamifera_m","layer_2","layer_7",14,0.666666666666667
"Euphorbia_balsamifera_m","layer_2","layer_7",15,0.666666666666667
"Euphorbia_balsamifera_m","layer_2","layer_7",16,0.666666666666667
"Euphorbia_balsamifera_m","layer_2","layer_7",17,0.666666666666667
"Euphorbia_balsamifera_m","layer_2","layer_7",18,0.666666666666667
"Euphorbia_balsamifera_m","layer_2","layer_7",19,0.666666666666667
"Euphorbia_balsamifera_m","layer_2","layer_7",20,0.666666666666667
"Euphorbia_balsamifera_m","layer_2","layer_7",21,0.666666666666667
"Euphorbia_balsamifera_m","layer_2","layer_7",22,0.666666666666667
"Euphorbia_balsamifera_m","layer_2","layer_7",23,0.666666666666667
"Euphorbia_balsamifera_m","layer_2","layer_7",24,0.666666666666667
"Euphorbia_balsamifera_m","layer_2","layer_7",25,0.666666666666667
"Euphorbia_balsamifera_m","layer_2","layer_7",26,0.666666666666667
"Euphorbia_balsamifera_m","layer_2","layer_7",27,0.666666666666667
"Euphorbia_balsamifera_m","layer_2","layer_7",28,0.666666666666667
"Euphorbia_balsamifera_m","layer_2","layer_7",29,0.666666666666667
"Euphorbia_balsamifera_m","layer_2","layer_7",30,0.666666666666667
"Euphorbia_balsamifera_m","layer_2","layer_7",31,0.666666666666667
"Euphorbia_balsamifera_m","layer_2","layer_7",32,0.666666666666667
"Euphorbia_balsamifera_m","layer_2","layer_7",33,0.666666666666667
"Euphorbia_balsamifera_m","layer_2","layer_7",34,0.666666666666667
"Euphorbia_balsamifera_m","layer_2","layer_7",35,0.666666666666667
"Euphorbia_balsamifera_m","layer_2","layer_7",36,0.666666666666667
"Euphorbia_balsamifera_m","layer_2","layer_7",37,0.666666666666667
"Euphorbia_balsamifera_m","layer_2","layer_7",38,0.666666666666667
"Euphorbia_balsamifera_m","layer_2","layer_7",39,0.666666666666667
"Euphorbia_balsamifera_m","layer_2","layer_7",40,0.666666666666667
"Euphorbia_balsamifera_m","layer_2","layer_7",41,0.666666666666667
"Euphorbia_balsamifera_m","layer_2","layer_7",42,0.666666666666667
"Euphorbia_balsamifera_m","layer_2","layer_7",43,0.666666666666667
"Euphorbia_balsamifera_m","layer_2","layer_7",44,0.666666666666667
"Euphorbia_balsamifera_m","layer_2","layer_7",45,0.666666666666667
"Euphorbia_balsamifera_m","layer_2","layer_7",46,0.666666666666667
"Euphorbia_balsamifera_m","layer_2","layer_7",47,0.666666666666667
"Euphorbia_balsamifera_m","layer_2","layer_7",48,0.666666666666667
"Euphorbia_balsamifera_m","layer_2","layer_7",49,0.666666666666667
"Euphorbia_balsamifera_m","layer_2","layer_7",50,0.666666666666667
"Euphorbia_balsamifera_m","layer_3","layer_7",1,0.666666666666667
"Euphorbia_balsamifera_m","layer_3","layer_7",2,0.666666666666667
"Euphorbia_balsamifera_m","layer_3","layer_7",3,0.666666666666667
"Euphorbia_balsamifera_m","layer_3","layer_7",4,0.666666666666667
"Euphorbia_balsamifera_m","layer_3","layer_7",5,0.666666666666667
"Euphorbia_balsamifera_m","layer_3","layer_7",6,0.666666666666667
"Euphorbia_balsamifera_m","layer_3","layer_7",7,0.666666666666667
"Euphorbia_balsamifera_m","layer_3","layer_7",8,0.666666666666667
"Euphorbia_balsamifera_m","layer_3","layer_7",9,0.666666666666667
"Euphorbia_balsamifera_m","layer_3","layer_7",10,0.666666666666667
"Euphorbia_balsamifera_m","layer_3","layer_7",11,0.666666666666667
"Euphorbia_balsamifera_m","layer_3","layer_7",12,0.666666666666667
"Euphorbia_balsamifera_m","layer_3","layer_7",13,0.666666666666667
"Euphorbia_balsamifera_m","layer_3","layer_7",14,0.666666666666667
"Euphorbia_balsamifera_m","layer_3","layer_7",15,0.666666666666667
"Euphorbia_balsamifera_m","layer_3","layer_7",16,0.666666666666667
"Euphorbia_balsamifera_m","layer_3","layer_7",17,0.666666666666667
"Euphorbia_balsamifera_m","layer_3","layer_7",18,0.666666666666667
"Euphorbia_balsamifera_m","layer_3","layer_7",19,0.666666666666667
"Euphorbia_balsamifera_m","layer_3","layer_7",20,0.666666666666667
"Euphorbia_balsamifera_m","layer_3","layer_7",21,0.666666666666667
"Euphorbia_balsamifera_m","layer_3","layer_7",22,0.666666666666667
"Euphorbia_balsamifera_m","layer_3","layer_7",23,0.666666666666667
"Euphorbia_balsamifera_m","layer_3","layer_7",24,0.666666666666667
"Euphorbia_balsamifera_m","layer_3","layer_7",25,0.666666666666667
"Euphorbia_balsamifera_m","layer_3","layer_7",26,0.666666666666667
"Euphorbia_balsamifera_m","layer_3","layer_7",27,0.666666666666667
"Euphorbia_balsamifera_m","layer_3","layer_7",28,0.666666666666667
"Euphorbia_balsamifera_m","layer_3","layer_7",29,0.666666666666667
"Euphorbia_balsamifera_m","layer_3","layer_7",30,0.666666666666667
"Euphorbia_balsamifera_m","layer_3","layer_7",31,0.666666666666667
"Euphorbia_balsamifera_m","layer_3","layer_7",32,0.666666666666667
"Euphorbia_balsamifera_m","layer_3","layer_7",33,0.666666666666667
"Euphorbia_balsamifera_m","layer_3","layer_7",34,0.666666666666667
"Euphorbia_balsamifera_m","layer_3","layer_7",35,0.666666666666667
"Euphorbia_balsamifera_m","layer_3","layer_7",36,0.666666666666667
"Euphorbia_balsamifera_m","layer_3","layer_7",37,0.666666666666667
"Euphorbia_balsamifera_m","layer_3","layer_7",38,0.666666666666667
"Euphorbia_balsamifera_m","layer_3","layer_7",39,0.666666666666667
"Euphorbia_balsamifera_m","layer_3","layer_7",40,0.666666666666667
"Euphorbia_balsamifera_m","layer_3","layer_7",41,0.666666666666667
"Euphorbia_balsamifera_m","layer_3","layer_7",42,0.666666666666667
"Euphorbia_balsamifera_m","layer_3","layer_7",43,0.666666666666667
"Euphorbia_balsamifera_m","layer_3","layer_7",44,0.666666666666667
"Euphorbia_balsamifera_m","layer_3","layer_7",45,0.666666666666667
"Euphorbia_balsamifera_m","layer_3","layer_7",46,0.666666666666667
"Euphorbia_balsamifera_m","layer_3","layer_7",47,0.666666666666667
"Euphorbia_balsamifera_m","layer_3","layer_7",48,0.666666666666667
"Euphorbia_balsamifera_m","layer_3","layer_7",49,0.666666666666667
"Euphorbia_balsamifera_m","layer_3","layer_7",50,0.666666666666667
"Euphorbia_balsamifera_m","layer_4","layer_7",1,0.666666666666667
"Euphorbia_balsamifera_m","layer_4","layer_7",2,0.666666666666667
"Euphorbia_balsamifera_m","layer_4","layer_7",3,0.666666666666667
"Euphorbia_balsamifera_m","layer_4","layer_7",4,0.666666666666667
"Euphorbia_balsamifera_m","layer_4","layer_7",5,0.666666666666667
"Euphorbia_balsamifera_m","layer_4","layer_7",6,0.666666666666667
"Euphorbia_balsamifera_m","layer_4","layer_7",7,0.666666666666667
"Euphorbia_balsamifera_m","layer_4","layer_7",8,0.666666666666667
"Euphorbia_balsamifera_m","layer_4","layer_7",9,0.666666666666667
"Euphorbia_balsamifera_m","layer_4","layer_7",10,0.666666666666667
"Euphorbia_balsamifera_m","layer_4","layer_7",11,0.666666666666667
"Euphorbia_balsamifera_m","layer_4","layer_7",12,0.666666666666667
"Euphorbia_balsamifera_m","layer_4","layer_7",13,0.666666666666667
"Euphorbia_balsamifera_m","layer_4","layer_7",14,0.666666666666667
"Euphorbia_balsamifera_m","layer_4","layer_7",15,0.666666666666667
"Euphorbia_balsamifera_m","layer_4","layer_7",16,0.666666666666667
"Euphorbia_balsamifera_m","layer_4","layer_7",17,0.666666666666667
"Euphorbia_balsamifera_m","layer_4","layer_7",18,0.666666666666667
"Euphorbia_balsamifera_m","layer_4","layer_7",19,0.666666666666667
"Euphorbia_balsamifera_m","layer_4","layer_7",20,0.666666666666667
"Euphorbia_balsamifera_m","layer_4","layer_7",21,0.666666666666667
"Euphorbia_balsamifera_m","layer_4","layer_7",22,0.666666666666667
"Euphorbia_balsamifera_m","layer_4","layer_7",23,0.666666666666667
"Euphorbia_balsamifera_m","layer_4","layer_7",24,0.666666666666667
"Euphorbia_balsamifera_m","layer_4","layer_7",25,0.666666666666667
"Euphorbia_balsamifera_m","layer_4","layer_7",26,0.666666666666667
"Euphorbia_balsamifera_m","layer_4","layer_7",27,0.666666666666667
"Euphorbia_balsamifera_m","layer_4","layer_7",28,0.666666666666667
"Euphorbia_balsamifera_m","layer_4","layer_7",29,0.666666666666667
"Euphorbia_balsamifera_m","layer_4","layer_7",30,0.666666666666667
"Euphorbia_balsamifera_m","layer_4","layer_7",31,0.666666666666667
"Euphorbia_balsamifera_m","layer_4","layer_7",32,0.666666666666667
"Euphorbia_balsamifera_m","layer_4","layer_7",33,0.666666666666667
"Euphorbia_balsamifera_m","layer_4","layer_7",34,0.666666666666667
"Euphorbia_balsamifera_m","layer_4","layer_7",35,0.666666666666667
"Euphorbia_balsamifera_m","layer_4","layer_7",36,0.666666666666667
"Euphorbia_balsamifera_m","layer_4","layer_7",37,0.666666666666667
"Euphorbia_balsamifera_m","layer_4","layer_7",38,0.666666666666667
"Euphorbia_balsamifera_m","layer_4","layer_7",39,0.666666666666667
"Euphorbia_balsamifera_m","layer_4","layer_7",40,0.666666666666667
"Euphorbia_balsamifera_m","layer_4","layer_7",41,0.666666666666667
"Euphorbia_balsamifera_m","layer_4","layer_7",42,0.666666666666667
"Euphorbia_balsamifera_m","layer_4","layer_7",43,0.666666666666667
"Euphorbia_balsamifera_m","layer_4","layer_7",44,0.666666666666667
"Euphorbia_balsamifera_m","layer_4","layer_7",45,0.666666666666667
"Euphorbia_balsamifera_m","layer_4","layer_7",46,0.666666666666667
"Euphorbia_balsamifera_m","layer_4","layer_7",47,0.666666666666667
"Euphorbia_balsamifera_m","layer_4","layer_7",48,0.666666666666667
"Euphorbia_balsamifera_m","layer_4","layer_7",49,0.666666666666667
"Euphorbia_balsamifera_m","layer_4","layer_7",50,0.666666666666667
"Euphorbia_balsamifera_m","layer_5","layer_7",1,0.666666666666667
"Euphorbia_balsamifera_m","layer_5","layer_7",2,0.666666666666667
"Euphorbia_balsamifera_m","layer_5","layer_7",3,0.666666666666667
"Euphorbia_balsamifera_m","layer_5","layer_7",4,0.666666666666667
"Euphorbia_balsamifera_m","layer_5","layer_7",5,0.666666666666667
"Euphorbia_balsamifera_m","layer_5","layer_7",6,0.666666666666667
"Euphorbia_balsamifera_m","layer_5","layer_7",7,0.666666666666667
"Euphorbia_balsamifera_m","layer_5","layer_7",8,0.666666666666667
"Euphorbia_balsamifera_m","layer_5","layer_7",9,0.666666666666667
"Euphorbia_balsamifera_m","layer_5","layer_7",10,0.666666666666667
"Euphorbia_balsamifera_m","layer_5","layer_7",11,0.666666666666667
"Euphorbia_balsamifera_m","layer_5","layer_7",12,0.666666666666667
"Euphorbia_balsamifera_m","layer_5","layer_7",13,0.666666666666667
"Euphorbia_balsamifera_m","layer_5","layer_7",14,0.666666666666667
"Euphorbia_balsamifera_m","layer_5","layer_7",15,0.666666666666667
"Euphorbia_balsamifera_m","layer_5","layer_7",16,0.666666666666667
"Euphorbia_balsamifera_m","layer_5","layer_7",17,0.666666666666667
"Euphorbia_balsamifera_m","layer_5","layer_7",18,0.666666666666667
"Euphorbia_balsamifera_m","layer_5","layer_7",19,0.666666666666667
"Euphorbia_balsamifera_m","layer_5","layer_7",20,0.666666666666667
"Euphorbia_balsamifera_m","layer_5","layer_7",21,0.666666666666667
"Euphorbia_balsamifera_m","layer_5","layer_7",22,0.666666666666667
"Euphorbia_balsamifera_m","layer_5","layer_7",23,0.666666666666667
"Euphorbia_balsamifera_m","layer_5","layer_7",24,0.666666666666667
"Euphorbia_balsamifera_m","layer_5","layer_7",25,0.666666666666667
"Euphorbia_balsamifera_m","layer_5","layer_7",26,0.666666666666667
"Euphorbia_balsamifera_m","layer_5","layer_7",27,0.666666666666667
"Euphorbia_balsamifera_m","layer_5","layer_7",28,0.666666666666667
"Euphorbia_balsamifera_m","layer_5","layer_7",29,0.666666666666667
"Euphorbia_balsamifera_m","layer_5","layer_7",30,0.666666666666667
"Euphorbia_balsamifera_m","layer_5","layer_7",31,0.666666666666667
"Euphorbia_balsamifera_m","layer_5","layer_7",32,0.666666666666667
"Euphorbia_balsamifera_m","layer_5","layer_7",33,0.666666666666667
"Euphorbia_balsamifera_m","layer_5","layer_7",34,0.666666666666667
"Euphorbia_balsamifera_m","layer_5","layer_7",35,0.666666666666667
"Euphorbia_balsamifera_m","layer_5","layer_7",36,0.666666666666667
"Euphorbia_balsamifera_m","layer_5","layer_7",37,0.666666666666667
"Euphorbia_balsamifera_m","layer_5","layer_7",38,0.666666666666667
"Euphorbia_balsamifera_m","layer_5","layer_7",39,0.666666666666667
"Euphorbia_balsamifera_m","layer_5","layer_7",40,0.666666666666667
"Euphorbia_balsamifera_m","layer_5","layer_7",41,0.666666666666667
"Euphorbia_balsamifera_m","layer_5","layer_7",42,0.666666666666667
"Euphorbia_balsamifera_m","layer_5","layer_7",43,0.666666666666667
"Euphorbia_balsamifera_m","layer_5","layer_7",44,0.666666666666667
"Euphorbia_balsamifera_m","layer_5","layer_7",45,0.666666666666667
"Euphorbia_balsamifera_m","layer_5","layer_7",46,0.666666666666667
"Euphorbia_balsamifera_m","layer_5","layer_7",47,0.666666666666667
"Euphorbia_balsamifera_m","layer_5","layer_7",48,0.666666666666667
"Euphorbia_balsamifera_m","layer_5","layer_7",49,0.666666666666667
"Euphorbia_balsamifera_m","layer_5","layer_7",50,0.666666666666667
"Euphorbia_balsamifera_m","layer_6","layer_7",1,0.666666666666667
"Euphorbia_balsamifera_m","layer_6","layer_7",2,0.666666666666667
"Euphorbia_balsamifera_m","layer_6","layer_7",3,0.666666666666667
"Euphorbia_balsamifera_m","layer_6","layer_7",4,0.666666666666667
"Euphorbia_balsamifera_m","layer_6","layer_7",5,0.666666666666667
"Euphorbia_balsamifera_m","layer_6","layer_7",6,0.666666666666667
"Euphorbia_balsamifera_m","layer_6","layer_7",7,0.666666666666667
"Euphorbia_balsamifera_m","layer_6","layer_7",8,0.666666666666667
"Euphorbia_balsamifera_m","layer_6","layer_7",9,0.666666666666667
"Euphorbia_balsamifera_m","layer_6","layer_7",10,0.666666666666667
"Euphorbia_balsamifera_m","layer_6","layer_7",11,0.666666666666667
"Euphorbia_balsamifera_m","layer_6","layer_7",12,0.666666666666667
"Euphorbia_balsamifera_m","layer_6","layer_7",13,0.666666666666667
"Euphorbia_balsamifera_m","layer_6","layer_7",14,0.666666666666667
"Euphorbia_balsamifera_m","layer_6","layer_7",15,0.666666666666667
"Euphorbia_balsamifera_m","layer_6","layer_7",16,0.666666666666667
"Euphorbia_balsamifera_m","layer_6","layer_7",17,0.666666666666667
"Euphorbia_balsamifera_m","layer_6","layer_7",18,0.666666666666667
"Euphorbia_balsamifera_m","layer_6","layer_7",19,0.666666666666667
"Euphorbia_balsamifera_m","layer_6","layer_7",20,0.666666666666667
"Euphorbia_balsamifera_m","layer_6","layer_7",21,0.666666666666667
"Euphorbia_balsamifera_m","layer_6","layer_7",22,0.666666666666667
"Euphorbia_balsamifera_m","layer_6","layer_7",23,0.666666666666667
"Euphorbia_balsamifera_m","layer_6","layer_7",24,0.666666666666667
"Euphorbia_balsamifera_m","layer_6","layer_7",25,0.666666666666667
"Euphorbia_balsamifera_m","layer_6","layer_7",26,0.666666666666667
"Euphorbia_balsamifera_m","layer_6","layer_7",27,0.666666666666667
"Euphorbia_balsamifera_m","layer_6","layer_7",28,0.666666666666667
"Euphorbia_balsamifera_m","layer_6","layer_7",29,0.666666666666667
"Euphorbia_balsamifera_m","layer_6","layer_7",30,0.666666666666667
"Euphorbia_balsamifera_m","layer_6","layer_7",31,0.666666666666667
"Euphorbia_balsamifera_m","layer_6","layer_7",32,0.666666666666667
"Euphorbia_balsamifera_m","layer_6","layer_7",33,0.666666666666667
"Euphorbia_balsamifera_m","layer_6","layer_7",34,0.666666666666667
"Euphorbia_balsamifera_m","layer_6","layer_7",35,0.666666666666667
"Euphorbia_balsamifera_m","layer_6","layer_7",36,0.666666666666667
"Euphorbia_balsamifera_m","layer_6","layer_7",37,0.666666666666667
"Euphorbia_balsamifera_m","layer_6","layer_7",38,0.666666666666667
"Euphorbia_balsamifera_m","layer_6","layer_7",39,0.666666666666667
"Euphorbia_balsamifera_m","layer_6","layer_7",40,0.666666666666667
"Euphorbia_balsamifera_m","layer_6","layer_7",41,0.666666666666667
"Euphorbia_balsamifera_m","layer_6","layer_7",42,0.666666666666667
"Euphorbia_balsamifera_m","layer_6","layer_7",43,0.666666666666667
"Euphorbia_balsamifera_m","layer_6","layer_7",44,0.666666666666667
"Euphorbia_balsamifera_m","layer_6","layer_7",45,0.666666666666667
"Euphorbia_balsamifera_m","layer_6","layer_7",46,0.666666666666667
"Euphorbia_balsamifera_m","layer_6","layer_7",47,0.666666666666667
"Euphorbia_balsamifera_m","layer_6","layer_7",48,0.666666666666667
"Euphorbia_balsamifera_m","layer_6","layer_7",49,0.666666666666667
"Euphorbia_balsamifera_m","layer_6","layer_7",50,0.666666666666667
"Euphorbia_lamarckii","layer_6","layer_2",1,0.666666666666667
"Euphorbia_lamarckii","layer_6","layer_2",2,0.666666666666667
"Euphorbia_lamarckii","layer_6","layer_2",3,0.666666666666667
"Euphorbia_lamarckii","layer_6","layer_2",4,0.666666666666667
"Euphorbia_lamarckii","layer_6","layer_2",5,0.666666666666667
"Euphorbia_lamarckii","layer_6","layer_2",6,0.666666666666667
"Euphorbia_lamarckii","layer_6","layer_2",7,0.666666666666667
"Euphorbia_lamarckii","layer_6","layer_2",8,0.666666666666667
"Euphorbia_lamarckii","layer_6","layer_2",9,0.666666666666667
"Euphorbia_lamarckii","layer_6","layer_2",10,0.666666666666667
"Euphorbia_lamarckii","layer_6","layer_2",11,0.666666666666667
"Euphorbia_lamarckii","layer_6","layer_2",12,0.666666666666667
"Euphorbia_lamarckii","layer_6","layer_2",13,0.666666666666667
"Euphorbia_lamarckii","layer_6","layer_2",14,0.666666666666667
"Euphorbia_lamarckii","layer_6","layer_2",15,0.666666666666667
"Euphorbia_lamarckii","layer_6","layer_2",16,0.666666666666667
"Euphorbia_lamarckii","layer_6","layer_2",17,0.666666666666667
"Euphorbia_lamarckii","layer_6","layer_2",18,0.666666666666667
"Euphorbia_lamarckii","layer_6","layer_2",19,0.666666666666667
"Euphorbia_lamarckii","layer_6","layer_2",20,0.666666666666667
"Euphorbia_lamarckii","layer_6","layer_2",21,0.666666666666667
"Euphorbia_lamarckii","layer_6","layer_2",22,0.666666666666667
"Euphorbia_lamarckii","layer_6","layer_2",23,0.666666666666667
"Euphorbia_lamarckii","layer_6","layer_2",24,0.666666666666667
"Euphorbia_lamarckii","layer_6","layer_2",25,0.666666666666667
"Euphorbia_lamarckii","layer_6","layer_2",26,0.666666666666667
"Euphorbia_lamarckii","layer_6","layer_2",27,0.666666666666667
"Euphorbia_lamarckii","layer_6","layer_2",28,0.666666666666667
"Euphorbia_lamarckii","layer_6","layer_2",29,0.666666666666667
"Euphorbia_lamarckii","layer_6","layer_2",30,0.666666666666667
"Euphorbia_lamarckii","layer_6","layer_2",31,0.666666666666667
"Euphorbia_lamarckii","layer_6","layer_2",32,0.666666666666667
"Euphorbia_lamarckii","layer_6","layer_2",33,0.666666666666667
"Euphorbia_lamarckii","layer_6","layer_2",34,0.666666666666667
"Euphorbia_lamarckii","layer_6","layer_2",35,0.666666666666667
"Euphorbia_lamarckii","layer_6","layer_2",36,0.666666666666667
"Euphorbia_lamarckii","layer_6","layer_2",37,0.666666666666667
"Euphorbia_lamarckii","layer_6","layer_2",38,0.666666666666667
"Euphorbia_lamarckii","layer_6","layer_2",39,0.666666666666667
"Euphorbia_lamarckii","layer_6","layer_2",40,0.666666666666667
"Euphorbia_lamarckii","layer_6","layer_2",41,0.666666666666667
"Euphorbia_lamarckii","layer_6","layer_2",42,0.666666666666667
"Euphorbia_lamarckii","layer_6","layer_2",43,0.666666666666667
"Euphorbia_lamarckii","layer_6","layer_2",44,0.666666666666667
"Euphorbia_lamarckii","layer_6","layer_2",45,0.666666666666667
"Euphorbia_lamarckii","layer_6","layer_2",46,0.666666666666667
"Euphorbia_lamarckii","layer_6","layer_2",47,0.666666666666667
"Euphorbia_lamarckii","layer_6","layer_2",48,0.666666666666667
"Euphorbia_lamarckii","layer_6","layer_2",49,0.666666666666667
"Euphorbia_lamarckii","layer_6","layer_2",50,0.666666666666667
"Euphorbia_lamarckii","layer_7","layer_2",1,0.666666666666667
"Euphorbia_lamarckii","layer_7","layer_2",2,0.666666666666667
"Euphorbia_lamarckii","layer_7","layer_2",3,0.666666666666667
"Euphorbia_lamarckii","layer_7","layer_2",4,0.5
"Euphorbia_lamarckii","layer_7","layer_2",5,0.666666666666667
"Euphorbia_lamarckii","layer_7","layer_2",6,0.666666666666667
"Euphorbia_lamarckii","layer_7","layer_2",7,0.5
"Euphorbia_lamarckii","layer_7","layer_2",8,1
"Euphorbia_lamarckii","layer_7","layer_2",9,0.333333333333333
"Euphorbia_lamarckii","layer_7","layer_2",10,0.666666666666667
"Euphorbia_lamarckii","layer_7","layer_2",11,0.666666666666667
"Euphorbia_lamarckii","layer_7","layer_2",12,0.666666666666667
"Euphorbia_lamarckii","layer_7","layer_2",13,0.666666666666667
"Euphorbia_lamarckii","layer_7","layer_2",14,0.666666666666667
"Euphorbia_lamarckii","layer_7","layer_2",15,0.666666666666667
"Euphorbia_lamarckii","layer_7","layer_2",16,0.666666666666667
"Euphorbia_lamarckii","layer_7","layer_2",17,0.666666666666667
"Euphorbia_lamarckii","layer_7","layer_2",18,0.666666666666667
"Euphorbia_lamarckii","layer_7","layer_2",19,0.571428571428572
"Euphorbia_lamarckii","layer_7","layer_2",20,0.666666666666667
"Euphorbia_lamarckii","layer_7","layer_2",21,0.666666666666667
"Euphorbia_lamarckii","layer_7","layer_2",22,0.75
"Euphorbia_lamarckii","layer_7","layer_2",23,0.666666666666667
"Euphorbia_lamarckii","layer_7","layer_2",24,0.8
"Euphorbia_lamarckii","layer_7","layer_2",25,0.666666666666667
"Euphorbia_lamarckii","layer_7","layer_2",26,0.666666666666667
"Euphorbia_lamarckii","layer_7","layer_2",27,0.666666666666667
"Euphorbia_lamarckii","layer_7","layer_2",28,0.75
"Euphorbia_lamarckii","layer_7","layer_2",29,0.666666666666667
"Euphorbia_lamarckii","layer_7","layer_2",30,0.666666666666667
"Euphorbia_lamarckii","layer_7","layer_2",31,0.666666666666667
"Euphorbia_lamarckii","layer_7","layer_2",32,0.857142857142857
"Euphorbia_lamarckii","layer_7","layer_2",33,0.666666666666667
"Euphorbia_lamarckii","layer_7","layer_2",34,0.8
"Euphorbia_lamarckii","layer_7","layer_2",35,0.666666666666667
"Euphorbia_lamarckii","layer_7","layer_2",36,0.666666666666667
"Euphorbia_lamarckii","layer_7","layer_2",37,0.666666666666667
"Euphorbia_lamarckii","layer_7","layer_2",38,0.666666666666667
"Euphorbia_lamarckii","layer_7","layer_2",39,0.666666666666667
"Euphorbia_lamarckii","layer_7","layer_2",40,0.666666666666667
"Euphorbia_lamarckii","layer_7","layer_2",41,0.666666666666667
"Euphorbia_lamarckii","layer_7","layer_2",42,0.666666666666667
"Euphorbia_lamarckii","layer_7","layer_2",43,0.666666666666667
"Euphorbia_lamarckii","layer_7","layer_2",44,0.666666666666667
"Euphorbia_lamarckii","layer_7","layer_2",45,0.571428571428572
"Euphorbia_lamarckii","layer_7","layer_2",46,0.5
"Euphorbia_lamarckii","layer_7","layer_2",47,0.4
"Euphorbia_lamarckii","layer_7","layer_2",48,0.666666666666667
"Euphorbia_lamarckii","layer_7","layer_2",49,0.666666666666667
"Euphorbia_lamarckii","layer_7","layer_2",50,0.666666666666667
"Euphorbia_lamarckii","layer_2","layer_6",1,0.666666666666667
"Euphorbia_lamarckii","layer_2","layer_6",2,0.666666666666667
"Euphorbia_lamarckii","layer_2","layer_6",3,0.666666666666667
"Euphorbia_lamarckii","layer_2","layer_6",4,0.666666666666667
"Euphorbia_lamarckii","layer_2","layer_6",5,0.666666666666667
"Euphorbia_lamarckii","layer_2","layer_6",6,0.666666666666667
"Euphorbia_lamarckii","layer_2","layer_6",7,0.666666666666667
"Euphorbia_lamarckii","layer_2","layer_6",8,0.666666666666667
"Euphorbia_lamarckii","layer_2","layer_6",9,0.666666666666667
"Euphorbia_lamarckii","layer_2","layer_6",10,0.666666666666667
"Euphorbia_lamarckii","layer_2","layer_6",11,0.666666666666667
"Euphorbia_lamarckii","layer_2","layer_6",12,0.666666666666667
"Euphorbia_lamarckii","layer_2","layer_6",13,0.666666666666667
"Euphorbia_lamarckii","layer_2","layer_6",14,0.666666666666667
"Euphorbia_lamarckii","layer_2","layer_6",15,0.666666666666667
"Euphorbia_lamarckii","layer_2","layer_6",16,0.666666666666667
"Euphorbia_lamarckii","layer_2","layer_6",17,0.666666666666667
"Euphorbia_lamarckii","layer_2","layer_6",18,0.666666666666667
"Euphorbia_lamarckii","layer_2","layer_6",19,0.666666666666667
"Euphorbia_lamarckii","layer_2","layer_6",20,0.666666666666667
"Euphorbia_lamarckii","layer_2","layer_6",21,0.666666666666667
"Euphorbia_lamarckii","layer_2","layer_6",22,0.666666666666667
"Euphorbia_lamarckii","layer_2","layer_6",23,0.666666666666667
"Euphorbia_lamarckii","layer_2","layer_6",24,0.666666666666667
"Euphorbia_lamarckii","layer_2","layer_6",25,0.666666666666667
"Euphorbia_lamarckii","layer_2","layer_6",26,0.666666666666667
"Euphorbia_lamarckii","layer_2","layer_6",27,0.666666666666667
"Euphorbia_lamarckii","layer_2","layer_6",28,0.666666666666667
"Euphorbia_lamarckii","layer_2","layer_6",29,0.666666666666667
"Euphorbia_lamarckii","layer_2","layer_6",30,0.666666666666667
"Euphorbia_lamarckii","layer_2","layer_6",31,0.666666666666667
"Euphorbia_lamarckii","layer_2","layer_6",32,0.666666666666667
"Euphorbia_lamarckii","layer_2","layer_6",33,0.666666666666667
"Euphorbia_lamarckii","layer_2","layer_6",34,0.666666666666667
"Euphorbia_lamarckii","layer_2","layer_6",35,0.666666666666667
"Euphorbia_lamarckii","layer_2","layer_6",36,0.666666666666667
"Euphorbia_lamarckii","layer_2","layer_6",37,0.666666666666667
"Euphorbia_lamarckii","layer_2","layer_6",38,0.666666666666667
"Euphorbia_lamarckii","layer_2","layer_6",39,0.666666666666667
"Euphorbia_lamarckii","layer_2","layer_6",40,0.666666666666667
"Euphorbia_lamarckii","layer_2","layer_6",41,0.666666666666667
"Euphorbia_lamarckii","layer_2","layer_6",42,0.666666666666667
"Euphorbia_lamarckii","layer_2","layer_6",43,0.666666666666667
"Euphorbia_lamarckii","layer_2","layer_6",44,0.666666666666667
"Euphorbia_lamarckii","layer_2","layer_6",45,0.666666666666667
"Euphorbia_lamarckii","layer_2","layer_6",46,0.666666666666667
"Euphorbia_lamarckii","layer_2","layer_6",47,0.666666666666667
"Euphorbia_lamarckii","layer_2","layer_6",48,0.666666666666667
"Euphorbia_lamarckii","layer_2","layer_6",49,0.666666666666667
"Euphorbia_lamarckii","layer_2","layer_6",50,0.666666666666667
"Euphorbia_lamarckii","layer_7","layer_6",1,0.666666666666667
"Euphorbia_lamarckii","layer_7","layer_6",2,0.666666666666667
"Euphorbia_lamarckii","layer_7","layer_6",3,0.666666666666667
"Euphorbia_lamarckii","layer_7","layer_6",4,0.666666666666667
"Euphorbia_lamarckii","layer_7","layer_6",5,0.666666666666667
"Euphorbia_lamarckii","layer_7","layer_6",6,0.666666666666667
"Euphorbia_lamarckii","layer_7","layer_6",7,0.666666666666667
"Euphorbia_lamarckii","layer_7","layer_6",8,0.666666666666667
"Euphorbia_lamarckii","layer_7","layer_6",9,0.666666666666667
"Euphorbia_lamarckii","layer_7","layer_6",10,0.666666666666667
"Euphorbia_lamarckii","layer_7","layer_6",11,0.666666666666667
"Euphorbia_lamarckii","layer_7","layer_6",12,0.666666666666667
"Euphorbia_lamarckii","layer_7","layer_6",13,0.666666666666667
"Euphorbia_lamarckii","layer_7","layer_6",14,0.666666666666667
"Euphorbia_lamarckii","layer_7","layer_6",15,0.666666666666667
"Euphorbia_lamarckii","layer_7","layer_6",16,0.666666666666667
"Euphorbia_lamarckii","layer_7","layer_6",17,0.666666666666667
"Euphorbia_lamarckii","layer_7","layer_6",18,0.666666666666667
"Euphorbia_lamarckii","layer_7","layer_6",19,0.666666666666667
"Euphorbia_lamarckii","layer_7","layer_6",20,0.666666666666667
"Euphorbia_lamarckii","layer_7","layer_6",21,0.666666666666667
"Euphorbia_lamarckii","layer_7","layer_6",22,0.666666666666667
"Euphorbia_lamarckii","layer_7","layer_6",23,0.666666666666667
"Euphorbia_lamarckii","layer_7","layer_6",24,0.666666666666667
"Euphorbia_lamarckii","layer_7","layer_6",25,0.666666666666667
"Euphorbia_lamarckii","layer_7","layer_6",26,0.666666666666667
"Euphorbia_lamarckii","layer_7","layer_6",27,0.666666666666667
"Euphorbia_lamarckii","layer_7","layer_6",28,0.666666666666667
"Euphorbia_lamarckii","layer_7","layer_6",29,0.666666666666667
"Euphorbia_lamarckii","layer_7","layer_6",30,0.666666666666667
"Euphorbia_lamarckii","layer_7","layer_6",31,0.666666666666667
"Euphorbia_lamarckii","layer_7","layer_6",32,0.666666666666667
"Euphorbia_lamarckii","layer_7","layer_6",33,0.666666666666667
"Euphorbia_lamarckii","layer_7","layer_6",34,0.666666666666667
"Euphorbia_lamarckii","layer_7","layer_6",35,0.666666666666667
"Euphorbia_lamarckii","layer_7","layer_6",36,0.666666666666667
"Euphorbia_lamarckii","layer_7","layer_6",37,0.666666666666667
"Euphorbia_lamarckii","layer_7","layer_6",38,0.666666666666667
"Euphorbia_lamarckii","layer_7","layer_6",39,0.666666666666667
"Euphorbia_lamarckii","layer_7","layer_6",40,0.666666666666667
"Euphorbia_lamarckii","layer_7","layer_6",41,0.666666666666667
"Euphorbia_lamarckii","layer_7","layer_6",42,0.666666666666667
"Euphorbia_lamarckii","layer_7","layer_6",43,0.666666666666667
"Euphorbia_lamarckii","layer_7","layer_6",44,0.666666666666667
"Euphorbia_lamarckii","layer_7","layer_6",45,0.666666666666667
"Euphorbia_lamarckii","layer_7","layer_6",46,0.666666666666667
"Euphorbia_lamarckii","layer_7","layer_6",47,0.666666666666667
"Euphorbia_lamarckii","layer_7","layer_6",48,0.666666666666667
"Euphorbia_lamarckii","layer_7","layer_6",49,0.666666666666667
"Euphorbia_lamarckii","layer_7","layer_6",50,0.666666666666667
"Euphorbia_lamarckii","layer_2","layer_7",1,0.545454545454545
"Euphorbia_lamarckii","layer_2","layer_7",2,0.666666666666667
"Euphorbia_lamarckii","layer_2","layer_7",3,0.666666666666667
"Euphorbia_lamarckii","layer_2","layer_7",4,0.666666666666667
"Euphorbia_lamarckii","layer_2","layer_7",5,0.666666666666667
"Euphorbia_lamarckii","layer_2","layer_7",6,0.5
"Euphorbia_lamarckii","layer_2","layer_7",7,0.666666666666667
"Euphorbia_lamarckii","layer_2","layer_7",8,0.666666666666667
"Euphorbia_lamarckii","layer_2","layer_7",9,0.666666666666667
"Euphorbia_lamarckii","layer_2","layer_7",10,0.5
"Euphorbia_lamarckii","layer_2","layer_7",11,0.666666666666667
"Euphorbia_lamarckii","layer_2","layer_7",12,0.666666666666667
"Euphorbia_lamarckii","layer_2","layer_7",13,0.666666666666667
"Euphorbia_lamarckii","layer_2","layer_7",14,0.666666666666667
"Euphorbia_lamarckii","layer_2","layer_7",15,0.666666666666667
"Euphorbia_lamarckii","layer_2","layer_7",16,0.666666666666667
"Euphorbia_lamarckii","layer_2","layer_7",17,0.6
"Euphorbia_lamarckii","layer_2","layer_7",18,0.6
"Euphorbia_lamarckii","layer_2","layer_7",19,0.666666666666667
"Euphorbia_lamarckii","layer_2","layer_7",20,0.666666666666667
"Euphorbia_lamarckii","layer_2","layer_7",21,0.666666666666667
"Euphorbia_lamarckii","layer_2","layer_7",22,0.666666666666667
"Euphorbia_lamarckii","layer_2","layer_7",23,0.5
"Euphorbia_lamarckii","layer_2","layer_7",24,0.666666666666667
"Euphorbia_lamarckii","layer_2","layer_7",25,0.666666666666667
"Euphorbia_lamarckii","layer_2","layer_7",26,0.666666666666667
"Euphorbia_lamarckii","layer_2","layer_7",27,0.285714285714286
"Euphorbia_lamarckii","layer_2","layer_7",28,0.666666666666667
"Euphorbia_lamarckii","layer_2","layer_7",29,0.571428571428572
"Euphorbia_lamarckii","layer_2","layer_7",30,0.666666666666667
"Euphorbia_lamarckii","layer_2","layer_7",31,0.666666666666667
"Euphorbia_lamarckii","layer_2","layer_7",32,0.666666666666667
"Euphorbia_lamarckii","layer_2","layer_7",33,0.666666666666667
"Euphorbia_lamarckii","layer_2","layer_7",34,0.666666666666667
"Euphorbia_lamarckii","layer_2","layer_7",35,0.666666666666667
"Euphorbia_lamarckii","layer_2","layer_7",36,0.666666666666667
"Euphorbia_lamarckii","layer_2","layer_7",37,0.666666666666667
"Euphorbia_lamarckii","layer_2","layer_7",38,0.666666666666667
"Euphorbia_lamarckii","layer_2","layer_7",39,0.75
"Euphorbia_lamarckii","layer_2","layer_7",40,0.666666666666667
"Euphorbia_lamarckii","layer_2","layer_7",41,0.666666666666667
"Euphorbia_lamarckii","layer_2","layer_7",42,0.666666666666667
"Euphorbia_lamarckii","layer_2","layer_7",43,0.666666666666667
"Euphorbia_lamarckii","layer_2","layer_7",44,0.666666666666667
"Euphorbia_lamarckii","layer_2","layer_7",45,0.5
"Euphorbia_lamarckii","layer_2","layer_7",46,0.666666666666667
"Euphorbia_lamarckii","layer_2","layer_7",47,0.666666666666667
"Euphorbia_lamarckii","layer_2","layer_7",48,0.75
"Euphorbia_lamarckii","layer_2","layer_7",49,0.666666666666667
"Euphorbia_lamarckii","layer_2","layer_7",50,0.666666666666667
"Euphorbia_lamarckii","layer_6","layer_7",1,0.666666666666667
"Euphorbia_lamarckii","layer_6","layer_7",2,0.666666666666667
"Euphorbia_lamarckii","layer_6","layer_7",3,0.666666666666667
"Euphorbia_lamarckii","layer_6","layer_7",4,0.666666666666667
"Euphorbia_lamarckii","layer_6","layer_7",5,0.666666666666667
"Euphorbia_lamarckii","layer_6","layer_7",6,0.666666666666667
"Euphorbia_lamarckii","layer_6","layer_7",7,0.666666666666667
"Euphorbia_lamarckii","layer_6","layer_7",8,0.666666666666667
"Euphorbia_lamarckii","layer_6","layer_7",9,0.666666666666667
"Euphorbia_lamarckii","layer_6","layer_7",10,0.666666666666667
"Euphorbia_lamarckii","layer_6","layer_7",11,0.666666666666667
"Euphorbia_lamarckii","layer_6","layer_7",12,0.666666666666667
"Euphorbia_lamarckii","layer_6","layer_7",13,0.666666666666667
"Euphorbia_lamarckii","layer_6","layer_7",14,0.666666666666667
"Euphorbia_lamarckii","layer_6","layer_7",15,0.666666666666667
"Euphorbia_lamarckii","layer_6","layer_7",16,0.666666666666667
"Euphorbia_lamarckii","layer_6","layer_7",17,0.666666666666667
"Euphorbia_lamarckii","layer_6","layer_7",18,0.666666666666667
"Euphorbia_lamarckii","layer_6","layer_7",19,0.666666666666667
"Euphorbia_lamarckii","layer_6","layer_7",20,0.666666666666667
"Euphorbia_lamarckii","layer_6","layer_7",21,0.666666666666667
"Euphorbia_lamarckii","layer_6","layer_7",22,0.666666666666667
"Euphorbia_lamarckii","layer_6","layer_7",23,0.666666666666667
"Euphorbia_lamarckii","layer_6","layer_7",24,0.666666666666667
"Euphorbia_lamarckii","layer_6","layer_7",25,0.666666666666667
"Euphorbia_lamarckii","layer_6","layer_7",26,0.666666666666667
"Euphorbia_lamarckii","layer_6","layer_7",27,0.666666666666667
"Euphorbia_lamarckii","layer_6","layer_7",28,0.666666666666667
"Euphorbia_lamarckii","layer_6","layer_7",29,0.666666666666667
"Euphorbia_lamarckii","layer_6","layer_7",30,0.666666666666667
"Euphorbia_lamarckii","layer_6","layer_7",31,0.666666666666667
"Euphorbia_lamarckii","layer_6","layer_7",32,0.666666666666667
"Euphorbia_lamarckii","layer_6","layer_7",33,0.666666666666667
"Euphorbia_lamarckii","layer_6","layer_7",34,0.666666666666667
"Euphorbia_lamarckii","layer_6","layer_7",35,0.666666666666667
"Euphorbia_lamarckii","layer_6","layer_7",36,0.666666666666667
"Euphorbia_lamarckii","layer_6","layer_7",37,0.666666666666667
"Euphorbia_lamarckii","layer_6","layer_7",38,0.666666666666667
"Euphorbia_lamarckii","layer_6","layer_7",39,0.666666666666667
"Euphorbia_lamarckii","layer_6","layer_7",40,0.666666666666667
"Euphorbia_lamarckii","layer_6","layer_7",41,0.666666666666667
"Euphorbia_lamarckii","layer_6","layer_7",42,0.666666666666667
"Euphorbia_lamarckii","layer_6","layer_7",43,0.666666666666667
"Euphorbia_lamarckii","layer_6","layer_7",44,0.666666666666667
"Euphorbia_lamarckii","layer_6","layer_7",45,0.666666666666667
"Euphorbia_lamarckii","layer_6","layer_7",46,0.666666666666667
"Euphorbia_lamarckii","layer_6","layer_7",47,0.666666666666667
"Euphorbia_lamarckii","layer_6","layer_7",48,0.666666666666667
"Euphorbia_lamarckii","layer_6","layer_7",49,0.666666666666667
"Euphorbia_lamarckii","layer_6","layer_7",50,0.666666666666667
"Launaea_arborescens","layer_3","layer_2",1,NA
"Launaea_arborescens","layer_3","layer_2",2,0.666666666666667
"Launaea_arborescens","layer_3","layer_2",3,0.888888888888889
"Launaea_arborescens","layer_3","layer_2",4,0.285714285714286
"Launaea_arborescens","layer_3","layer_2",5,0.571428571428572
"Launaea_arborescens","layer_3","layer_2",6,1
"Launaea_arborescens","layer_3","layer_2",7,0.571428571428572
"Launaea_arborescens","layer_3","layer_2",8,0.666666666666667
"Launaea_arborescens","layer_3","layer_2",9,0.571428571428572
"Launaea_arborescens","layer_3","layer_2",10,0.5
"Launaea_arborescens","layer_3","layer_2",11,0.571428571428572
"Launaea_arborescens","layer_3","layer_2",12,0.25
"Launaea_arborescens","layer_3","layer_2",13,0.285714285714286
"Launaea_arborescens","layer_3","layer_2",14,0.285714285714286
"Launaea_arborescens","layer_3","layer_2",15,0.5
"Launaea_arborescens","layer_3","layer_2",16,0.4
"Launaea_arborescens","layer_3","layer_2",17,0.333333333333333
"Launaea_arborescens","layer_3","layer_2",18,0.285714285714286
"Launaea_arborescens","layer_3","layer_2",19,0.666666666666667
"Launaea_arborescens","layer_3","layer_2",20,0.285714285714286
"Launaea_arborescens","layer_3","layer_2",21,0.285714285714286
"Launaea_arborescens","layer_3","layer_2",22,0.666666666666667
"Launaea_arborescens","layer_3","layer_2",23,0.5
"Launaea_arborescens","layer_3","layer_2",24,0.333333333333333
"Launaea_arborescens","layer_3","layer_2",25,0.4
"Launaea_arborescens","layer_3","layer_2",26,0.666666666666667
"Launaea_arborescens","layer_3","layer_2",27,0.333333333333333
"Launaea_arborescens","layer_3","layer_2",28,0.333333333333333
"Launaea_arborescens","layer_3","layer_2",29,0.6
"Launaea_arborescens","layer_3","layer_2",30,0.285714285714286
"Launaea_arborescens","layer_3","layer_2",31,0.666666666666667
"Launaea_arborescens","layer_3","layer_2",32,0.4
"Launaea_arborescens","layer_3","layer_2",33,0.5
"Launaea_arborescens","layer_3","layer_2",34,0.285714285714286
"Launaea_arborescens","layer_3","layer_2",35,0.666666666666667
"Launaea_arborescens","layer_3","layer_2",36,0.4
"Launaea_arborescens","layer_3","layer_2",37,NA
"Launaea_arborescens","layer_3","layer_2",38,0.4
"Launaea_arborescens","layer_3","layer_2",39,0.333333333333333
"Launaea_arborescens","layer_3","layer_2",40,0.571428571428572
"Launaea_arborescens","layer_3","layer_2",41,0.6
"Launaea_arborescens","layer_3","layer_2",42,0.666666666666667
"Launaea_arborescens","layer_3","layer_2",43,0.857142857142857
"Launaea_arborescens","layer_3","layer_2",44,0.571428571428572
"Launaea_arborescens","layer_3","layer_2",45,0.333333333333333
"Launaea_arborescens","layer_3","layer_2",46,0.285714285714286
"Launaea_arborescens","layer_3","layer_2",47,0.545454545454545
"Launaea_arborescens","layer_3","layer_2",48,0.571428571428572
"Launaea_arborescens","layer_3","layer_2",49,0.5
"Launaea_arborescens","layer_3","layer_2",50,0.5
"Launaea_arborescens","layer_4","layer_2",1,0.666666666666667
"Launaea_arborescens","layer_4","layer_2",2,0.666666666666667
"Launaea_arborescens","layer_4","layer_2",3,0.666666666666667
"Launaea_arborescens","layer_4","layer_2",4,0.666666666666667
"Launaea_arborescens","layer_4","layer_2",5,0.666666666666667
"Launaea_arborescens","layer_4","layer_2",6,0.666666666666667
"Launaea_arborescens","layer_4","layer_2",7,0.666666666666667
"Launaea_arborescens","layer_4","layer_2",8,0.666666666666667
"Launaea_arborescens","layer_4","layer_2",9,0.666666666666667
"Launaea_arborescens","layer_4","layer_2",10,0.666666666666667
"Launaea_arborescens","layer_4","layer_2",11,0.666666666666667
"Launaea_arborescens","layer_4","layer_2",12,0.666666666666667
"Launaea_arborescens","layer_4","layer_2",13,0.666666666666667
"Launaea_arborescens","layer_4","layer_2",14,0.666666666666667
"Launaea_arborescens","layer_4","layer_2",15,0.666666666666667
"Launaea_arborescens","layer_4","layer_2",16,0.666666666666667
"Launaea_arborescens","layer_4","layer_2",17,0.666666666666667
"Launaea_arborescens","layer_4","layer_2",18,0.666666666666667
"Launaea_arborescens","layer_4","layer_2",19,0.666666666666667
"Launaea_arborescens","layer_4","layer_2",20,0.666666666666667
"Launaea_arborescens","layer_4","layer_2",21,0.666666666666667
"Launaea_arborescens","layer_4","layer_2",22,0.666666666666667
"Launaea_arborescens","layer_4","layer_2",23,0.666666666666667
"Launaea_arborescens","layer_4","layer_2",24,0.666666666666667
"Launaea_arborescens","layer_4","layer_2",25,0.666666666666667
"Launaea_arborescens","layer_4","layer_2",26,0.666666666666667
"Launaea_arborescens","layer_4","layer_2",27,0.666666666666667
"Launaea_arborescens","layer_4","layer_2",28,0.666666666666667
"Launaea_arborescens","layer_4","layer_2",29,0.666666666666667
"Launaea_arborescens","layer_4","layer_2",30,0.666666666666667
"Launaea_arborescens","layer_4","layer_2",31,0.666666666666667
"Launaea_arborescens","layer_4","layer_2",32,0.666666666666667
"Launaea_arborescens","layer_4","layer_2",33,0.666666666666667
"Launaea_arborescens","layer_4","layer_2",34,0.666666666666667
"Launaea_arborescens","layer_4","layer_2",35,0.666666666666667
"Launaea_arborescens","layer_4","layer_2",36,0.666666666666667
"Launaea_arborescens","layer_4","layer_2",37,0.666666666666667
"Launaea_arborescens","layer_4","layer_2",38,0.666666666666667
"Launaea_arborescens","layer_4","layer_2",39,0.666666666666667
"Launaea_arborescens","layer_4","layer_2",40,0.666666666666667
"Launaea_arborescens","layer_4","layer_2",41,0.666666666666667
"Launaea_arborescens","layer_4","layer_2",42,0.666666666666667
"Launaea_arborescens","layer_4","layer_2",43,0.666666666666667
"Launaea_arborescens","layer_4","layer_2",44,0.666666666666667
"Launaea_arborescens","layer_4","layer_2",45,0.666666666666667
"Launaea_arborescens","layer_4","layer_2",46,0.666666666666667
"Launaea_arborescens","layer_4","layer_2",47,0.666666666666667
"Launaea_arborescens","layer_4","layer_2",48,0.666666666666667
"Launaea_arborescens","layer_4","layer_2",49,0.666666666666667
"Launaea_arborescens","layer_4","layer_2",50,0.666666666666667
"Launaea_arborescens","layer_5","layer_2",1,0.222222222222222
"Launaea_arborescens","layer_5","layer_2",2,NA
"Launaea_arborescens","layer_5","layer_2",3,NA
"Launaea_arborescens","layer_5","layer_2",4,0.222222222222222
"Launaea_arborescens","layer_5","layer_2",5,0.714285714285714
"Launaea_arborescens","layer_5","layer_2",6,0.444444444444444
"Launaea_arborescens","layer_5","layer_2",7,NA
"Launaea_arborescens","layer_5","layer_2",8,0.461538461538462
"Launaea_arborescens","layer_5","layer_2",9,NA
"Launaea_arborescens","layer_5","layer_2",10,0.333333333333333
"Launaea_arborescens","layer_5","layer_2",11,0.545454545454545
"Launaea_arborescens","layer_5","layer_2",12,NA
"Launaea_arborescens","layer_5","layer_2",13,0.363636363636364
"Launaea_arborescens","layer_5","layer_2",14,0.6
"Launaea_arborescens","layer_5","layer_2",15,0.181818181818182
"Launaea_arborescens","layer_5","layer_2",16,0.2
"Launaea_arborescens","layer_5","layer_2",17,0.333333333333333
"Launaea_arborescens","layer_5","layer_2",18,0.333333333333333
"Launaea_arborescens","layer_5","layer_2",19,0.333333333333333
"Launaea_arborescens","layer_5","layer_2",20,0.5
"Launaea_arborescens","layer_5","layer_2",21,NA
"Launaea_arborescens","layer_5","layer_2",22,0.4
"Launaea_arborescens","layer_5","layer_2",23,0.545454545454545
"Launaea_arborescens","layer_5","layer_2",24,NA
"Launaea_arborescens","layer_5","layer_2",25,0.285714285714286
"Launaea_arborescens","layer_5","layer_2",26,NA
"Launaea_arborescens","layer_5","layer_2",27,NA
"Launaea_arborescens","layer_5","layer_2",28,0.545454545454545
"Launaea_arborescens","layer_5","layer_2",29,NA
"Launaea_arborescens","layer_5","layer_2",30,0.461538461538462
"Launaea_arborescens","layer_5","layer_2",31,0.363636363636364
"Launaea_arborescens","layer_5","layer_2",32,0.545454545454545
"Launaea_arborescens","layer_5","layer_2",33,0.2
"Launaea_arborescens","layer_5","layer_2",34,0.25
"Launaea_arborescens","layer_5","layer_2",35,0.545454545454545
"Launaea_arborescens","layer_5","layer_2",36,0.222222222222222
"Launaea_arborescens","layer_5","layer_2",37,0.363636363636364
"Launaea_arborescens","layer_5","layer_2",38,NA
"Launaea_arborescens","layer_5","layer_2",39,0.181818181818182
"Launaea_arborescens","layer_5","layer_2",40,0.461538461538462
"Launaea_arborescens","layer_5","layer_2",41,0.4
"Launaea_arborescens","layer_5","layer_2",42,0.571428571428571
"Launaea_arborescens","layer_5","layer_2",43,0.285714285714286
"Launaea_arborescens","layer_5","layer_2",44,0.222222222222222
"Launaea_arborescens","layer_5","layer_2",45,0.571428571428572
"Launaea_arborescens","layer_5","layer_2",46,NA
"Launaea_arborescens","layer_5","layer_2",47,0.25
"Launaea_arborescens","layer_5","layer_2",48,0.4
"Launaea_arborescens","layer_5","layer_2",49,0.25
"Launaea_arborescens","layer_5","layer_2",50,NA
"Launaea_arborescens","layer_7","layer_2",1,0.888888888888889
"Launaea_arborescens","layer_7","layer_2",2,0.444444444444444
"Launaea_arborescens","layer_7","layer_2",3,0.333333333333333
"Launaea_arborescens","layer_7","layer_2",4,0.666666666666667
"Launaea_arborescens","layer_7","layer_2",5,0.75
"Launaea_arborescens","layer_7","layer_2",6,0.75
"Launaea_arborescens","layer_7","layer_2",7,0.666666666666667
"Launaea_arborescens","layer_7","layer_2",8,0.666666666666667
"Launaea_arborescens","layer_7","layer_2",9,0.666666666666667
"Launaea_arborescens","layer_7","layer_2",10,0.5
"Launaea_arborescens","layer_7","layer_2",11,0.571428571428572
"Launaea_arborescens","layer_7","layer_2",12,0.4
"Launaea_arborescens","layer_7","layer_2",13,0.666666666666667
"Launaea_arborescens","layer_7","layer_2",14,0.666666666666667
"Launaea_arborescens","layer_7","layer_2",15,0.5
"Launaea_arborescens","layer_7","layer_2",16,0.6
"Launaea_arborescens","layer_7","layer_2",17,0.5
"Launaea_arborescens","layer_7","layer_2",18,0.6
"Launaea_arborescens","layer_7","layer_2",19,0.666666666666667
"Launaea_arborescens","layer_7","layer_2",20,0.8
"Launaea_arborescens","layer_7","layer_2",21,0.8
"Launaea_arborescens","layer_7","layer_2",22,0.666666666666667
"Launaea_arborescens","layer_7","layer_2",23,0.888888888888889
"Launaea_arborescens","layer_7","layer_2",24,0.857142857142857
"Launaea_arborescens","layer_7","layer_2",25,0.666666666666667
"Launaea_arborescens","layer_7","layer_2",26,0.666666666666667
"Launaea_arborescens","layer_7","layer_2",27,0.666666666666667
"Launaea_arborescens","layer_7","layer_2",28,0.545454545454545
"Launaea_arborescens","layer_7","layer_2",29,0.571428571428572
"Launaea_arborescens","layer_7","layer_2",30,0.666666666666667
"Launaea_arborescens","layer_7","layer_2",31,0.571428571428572
"Launaea_arborescens","layer_7","layer_2",32,0.666666666666667
"Launaea_arborescens","layer_7","layer_2",33,0.4
"Launaea_arborescens","layer_7","layer_2",34,0.857142857142857
"Launaea_arborescens","layer_7","layer_2",35,0.571428571428572
"Launaea_arborescens","layer_7","layer_2",36,0.666666666666667
"Launaea_arborescens","layer_7","layer_2",37,0.666666666666667
"Launaea_arborescens","layer_7","layer_2",38,0.75
"Launaea_arborescens","layer_7","layer_2",39,0.571428571428572
"Launaea_arborescens","layer_7","layer_2",40,0.8
"Launaea_arborescens","layer_7","layer_2",41,0.666666666666667
"Launaea_arborescens","layer_7","layer_2",42,0.857142857142857
"Launaea_arborescens","layer_7","layer_2",43,0.285714285714286
"Launaea_arborescens","layer_7","layer_2",44,0.666666666666667
"Launaea_arborescens","layer_7","layer_2",45,0.5
"Launaea_arborescens","layer_7","layer_2",46,0.5
"Launaea_arborescens","layer_7","layer_2",47,0.571428571428572
"Launaea_arborescens","layer_7","layer_2",48,0.5
"Launaea_arborescens","layer_7","layer_2",49,0.285714285714286
"Launaea_arborescens","layer_7","layer_2",50,0.571428571428572
"Launaea_arborescens","layer_2","layer_3",1,0.4
"Launaea_arborescens","layer_2","layer_3",2,0.333333333333333
"Launaea_arborescens","layer_2","layer_3",3,0.333333333333333
"Launaea_arborescens","layer_2","layer_3",4,0.666666666666667
"Launaea_arborescens","layer_2","layer_3",5,NA
"Launaea_arborescens","layer_2","layer_3",6,0.571428571428572
"Launaea_arborescens","layer_2","layer_3",7,0.4
"Launaea_arborescens","layer_2","layer_3",8,0.5
"Launaea_arborescens","layer_2","layer_3",9,0.4
"Launaea_arborescens","layer_2","layer_3",10,0.285714285714286
"Launaea_arborescens","layer_2","layer_3",11,0.75
"Launaea_arborescens","layer_2","layer_3",12,0.666666666666667
"Launaea_arborescens","layer_2","layer_3",13,0.4
"Launaea_arborescens","layer_2","layer_3",14,0.666666666666667
"Launaea_arborescens","layer_2","layer_3",15,0.571428571428572
"Launaea_arborescens","layer_2","layer_3",16,0.666666666666667
"Launaea_arborescens","layer_2","layer_3",17,0.888888888888889
"Launaea_arborescens","layer_2","layer_3",18,0.333333333333333
"Launaea_arborescens","layer_2","layer_3",19,0.857142857142857
"Launaea_arborescens","layer_2","layer_3",20,0.545454545454545
"Launaea_arborescens","layer_2","layer_3",21,0.666666666666667
"Launaea_arborescens","layer_2","layer_3",22,0.666666666666667
"Launaea_arborescens","layer_2","layer_3",23,0.666666666666667
"Launaea_arborescens","layer_2","layer_3",24,0.571428571428572
"Launaea_arborescens","layer_2","layer_3",25,0.571428571428572
"Launaea_arborescens","layer_2","layer_3",26,0.4
"Launaea_arborescens","layer_2","layer_3",27,0.857142857142857
"Launaea_arborescens","layer_2","layer_3",28,0.666666666666667
"Launaea_arborescens","layer_2","layer_3",29,0.571428571428572
"Launaea_arborescens","layer_2","layer_3",30,0.4
"Launaea_arborescens","layer_2","layer_3",31,0.571428571428572
"Launaea_arborescens","layer_2","layer_3",32,0.666666666666667
"Launaea_arborescens","layer_2","layer_3",33,NA
"Launaea_arborescens","layer_2","layer_3",34,0.25
"Launaea_arborescens","layer_2","layer_3",35,0.333333333333333
"Launaea_arborescens","layer_2","layer_3",36,0.571428571428572
"Launaea_arborescens","layer_2","layer_3",37,0.571428571428572
"Launaea_arborescens","layer_2","layer_3",38,0.4
"Launaea_arborescens","layer_2","layer_3",39,0.545454545454545
"Launaea_arborescens","layer_2","layer_3",40,NA
"Launaea_arborescens","layer_2","layer_3",41,0.4
"Launaea_arborescens","layer_2","layer_3",42,NA
"Launaea_arborescens","layer_2","layer_3",43,0.75
"Launaea_arborescens","layer_2","layer_3",44,0.4
"Launaea_arborescens","layer_2","layer_3",45,0.25
"Launaea_arborescens","layer_2","layer_3",46,0.285714285714286
"Launaea_arborescens","layer_2","layer_3",47,0.666666666666667
"Launaea_arborescens","layer_2","layer_3",48,0.857142857142857
"Launaea_arborescens","layer_2","layer_3",49,NA
"Launaea_arborescens","layer_2","layer_3",50,0.666666666666667
"Launaea_arborescens","layer_4","layer_3",1,0.666666666666667
"Launaea_arborescens","layer_4","layer_3",2,0.666666666666667
"Launaea_arborescens","layer_4","layer_3",3,0.666666666666667
"Launaea_arborescens","layer_4","layer_3",4,0.666666666666667
"Launaea_arborescens","layer_4","layer_3",5,0.666666666666667
"Launaea_arborescens","layer_4","layer_3",6,0.666666666666667
"Launaea_arborescens","layer_4","layer_3",7,0.666666666666667
"Launaea_arborescens","layer_4","layer_3",8,0.666666666666667
"Launaea_arborescens","layer_4","layer_3",9,0.666666666666667
"Launaea_arborescens","layer_4","layer_3",10,0.666666666666667
"Launaea_arborescens","layer_4","layer_3",11,0.666666666666667
"Launaea_arborescens","layer_4","layer_3",12,0.666666666666667
"Launaea_arborescens","layer_4","layer_3",13,0.666666666666667
"Launaea_arborescens","layer_4","layer_3",14,0.666666666666667
"Launaea_arborescens","layer_4","layer_3",15,0.666666666666667
"Launaea_arborescens","layer_4","layer_3",16,0.666666666666667
"Launaea_arborescens","layer_4","layer_3",17,0.666666666666667
"Launaea_arborescens","layer_4","layer_3",18,0.666666666666667
"Launaea_arborescens","layer_4","layer_3",19,0.666666666666667
"Launaea_arborescens","layer_4","layer_3",20,0.666666666666667
"Launaea_arborescens","layer_4","layer_3",21,0.666666666666667
"Launaea_arborescens","layer_4","layer_3",22,0.666666666666667
"Launaea_arborescens","layer_4","layer_3",23,0.434782608695652
"Launaea_arborescens","layer_4","layer_3",24,0.666666666666667
"Launaea_arborescens","layer_4","layer_3",25,0.434782608695652
"Launaea_arborescens","layer_4","layer_3",26,0.666666666666667
"Launaea_arborescens","layer_4","layer_3",27,0.666666666666667
"Launaea_arborescens","layer_4","layer_3",28,0.666666666666667
"Launaea_arborescens","layer_4","layer_3",29,0.666666666666667
"Launaea_arborescens","layer_4","layer_3",30,0.666666666666667
"Launaea_arborescens","layer_4","layer_3",31,0.666666666666667
"Launaea_arborescens","layer_4","layer_3",32,0.666666666666667
"Launaea_arborescens","layer_4","layer_3",33,0.666666666666667
"Launaea_arborescens","layer_4","layer_3",34,0.666666666666667
"Launaea_arborescens","layer_4","layer_3",35,0.666666666666667
"Launaea_arborescens","layer_4","layer_3",36,0.666666666666667
"Launaea_arborescens","layer_4","layer_3",37,0.666666666666667
"Launaea_arborescens","layer_4","layer_3",38,0.666666666666667
"Launaea_arborescens","layer_4","layer_3",39,0.666666666666667
"Launaea_arborescens","layer_4","layer_3",40,0.666666666666667
"Launaea_arborescens","layer_4","layer_3",41,0.666666666666667
"Launaea_arborescens","layer_4","layer_3",42,0.666666666666667
"Launaea_arborescens","layer_4","layer_3",43,0.666666666666667
"Launaea_arborescens","layer_4","layer_3",44,0.666666666666667
"Launaea_arborescens","layer_4","layer_3",45,0.666666666666667
"Launaea_arborescens","layer_4","layer_3",46,0.666666666666667
"Launaea_arborescens","layer_4","layer_3",47,0.666666666666667
"Launaea_arborescens","layer_4","layer_3",48,0.666666666666667
"Launaea_arborescens","layer_4","layer_3",49,0.666666666666667
"Launaea_arborescens","layer_4","layer_3",50,0.666666666666667
"Launaea_arborescens","layer_5","layer_3",1,0.25
"Launaea_arborescens","layer_5","layer_3",2,0.363636363636364
"Launaea_arborescens","layer_5","layer_3",3,0.571428571428571
"Launaea_arborescens","layer_5","layer_3",4,0.444444444444444
"Launaea_arborescens","layer_5","layer_3",5,NA
"Launaea_arborescens","layer_5","layer_3",6,0.4
"Launaea_arborescens","layer_5","layer_3",7,NA
"Launaea_arborescens","layer_5","layer_3",8,NA
"Launaea_arborescens","layer_5","layer_3",9,0.25
"Launaea_arborescens","layer_5","layer_3",10,NA
"Launaea_arborescens","layer_5","layer_3",11,0.2
"Launaea_arborescens","layer_5","layer_3",12,NA
"Launaea_arborescens","layer_5","layer_3",13,NA
"Launaea_arborescens","layer_5","layer_3",14,0.444444444444444
"Launaea_arborescens","layer_5","layer_3",15,0.444444444444444
"Launaea_arborescens","layer_5","layer_3",16,NA
"Launaea_arborescens","layer_5","layer_3",17,0.25
"Launaea_arborescens","layer_5","layer_3",18,0.6
"Launaea_arborescens","layer_5","layer_3",19,0.333333333333333
"Launaea_arborescens","layer_5","layer_3",20,NA
"Launaea_arborescens","layer_5","layer_3",21,NA
"Launaea_arborescens","layer_5","layer_3",22,0.222222222222222
"Launaea_arborescens","layer_5","layer_3",23,0.444444444444444
"Launaea_arborescens","layer_5","layer_3",24,0.25
"Launaea_arborescens","layer_5","layer_3",25,0.6
"Launaea_arborescens","layer_5","layer_3",26,0.285714285714286
"Launaea_arborescens","layer_5","layer_3",27,0.6
"Launaea_arborescens","layer_5","layer_3",28,0.6
"Launaea_arborescens","layer_5","layer_3",29,NA
"Launaea_arborescens","layer_5","layer_3",30,0.4
"Launaea_arborescens","layer_5","layer_3",31,0.285714285714286
"Launaea_arborescens","layer_5","layer_3",32,0.461538461538462
"Launaea_arborescens","layer_5","layer_3",33,NA
"Launaea_arborescens","layer_5","layer_3",34,0.545454545454545
"Launaea_arborescens","layer_5","layer_3",35,0.222222222222222
"Launaea_arborescens","layer_5","layer_3",36,0.25
"Launaea_arborescens","layer_5","layer_3",37,0.25
"Launaea_arborescens","layer_5","layer_3",38,0.5
"Launaea_arborescens","layer_5","layer_3",39,0.444444444444444
"Launaea_arborescens","layer_5","layer_3",40,0.444444444444444
"Launaea_arborescens","layer_5","layer_3",41,NA
"Launaea_arborescens","layer_5","layer_3",42,NA
"Launaea_arborescens","layer_5","layer_3",43,0.615384615384615
"Launaea_arborescens","layer_5","layer_3",44,0.363636363636364
"Launaea_arborescens","layer_5","layer_3",45,0.444444444444444
"Launaea_arborescens","layer_5","layer_3",46,0.666666666666667
"Launaea_arborescens","layer_5","layer_3",47,0.571428571428571
"Launaea_arborescens","layer_5","layer_3",48,NA
"Launaea_arborescens","layer_5","layer_3",49,0.222222222222222
"Launaea_arborescens","layer_5","layer_3",50,NA
"Launaea_arborescens","layer_7","layer_3",1,0.857142857142857
"Launaea_arborescens","layer_7","layer_3",2,0.666666666666667
"Launaea_arborescens","layer_7","layer_3",3,0.5
"Launaea_arborescens","layer_7","layer_3",4,0.666666666666667
"Launaea_arborescens","layer_7","layer_3",5,0.857142857142857
"Launaea_arborescens","layer_7","layer_3",6,0.666666666666667
"Launaea_arborescens","layer_7","layer_3",7,0.666666666666667
"Launaea_arborescens","layer_7","layer_3",8,0.545454545454545
"Launaea_arborescens","layer_7","layer_3",9,0.75
"Launaea_arborescens","layer_7","layer_3",10,0.4
"Launaea_arborescens","layer_7","layer_3",11,0.571428571428572
"Launaea_arborescens","layer_7","layer_3",12,0.8
"Launaea_arborescens","layer_7","layer_3",13,0.666666666666667
"Launaea_arborescens","layer_7","layer_3",14,0.666666666666667
"Launaea_arborescens","layer_7","layer_3",15,0.444444444444444
"Launaea_arborescens","layer_7","layer_3",16,0.666666666666667
"Launaea_arborescens","layer_7","layer_3",17,0.5
"Launaea_arborescens","layer_7","layer_3",18,0.5
"Launaea_arborescens","layer_7","layer_3",19,0.571428571428572
"Launaea_arborescens","layer_7","layer_3",20,0.5
"Launaea_arborescens","layer_7","layer_3",21,0.5
"Launaea_arborescens","layer_7","layer_3",22,0.666666666666667
"Launaea_arborescens","layer_7","layer_3",23,0.888888888888889
"Launaea_arborescens","layer_7","layer_3",24,0.444444444444444
"Launaea_arborescens","layer_7","layer_3",25,0.75
"Launaea_arborescens","layer_7","layer_3",26,0.666666666666667
"Launaea_arborescens","layer_7","layer_3",27,0.666666666666667
"Launaea_arborescens","layer_7","layer_3",28,0.75
"Launaea_arborescens","layer_7","layer_3",29,0.5
"Launaea_arborescens","layer_7","layer_3",30,0.666666666666667
"Launaea_arborescens","layer_7","layer_3",31,0.571428571428572
"Launaea_arborescens","layer_7","layer_3",32,0.666666666666667
"Launaea_arborescens","layer_7","layer_3",33,0.571428571428572
"Launaea_arborescens","layer_7","layer_3",34,0.888888888888889
"Launaea_arborescens","layer_7","layer_3",35,0.333333333333333
"Launaea_arborescens","layer_7","layer_3",36,0.666666666666667
"Launaea_arborescens","layer_7","layer_3",37,0.666666666666667
"Launaea_arborescens","layer_7","layer_3",38,0.545454545454545
"Launaea_arborescens","layer_7","layer_3",39,0.666666666666667
"Launaea_arborescens","layer_7","layer_3",40,0.5
"Launaea_arborescens","layer_7","layer_3",41,0.666666666666667
"Launaea_arborescens","layer_7","layer_3",42,0.666666666666667
"Launaea_arborescens","layer_7","layer_3",43,0.333333333333333
"Launaea_arborescens","layer_7","layer_3",44,0.666666666666667
"Launaea_arborescens","layer_7","layer_3",45,0.285714285714286
"Launaea_arborescens","layer_7","layer_3",46,0.75
"Launaea_arborescens","layer_7","layer_3",47,0.8
"Launaea_arborescens","layer_7","layer_3",48,0.5
"Launaea_arborescens","layer_7","layer_3",49,0.666666666666667
"Launaea_arborescens","layer_7","layer_3",50,0.285714285714286
"Launaea_arborescens","layer_2","layer_4",1,0.666666666666667
"Launaea_arborescens","layer_2","layer_4",2,0.666666666666667
"Launaea_arborescens","layer_2","layer_4",3,0.666666666666667
"Launaea_arborescens","layer_2","layer_4",4,0.666666666666667
"Launaea_arborescens","layer_2","layer_4",5,0.666666666666667
"Launaea_arborescens","layer_2","layer_4",6,0.666666666666667
"Launaea_arborescens","layer_2","layer_4",7,0.666666666666667
"Launaea_arborescens","layer_2","layer_4",8,0.666666666666667
"Launaea_arborescens","layer_2","layer_4",9,0.666666666666667
"Launaea_arborescens","layer_2","layer_4",10,0.666666666666667
"Launaea_arborescens","layer_2","layer_4",11,0.666666666666667
"Launaea_arborescens","layer_2","layer_4",12,0.666666666666667
"Launaea_arborescens","layer_2","layer_4",13,0.666666666666667
"Launaea_arborescens","layer_2","layer_4",14,0.666666666666667
"Launaea_arborescens","layer_2","layer_4",15,0.666666666666667
"Launaea_arborescens","layer_2","layer_4",16,0.666666666666667
"Launaea_arborescens","layer_2","layer_4",17,0.666666666666667
"Launaea_arborescens","layer_2","layer_4",18,0.666666666666667
"Launaea_arborescens","layer_2","layer_4",19,0.666666666666667
"Launaea_arborescens","layer_2","layer_4",20,0.666666666666667
"Launaea_arborescens","layer_2","layer_4",21,0.666666666666667
"Launaea_arborescens","layer_2","layer_4",22,0.666666666666667
"Launaea_arborescens","layer_2","layer_4",23,0.666666666666667
"Launaea_arborescens","layer_2","layer_4",24,0.666666666666667
"Launaea_arborescens","layer_2","layer_4",25,0.666666666666667
"Launaea_arborescens","layer_2","layer_4",26,0.666666666666667
"Launaea_arborescens","layer_2","layer_4",27,0.666666666666667
"Launaea_arborescens","layer_2","layer_4",28,0.666666666666667
"Launaea_arborescens","layer_2","layer_4",29,0.666666666666667
"Launaea_arborescens","layer_2","layer_4",30,0.666666666666667
"Launaea_arborescens","layer_2","layer_4",31,0.666666666666667
"Launaea_arborescens","layer_2","layer_4",32,0.666666666666667
"Launaea_arborescens","layer_2","layer_4",33,0.666666666666667
"Launaea_arborescens","layer_2","layer_4",34,0.666666666666667
"Launaea_arborescens","layer_2","layer_4",35,0.666666666666667
"Launaea_arborescens","layer_2","layer_4",36,0.666666666666667
"Launaea_arborescens","layer_2","layer_4",37,0.666666666666667
"Launaea_arborescens","layer_2","layer_4",38,0.666666666666667
"Launaea_arborescens","layer_2","layer_4",39,0.666666666666667
"Launaea_arborescens","layer_2","layer_4",40,0.666666666666667
"Launaea_arborescens","layer_2","layer_4",41,0.666666666666667
"Launaea_arborescens","layer_2","layer_4",42,0.666666666666667
"Launaea_arborescens","layer_2","layer_4",43,0.666666666666667
"Launaea_arborescens","layer_2","layer_4",44,0.666666666666667
"Launaea_arborescens","layer_2","layer_4",45,0.666666666666667
"Launaea_arborescens","layer_2","layer_4",46,0.666666666666667
"Launaea_arborescens","layer_2","layer_4",47,0.666666666666667
"Launaea_arborescens","layer_2","layer_4",48,0.666666666666667
"Launaea_arborescens","layer_2","layer_4",49,0.666666666666667
"Launaea_arborescens","layer_2","layer_4",50,0.666666666666667
"Launaea_arborescens","layer_3","layer_4",1,0.666666666666667
"Launaea_arborescens","layer_3","layer_4",2,0.666666666666667
"Launaea_arborescens","layer_3","layer_4",3,0.666666666666667
"Launaea_arborescens","layer_3","layer_4",4,0.666666666666667
"Launaea_arborescens","layer_3","layer_4",5,0.666666666666667
"Launaea_arborescens","layer_3","layer_4",6,0.666666666666667
"Launaea_arborescens","layer_3","layer_4",7,0.666666666666667
"Launaea_arborescens","layer_3","layer_4",8,0.666666666666667
"Launaea_arborescens","layer_3","layer_4",9,0.666666666666667
"Launaea_arborescens","layer_3","layer_4",10,0.666666666666667
"Launaea_arborescens","layer_3","layer_4",11,0.666666666666667
"Launaea_arborescens","layer_3","layer_4",12,0.666666666666667
"Launaea_arborescens","layer_3","layer_4",13,0.666666666666667
"Launaea_arborescens","layer_3","layer_4",14,0.666666666666667
"Launaea_arborescens","layer_3","layer_4",15,0.545454545454545
"Launaea_arborescens","layer_3","layer_4",16,0.666666666666667
"Launaea_arborescens","layer_3","layer_4",17,0.666666666666667
"Launaea_arborescens","layer_3","layer_4",18,0.666666666666667
"Launaea_arborescens","layer_3","layer_4",19,0.666666666666667
"Launaea_arborescens","layer_3","layer_4",20,0.666666666666667
"Launaea_arborescens","layer_3","layer_4",21,0.666666666666667
"Launaea_arborescens","layer_3","layer_4",22,0.666666666666667
"Launaea_arborescens","layer_3","layer_4",23,0.666666666666667
"Launaea_arborescens","layer_3","layer_4",24,0.545454545454545
"Launaea_arborescens","layer_3","layer_4",25,0.666666666666667
"Launaea_arborescens","layer_3","layer_4",26,0.666666666666667
"Launaea_arborescens","layer_3","layer_4",27,0.666666666666667
"Launaea_arborescens","layer_3","layer_4",28,0.666666666666667
"Launaea_arborescens","layer_3","layer_4",29,0.666666666666667
"Launaea_arborescens","layer_3","layer_4",30,0.666666666666667
"Launaea_arborescens","layer_3","layer_4",31,0.666666666666667
"Launaea_arborescens","layer_3","layer_4",32,0.666666666666667
"Launaea_arborescens","layer_3","layer_4",33,0.666666666666667
"Launaea_arborescens","layer_3","layer_4",34,0.666666666666667
"Launaea_arborescens","layer_3","layer_4",35,0.666666666666667
"Launaea_arborescens","layer_3","layer_4",36,0.666666666666667
"Launaea_arborescens","layer_3","layer_4",37,0.666666666666667
"Launaea_arborescens","layer_3","layer_4",38,0.666666666666667
"Launaea_arborescens","layer_3","layer_4",39,0.666666666666667
"Launaea_arborescens","layer_3","layer_4",40,0.666666666666667
"Launaea_arborescens","layer_3","layer_4",41,0.666666666666667
"Launaea_arborescens","layer_3","layer_4",42,0.666666666666667
"Launaea_arborescens","layer_3","layer_4",43,0.666666666666667
"Launaea_arborescens","layer_3","layer_4",44,0.666666666666667
"Launaea_arborescens","layer_3","layer_4",45,0.666666666666667
"Launaea_arborescens","layer_3","layer_4",46,0.666666666666667
"Launaea_arborescens","layer_3","layer_4",47,0.666666666666667
"Launaea_arborescens","layer_3","layer_4",48,0.666666666666667
"Launaea_arborescens","layer_3","layer_4",49,0.666666666666667
"Launaea_arborescens","layer_3","layer_4",50,0.666666666666667
"Launaea_arborescens","layer_5","layer_4",1,0.666666666666667
"Launaea_arborescens","layer_5","layer_4",2,0.666666666666667
"Launaea_arborescens","layer_5","layer_4",3,0.666666666666667
"Launaea_arborescens","layer_5","layer_4",4,0.666666666666667
"Launaea_arborescens","layer_5","layer_4",5,0.666666666666667
"Launaea_arborescens","layer_5","layer_4",6,0.666666666666667
"Launaea_arborescens","layer_5","layer_4",7,0.666666666666667
"Launaea_arborescens","layer_5","layer_4",8,0.666666666666667
"Launaea_arborescens","layer_5","layer_4",9,0.666666666666667
"Launaea_arborescens","layer_5","layer_4",10,0.666666666666667
"Launaea_arborescens","layer_5","layer_4",11,0.666666666666667
"Launaea_arborescens","layer_5","layer_4",12,0.666666666666667
"Launaea_arborescens","layer_5","layer_4",13,0.666666666666667
"Launaea_arborescens","layer_5","layer_4",14,0.666666666666667
"Launaea_arborescens","layer_5","layer_4",15,0.666666666666667
"Launaea_arborescens","layer_5","layer_4",16,0.666666666666667
"Launaea_arborescens","layer_5","layer_4",17,0.666666666666667
"Launaea_arborescens","layer_5","layer_4",18,0.666666666666667
"Launaea_arborescens","layer_5","layer_4",19,0.666666666666667
"Launaea_arborescens","layer_5","layer_4",20,0.666666666666667
"Launaea_arborescens","layer_5","layer_4",21,0.666666666666667
"Launaea_arborescens","layer_5","layer_4",22,0.666666666666667
"Launaea_arborescens","layer_5","layer_4",23,0.666666666666667
"Launaea_arborescens","layer_5","layer_4",24,0.666666666666667
"Launaea_arborescens","layer_5","layer_4",25,0.666666666666667
"Launaea_arborescens","layer_5","layer_4",26,0.666666666666667
"Launaea_arborescens","layer_5","layer_4",27,0.666666666666667
"Launaea_arborescens","layer_5","layer_4",28,0.666666666666667
"Launaea_arborescens","layer_5","layer_4",29,0.666666666666667
"Launaea_arborescens","layer_5","layer_4",30,0.666666666666667
"Launaea_arborescens","layer_5","layer_4",31,0.666666666666667
"Launaea_arborescens","layer_5","layer_4",32,0.666666666666667
"Launaea_arborescens","layer_5","layer_4",33,0.666666666666667
"Launaea_arborescens","layer_5","layer_4",34,0.666666666666667
"Launaea_arborescens","layer_5","layer_4",35,0.666666666666667
"Launaea_arborescens","layer_5","layer_4",36,0.666666666666667
"Launaea_arborescens","layer_5","layer_4",37,0.666666666666667
"Launaea_arborescens","layer_5","layer_4",38,0.666666666666667
"Launaea_arborescens","layer_5","layer_4",39,0.666666666666667
"Launaea_arborescens","layer_5","layer_4",40,0.666666666666667
"Launaea_arborescens","layer_5","layer_4",41,0.666666666666667
"Launaea_arborescens","layer_5","layer_4",42,0.666666666666667
"Launaea_arborescens","layer_5","layer_4",43,0.666666666666667
"Launaea_arborescens","layer_5","layer_4",44,0.666666666666667
"Launaea_arborescens","layer_5","layer_4",45,0.666666666666667
"Launaea_arborescens","layer_5","layer_4",46,0.666666666666667
"Launaea_arborescens","layer_5","layer_4",47,0.666666666666667
"Launaea_arborescens","layer_5","layer_4",48,0.666666666666667
"Launaea_arborescens","layer_5","layer_4",49,0.666666666666667
"Launaea_arborescens","layer_5","layer_4",50,0.666666666666667
"Launaea_arborescens","layer_7","layer_4",1,0.666666666666667
"Launaea_arborescens","layer_7","layer_4",2,0.666666666666667
"Launaea_arborescens","layer_7","layer_4",3,0.666666666666667
"Launaea_arborescens","layer_7","layer_4",4,0.666666666666667
"Launaea_arborescens","layer_7","layer_4",5,0.666666666666667
"Launaea_arborescens","layer_7","layer_4",6,0.666666666666667
"Launaea_arborescens","layer_7","layer_4",7,0.666666666666667
"Launaea_arborescens","layer_7","layer_4",8,0.666666666666667
"Launaea_arborescens","layer_7","layer_4",9,0.666666666666667
"Launaea_arborescens","layer_7","layer_4",10,0.666666666666667
"Launaea_arborescens","layer_7","layer_4",11,0.666666666666667
"Launaea_arborescens","layer_7","layer_4",12,0.666666666666667
"Launaea_arborescens","layer_7","layer_4",13,0.666666666666667
"Launaea_arborescens","layer_7","layer_4",14,0.666666666666667
"Launaea_arborescens","layer_7","layer_4",15,0.666666666666667
"Launaea_arborescens","layer_7","layer_4",16,0.666666666666667
"Launaea_arborescens","layer_7","layer_4",17,0.666666666666667
"Launaea_arborescens","layer_7","layer_4",18,0.666666666666667
"Launaea_arborescens","layer_7","layer_4",19,0.666666666666667
"Launaea_arborescens","layer_7","layer_4",20,0.666666666666667
"Launaea_arborescens","layer_7","layer_4",21,0.666666666666667
"Launaea_arborescens","layer_7","layer_4",22,0.666666666666667
"Launaea_arborescens","layer_7","layer_4",23,0.666666666666667
"Launaea_arborescens","layer_7","layer_4",24,0.666666666666667
"Launaea_arborescens","layer_7","layer_4",25,0.666666666666667
"Launaea_arborescens","layer_7","layer_4",26,0.666666666666667
"Launaea_arborescens","layer_7","layer_4",27,0.666666666666667
"Launaea_arborescens","layer_7","layer_4",28,0.666666666666667
"Launaea_arborescens","layer_7","layer_4",29,0.666666666666667
"Launaea_arborescens","layer_7","layer_4",30,0.666666666666667
"Launaea_arborescens","layer_7","layer_4",31,0.666666666666667
"Launaea_arborescens","layer_7","layer_4",32,0.666666666666667
"Launaea_arborescens","layer_7","layer_4",33,0.666666666666667
"Launaea_arborescens","layer_7","layer_4",34,0.666666666666667
"Launaea_arborescens","layer_7","layer_4",35,0.666666666666667
"Launaea_arborescens","layer_7","layer_4",36,0.666666666666667
"Launaea_arborescens","layer_7","layer_4",37,0.666666666666667
"Launaea_arborescens","layer_7","layer_4",38,0.666666666666667
"Launaea_arborescens","layer_7","layer_4",39,0.666666666666667
"Launaea_arborescens","layer_7","layer_4",40,0.666666666666667
"Launaea_arborescens","layer_7","layer_4",41,0.666666666666667
"Launaea_arborescens","layer_7","layer_4",42,0.666666666666667
"Launaea_arborescens","layer_7","layer_4",43,0.666666666666667
"Launaea_arborescens","layer_7","layer_4",44,0.666666666666667
"Launaea_arborescens","layer_7","layer_4",45,0.666666666666667
"Launaea_arborescens","layer_7","layer_4",46,0.666666666666667
"Launaea_arborescens","layer_7","layer_4",47,0.666666666666667
"Launaea_arborescens","layer_7","layer_4",48,0.666666666666667
"Launaea_arborescens","layer_7","layer_4",49,0.666666666666667
"Launaea_arborescens","layer_7","layer_4",50,0.666666666666667
"Launaea_arborescens","layer_2","layer_5",1,0.666666666666667
"Launaea_arborescens","layer_2","layer_5",2,0.545454545454545
"Launaea_arborescens","layer_2","layer_5",3,0.666666666666667
"Launaea_arborescens","layer_2","layer_5",4,0.666666666666667
"Launaea_arborescens","layer_2","layer_5",5,0.666666666666667
"Launaea_arborescens","layer_2","layer_5",6,0.666666666666667
"Launaea_arborescens","layer_2","layer_5",7,0.666666666666667
"Launaea_arborescens","layer_2","layer_5",8,0.666666666666667
"Launaea_arborescens","layer_2","layer_5",9,0.4
"Launaea_arborescens","layer_2","layer_5",10,0.545454545454545
"Launaea_arborescens","layer_2","layer_5",11,0.5
"Launaea_arborescens","layer_2","layer_5",12,0.666666666666667
"Launaea_arborescens","layer_2","layer_5",13,0.545454545454545
"Launaea_arborescens","layer_2","layer_5",14,0.285714285714286
"Launaea_arborescens","layer_2","layer_5",15,0.545454545454545
"Launaea_arborescens","layer_2","layer_5",16,0.666666666666667
"Launaea_arborescens","layer_2","layer_5",17,0.545454545454545
"Launaea_arborescens","layer_2","layer_5",18,0.545454545454545
"Launaea_arborescens","layer_2","layer_5",19,0.666666666666667
"Launaea_arborescens","layer_2","layer_5",20,0.5
"Launaea_arborescens","layer_2","layer_5",21,0.727272727272727
"Launaea_arborescens","layer_2","layer_5",22,0.666666666666667
"Launaea_arborescens","layer_2","layer_5",23,0.75
"Launaea_arborescens","layer_2","layer_5",24,0.4
"Launaea_arborescens","layer_2","layer_5",25,0.888888888888889
"Launaea_arborescens","layer_2","layer_5",26,0.888888888888889
"Launaea_arborescens","layer_2","layer_5",27,0.571428571428572
"Launaea_arborescens","layer_2","layer_5",28,0.666666666666667
"Launaea_arborescens","layer_2","layer_5",29,0.75
"Launaea_arborescens","layer_2","layer_5",30,0.666666666666667
"Launaea_arborescens","layer_2","layer_5",31,0.444444444444444
"Launaea_arborescens","layer_2","layer_5",32,0.666666666666667
"Launaea_arborescens","layer_2","layer_5",33,0.666666666666667
"Launaea_arborescens","layer_2","layer_5",34,0.4
"Launaea_arborescens","layer_2","layer_5",35,0.545454545454545
"Launaea_arborescens","layer_2","layer_5",36,0.666666666666667
"Launaea_arborescens","layer_2","layer_5",37,0.666666666666667
"Launaea_arborescens","layer_2","layer_5",38,0.666666666666667
"Launaea_arborescens","layer_2","layer_5",39,0.571428571428572
"Launaea_arborescens","layer_2","layer_5",40,0.545454545454545
"Launaea_arborescens","layer_2","layer_5",41,0.666666666666667
"Launaea_arborescens","layer_2","layer_5",42,0.666666666666667
"Launaea_arborescens","layer_2","layer_5",43,0.666666666666667
"Launaea_arborescens","layer_2","layer_5",44,0.545454545454545
"Launaea_arborescens","layer_2","layer_5",45,0.333333333333333
"Launaea_arborescens","layer_2","layer_5",46,0.4
"Launaea_arborescens","layer_2","layer_5",47,0.4
"Launaea_arborescens","layer_2","layer_5",48,1
"Launaea_arborescens","layer_2","layer_5",49,0.545454545454545
"Launaea_arborescens","layer_2","layer_5",50,0.666666666666667
"Launaea_arborescens","layer_3","layer_5",1,0.75
"Launaea_arborescens","layer_3","layer_5",2,0.545454545454545
"Launaea_arborescens","layer_3","layer_5",3,0.285714285714286
"Launaea_arborescens","layer_3","layer_5",4,0.25
"Launaea_arborescens","layer_3","layer_5",5,0.666666666666667
"Launaea_arborescens","layer_3","layer_5",6,0.4
"Launaea_arborescens","layer_3","layer_5",7,0.333333333333333
"Launaea_arborescens","layer_3","layer_5",8,0.666666666666667
"Launaea_arborescens","layer_3","layer_5",9,0.571428571428572
"Launaea_arborescens","layer_3","layer_5",10,0.545454545454545
"Launaea_arborescens","layer_3","layer_5",11,0.5
"Launaea_arborescens","layer_3","layer_5",12,0.4
"Launaea_arborescens","layer_3","layer_5",13,0.333333333333333
"Launaea_arborescens","layer_3","layer_5",14,0.666666666666667
"Launaea_arborescens","layer_3","layer_5",15,0.571428571428572
"Launaea_arborescens","layer_3","layer_5",16,0.666666666666667
"Launaea_arborescens","layer_3","layer_5",17,0.5
"Launaea_arborescens","layer_3","layer_5",18,0.666666666666667
"Launaea_arborescens","layer_3","layer_5",19,0.666666666666667
"Launaea_arborescens","layer_3","layer_5",20,0.5
"Launaea_arborescens","layer_3","layer_5",21,0.4
"Launaea_arborescens","layer_3","layer_5",22,0.5
"Launaea_arborescens","layer_3","layer_5",23,0.666666666666667
"Launaea_arborescens","layer_3","layer_5",24,0.4
"Launaea_arborescens","layer_3","layer_5",25,0.5
"Launaea_arborescens","layer_3","layer_5",26,0.666666666666667
"Launaea_arborescens","layer_3","layer_5",27,0.5
"Launaea_arborescens","layer_3","layer_5",28,0.571428571428572
"Launaea_arborescens","layer_3","layer_5",29,0.5
"Launaea_arborescens","layer_3","layer_5",30,0.888888888888889
"Launaea_arborescens","layer_3","layer_5",31,0.5
"Launaea_arborescens","layer_3","layer_5",32,0.666666666666667
"Launaea_arborescens","layer_3","layer_5",33,0.666666666666667
"Launaea_arborescens","layer_3","layer_5",34,0.4
"Launaea_arborescens","layer_3","layer_5",35,0.666666666666667
"Launaea_arborescens","layer_3","layer_5",36,0.571428571428572
"Launaea_arborescens","layer_3","layer_5",37,0.545454545454545
"Launaea_arborescens","layer_3","layer_5",38,0.666666666666667
"Launaea_arborescens","layer_3","layer_5",39,0.571428571428572
"Launaea_arborescens","layer_3","layer_5",40,0.333333333333333
"Launaea_arborescens","layer_3","layer_5",41,0.285714285714286
"Launaea_arborescens","layer_3","layer_5",42,0.666666666666667
"Launaea_arborescens","layer_3","layer_5",43,0.4
"Launaea_arborescens","layer_3","layer_5",44,0.666666666666667
"Launaea_arborescens","layer_3","layer_5",45,0.5
"Launaea_arborescens","layer_3","layer_5",46,0.333333333333333
"Launaea_arborescens","layer_3","layer_5",47,0.666666666666667
"Launaea_arborescens","layer_3","layer_5",48,0.333333333333333
"Launaea_arborescens","layer_3","layer_5",49,0.666666666666667
"Launaea_arborescens","layer_3","layer_5",50,0.333333333333333
"Launaea_arborescens","layer_4","layer_5",1,0.666666666666667
"Launaea_arborescens","layer_4","layer_5",2,0.666666666666667
"Launaea_arborescens","layer_4","layer_5",3,0.666666666666667
"Launaea_arborescens","layer_4","layer_5",4,0.666666666666667
"Launaea_arborescens","layer_4","layer_5",5,0.666666666666667
"Launaea_arborescens","layer_4","layer_5",6,0.666666666666667
"Launaea_arborescens","layer_4","layer_5",7,0.666666666666667
"Launaea_arborescens","layer_4","layer_5",8,0.666666666666667
"Launaea_arborescens","layer_4","layer_5",9,0.666666666666667
"Launaea_arborescens","layer_4","layer_5",10,0.666666666666667
"Launaea_arborescens","layer_4","layer_5",11,0.666666666666667
"Launaea_arborescens","layer_4","layer_5",12,0.666666666666667
"Launaea_arborescens","layer_4","layer_5",13,0.666666666666667
"Launaea_arborescens","layer_4","layer_5",14,0.666666666666667
"Launaea_arborescens","layer_4","layer_5",15,0.666666666666667
"Launaea_arborescens","layer_4","layer_5",16,0.666666666666667
"Launaea_arborescens","layer_4","layer_5",17,0.666666666666667
"Launaea_arborescens","layer_4","layer_5",18,0.666666666666667
"Launaea_arborescens","layer_4","layer_5",19,0.666666666666667
"Launaea_arborescens","layer_4","layer_5",20,0.666666666666667
"Launaea_arborescens","layer_4","layer_5",21,0.666666666666667
"Launaea_arborescens","layer_4","layer_5",22,0.666666666666667
"Launaea_arborescens","layer_4","layer_5",23,0.666666666666667
"Launaea_arborescens","layer_4","layer_5",24,0.666666666666667
"Launaea_arborescens","layer_4","layer_5",25,0.666666666666667
"Launaea_arborescens","layer_4","layer_5",26,0.666666666666667
"Launaea_arborescens","layer_4","layer_5",27,0.666666666666667
"Launaea_arborescens","layer_4","layer_5",28,0.666666666666667
"Launaea_arborescens","layer_4","layer_5",29,0.666666666666667
"Launaea_arborescens","layer_4","layer_5",30,0.666666666666667
"Launaea_arborescens","layer_4","layer_5",31,0.666666666666667
"Launaea_arborescens","layer_4","layer_5",32,0.666666666666667
"Launaea_arborescens","layer_4","layer_5",33,0.666666666666667
"Launaea_arborescens","layer_4","layer_5",34,0.666666666666667
"Launaea_arborescens","layer_4","layer_5",35,0.666666666666667
"Launaea_arborescens","layer_4","layer_5",36,0.666666666666667
"Launaea_arborescens","layer_4","layer_5",37,0.666666666666667
"Launaea_arborescens","layer_4","layer_5",38,0.666666666666667
"Launaea_arborescens","layer_4","layer_5",39,0.666666666666667
"Launaea_arborescens","layer_4","layer_5",40,0.666666666666667
"Launaea_arborescens","layer_4","layer_5",41,0.666666666666667
"Launaea_arborescens","layer_4","layer_5",42,0.666666666666667
"Launaea_arborescens","layer_4","layer_5",43,0.666666666666667
"Launaea_arborescens","layer_4","layer_5",44,0.666666666666667
"Launaea_arborescens","layer_4","layer_5",45,0.666666666666667
"Launaea_arborescens","layer_4","layer_5",46,0.666666666666667
"Launaea_arborescens","layer_4","layer_5",47,0.666666666666667
"Launaea_arborescens","layer_4","layer_5",48,0.666666666666667
"Launaea_arborescens","layer_4","layer_5",49,0.666666666666667
"Launaea_arborescens","layer_4","layer_5",50,0.666666666666667
"Launaea_arborescens","layer_7","layer_5",1,0.666666666666667
"Launaea_arborescens","layer_7","layer_5",2,0.666666666666667
"Launaea_arborescens","layer_7","layer_5",3,0.666666666666667
"Launaea_arborescens","layer_7","layer_5",4,0.666666666666667
"Launaea_arborescens","layer_7","layer_5",5,0.666666666666667
"Launaea_arborescens","layer_7","layer_5",6,0.6
"Launaea_arborescens","layer_7","layer_5",7,0.666666666666667
"Launaea_arborescens","layer_7","layer_5",8,0.666666666666667
"Launaea_arborescens","layer_7","layer_5",9,0.666666666666667
"Launaea_arborescens","layer_7","layer_5",10,0.666666666666667
"Launaea_arborescens","layer_7","layer_5",11,0.666666666666667
"Launaea_arborescens","layer_7","layer_5",12,0.4
"Launaea_arborescens","layer_7","layer_5",13,0.666666666666667
"Launaea_arborescens","layer_7","layer_5",14,0.666666666666667
"Launaea_arborescens","layer_7","layer_5",15,0.666666666666667
"Launaea_arborescens","layer_7","layer_5",16,0.666666666666667
"Launaea_arborescens","layer_7","layer_5",17,0.666666666666667
"Launaea_arborescens","layer_7","layer_5",18,0.666666666666667
"Launaea_arborescens","layer_7","layer_5",19,0.666666666666667
"Launaea_arborescens","layer_7","layer_5",20,0.666666666666667
"Launaea_arborescens","layer_7","layer_5",21,0.545454545454545
"Launaea_arborescens","layer_7","layer_5",22,0.666666666666667
"Launaea_arborescens","layer_7","layer_5",23,0.666666666666667
"Launaea_arborescens","layer_7","layer_5",24,0.666666666666667
"Launaea_arborescens","layer_7","layer_5",25,0.666666666666667
"Launaea_arborescens","layer_7","layer_5",26,0.666666666666667
"Launaea_arborescens","layer_7","layer_5",27,0.666666666666667
"Launaea_arborescens","layer_7","layer_5",28,0.666666666666667
"Launaea_arborescens","layer_7","layer_5",29,0.666666666666667
"Launaea_arborescens","layer_7","layer_5",30,0.666666666666667
"Launaea_arborescens","layer_7","layer_5",31,0.666666666666667
"Launaea_arborescens","layer_7","layer_5",32,0.666666666666667
"Launaea_arborescens","layer_7","layer_5",33,0.666666666666667
"Launaea_arborescens","layer_7","layer_5",34,0.666666666666667
"Launaea_arborescens","layer_7","layer_5",35,0.666666666666667
"Launaea_arborescens","layer_7","layer_5",36,0.666666666666667
"Launaea_arborescens","layer_7","layer_5",37,0.666666666666667
"Launaea_arborescens","layer_7","layer_5",38,0.666666666666667
"Launaea_arborescens","layer_7","layer_5",39,0.666666666666667
"Launaea_arborescens","layer_7","layer_5",40,0.666666666666667
"Launaea_arborescens","layer_7","layer_5",41,0.666666666666667
"Launaea_arborescens","layer_7","layer_5",42,0.666666666666667
"Launaea_arborescens","layer_7","layer_5",43,0.666666666666667
"Launaea_arborescens","layer_7","layer_5",44,0.666666666666667
"Launaea_arborescens","layer_7","layer_5",45,0.666666666666667
"Launaea_arborescens","layer_7","layer_5",46,0.666666666666667
"Launaea_arborescens","layer_7","layer_5",47,0.8
"Launaea_arborescens","layer_7","layer_5",48,0.666666666666667
"Launaea_arborescens","layer_7","layer_5",49,0.666666666666667
"Launaea_arborescens","layer_7","layer_5",50,0.666666666666667
"Launaea_arborescens","layer_2","layer_7",1,0.333333333333333
"Launaea_arborescens","layer_2","layer_7",2,NA
"Launaea_arborescens","layer_2","layer_7",3,0.666666666666667
"Launaea_arborescens","layer_2","layer_7",4,0.666666666666667
"Launaea_arborescens","layer_2","layer_7",5,0.666666666666667
"Launaea_arborescens","layer_2","layer_7",6,0.6
"Launaea_arborescens","layer_2","layer_7",7,0.333333333333333
"Launaea_arborescens","layer_2","layer_7",8,0.666666666666667
"Launaea_arborescens","layer_2","layer_7",9,0.666666666666667
"Launaea_arborescens","layer_2","layer_7",10,0.666666666666667
"Launaea_arborescens","layer_2","layer_7",11,0.75
"Launaea_arborescens","layer_2","layer_7",12,0.333333333333333
"Launaea_arborescens","layer_2","layer_7",13,NA
"Launaea_arborescens","layer_2","layer_7",14,0.4
"Launaea_arborescens","layer_2","layer_7",15,0.4
"Launaea_arborescens","layer_2","layer_7",16,0.666666666666667
"Launaea_arborescens","layer_2","layer_7",17,0.666666666666667
"Launaea_arborescens","layer_2","layer_7",18,0.285714285714286
"Launaea_arborescens","layer_2","layer_7",19,0.666666666666667
"Launaea_arborescens","layer_2","layer_7",20,0.25
"Launaea_arborescens","layer_2","layer_7",21,0.666666666666667
"Launaea_arborescens","layer_2","layer_7",22,0.4
"Launaea_arborescens","layer_2","layer_7",23,0.285714285714286
"Launaea_arborescens","layer_2","layer_7",24,0.5
"Launaea_arborescens","layer_2","layer_7",25,0.666666666666667
"Launaea_arborescens","layer_2","layer_7",26,0.571428571428572
"Launaea_arborescens","layer_2","layer_7",27,0.666666666666667
"Launaea_arborescens","layer_2","layer_7",28,0.571428571428572
"Launaea_arborescens","layer_2","layer_7",29,0.666666666666667
"Launaea_arborescens","layer_2","layer_7",30,0.666666666666667
"Launaea_arborescens","layer_2","layer_7",31,0.5
"Launaea_arborescens","layer_2","layer_7",32,0.666666666666667
"Launaea_arborescens","layer_2","layer_7",33,0.5
"Launaea_arborescens","layer_2","layer_7",34,NA
"Launaea_arborescens","layer_2","layer_7",35,0.666666666666667
"Launaea_arborescens","layer_2","layer_7",36,0.8
"Launaea_arborescens","layer_2","layer_7",37,0.666666666666667
"Launaea_arborescens","layer_2","layer_7",38,0.333333333333333
"Launaea_arborescens","layer_2","layer_7",39,0.571428571428572
"Launaea_arborescens","layer_2","layer_7",40,0.571428571428572
"Launaea_arborescens","layer_2","layer_7",41,0.333333333333333
"Launaea_arborescens","layer_2","layer_7",42,0.5
"Launaea_arborescens","layer_2","layer_7",43,0.333333333333333
"Launaea_arborescens","layer_2","layer_7",44,0.333333333333333
"Launaea_arborescens","layer_2","layer_7",45,0.666666666666667
"Launaea_arborescens","layer_2","layer_7",46,0.285714285714286
"Launaea_arborescens","layer_2","layer_7",47,NA
"Launaea_arborescens","layer_2","layer_7",48,0.571428571428572
"Launaea_arborescens","layer_2","layer_7",49,0.333333333333333
"Launaea_arborescens","layer_2","layer_7",50,0.571428571428572
"Launaea_arborescens","layer_3","layer_7",1,0.444444444444444
"Launaea_arborescens","layer_3","layer_7",2,0.25
"Launaea_arborescens","layer_3","layer_7",3,0.4
"Launaea_arborescens","layer_3","layer_7",4,0.333333333333333
"Launaea_arborescens","layer_3","layer_7",5,0.333333333333333
"Launaea_arborescens","layer_3","layer_7",6,0.666666666666667
"Launaea_arborescens","layer_3","layer_7",7,0.4
"Launaea_arborescens","layer_3","layer_7",8,NA
"Launaea_arborescens","layer_3","layer_7",9,0.666666666666667
"Launaea_arborescens","layer_3","layer_7",10,0.333333333333333
"Launaea_arborescens","layer_3","layer_7",11,0.571428571428572
"Launaea_arborescens","layer_3","layer_7",12,0.571428571428572
"Launaea_arborescens","layer_3","layer_7",13,0.285714285714286
"Launaea_arborescens","layer_3","layer_7",14,0.666666666666667
"Launaea_arborescens","layer_3","layer_7",15,0.666666666666667
"Launaea_arborescens","layer_3","layer_7",16,0.333333333333333
"Launaea_arborescens","layer_3","layer_7",17,0.571428571428572
"Launaea_arborescens","layer_3","layer_7",18,0.4
"Launaea_arborescens","layer_3","layer_7",19,0.285714285714286
"Launaea_arborescens","layer_3","layer_7",20,0.75
"Launaea_arborescens","layer_3","layer_7",21,0.4
"Launaea_arborescens","layer_3","layer_7",22,0.75
"Launaea_arborescens","layer_3","layer_7",23,NA
"Launaea_arborescens","layer_3","layer_7",24,NA
"Launaea_arborescens","layer_3","layer_7",25,NA
"Launaea_arborescens","layer_3","layer_7",26,0.571428571428572
"Launaea_arborescens","layer_3","layer_7",27,0.666666666666667
"Launaea_arborescens","layer_3","layer_7",28,NA
"Launaea_arborescens","layer_3","layer_7",29,0.333333333333333
"Launaea_arborescens","layer_3","layer_7",30,0.25
"Launaea_arborescens","layer_3","layer_7",31,0.5
"Launaea_arborescens","layer_3","layer_7",32,0.666666666666667
"Launaea_arborescens","layer_3","layer_7",33,0.333333333333333
"Launaea_arborescens","layer_3","layer_7",34,0.666666666666667
"Launaea_arborescens","layer_3","layer_7",35,0.666666666666667
"Launaea_arborescens","layer_3","layer_7",36,0.571428571428572
"Launaea_arborescens","layer_3","layer_7",37,0.571428571428572
"Launaea_arborescens","layer_3","layer_7",38,0.666666666666667
"Launaea_arborescens","layer_3","layer_7",39,0.285714285714286
"Launaea_arborescens","layer_3","layer_7",40,0.666666666666667
"Launaea_arborescens","layer_3","layer_7",41,0.333333333333333
"Launaea_arborescens","layer_3","layer_7",42,0.333333333333333
"Launaea_arborescens","layer_3","layer_7",43,NA
"Launaea_arborescens","layer_3","layer_7",44,0.333333333333333
"Launaea_arborescens","layer_3","layer_7",45,0.333333333333333
"Launaea_arborescens","layer_3","layer_7",46,0.333333333333333
"Launaea_arborescens","layer_3","layer_7",47,0.285714285714286
"Launaea_arborescens","layer_3","layer_7",48,0.75
"Launaea_arborescens","layer_3","layer_7",49,0.333333333333333
"Launaea_arborescens","layer_3","layer_7",50,0.444444444444444
"Launaea_arborescens","layer_4","layer_7",1,0.666666666666667
"Launaea_arborescens","layer_4","layer_7",2,0.666666666666667
"Launaea_arborescens","layer_4","layer_7",3,0.666666666666667
"Launaea_arborescens","layer_4","layer_7",4,0.666666666666667
"Launaea_arborescens","layer_4","layer_7",5,0.666666666666667
"Launaea_arborescens","layer_4","layer_7",6,0.666666666666667
"Launaea_arborescens","layer_4","layer_7",7,0.666666666666667
"Launaea_arborescens","layer_4","layer_7",8,0.666666666666667
"Launaea_arborescens","layer_4","layer_7",9,0.666666666666667
"Launaea_arborescens","layer_4","layer_7",10,0.666666666666667
"Launaea_arborescens","layer_4","layer_7",11,0.666666666666667
"Launaea_arborescens","layer_4","layer_7",12,0.666666666666667
"Launaea_arborescens","layer_4","layer_7",13,0.666666666666667
"Launaea_arborescens","layer_4","layer_7",14,0.666666666666667
"Launaea_arborescens","layer_4","layer_7",15,0.666666666666667
"Launaea_arborescens","layer_4","layer_7",16,0.666666666666667
"Launaea_arborescens","layer_4","layer_7",17,0.666666666666667
"Launaea_arborescens","layer_4","layer_7",18,0.666666666666667
"Launaea_arborescens","layer_4","layer_7",19,0.666666666666667
"Launaea_arborescens","layer_4","layer_7",20,0.666666666666667
"Launaea_arborescens","layer_4","layer_7",21,0.666666666666667
"Launaea_arborescens","layer_4","layer_7",22,0.666666666666667
"Launaea_arborescens","layer_4","layer_7",23,0.666666666666667
"Launaea_arborescens","layer_4","layer_7",24,0.666666666666667
"Launaea_arborescens","layer_4","layer_7",25,0.666666666666667
"Launaea_arborescens","layer_4","layer_7",26,0.666666666666667
"Launaea_arborescens","layer_4","layer_7",27,0.666666666666667
"Launaea_arborescens","layer_4","layer_7",28,0.666666666666667
"Launaea_arborescens","layer_4","layer_7",29,0.666666666666667
"Launaea_arborescens","layer_4","layer_7",30,0.666666666666667
"Launaea_arborescens","layer_4","layer_7",31,0.666666666666667
"Launaea_arborescens","layer_4","layer_7",32,0.666666666666667
"Launaea_arborescens","layer_4","layer_7",33,0.666666666666667
"Launaea_arborescens","layer_4","layer_7",34,0.666666666666667
"Launaea_arborescens","layer_4","layer_7",35,0.666666666666667
"Launaea_arborescens","layer_4","layer_7",36,0.666666666666667
"Launaea_arborescens","layer_4","layer_7",37,0.666666666666667
"Launaea_arborescens","layer_4","layer_7",38,0.666666666666667
"Launaea_arborescens","layer_4","layer_7",39,0.666666666666667
"Launaea_arborescens","layer_4","layer_7",40,0.666666666666667
"Launaea_arborescens","layer_4","layer_7",41,0.666666666666667
"Launaea_arborescens","layer_4","layer_7",42,0.666666666666667
"Launaea_arborescens","layer_4","layer_7",43,0.666666666666667
"Launaea_arborescens","layer_4","layer_7",44,0.666666666666667
"Launaea_arborescens","layer_4","layer_7",45,0.666666666666667
"Launaea_arborescens","layer_4","layer_7",46,0.666666666666667
"Launaea_arborescens","layer_4","layer_7",47,0.666666666666667
"Launaea_arborescens","layer_4","layer_7",48,0.666666666666667
"Launaea_arborescens","layer_4","layer_7",49,0.666666666666667
"Launaea_arborescens","layer_4","layer_7",50,0.666666666666667
"Launaea_arborescens","layer_5","layer_7",1,0.666666666666667
"Launaea_arborescens","layer_5","layer_7",2,0.666666666666667
"Launaea_arborescens","layer_5","layer_7",3,0.666666666666667
"Launaea_arborescens","layer_5","layer_7",4,0.666666666666667
"Launaea_arborescens","layer_5","layer_7",5,0.666666666666667
"Launaea_arborescens","layer_5","layer_7",6,0.666666666666667
"Launaea_arborescens","layer_5","layer_7",7,0.666666666666667
"Launaea_arborescens","layer_5","layer_7",8,0.666666666666667
"Launaea_arborescens","layer_5","layer_7",9,0.666666666666667
"Launaea_arborescens","layer_5","layer_7",10,0.666666666666667
"Launaea_arborescens","layer_5","layer_7",11,0.666666666666667
"Launaea_arborescens","layer_5","layer_7",12,0.666666666666667
"Launaea_arborescens","layer_5","layer_7",13,0.666666666666667
"Launaea_arborescens","layer_5","layer_7",14,0.666666666666667
"Launaea_arborescens","layer_5","layer_7",15,0.666666666666667
"Launaea_arborescens","layer_5","layer_7",16,0.666666666666667
"Launaea_arborescens","layer_5","layer_7",17,0.666666666666667
"Launaea_arborescens","layer_5","layer_7",18,0.666666666666667
"Launaea_arborescens","layer_5","layer_7",19,0.666666666666667
"Launaea_arborescens","layer_5","layer_7",20,0.666666666666667
"Launaea_arborescens","layer_5","layer_7",21,0.666666666666667
"Launaea_arborescens","layer_5","layer_7",22,0.666666666666667
"Launaea_arborescens","layer_5","layer_7",23,0.666666666666667
"Launaea_arborescens","layer_5","layer_7",24,0.666666666666667
"Launaea_arborescens","layer_5","layer_7",25,0.666666666666667
"Launaea_arborescens","layer_5","layer_7",26,0.666666666666667
"Launaea_arborescens","layer_5","layer_7",27,0.666666666666667
"Launaea_arborescens","layer_5","layer_7",28,0.666666666666667
"Launaea_arborescens","layer_5","layer_7",29,0.666666666666667
"Launaea_arborescens","layer_5","layer_7",30,0.666666666666667
"Launaea_arborescens","layer_5","layer_7",31,0.666666666666667
"Launaea_arborescens","layer_5","layer_7",32,0.666666666666667
"Launaea_arborescens","layer_5","layer_7",33,0.666666666666667
"Launaea_arborescens","layer_5","layer_7",34,0.666666666666667
"Launaea_arborescens","layer_5","layer_7",35,0.666666666666667
"Launaea_arborescens","layer_5","layer_7",36,0.666666666666667
"Launaea_arborescens","layer_5","layer_7",37,0.666666666666667
"Launaea_arborescens","layer_5","layer_7",38,0.666666666666667
"Launaea_arborescens","layer_5","layer_7",39,0.666666666666667
"Launaea_arborescens","layer_5","layer_7",40,0.461538461538462
"Launaea_arborescens","layer_5","layer_7",41,0.666666666666667
"Launaea_arborescens","layer_5","layer_7",42,0.666666666666667
"Launaea_arborescens","layer_5","layer_7",43,0.666666666666667
"Launaea_arborescens","layer_5","layer_7",44,0.666666666666667
"Launaea_arborescens","layer_5","layer_7",45,0.666666666666667
"Launaea_arborescens","layer_5","layer_7",46,0.666666666666667
"Launaea_arborescens","layer_5","layer_7",47,0.666666666666667
"Launaea_arborescens","layer_5","layer_7",48,0.666666666666667
"Launaea_arborescens","layer_5","layer_7",49,0.666666666666667
"Launaea_arborescens","layer_5","layer_7",50,0.666666666666667
"Lycium_intricatum","layer_3","layer_1",1,NA
"Lycium_intricatum","layer_3","layer_1",2,0.8
"Lycium_intricatum","layer_3","layer_1",3,NA
"Lycium_intricatum","layer_3","layer_1",4,NA
"Lycium_intricatum","layer_3","layer_1",5,0.8
"Lycium_intricatum","layer_3","layer_1",6,0.666666666666667
"Lycium_intricatum","layer_3","layer_1",7,0.5
"Lycium_intricatum","layer_3","layer_1",8,0.5
"Lycium_intricatum","layer_3","layer_1",9,0.5
"Lycium_intricatum","layer_3","layer_1",10,0.666666666666667
"Lycium_intricatum","layer_3","layer_1",11,NA
"Lycium_intricatum","layer_3","layer_1",12,1
"Lycium_intricatum","layer_3","layer_1",13,NA
"Lycium_intricatum","layer_3","layer_1",14,0.5
"Lycium_intricatum","layer_3","layer_1",15,1
"Lycium_intricatum","layer_3","layer_1",16,0.8
"Lycium_intricatum","layer_3","layer_1",17,NA
"Lycium_intricatum","layer_3","layer_1",18,0.8
"Lycium_intricatum","layer_3","layer_1",19,NA
"Lycium_intricatum","layer_3","layer_1",20,NA
"Lycium_intricatum","layer_3","layer_1",21,0.5
"Lycium_intricatum","layer_3","layer_1",22,NA
"Lycium_intricatum","layer_3","layer_1",23,0.8
"Lycium_intricatum","layer_3","layer_1",24,0.8
"Lycium_intricatum","layer_3","layer_1",25,NA
"Lycium_intricatum","layer_3","layer_1",26,0.5
"Lycium_intricatum","layer_3","layer_1",27,0.5
"Lycium_intricatum","layer_3","layer_1",28,0.666666666666667
"Lycium_intricatum","layer_3","layer_1",29,0.8
"Lycium_intricatum","layer_3","layer_1",30,0.4
"Lycium_intricatum","layer_3","layer_1",31,0.8
"Lycium_intricatum","layer_3","layer_1",32,0.4
"Lycium_intricatum","layer_3","layer_1",33,0.857142857142857
"Lycium_intricatum","layer_3","layer_1",34,1
"Lycium_intricatum","layer_3","layer_1",35,0.857142857142857
"Lycium_intricatum","layer_3","layer_1",36,0.857142857142857
"Lycium_intricatum","layer_3","layer_1",37,NA
"Lycium_intricatum","layer_3","layer_1",38,0.8
"Lycium_intricatum","layer_3","layer_1",39,0.4
"Lycium_intricatum","layer_3","layer_1",40,NA
"Lycium_intricatum","layer_3","layer_1",41,0.8
"Lycium_intricatum","layer_3","layer_1",42,0.8
"Lycium_intricatum","layer_3","layer_1",43,0.666666666666667
"Lycium_intricatum","layer_3","layer_1",44,NA
"Lycium_intricatum","layer_3","layer_1",45,0.666666666666667
"Lycium_intricatum","layer_3","layer_1",46,0.5
"Lycium_intricatum","layer_3","layer_1",47,0.5
"Lycium_intricatum","layer_3","layer_1",48,0.666666666666667
"Lycium_intricatum","layer_3","layer_1",49,0.857142857142857
"Lycium_intricatum","layer_3","layer_1",50,0.5
"Lycium_intricatum","layer_4","layer_1",1,0.5
"Lycium_intricatum","layer_4","layer_1",2,0.8
"Lycium_intricatum","layer_4","layer_1",3,0.4
"Lycium_intricatum","layer_4","layer_1",4,0.8
"Lycium_intricatum","layer_4","layer_1",5,0.8
"Lycium_intricatum","layer_4","layer_1",6,0.666666666666667
"Lycium_intricatum","layer_4","layer_1",7,NA
"Lycium_intricatum","layer_4","layer_1",8,0.666666666666667
"Lycium_intricatum","layer_4","layer_1",9,NA
"Lycium_intricatum","layer_4","layer_1",10,0.8
"Lycium_intricatum","layer_4","layer_1",11,0.5
"Lycium_intricatum","layer_4","layer_1",12,0.8
"Lycium_intricatum","layer_4","layer_1",13,0.857142857142857
"Lycium_intricatum","layer_4","layer_1",14,0.5
"Lycium_intricatum","layer_4","layer_1",15,1
"Lycium_intricatum","layer_4","layer_1",16,0.4
"Lycium_intricatum","layer_4","layer_1",17,0.5
"Lycium_intricatum","layer_4","layer_1",18,0.5
"Lycium_intricatum","layer_4","layer_1",19,1
"Lycium_intricatum","layer_4","layer_1",20,NA
"Lycium_intricatum","layer_4","layer_1",21,0.8
"Lycium_intricatum","layer_4","layer_1",22,0.5
"Lycium_intricatum","layer_4","layer_1",23,0.5
"Lycium_intricatum","layer_4","layer_1",24,0.666666666666667
"Lycium_intricatum","layer_4","layer_1",25,0.5
"Lycium_intricatum","layer_4","layer_1",26,0.8
"Lycium_intricatum","layer_4","layer_1",27,0.8
"Lycium_intricatum","layer_4","layer_1",28,0.5
"Lycium_intricatum","layer_4","layer_1",29,0.5
"Lycium_intricatum","layer_4","layer_1",30,0.8
"Lycium_intricatum","layer_4","layer_1",31,0.8
"Lycium_intricatum","layer_4","layer_1",32,1
"Lycium_intricatum","layer_4","layer_1",33,0.8
"Lycium_intricatum","layer_4","layer_1",34,NA
"Lycium_intricatum","layer_4","layer_1",35,0.666666666666667
"Lycium_intricatum","layer_4","layer_1",36,0.8
"Lycium_intricatum","layer_4","layer_1",37,1
"Lycium_intricatum","layer_4","layer_1",38,0.8
"Lycium_intricatum","layer_4","layer_1",39,0.5
"Lycium_intricatum","layer_4","layer_1",40,0.5
"Lycium_intricatum","layer_4","layer_1",41,0.857142857142857
"Lycium_intricatum","layer_4","layer_1",42,0.5
"Lycium_intricatum","layer_4","layer_1",43,0.666666666666667
"Lycium_intricatum","layer_4","layer_1",44,1
"Lycium_intricatum","layer_4","layer_1",45,0.8
"Lycium_intricatum","layer_4","layer_1",46,0.8
"Lycium_intricatum","layer_4","layer_1",47,0.8
"Lycium_intricatum","layer_4","layer_1",48,0.5
"Lycium_intricatum","layer_4","layer_1",49,0.8
"Lycium_intricatum","layer_4","layer_1",50,0.8
"Lycium_intricatum","layer_5","layer_1",1,NA
"Lycium_intricatum","layer_5","layer_1",2,0.4
"Lycium_intricatum","layer_5","layer_1",3,NA
"Lycium_intricatum","layer_5","layer_1",4,0.4
"Lycium_intricatum","layer_5","layer_1",5,0.5
"Lycium_intricatum","layer_5","layer_1",6,0.5
"Lycium_intricatum","layer_5","layer_1",7,0.5
"Lycium_intricatum","layer_5","layer_1",8,0.5
"Lycium_intricatum","layer_5","layer_1",9,NA
"Lycium_intricatum","layer_5","layer_1",10,0.5
"Lycium_intricatum","layer_5","layer_1",11,0.5
"Lycium_intricatum","layer_5","layer_1",12,0.5
"Lycium_intricatum","layer_5","layer_1",13,0.5
"Lycium_intricatum","layer_5","layer_1",14,NA
"Lycium_intricatum","layer_5","layer_1",15,NA
"Lycium_intricatum","layer_5","layer_1",16,NA
"Lycium_intricatum","layer_5","layer_1",17,NA
"Lycium_intricatum","layer_5","layer_1",18,0.5
"Lycium_intricatum","layer_5","layer_1",19,0.5
"Lycium_intricatum","layer_5","layer_1",20,0.8
"Lycium_intricatum","layer_5","layer_1",21,NA
"Lycium_intricatum","layer_5","layer_1",22,NA
"Lycium_intricatum","layer_5","layer_1",23,NA
"Lycium_intricatum","layer_5","layer_1",24,0.5
"Lycium_intricatum","layer_5","layer_1",25,0.5
"Lycium_intricatum","layer_5","layer_1",26,0.5
"Lycium_intricatum","layer_5","layer_1",27,0.8
"Lycium_intricatum","layer_5","layer_1",28,0.5
"Lycium_intricatum","layer_5","layer_1",29,0.4
"Lycium_intricatum","layer_5","layer_1",30,0.8
"Lycium_intricatum","layer_5","layer_1",31,NA
"Lycium_intricatum","layer_5","layer_1",32,0.8
"Lycium_intricatum","layer_5","layer_1",33,NA
"Lycium_intricatum","layer_5","layer_1",34,0.333333333333333
"Lycium_intricatum","layer_5","layer_1",35,0.5
"Lycium_intricatum","layer_5","layer_1",36,0.5
"Lycium_intricatum","layer_5","layer_1",37,NA
"Lycium_intricatum","layer_5","layer_1",38,0.4
"Lycium_intricatum","layer_5","layer_1",39,0.857142857142857
"Lycium_intricatum","layer_5","layer_1",40,0.8
"Lycium_intricatum","layer_5","layer_1",41,NA
"Lycium_intricatum","layer_5","layer_1",42,NA
"Lycium_intricatum","layer_5","layer_1",43,0.4
"Lycium_intricatum","layer_5","layer_1",44,1
"Lycium_intricatum","layer_5","layer_1",45,0.5
"Lycium_intricatum","layer_5","layer_1",46,NA
"Lycium_intricatum","layer_5","layer_1",47,0.5
"Lycium_intricatum","layer_5","layer_1",48,1
"Lycium_intricatum","layer_5","layer_1",49,0.5
"Lycium_intricatum","layer_5","layer_1",50,NA
"Lycium_intricatum","layer_1","layer_3",1,0.666666666666667
"Lycium_intricatum","layer_1","layer_3",2,1
"Lycium_intricatum","layer_1","layer_3",3,0.5
"Lycium_intricatum","layer_1","layer_3",4,0.5
"Lycium_intricatum","layer_1","layer_3",5,0.666666666666667
"Lycium_intricatum","layer_1","layer_3",6,0.666666666666667
"Lycium_intricatum","layer_1","layer_3",7,NA
"Lycium_intricatum","layer_1","layer_3",8,NA
"Lycium_intricatum","layer_1","layer_3",9,0.8
"Lycium_intricatum","layer_1","layer_3",10,1
"Lycium_intricatum","layer_1","layer_3",11,0.5
"Lycium_intricatum","layer_1","layer_3",12,NA
"Lycium_intricatum","layer_1","layer_3",13,0.5
"Lycium_intricatum","layer_1","layer_3",14,1
"Lycium_intricatum","layer_1","layer_3",15,NA
"Lycium_intricatum","layer_1","layer_3",16,NA
"Lycium_intricatum","layer_1","layer_3",17,NA
"Lycium_intricatum","layer_1","layer_3",18,NA
"Lycium_intricatum","layer_1","layer_3",19,0.5
"Lycium_intricatum","layer_1","layer_3",20,NA
"Lycium_intricatum","layer_1","layer_3",21,NA
"Lycium_intricatum","layer_1","layer_3",22,NA
"Lycium_intricatum","layer_1","layer_3",23,0.5
"Lycium_intricatum","layer_1","layer_3",24,0.666666666666667
"Lycium_intricatum","layer_1","layer_3",25,NA
"Lycium_intricatum","layer_1","layer_3",26,0.666666666666667
"Lycium_intricatum","layer_1","layer_3",27,0.8
"Lycium_intricatum","layer_1","layer_3",28,0.666666666666667
"Lycium_intricatum","layer_1","layer_3",29,0.5
"Lycium_intricatum","layer_1","layer_3",30,NA
"Lycium_intricatum","layer_1","layer_3",31,NA
"Lycium_intricatum","layer_1","layer_3",32,1
"Lycium_intricatum","layer_1","layer_3",33,0.5
"Lycium_intricatum","layer_1","layer_3",34,0.666666666666667
"Lycium_intricatum","layer_1","layer_3",35,0.666666666666667
"Lycium_intricatum","layer_1","layer_3",36,0.666666666666667
"Lycium_intricatum","layer_1","layer_3",37,1
"Lycium_intricatum","layer_1","layer_3",38,NA
"Lycium_intricatum","layer_1","layer_3",39,0.8
"Lycium_intricatum","layer_1","layer_3",40,0.666666666666667
"Lycium_intricatum","layer_1","layer_3",41,1
"Lycium_intricatum","layer_1","layer_3",42,1
"Lycium_intricatum","layer_1","layer_3",43,0.666666666666667
"Lycium_intricatum","layer_1","layer_3",44,NA
"Lycium_intricatum","layer_1","layer_3",45,0.666666666666667
"Lycium_intricatum","layer_1","layer_3",46,0.8
"Lycium_intricatum","layer_1","layer_3",47,NA
"Lycium_intricatum","layer_1","layer_3",48,0.666666666666667
"Lycium_intricatum","layer_1","layer_3",49,0.8
"Lycium_intricatum","layer_1","layer_3",50,NA
"Lycium_intricatum","layer_4","layer_3",1,1
"Lycium_intricatum","layer_4","layer_3",2,0.8
"Lycium_intricatum","layer_4","layer_3",3,0.5
"Lycium_intricatum","layer_4","layer_3",4,0.666666666666667
"Lycium_intricatum","layer_4","layer_3",5,0.4
"Lycium_intricatum","layer_4","layer_3",6,0.75
"Lycium_intricatum","layer_4","layer_3",7,0.8
"Lycium_intricatum","layer_4","layer_3",8,0.5
"Lycium_intricatum","layer_4","layer_3",9,0.8
"Lycium_intricatum","layer_4","layer_3",10,0.8
"Lycium_intricatum","layer_4","layer_3",11,0.666666666666667
"Lycium_intricatum","layer_4","layer_3",12,1
"Lycium_intricatum","layer_4","layer_3",13,0.8
"Lycium_intricatum","layer_4","layer_3",14,0.75
"Lycium_intricatum","layer_4","layer_3",15,0.8
"Lycium_intricatum","layer_4","layer_3",16,0.5
"Lycium_intricatum","layer_4","layer_3",17,0.666666666666667
"Lycium_intricatum","layer_4","layer_3",18,0.8
"Lycium_intricatum","layer_4","layer_3",19,NA
"Lycium_intricatum","layer_4","layer_3",20,0.333333333333333
"Lycium_intricatum","layer_4","layer_3",21,0.75
"Lycium_intricatum","layer_4","layer_3",22,NA
"Lycium_intricatum","layer_4","layer_3",23,0.8
"Lycium_intricatum","layer_4","layer_3",24,0.4
"Lycium_intricatum","layer_4","layer_3",25,0.666666666666667
"Lycium_intricatum","layer_4","layer_3",26,0.4
"Lycium_intricatum","layer_4","layer_3",27,0.75
"Lycium_intricatum","layer_4","layer_3",28,1
"Lycium_intricatum","layer_4","layer_3",29,0.5
"Lycium_intricatum","layer_4","layer_3",30,0.666666666666667
"Lycium_intricatum","layer_4","layer_3",31,0.5
"Lycium_intricatum","layer_4","layer_3",32,0.5
"Lycium_intricatum","layer_4","layer_3",33,NA
"Lycium_intricatum","layer_4","layer_3",34,0.75
"Lycium_intricatum","layer_4","layer_3",35,0.666666666666667
"Lycium_intricatum","layer_4","layer_3",36,0.5
"Lycium_intricatum","layer_4","layer_3",37,0.5
"Lycium_intricatum","layer_4","layer_3",38,1
"Lycium_intricatum","layer_4","layer_3",39,0.8
"Lycium_intricatum","layer_4","layer_3",40,0.4
"Lycium_intricatum","layer_4","layer_3",41,0.8
"Lycium_intricatum","layer_4","layer_3",42,0.5
"Lycium_intricatum","layer_4","layer_3",43,0.8
"Lycium_intricatum","layer_4","layer_3",44,0.4
"Lycium_intricatum","layer_4","layer_3",45,0.8
"Lycium_intricatum","layer_4","layer_3",46,0.666666666666667
"Lycium_intricatum","layer_4","layer_3",47,0.5
"Lycium_intricatum","layer_4","layer_3",48,0.857142857142857
"Lycium_intricatum","layer_4","layer_3",49,NA
"Lycium_intricatum","layer_4","layer_3",50,0.666666666666667
"Lycium_intricatum","layer_5","layer_3",1,0.666666666666667
"Lycium_intricatum","layer_5","layer_3",2,NA
"Lycium_intricatum","layer_5","layer_3",3,0.4
"Lycium_intricatum","layer_5","layer_3",4,NA
"Lycium_intricatum","layer_5","layer_3",5,NA
"Lycium_intricatum","layer_5","layer_3",6,NA
"Lycium_intricatum","layer_5","layer_3",7,0.666666666666667
"Lycium_intricatum","layer_5","layer_3",8,0.5
"Lycium_intricatum","layer_5","layer_3",9,0.5
"Lycium_intricatum","layer_5","layer_3",10,0.8
"Lycium_intricatum","layer_5","layer_3",11,NA
"Lycium_intricatum","layer_5","layer_3",12,0.571428571428572
"Lycium_intricatum","layer_5","layer_3",13,0.4
"Lycium_intricatum","layer_5","layer_3",14,0.857142857142857
"Lycium_intricatum","layer_5","layer_3",15,NA
"Lycium_intricatum","layer_5","layer_3",16,0.5
"Lycium_intricatum","layer_5","layer_3",17,0.8
"Lycium_intricatum","layer_5","layer_3",18,0.666666666666667
"Lycium_intricatum","layer_5","layer_3",19,0.5
"Lycium_intricatum","layer_5","layer_3",20,0.5
"Lycium_intricatum","layer_5","layer_3",21,NA
"Lycium_intricatum","layer_5","layer_3",22,0.4
"Lycium_intricatum","layer_5","layer_3",23,NA
"Lycium_intricatum","layer_5","layer_3",24,0.5
"Lycium_intricatum","layer_5","layer_3",25,0.5
"Lycium_intricatum","layer_5","layer_3",26,1
"Lycium_intricatum","layer_5","layer_3",27,NA
"Lycium_intricatum","layer_5","layer_3",28,NA
"Lycium_intricatum","layer_5","layer_3",29,0.666666666666667
"Lycium_intricatum","layer_5","layer_3",30,NA
"Lycium_intricatum","layer_5","layer_3",31,NA
"Lycium_intricatum","layer_5","layer_3",32,NA
"Lycium_intricatum","layer_5","layer_3",33,0.4
"Lycium_intricatum","layer_5","layer_3",34,0.571428571428572
"Lycium_intricatum","layer_5","layer_3",35,0.333333333333333
"Lycium_intricatum","layer_5","layer_3",36,NA
"Lycium_intricatum","layer_5","layer_3",37,0.4
"Lycium_intricatum","layer_5","layer_3",38,NA
"Lycium_intricatum","layer_5","layer_3",39,NA
"Lycium_intricatum","layer_5","layer_3",40,0.5
"Lycium_intricatum","layer_5","layer_3",41,0.333333333333333
"Lycium_intricatum","layer_5","layer_3",42,1
"Lycium_intricatum","layer_5","layer_3",43,0.5
"Lycium_intricatum","layer_5","layer_3",44,0.8
"Lycium_intricatum","layer_5","layer_3",45,0.4
"Lycium_intricatum","layer_5","layer_3",46,NA
"Lycium_intricatum","layer_5","layer_3",47,0.4
"Lycium_intricatum","layer_5","layer_3",48,NA
"Lycium_intricatum","layer_5","layer_3",49,0.4
"Lycium_intricatum","layer_5","layer_3",50,0.8
"Lycium_intricatum","layer_1","layer_4",1,NA
"Lycium_intricatum","layer_1","layer_4",2,0.5
"Lycium_intricatum","layer_1","layer_4",3,NA
"Lycium_intricatum","layer_1","layer_4",4,0.666666666666667
"Lycium_intricatum","layer_1","layer_4",5,0.5
"Lycium_intricatum","layer_1","layer_4",6,0.666666666666667
"Lycium_intricatum","layer_1","layer_4",7,0.666666666666667
"Lycium_intricatum","layer_1","layer_4",8,0.666666666666667
"Lycium_intricatum","layer_1","layer_4",9,NA
"Lycium_intricatum","layer_1","layer_4",10,NA
"Lycium_intricatum","layer_1","layer_4",11,0.666666666666667
"Lycium_intricatum","layer_1","layer_4",12,NA
"Lycium_intricatum","layer_1","layer_4",13,0.5
"Lycium_intricatum","layer_1","layer_4",14,0.5
"Lycium_intricatum","layer_1","layer_4",15,NA
"Lycium_intricatum","layer_1","layer_4",16,NA
"Lycium_intricatum","layer_1","layer_4",17,0.666666666666667
"Lycium_intricatum","layer_1","layer_4",18,0.5
"Lycium_intricatum","layer_1","layer_4",19,NA
"Lycium_intricatum","layer_1","layer_4",20,0.666666666666667
"Lycium_intricatum","layer_1","layer_4",21,0.666666666666667
"Lycium_intricatum","layer_1","layer_4",22,NA
"Lycium_intricatum","layer_1","layer_4",23,NA
"Lycium_intricatum","layer_1","layer_4",24,0.666666666666667
"Lycium_intricatum","layer_1","layer_4",25,0.5
"Lycium_intricatum","layer_1","layer_4",26,0.5
"Lycium_intricatum","layer_1","layer_4",27,0.666666666666667
"Lycium_intricatum","layer_1","layer_4",28,0.666666666666667
"Lycium_intricatum","layer_1","layer_4",29,NA
"Lycium_intricatum","layer_1","layer_4",30,NA
"Lycium_intricatum","layer_1","layer_4",31,0.8
"Lycium_intricatum","layer_1","layer_4",32,0.5
"Lycium_intricatum","layer_1","layer_4",33,0.5
"Lycium_intricatum","layer_1","layer_4",34,0.666666666666667
"Lycium_intricatum","layer_1","layer_4",35,0.666666666666667
"Lycium_intricatum","layer_1","layer_4",36,0.666666666666667
"Lycium_intricatum","layer_1","layer_4",37,NA
"Lycium_intricatum","layer_1","layer_4",38,0.666666666666667
"Lycium_intricatum","layer_1","layer_4",39,NA
"Lycium_intricatum","layer_1","layer_4",40,0.5
"Lycium_intricatum","layer_1","layer_4",41,NA
"Lycium_intricatum","layer_1","layer_4",42,NA
"Lycium_intricatum","layer_1","layer_4",43,1
"Lycium_intricatum","layer_1","layer_4",44,0.5
"Lycium_intricatum","layer_1","layer_4",45,0.666666666666667
"Lycium_intricatum","layer_1","layer_4",46,0.666666666666667
"Lycium_intricatum","layer_1","layer_4",47,0.666666666666667
"Lycium_intricatum","layer_1","layer_4",48,NA
"Lycium_intricatum","layer_1","layer_4",49,0.4
"Lycium_intricatum","layer_1","layer_4",50,NA
"Lycium_intricatum","layer_3","layer_4",1,NA
"Lycium_intricatum","layer_3","layer_4",2,0.5
"Lycium_intricatum","layer_3","layer_4",3,NA
"Lycium_intricatum","layer_3","layer_4",4,NA
"Lycium_intricatum","layer_3","layer_4",5,NA
"Lycium_intricatum","layer_3","layer_4",6,0.5
"Lycium_intricatum","layer_3","layer_4",7,0.5
"Lycium_intricatum","layer_3","layer_4",8,0.666666666666667
"Lycium_intricatum","layer_3","layer_4",9,0.8
"Lycium_intricatum","layer_3","layer_4",10,0.4
"Lycium_intricatum","layer_3","layer_4",11,0.571428571428572
"Lycium_intricatum","layer_3","layer_4",12,0.285714285714286
"Lycium_intricatum","layer_3","layer_4",13,NA
"Lycium_intricatum","layer_3","layer_4",14,0.4
"Lycium_intricatum","layer_3","layer_4",15,0.4
"Lycium_intricatum","layer_3","layer_4",16,0.5
"Lycium_intricatum","layer_3","layer_4",17,0.4
"Lycium_intricatum","layer_3","layer_4",18,0.4
"Lycium_intricatum","layer_3","layer_4",19,NA
"Lycium_intricatum","layer_3","layer_4",20,NA
"Lycium_intricatum","layer_3","layer_4",21,NA
"Lycium_intricatum","layer_3","layer_4",22,NA
"Lycium_intricatum","layer_3","layer_4",23,0.4
"Lycium_intricatum","layer_3","layer_4",24,0.4
"Lycium_intricatum","layer_3","layer_4",25,0.4
"Lycium_intricatum","layer_3","layer_4",26,NA
"Lycium_intricatum","layer_3","layer_4",27,0.4
"Lycium_intricatum","layer_3","layer_4",28,0.4
"Lycium_intricatum","layer_3","layer_4",29,0.5
"Lycium_intricatum","layer_3","layer_4",30,0.571428571428572
"Lycium_intricatum","layer_3","layer_4",31,0.4
"Lycium_intricatum","layer_3","layer_4",32,NA
"Lycium_intricatum","layer_3","layer_4",33,0.666666666666667
"Lycium_intricatum","layer_3","layer_4",34,0.5
"Lycium_intricatum","layer_3","layer_4",35,NA
"Lycium_intricatum","layer_3","layer_4",36,NA
"Lycium_intricatum","layer_3","layer_4",37,0.5
"Lycium_intricatum","layer_3","layer_4",38,NA
"Lycium_intricatum","layer_3","layer_4",39,0.285714285714286
"Lycium_intricatum","layer_3","layer_4",40,0.5
"Lycium_intricatum","layer_3","layer_4",41,0.5
"Lycium_intricatum","layer_3","layer_4",42,NA
"Lycium_intricatum","layer_3","layer_4",43,NA
"Lycium_intricatum","layer_3","layer_4",44,0.4
"Lycium_intricatum","layer_3","layer_4",45,0.333333333333333
"Lycium_intricatum","layer_3","layer_4",46,0.666666666666667
"Lycium_intricatum","layer_3","layer_4",47,NA
"Lycium_intricatum","layer_3","layer_4",48,NA
"Lycium_intricatum","layer_3","layer_4",49,0.5
"Lycium_intricatum","layer_3","layer_4",50,0.4
"Lycium_intricatum","layer_5","layer_4",1,0.857142857142857
"Lycium_intricatum","layer_5","layer_4",2,0.666666666666667
"Lycium_intricatum","layer_5","layer_4",3,NA
"Lycium_intricatum","layer_5","layer_4",4,0.4
"Lycium_intricatum","layer_5","layer_4",5,NA
"Lycium_intricatum","layer_5","layer_4",6,NA
"Lycium_intricatum","layer_5","layer_4",7,0.5
"Lycium_intricatum","layer_5","layer_4",8,0.8
"Lycium_intricatum","layer_5","layer_4",9,0.4
"Lycium_intricatum","layer_5","layer_4",10,0.8
"Lycium_intricatum","layer_5","layer_4",11,NA
"Lycium_intricatum","layer_5","layer_4",12,NA
"Lycium_intricatum","layer_5","layer_4",13,0.571428571428572
"Lycium_intricatum","layer_5","layer_4",14,0.5
"Lycium_intricatum","layer_5","layer_4",15,0.4
"Lycium_intricatum","layer_5","layer_4",16,NA
"Lycium_intricatum","layer_5","layer_4",17,0.5
"Lycium_intricatum","layer_5","layer_4",18,0.571428571428572
"Lycium_intricatum","layer_5","layer_4",19,0.8
"Lycium_intricatum","layer_5","layer_4",20,0.4
"Lycium_intricatum","layer_5","layer_4",21,0.8
"Lycium_intricatum","layer_5","layer_4",22,0.4
"Lycium_intricatum","layer_5","layer_4",23,0.4
"Lycium_intricatum","layer_5","layer_4",24,0.857142857142857
"Lycium_intricatum","layer_5","layer_4",25,0.4
"Lycium_intricatum","layer_5","layer_4",26,0.8
"Lycium_intricatum","layer_5","layer_4",27,NA
"Lycium_intricatum","layer_5","layer_4",28,NA
"Lycium_intricatum","layer_5","layer_4",29,0.666666666666667
"Lycium_intricatum","layer_5","layer_4",30,NA
"Lycium_intricatum","layer_5","layer_4",31,0.4
"Lycium_intricatum","layer_5","layer_4",32,NA
"Lycium_intricatum","layer_5","layer_4",33,NA
"Lycium_intricatum","layer_5","layer_4",34,0.5
"Lycium_intricatum","layer_5","layer_4",35,0.5
"Lycium_intricatum","layer_5","layer_4",36,0.5
"Lycium_intricatum","layer_5","layer_4",37,0.666666666666667
"Lycium_intricatum","layer_5","layer_4",38,NA
"Lycium_intricatum","layer_5","layer_4",39,NA
"Lycium_intricatum","layer_5","layer_4",40,0.4
"Lycium_intricatum","layer_5","layer_4",41,0.4
"Lycium_intricatum","layer_5","layer_4",42,0.5
"Lycium_intricatum","layer_5","layer_4",43,NA
"Lycium_intricatum","layer_5","layer_4",44,0.4
"Lycium_intricatum","layer_5","layer_4",45,0.5
"Lycium_intricatum","layer_5","layer_4",46,0.666666666666667
"Lycium_intricatum","layer_5","layer_4",47,0.857142857142857
"Lycium_intricatum","layer_5","layer_4",48,0.5
"Lycium_intricatum","layer_5","layer_4",49,0.333333333333333
"Lycium_intricatum","layer_5","layer_4",50,0.5
"Lycium_intricatum","layer_1","layer_5",1,0.666666666666667
"Lycium_intricatum","layer_1","layer_5",2,NA
"Lycium_intricatum","layer_1","layer_5",3,NA
"Lycium_intricatum","layer_1","layer_5",4,0.5
"Lycium_intricatum","layer_1","layer_5",5,0.5
"Lycium_intricatum","layer_1","layer_5",6,0.5
"Lycium_intricatum","layer_1","layer_5",7,0.5
"Lycium_intricatum","layer_1","layer_5",8,0.666666666666667
"Lycium_intricatum","layer_1","layer_5",9,0.4
"Lycium_intricatum","layer_1","layer_5",10,NA
"Lycium_intricatum","layer_1","layer_5",11,0.4
"Lycium_intricatum","layer_1","layer_5",12,NA
"Lycium_intricatum","layer_1","layer_5",13,NA
"Lycium_intricatum","layer_1","layer_5",14,NA
"Lycium_intricatum","layer_1","layer_5",15,NA
"Lycium_intricatum","layer_1","layer_5",16,NA
"Lycium_intricatum","layer_1","layer_5",17,0.666666666666667
"Lycium_intricatum","layer_1","layer_5",18,1
"Lycium_intricatum","layer_1","layer_5",19,NA
"Lycium_intricatum","layer_1","layer_5",20,1
"Lycium_intricatum","layer_1","layer_5",21,NA
"Lycium_intricatum","layer_1","layer_5",22,0.5
"Lycium_intricatum","layer_1","layer_5",23,NA
"Lycium_intricatum","layer_1","layer_5",24,NA
"Lycium_intricatum","layer_1","layer_5",25,NA
"Lycium_intricatum","layer_1","layer_5",26,0.5
"Lycium_intricatum","layer_1","layer_5",27,NA
"Lycium_intricatum","layer_1","layer_5",28,0.5
"Lycium_intricatum","layer_1","layer_5",29,NA
"Lycium_intricatum","layer_1","layer_5",30,0.5
"Lycium_intricatum","layer_1","layer_5",31,NA
"Lycium_intricatum","layer_1","layer_5",32,0.4
"Lycium_intricatum","layer_1","layer_5",33,0.666666666666667
"Lycium_intricatum","layer_1","layer_5",34,0.666666666666667
"Lycium_intricatum","layer_1","layer_5",35,1
"Lycium_intricatum","layer_1","layer_5",36,0.5
"Lycium_intricatum","layer_1","layer_5",37,0.666666666666667
"Lycium_intricatum","layer_1","layer_5",38,NA
"Lycium_intricatum","layer_1","layer_5",39,0.5
"Lycium_intricatum","layer_1","layer_5",40,0.666666666666667
"Lycium_intricatum","layer_1","layer_5",41,0.666666666666667
"Lycium_intricatum","layer_1","layer_5",42,NA
"Lycium_intricatum","layer_1","layer_5",43,NA
"Lycium_intricatum","layer_1","layer_5",44,0.8
"Lycium_intricatum","layer_1","layer_5",45,0.5
"Lycium_intricatum","layer_1","layer_5",46,0.5
"Lycium_intricatum","layer_1","layer_5",47,0.5
"Lycium_intricatum","layer_1","layer_5",48,0.5
"Lycium_intricatum","layer_1","layer_5",49,NA
"Lycium_intricatum","layer_1","layer_5",50,1
"Lycium_intricatum","layer_3","layer_5",1,0.5
"Lycium_intricatum","layer_3","layer_5",2,0.5
"Lycium_intricatum","layer_3","layer_5",3,0.571428571428572
"Lycium_intricatum","layer_3","layer_5",4,0.4
"Lycium_intricatum","layer_3","layer_5",5,0.333333333333333
"Lycium_intricatum","layer_3","layer_5",6,0.666666666666667
"Lycium_intricatum","layer_3","layer_5",7,0.4
"Lycium_intricatum","layer_3","layer_5",8,0.5
"Lycium_intricatum","layer_3","layer_5",9,0.8
"Lycium_intricatum","layer_3","layer_5",10,1
"Lycium_intricatum","layer_3","layer_5",11,0.5
"Lycium_intricatum","layer_3","layer_5",12,0.4
"Lycium_intricatum","layer_3","layer_5",13,0.666666666666667
"Lycium_intricatum","layer_3","layer_5",14,0.8
"Lycium_intricatum","layer_3","layer_5",15,NA
"Lycium_intricatum","layer_3","layer_5",16,NA
"Lycium_intricatum","layer_3","layer_5",17,0.5
"Lycium_intricatum","layer_3","layer_5",18,NA
"Lycium_intricatum","layer_3","layer_5",19,0.666666666666667
"Lycium_intricatum","layer_3","layer_5",20,0.571428571428572
"Lycium_intricatum","layer_3","layer_5",21,0.8
"Lycium_intricatum","layer_3","layer_5",22,0.857142857142857
"Lycium_intricatum","layer_3","layer_5",23,NA
"Lycium_intricatum","layer_3","layer_5",24,0.4
"Lycium_intricatum","layer_3","layer_5",25,NA
"Lycium_intricatum","layer_3","layer_5",26,0.666666666666667
"Lycium_intricatum","layer_3","layer_5",27,NA
"Lycium_intricatum","layer_3","layer_5",28,NA
"Lycium_intricatum","layer_3","layer_5",29,NA
"Lycium_intricatum","layer_3","layer_5",30,0.5
"Lycium_intricatum","layer_3","layer_5",31,0.4
"Lycium_intricatum","layer_3","layer_5",32,NA
"Lycium_intricatum","layer_3","layer_5",33,NA
"Lycium_intricatum","layer_3","layer_5",34,0.4
"Lycium_intricatum","layer_3","layer_5",35,NA
"Lycium_intricatum","layer_3","layer_5",36,0.5
"Lycium_intricatum","layer_3","layer_5",37,0.4
"Lycium_intricatum","layer_3","layer_5",38,0.5
"Lycium_intricatum","layer_3","layer_5",39,0.333333333333333
"Lycium_intricatum","layer_3","layer_5",40,0.4
"Lycium_intricatum","layer_3","layer_5",41,0.4
"Lycium_intricatum","layer_3","layer_5",42,0.4
"Lycium_intricatum","layer_3","layer_5",43,NA
"Lycium_intricatum","layer_3","layer_5",44,0.571428571428572
"Lycium_intricatum","layer_3","layer_5",45,0.333333333333333
"Lycium_intricatum","layer_3","layer_5",46,0.666666666666667
"Lycium_intricatum","layer_3","layer_5",47,0.333333333333333
"Lycium_intricatum","layer_3","layer_5",48,0.5
"Lycium_intricatum","layer_3","layer_5",49,NA
"Lycium_intricatum","layer_3","layer_5",50,0.4
"Lycium_intricatum","layer_4","layer_5",1,0.666666666666667
"Lycium_intricatum","layer_4","layer_5",2,0.8
"Lycium_intricatum","layer_4","layer_5",3,0.571428571428572
"Lycium_intricatum","layer_4","layer_5",4,0.5
"Lycium_intricatum","layer_4","layer_5",5,0.8
"Lycium_intricatum","layer_4","layer_5",6,0.666666666666667
"Lycium_intricatum","layer_4","layer_5",7,0.8
"Lycium_intricatum","layer_4","layer_5",8,0.4
"Lycium_intricatum","layer_4","layer_5",9,0.4
"Lycium_intricatum","layer_4","layer_5",10,NA
"Lycium_intricatum","layer_4","layer_5",11,0.8
"Lycium_intricatum","layer_4","layer_5",12,0.666666666666667
"Lycium_intricatum","layer_4","layer_5",13,0.8
"Lycium_intricatum","layer_4","layer_5",14,0.8
"Lycium_intricatum","layer_4","layer_5",15,0.8
"Lycium_intricatum","layer_4","layer_5",16,0.857142857142857
"Lycium_intricatum","layer_4","layer_5",17,0.8
"Lycium_intricatum","layer_4","layer_5",18,0.4
"Lycium_intricatum","layer_4","layer_5",19,0.8
"Lycium_intricatum","layer_4","layer_5",20,0.8
"Lycium_intricatum","layer_4","layer_5",21,0.8
"Lycium_intricatum","layer_4","layer_5",22,NA
"Lycium_intricatum","layer_4","layer_5",23,0.8
"Lycium_intricatum","layer_4","layer_5",24,0.5
"Lycium_intricatum","layer_4","layer_5",25,0.666666666666667
"Lycium_intricatum","layer_4","layer_5",26,0.8
"Lycium_intricatum","layer_4","layer_5",27,0.4
"Lycium_intricatum","layer_4","layer_5",28,0.4
"Lycium_intricatum","layer_4","layer_5",29,0.666666666666667
"Lycium_intricatum","layer_4","layer_5",30,0.666666666666667
"Lycium_intricatum","layer_4","layer_5",31,0.8
"Lycium_intricatum","layer_4","layer_5",32,0.5
"Lycium_intricatum","layer_4","layer_5",33,0.5
"Lycium_intricatum","layer_4","layer_5",34,0.5
"Lycium_intricatum","layer_4","layer_5",35,0.5
"Lycium_intricatum","layer_4","layer_5",36,0.8
"Lycium_intricatum","layer_4","layer_5",37,0.4
"Lycium_intricatum","layer_4","layer_5",38,0.666666666666667
"Lycium_intricatum","layer_4","layer_5",39,0.5
"Lycium_intricatum","layer_4","layer_5",40,0.8
"Lycium_intricatum","layer_4","layer_5",41,0.666666666666667
"Lycium_intricatum","layer_4","layer_5",42,0.5
"Lycium_intricatum","layer_4","layer_5",43,0.8
"Lycium_intricatum","layer_4","layer_5",44,NA
"Lycium_intricatum","layer_4","layer_5",45,0.857142857142857
"Lycium_intricatum","layer_4","layer_5",46,0.666666666666667
"Lycium_intricatum","layer_4","layer_5",47,0.5
"Lycium_intricatum","layer_4","layer_5",48,0.5
"Lycium_intricatum","layer_4","layer_5",49,NA
"Lycium_intricatum","layer_4","layer_5",50,0.8
"Periploca_laevigata","layer_2","layer_1",1,0.666666666666667
"Periploca_laevigata","layer_2","layer_1",2,0.666666666666667
"Periploca_laevigata","layer_2","layer_1",3,0.666666666666667
"Periploca_laevigata","layer_2","layer_1",4,0.666666666666667
"Periploca_laevigata","layer_2","layer_1",5,0.666666666666667
"Periploca_laevigata","layer_2","layer_1",6,0.666666666666667
"Periploca_laevigata","layer_2","layer_1",7,0.666666666666667
"Periploca_laevigata","layer_2","layer_1",8,0.666666666666667
"Periploca_laevigata","layer_2","layer_1",9,0.666666666666667
"Periploca_laevigata","layer_2","layer_1",10,0.666666666666667
"Periploca_laevigata","layer_2","layer_1",11,0.666666666666667
"Periploca_laevigata","layer_2","layer_1",12,0.666666666666667
"Periploca_laevigata","layer_2","layer_1",13,0.666666666666667
"Periploca_laevigata","layer_2","layer_1",14,0.666666666666667
"Periploca_laevigata","layer_2","layer_1",15,0.666666666666667
"Periploca_laevigata","layer_2","layer_1",16,0.666666666666667
"Periploca_laevigata","layer_2","layer_1",17,0.666666666666667
"Periploca_laevigata","layer_2","layer_1",18,0.666666666666667
"Periploca_laevigata","layer_2","layer_1",19,0.666666666666667
"Periploca_laevigata","layer_2","layer_1",20,0.666666666666667
"Periploca_laevigata","layer_2","layer_1",21,0.666666666666667
"Periploca_laevigata","layer_2","layer_1",22,0.666666666666667
"Periploca_laevigata","layer_2","layer_1",23,0.666666666666667
"Periploca_laevigata","layer_2","layer_1",24,0.666666666666667
"Periploca_laevigata","layer_2","layer_1",25,0.666666666666667
"Periploca_laevigata","layer_2","layer_1",26,0.4
"Periploca_laevigata","layer_2","layer_1",27,0.666666666666667
"Periploca_laevigata","layer_2","layer_1",28,0.666666666666667
"Periploca_laevigata","layer_2","layer_1",29,0.666666666666667
"Periploca_laevigata","layer_2","layer_1",30,0.666666666666667
"Periploca_laevigata","layer_2","layer_1",31,0.666666666666667
"Periploca_laevigata","layer_2","layer_1",32,0.5
"Periploca_laevigata","layer_2","layer_1",33,0.666666666666667
"Periploca_laevigata","layer_2","layer_1",34,0.666666666666667
"Periploca_laevigata","layer_2","layer_1",35,0.666666666666667
"Periploca_laevigata","layer_2","layer_1",36,0.666666666666667
"Periploca_laevigata","layer_2","layer_1",37,0.666666666666667
"Periploca_laevigata","layer_2","layer_1",38,0.666666666666667
"Periploca_laevigata","layer_2","layer_1",39,0.666666666666667
"Periploca_laevigata","layer_2","layer_1",40,0.666666666666667
"Periploca_laevigata","layer_2","layer_1",41,0.4
"Periploca_laevigata","layer_2","layer_1",42,0.666666666666667
"Periploca_laevigata","layer_2","layer_1",43,0.666666666666667
"Periploca_laevigata","layer_2","layer_1",44,0.25
"Periploca_laevigata","layer_2","layer_1",45,0.666666666666667
"Periploca_laevigata","layer_2","layer_1",46,0.666666666666667
"Periploca_laevigata","layer_2","layer_1",47,0.666666666666667
"Periploca_laevigata","layer_2","layer_1",48,0.666666666666667
"Periploca_laevigata","layer_2","layer_1",49,0.666666666666667
"Periploca_laevigata","layer_2","layer_1",50,0.666666666666667
"Periploca_laevigata","layer_6","layer_1",1,0.666666666666667
"Periploca_laevigata","layer_6","layer_1",2,0.666666666666667
"Periploca_laevigata","layer_6","layer_1",3,0.666666666666667
"Periploca_laevigata","layer_6","layer_1",4,0.666666666666667
"Periploca_laevigata","layer_6","layer_1",5,0.666666666666667
"Periploca_laevigata","layer_6","layer_1",6,0.666666666666667
"Periploca_laevigata","layer_6","layer_1",7,0.666666666666667
"Periploca_laevigata","layer_6","layer_1",8,0.5
"Periploca_laevigata","layer_6","layer_1",9,0.666666666666667
"Periploca_laevigata","layer_6","layer_1",10,0.666666666666667
"Periploca_laevigata","layer_6","layer_1",11,0.666666666666667
"Periploca_laevigata","layer_6","layer_1",12,0.5
"Periploca_laevigata","layer_6","layer_1",13,0.666666666666667
"Periploca_laevigata","layer_6","layer_1",14,0.666666666666667
"Periploca_laevigata","layer_6","layer_1",15,0.666666666666667
"Periploca_laevigata","layer_6","layer_1",16,0.666666666666667
"Periploca_laevigata","layer_6","layer_1",17,0.666666666666667
"Periploca_laevigata","layer_6","layer_1",18,0.666666666666667
"Periploca_laevigata","layer_6","layer_1",19,0.666666666666667
"Periploca_laevigata","layer_6","layer_1",20,0.666666666666667
"Periploca_laevigata","layer_6","layer_1",21,0.666666666666667
"Periploca_laevigata","layer_6","layer_1",22,0.666666666666667
"Periploca_laevigata","layer_6","layer_1",23,0.666666666666667
"Periploca_laevigata","layer_6","layer_1",24,0.666666666666667
"Periploca_laevigata","layer_6","layer_1",25,0.666666666666667
"Periploca_laevigata","layer_6","layer_1",26,0.5
"Periploca_laevigata","layer_6","layer_1",27,0.666666666666667
"Periploca_laevigata","layer_6","layer_1",28,0.666666666666667
"Periploca_laevigata","layer_6","layer_1",29,0.666666666666667
"Periploca_laevigata","layer_6","layer_1",30,0.666666666666667
"Periploca_laevigata","layer_6","layer_1",31,0.666666666666667
"Periploca_laevigata","layer_6","layer_1",32,0.666666666666667
"Periploca_laevigata","layer_6","layer_1",33,0.666666666666667
"Periploca_laevigata","layer_6","layer_1",34,0.666666666666667
"Periploca_laevigata","layer_6","layer_1",35,0.4
"Periploca_laevigata","layer_6","layer_1",36,0.666666666666667
"Periploca_laevigata","layer_6","layer_1",37,0.666666666666667
"Periploca_laevigata","layer_6","layer_1",38,0.666666666666667
"Periploca_laevigata","layer_6","layer_1",39,0.666666666666667
"Periploca_laevigata","layer_6","layer_1",40,0.666666666666667
"Periploca_laevigata","layer_6","layer_1",41,0.666666666666667
"Periploca_laevigata","layer_6","layer_1",42,0.5
"Periploca_laevigata","layer_6","layer_1",43,0.666666666666667
"Periploca_laevigata","layer_6","layer_1",44,0.666666666666667
"Periploca_laevigata","layer_6","layer_1",45,0.666666666666667
"Periploca_laevigata","layer_6","layer_1",46,0.666666666666667
"Periploca_laevigata","layer_6","layer_1",47,0.666666666666667
"Periploca_laevigata","layer_6","layer_1",48,0.666666666666667
"Periploca_laevigata","layer_6","layer_1",49,0.666666666666667
"Periploca_laevigata","layer_6","layer_1",50,0.666666666666667
"Periploca_laevigata","layer_7","layer_1",1,0.666666666666667
"Periploca_laevigata","layer_7","layer_1",2,0.666666666666667
"Periploca_laevigata","layer_7","layer_1",3,0.666666666666667
"Periploca_laevigata","layer_7","layer_1",4,0.666666666666667
"Periploca_laevigata","layer_7","layer_1",5,0.666666666666667
"Periploca_laevigata","layer_7","layer_1",6,0.666666666666667
"Periploca_laevigata","layer_7","layer_1",7,0.666666666666667
"Periploca_laevigata","layer_7","layer_1",8,0.666666666666667
"Periploca_laevigata","layer_7","layer_1",9,0.666666666666667
"Periploca_laevigata","layer_7","layer_1",10,0.8
"Periploca_laevigata","layer_7","layer_1",11,1
"Periploca_laevigata","layer_7","layer_1",12,1
"Periploca_laevigata","layer_7","layer_1",13,0.666666666666667
"Periploca_laevigata","layer_7","layer_1",14,0.666666666666667
"Periploca_laevigata","layer_7","layer_1",15,0.666666666666667
"Periploca_laevigata","layer_7","layer_1",16,0.666666666666667
"Periploca_laevigata","layer_7","layer_1",17,0.666666666666667
"Periploca_laevigata","layer_7","layer_1",18,0.666666666666667
"Periploca_laevigata","layer_7","layer_1",19,0.5
"Periploca_laevigata","layer_7","layer_1",20,0.5
"Periploca_laevigata","layer_7","layer_1",21,0.666666666666667
"Periploca_laevigata","layer_7","layer_1",22,0.666666666666667
"Periploca_laevigata","layer_7","layer_1",23,0.666666666666667
"Periploca_laevigata","layer_7","layer_1",24,0.666666666666667
"Periploca_laevigata","layer_7","layer_1",25,0.666666666666667
"Periploca_laevigata","layer_7","layer_1",26,0.666666666666667
"Periploca_laevigata","layer_7","layer_1",27,0.666666666666667
"Periploca_laevigata","layer_7","layer_1",28,0.666666666666667
"Periploca_laevigata","layer_7","layer_1",29,0.8
"Periploca_laevigata","layer_7","layer_1",30,0.666666666666667
"Periploca_laevigata","layer_7","layer_1",31,0.8
"Periploca_laevigata","layer_7","layer_1",32,0.666666666666667
"Periploca_laevigata","layer_7","layer_1",33,0.666666666666667
"Periploca_laevigata","layer_7","layer_1",34,0.666666666666667
"Periploca_laevigata","layer_7","layer_1",35,0.4
"Periploca_laevigata","layer_7","layer_1",36,0.666666666666667
"Periploca_laevigata","layer_7","layer_1",37,0.5
"Periploca_laevigata","layer_7","layer_1",38,0.666666666666667
"Periploca_laevigata","layer_7","layer_1",39,0.666666666666667
"Periploca_laevigata","layer_7","layer_1",40,0.666666666666667
"Periploca_laevigata","layer_7","layer_1",41,0.666666666666667
"Periploca_laevigata","layer_7","layer_1",42,0.666666666666667
"Periploca_laevigata","layer_7","layer_1",43,0.5
"Periploca_laevigata","layer_7","layer_1",44,0.8
"Periploca_laevigata","layer_7","layer_1",45,0.666666666666667
"Periploca_laevigata","layer_7","layer_1",46,0.666666666666667
"Periploca_laevigata","layer_7","layer_1",47,0.666666666666667
"Periploca_laevigata","layer_7","layer_1",48,0.666666666666667
"Periploca_laevigata","layer_7","layer_1",49,1
"Periploca_laevigata","layer_7","layer_1",50,0.666666666666667
"Periploca_laevigata","layer_1","layer_2",1,0.666666666666667
"Periploca_laevigata","layer_1","layer_2",2,0.666666666666667
"Periploca_laevigata","layer_1","layer_2",3,0.666666666666667
"Periploca_laevigata","layer_1","layer_2",4,0.666666666666667
"Periploca_laevigata","layer_1","layer_2",5,0.666666666666667
"Periploca_laevigata","layer_1","layer_2",6,0.666666666666667
"Periploca_laevigata","layer_1","layer_2",7,0.666666666666667
"Periploca_laevigata","layer_1","layer_2",8,0.666666666666667
"Periploca_laevigata","layer_1","layer_2",9,0.666666666666667
"Periploca_laevigata","layer_1","layer_2",10,0.666666666666667
"Periploca_laevigata","layer_1","layer_2",11,0.666666666666667
"Periploca_laevigata","layer_1","layer_2",12,0.666666666666667
"Periploca_laevigata","layer_1","layer_2",13,0.666666666666667
"Periploca_laevigata","layer_1","layer_2",14,0.666666666666667
"Periploca_laevigata","layer_1","layer_2",15,0.666666666666667
"Periploca_laevigata","layer_1","layer_2",16,0.666666666666667
"Periploca_laevigata","layer_1","layer_2",17,0.666666666666667
"Periploca_laevigata","layer_1","layer_2",18,0.666666666666667
"Periploca_laevigata","layer_1","layer_2",19,0.666666666666667
"Periploca_laevigata","layer_1","layer_2",20,0.666666666666667
"Periploca_laevigata","layer_1","layer_2",21,0.666666666666667
"Periploca_laevigata","layer_1","layer_2",22,0.666666666666667
"Periploca_laevigata","layer_1","layer_2",23,0.666666666666667
"Periploca_laevigata","layer_1","layer_2",24,0.666666666666667
"Periploca_laevigata","layer_1","layer_2",25,0.666666666666667
"Periploca_laevigata","layer_1","layer_2",26,0.666666666666667
"Periploca_laevigata","layer_1","layer_2",27,0.666666666666667
"Periploca_laevigata","layer_1","layer_2",28,0.666666666666667
"Periploca_laevigata","layer_1","layer_2",29,0.666666666666667
"Periploca_laevigata","layer_1","layer_2",30,0.666666666666667
"Periploca_laevigata","layer_1","layer_2",31,0.666666666666667
"Periploca_laevigata","layer_1","layer_2",32,0.666666666666667
"Periploca_laevigata","layer_1","layer_2",33,0.666666666666667
"Periploca_laevigata","layer_1","layer_2",34,0.666666666666667
"Periploca_laevigata","layer_1","layer_2",35,0.666666666666667
"Periploca_laevigata","layer_1","layer_2",36,0.666666666666667
"Periploca_laevigata","layer_1","layer_2",37,0.666666666666667
"Periploca_laevigata","layer_1","layer_2",38,0.666666666666667
"Periploca_laevigata","layer_1","layer_2",39,0.666666666666667
"Periploca_laevigata","layer_1","layer_2",40,0.666666666666667
"Periploca_laevigata","layer_1","layer_2",41,0.666666666666667
"Periploca_laevigata","layer_1","layer_2",42,0.666666666666667
"Periploca_laevigata","layer_1","layer_2",43,0.666666666666667
"Periploca_laevigata","layer_1","layer_2",44,0.666666666666667
"Periploca_laevigata","layer_1","layer_2",45,0.666666666666667
"Periploca_laevigata","layer_1","layer_2",46,0.666666666666667
"Periploca_laevigata","layer_1","layer_2",47,0.666666666666667
"Periploca_laevigata","layer_1","layer_2",48,0.666666666666667
"Periploca_laevigata","layer_1","layer_2",49,0.666666666666667
"Periploca_laevigata","layer_1","layer_2",50,0.666666666666667
"Periploca_laevigata","layer_6","layer_2",1,0.666666666666667
"Periploca_laevigata","layer_6","layer_2",2,0.666666666666667
"Periploca_laevigata","layer_6","layer_2",3,0.666666666666667
"Periploca_laevigata","layer_6","layer_2",4,0.666666666666667
"Periploca_laevigata","layer_6","layer_2",5,0.666666666666667
"Periploca_laevigata","layer_6","layer_2",6,0.666666666666667
"Periploca_laevigata","layer_6","layer_2",7,0.666666666666667
"Periploca_laevigata","layer_6","layer_2",8,0.666666666666667
"Periploca_laevigata","layer_6","layer_2",9,0.666666666666667
"Periploca_laevigata","layer_6","layer_2",10,0.666666666666667
"Periploca_laevigata","layer_6","layer_2",11,0.666666666666667
"Periploca_laevigata","layer_6","layer_2",12,0.666666666666667
"Periploca_laevigata","layer_6","layer_2",13,0.666666666666667
"Periploca_laevigata","layer_6","layer_2",14,0.666666666666667
"Periploca_laevigata","layer_6","layer_2",15,0.666666666666667
"Periploca_laevigata","layer_6","layer_2",16,0.666666666666667
"Periploca_laevigata","layer_6","layer_2",17,0.666666666666667
"Periploca_laevigata","layer_6","layer_2",18,0.5
"Periploca_laevigata","layer_6","layer_2",19,0.666666666666667
"Periploca_laevigata","layer_6","layer_2",20,0.666666666666667
"Periploca_laevigata","layer_6","layer_2",21,0.666666666666667
"Periploca_laevigata","layer_6","layer_2",22,0.666666666666667
"Periploca_laevigata","layer_6","layer_2",23,0.666666666666667
"Periploca_laevigata","layer_6","layer_2",24,0.666666666666667
"Periploca_laevigata","layer_6","layer_2",25,0.666666666666667
"Periploca_laevigata","layer_6","layer_2",26,0.666666666666667
"Periploca_laevigata","layer_6","layer_2",27,0.666666666666667
"Periploca_laevigata","layer_6","layer_2",28,0.666666666666667
"Periploca_laevigata","layer_6","layer_2",29,0.666666666666667
"Periploca_laevigata","layer_6","layer_2",30,0.666666666666667
"Periploca_laevigata","layer_6","layer_2",31,0.666666666666667
"Periploca_laevigata","layer_6","layer_2",32,0.666666666666667
"Periploca_laevigata","layer_6","layer_2",33,0.666666666666667
"Periploca_laevigata","layer_6","layer_2",34,0.666666666666667
"Periploca_laevigata","layer_6","layer_2",35,0.666666666666667
"Periploca_laevigata","layer_6","layer_2",36,0.666666666666667
"Periploca_laevigata","layer_6","layer_2",37,0.666666666666667
"Periploca_laevigata","layer_6","layer_2",38,0.666666666666667
"Periploca_laevigata","layer_6","layer_2",39,0.666666666666667
"Periploca_laevigata","layer_6","layer_2",40,0.666666666666667
"Periploca_laevigata","layer_6","layer_2",41,0.666666666666667
"Periploca_laevigata","layer_6","layer_2",42,0.666666666666667
"Periploca_laevigata","layer_6","layer_2",43,0.666666666666667
"Periploca_laevigata","layer_6","layer_2",44,0.666666666666667
"Periploca_laevigata","layer_6","layer_2",45,0.666666666666667
"Periploca_laevigata","layer_6","layer_2",46,0.666666666666667
"Periploca_laevigata","layer_6","layer_2",47,0.666666666666667
"Periploca_laevigata","layer_6","layer_2",48,0.666666666666667
"Periploca_laevigata","layer_6","layer_2",49,0.666666666666667
"Periploca_laevigata","layer_6","layer_2",50,0.666666666666667
"Periploca_laevigata","layer_7","layer_2",1,0.666666666666667
"Periploca_laevigata","layer_7","layer_2",2,0.666666666666667
"Periploca_laevigata","layer_7","layer_2",3,0.666666666666667
"Periploca_laevigata","layer_7","layer_2",4,0.666666666666667
"Periploca_laevigata","layer_7","layer_2",5,0.666666666666667
"Periploca_laevigata","layer_7","layer_2",6,0.666666666666667
"Periploca_laevigata","layer_7","layer_2",7,0.666666666666667
"Periploca_laevigata","layer_7","layer_2",8,0.666666666666667
"Periploca_laevigata","layer_7","layer_2",9,0.666666666666667
"Periploca_laevigata","layer_7","layer_2",10,0.666666666666667
"Periploca_laevigata","layer_7","layer_2",11,0.666666666666667
"Periploca_laevigata","layer_7","layer_2",12,0.666666666666667
"Periploca_laevigata","layer_7","layer_2",13,0.666666666666667
"Periploca_laevigata","layer_7","layer_2",14,0.666666666666667
"Periploca_laevigata","layer_7","layer_2",15,0.666666666666667
"Periploca_laevigata","layer_7","layer_2",16,0.666666666666667
"Periploca_laevigata","layer_7","layer_2",17,0.666666666666667
"Periploca_laevigata","layer_7","layer_2",18,0.666666666666667
"Periploca_laevigata","layer_7","layer_2",19,0.666666666666667
"Periploca_laevigata","layer_7","layer_2",20,0.666666666666667
"Periploca_laevigata","layer_7","layer_2",21,0.666666666666667
"Periploca_laevigata","layer_7","layer_2",22,0.666666666666667
"Periploca_laevigata","layer_7","layer_2",23,0.666666666666667
"Periploca_laevigata","layer_7","layer_2",24,0.666666666666667
"Periploca_laevigata","layer_7","layer_2",25,0.666666666666667
"Periploca_laevigata","layer_7","layer_2",26,0.666666666666667
"Periploca_laevigata","layer_7","layer_2",27,0.666666666666667
"Periploca_laevigata","layer_7","layer_2",28,0.666666666666667
"Periploca_laevigata","layer_7","layer_2",29,0.666666666666667
"Periploca_laevigata","layer_7","layer_2",30,0.666666666666667
"Periploca_laevigata","layer_7","layer_2",31,0.666666666666667
"Periploca_laevigata","layer_7","layer_2",32,0.666666666666667
"Periploca_laevigata","layer_7","layer_2",33,0.666666666666667
"Periploca_laevigata","layer_7","layer_2",34,0.666666666666667
"Periploca_laevigata","layer_7","layer_2",35,0.666666666666667
"Periploca_laevigata","layer_7","layer_2",36,0.666666666666667
"Periploca_laevigata","layer_7","layer_2",37,0.666666666666667
"Periploca_laevigata","layer_7","layer_2",38,0.666666666666667
"Periploca_laevigata","layer_7","layer_2",39,0.666666666666667
"Periploca_laevigata","layer_7","layer_2",40,0.666666666666667
"Periploca_laevigata","layer_7","layer_2",41,0.666666666666667
"Periploca_laevigata","layer_7","layer_2",42,0.666666666666667
"Periploca_laevigata","layer_7","layer_2",43,0.666666666666667
"Periploca_laevigata","layer_7","layer_2",44,0.666666666666667
"Periploca_laevigata","layer_7","layer_2",45,0.666666666666667
"Periploca_laevigata","layer_7","layer_2",46,0.666666666666667
"Periploca_laevigata","layer_7","layer_2",47,0.666666666666667
"Periploca_laevigata","layer_7","layer_2",48,0.666666666666667
"Periploca_laevigata","layer_7","layer_2",49,0.666666666666667
"Periploca_laevigata","layer_7","layer_2",50,0.666666666666667
"Periploca_laevigata","layer_1","layer_6",1,0.4
"Periploca_laevigata","layer_1","layer_6",2,0.666666666666667
"Periploca_laevigata","layer_1","layer_6",3,0.666666666666667
"Periploca_laevigata","layer_1","layer_6",4,0.4
"Periploca_laevigata","layer_1","layer_6",5,0.666666666666667
"Periploca_laevigata","layer_1","layer_6",6,0.666666666666667
"Periploca_laevigata","layer_1","layer_6",7,0.666666666666667
"Periploca_laevigata","layer_1","layer_6",8,0.666666666666667
"Periploca_laevigata","layer_1","layer_6",9,0.666666666666667
"Periploca_laevigata","layer_1","layer_6",10,0.666666666666667
"Periploca_laevigata","layer_1","layer_6",11,0.666666666666667
"Periploca_laevigata","layer_1","layer_6",12,0.666666666666667
"Periploca_laevigata","layer_1","layer_6",13,0.666666666666667
"Periploca_laevigata","layer_1","layer_6",14,0.666666666666667
"Periploca_laevigata","layer_1","layer_6",15,0.333333333333333
"Periploca_laevigata","layer_1","layer_6",16,0.666666666666667
"Periploca_laevigata","layer_1","layer_6",17,0.666666666666667
"Periploca_laevigata","layer_1","layer_6",18,0.666666666666667
"Periploca_laevigata","layer_1","layer_6",19,0.666666666666667
"Periploca_laevigata","layer_1","layer_6",20,0.666666666666667
"Periploca_laevigata","layer_1","layer_6",21,0.666666666666667
"Periploca_laevigata","layer_1","layer_6",22,1
"Periploca_laevigata","layer_1","layer_6",23,0.666666666666667
"Periploca_laevigata","layer_1","layer_6",24,0.666666666666667
"Periploca_laevigata","layer_1","layer_6",25,0.4
"Periploca_laevigata","layer_1","layer_6",26,0.666666666666667
"Periploca_laevigata","layer_1","layer_6",27,0.666666666666667
"Periploca_laevigata","layer_1","layer_6",28,0.333333333333333
"Periploca_laevigata","layer_1","layer_6",29,0.666666666666667
"Periploca_laevigata","layer_1","layer_6",30,0.666666666666667
"Periploca_laevigata","layer_1","layer_6",31,0.666666666666667
"Periploca_laevigata","layer_1","layer_6",32,0.666666666666667
"Periploca_laevigata","layer_1","layer_6",33,0.666666666666667
"Periploca_laevigata","layer_1","layer_6",34,0.5
"Periploca_laevigata","layer_1","layer_6",35,0.666666666666667
"Periploca_laevigata","layer_1","layer_6",36,0.666666666666667
"Periploca_laevigata","layer_1","layer_6",37,0.666666666666667
"Periploca_laevigata","layer_1","layer_6",38,0.666666666666667
"Periploca_laevigata","layer_1","layer_6",39,0.666666666666667
"Periploca_laevigata","layer_1","layer_6",40,0.4
"Periploca_laevigata","layer_1","layer_6",41,0.666666666666667
"Periploca_laevigata","layer_1","layer_6",42,0.666666666666667
"Periploca_laevigata","layer_1","layer_6",43,0.666666666666667
"Periploca_laevigata","layer_1","layer_6",44,0.5
"Periploca_laevigata","layer_1","layer_6",45,0.4
"Periploca_laevigata","layer_1","layer_6",46,0.666666666666667
"Periploca_laevigata","layer_1","layer_6",47,0.666666666666667
"Periploca_laevigata","layer_1","layer_6",48,0.666666666666667
"Periploca_laevigata","layer_1","layer_6",49,0.666666666666667
"Periploca_laevigata","layer_1","layer_6",50,0.666666666666667
"Periploca_laevigata","layer_2","layer_6",1,0.666666666666667
"Periploca_laevigata","layer_2","layer_6",2,0.666666666666667
"Periploca_laevigata","layer_2","layer_6",3,0.666666666666667
"Periploca_laevigata","layer_2","layer_6",4,0.666666666666667
"Periploca_laevigata","layer_2","layer_6",5,0.666666666666667
"Periploca_laevigata","layer_2","layer_6",6,0.666666666666667
"Periploca_laevigata","layer_2","layer_6",7,0.666666666666667
"Periploca_laevigata","layer_2","layer_6",8,0.666666666666667
"Periploca_laevigata","layer_2","layer_6",9,0.666666666666667
"Periploca_laevigata","layer_2","layer_6",10,0.666666666666667
"Periploca_laevigata","layer_2","layer_6",11,0.666666666666667
"Periploca_laevigata","layer_2","layer_6",12,0.666666666666667
"Periploca_laevigata","layer_2","layer_6",13,0.666666666666667
"Periploca_laevigata","layer_2","layer_6",14,0.666666666666667
"Periploca_laevigata","layer_2","layer_6",15,0.666666666666667
"Periploca_laevigata","layer_2","layer_6",16,0.666666666666667
"Periploca_laevigata","layer_2","layer_6",17,0.666666666666667
"Periploca_laevigata","layer_2","layer_6",18,0.666666666666667
"Periploca_laevigata","layer_2","layer_6",19,0.666666666666667
"Periploca_laevigata","layer_2","layer_6",20,0.666666666666667
"Periploca_laevigata","layer_2","layer_6",21,0.666666666666667
"Periploca_laevigata","layer_2","layer_6",22,0.666666666666667
"Periploca_laevigata","layer_2","layer_6",23,0.666666666666667
"Periploca_laevigata","layer_2","layer_6",24,0.666666666666667
"Periploca_laevigata","layer_2","layer_6",25,0.666666666666667
"Periploca_laevigata","layer_2","layer_6",26,0.666666666666667
"Periploca_laevigata","layer_2","layer_6",27,0.5
"Periploca_laevigata","layer_2","layer_6",28,0.666666666666667
"Periploca_laevigata","layer_2","layer_6",29,0.666666666666667
"Periploca_laevigata","layer_2","layer_6",30,0.666666666666667
"Periploca_laevigata","layer_2","layer_6",31,0.666666666666667
"Periploca_laevigata","layer_2","layer_6",32,0.666666666666667
"Periploca_laevigata","layer_2","layer_6",33,0.666666666666667
"Periploca_laevigata","layer_2","layer_6",34,0.666666666666667
"Periploca_laevigata","layer_2","layer_6",35,0.727272727272727
"Periploca_laevigata","layer_2","layer_6",36,0.666666666666667
"Periploca_laevigata","layer_2","layer_6",37,0.666666666666667
"Periploca_laevigata","layer_2","layer_6",38,0.666666666666667
"Periploca_laevigata","layer_2","layer_6",39,0.666666666666667
"Periploca_laevigata","layer_2","layer_6",40,0.666666666666667
"Periploca_laevigata","layer_2","layer_6",41,0.5
"Periploca_laevigata","layer_2","layer_6",42,0.666666666666667
"Periploca_laevigata","layer_2","layer_6",43,0.666666666666667
"Periploca_laevigata","layer_2","layer_6",44,0.666666666666667
"Periploca_laevigata","layer_2","layer_6",45,0.666666666666667
"Periploca_laevigata","layer_2","layer_6",46,0.666666666666667
"Periploca_laevigata","layer_2","layer_6",47,0.666666666666667
"Periploca_laevigata","layer_2","layer_6",48,0.666666666666667
"Periploca_laevigata","layer_2","layer_6",49,0.666666666666667
"Periploca_laevigata","layer_2","layer_6",50,0.666666666666667
"Periploca_laevigata","layer_7","layer_6",1,0.666666666666667
"Periploca_laevigata","layer_7","layer_6",2,0.666666666666667
"Periploca_laevigata","layer_7","layer_6",3,0.666666666666667
"Periploca_laevigata","layer_7","layer_6",4,0.666666666666667
"Periploca_laevigata","layer_7","layer_6",5,0.666666666666667
"Periploca_laevigata","layer_7","layer_6",6,0.666666666666667
"Periploca_laevigata","layer_7","layer_6",7,0.5
"Periploca_laevigata","layer_7","layer_6",8,0.5
"Periploca_laevigata","layer_7","layer_6",9,1
"Periploca_laevigata","layer_7","layer_6",10,0.666666666666667
"Periploca_laevigata","layer_7","layer_6",11,0.666666666666667
"Periploca_laevigata","layer_7","layer_6",12,0.5
"Periploca_laevigata","layer_7","layer_6",13,0.666666666666667
"Periploca_laevigata","layer_7","layer_6",14,0.666666666666667
"Periploca_laevigata","layer_7","layer_6",15,0.666666666666667
"Periploca_laevigata","layer_7","layer_6",16,0.666666666666667
"Periploca_laevigata","layer_7","layer_6",17,0.666666666666667
"Periploca_laevigata","layer_7","layer_6",18,0.666666666666667
"Periploca_laevigata","layer_7","layer_6",19,0.666666666666667
"Periploca_laevigata","layer_7","layer_6",20,0.666666666666667
"Periploca_laevigata","layer_7","layer_6",21,0.666666666666667
"Periploca_laevigata","layer_7","layer_6",22,0.666666666666667
"Periploca_laevigata","layer_7","layer_6",23,0.666666666666667
"Periploca_laevigata","layer_7","layer_6",24,0.5
"Periploca_laevigata","layer_7","layer_6",25,0.666666666666667
"Periploca_laevigata","layer_7","layer_6",26,0.666666666666667
"Periploca_laevigata","layer_7","layer_6",27,0.666666666666667
"Periploca_laevigata","layer_7","layer_6",28,0.666666666666667
"Periploca_laevigata","layer_7","layer_6",29,1
"Periploca_laevigata","layer_7","layer_6",30,0.666666666666667
"Periploca_laevigata","layer_7","layer_6",31,0.666666666666667
"Periploca_laevigata","layer_7","layer_6",32,0.666666666666667
"Periploca_laevigata","layer_7","layer_6",33,0.666666666666667
"Periploca_laevigata","layer_7","layer_6",34,0.666666666666667
"Periploca_laevigata","layer_7","layer_6",35,0.4
"Periploca_laevigata","layer_7","layer_6",36,0.666666666666667
"Periploca_laevigata","layer_7","layer_6",37,0.666666666666667
"Periploca_laevigata","layer_7","layer_6",38,1
"Periploca_laevigata","layer_7","layer_6",39,0.666666666666667
"Periploca_laevigata","layer_7","layer_6",40,0.666666666666667
"Periploca_laevigata","layer_7","layer_6",41,0.666666666666667
"Periploca_laevigata","layer_7","layer_6",42,0.666666666666667
"Periploca_laevigata","layer_7","layer_6",43,0.666666666666667
"Periploca_laevigata","layer_7","layer_6",44,0.666666666666667
"Periploca_laevigata","layer_7","layer_6",45,0.666666666666667
"Periploca_laevigata","layer_7","layer_6",46,0.666666666666667
"Periploca_laevigata","layer_7","layer_6",47,0.666666666666667
"Periploca_laevigata","layer_7","layer_6",48,0.666666666666667
"Periploca_laevigata","layer_7","layer_6",49,0.666666666666667
"Periploca_laevigata","layer_7","layer_6",50,0.666666666666667
"Periploca_laevigata","layer_1","layer_7",1,0.666666666666667
"Periploca_laevigata","layer_1","layer_7",2,0.666666666666667
"Periploca_laevigata","layer_1","layer_7",3,0.666666666666667
"Periploca_laevigata","layer_1","layer_7",4,0.666666666666667
"Periploca_laevigata","layer_1","layer_7",5,0.666666666666667
"Periploca_laevigata","layer_1","layer_7",6,0.666666666666667
"Periploca_laevigata","layer_1","layer_7",7,0.666666666666667
"Periploca_laevigata","layer_1","layer_7",8,0.666666666666667
"Periploca_laevigata","layer_1","layer_7",9,0.666666666666667
"Periploca_laevigata","layer_1","layer_7",10,0.666666666666667
"Periploca_laevigata","layer_1","layer_7",11,0.666666666666667
"Periploca_laevigata","layer_1","layer_7",12,0.666666666666667
"Periploca_laevigata","layer_1","layer_7",13,0.666666666666667
"Periploca_laevigata","layer_1","layer_7",14,0.5
"Periploca_laevigata","layer_1","layer_7",15,0.666666666666667
"Periploca_laevigata","layer_1","layer_7",16,0.666666666666667
"Periploca_laevigata","layer_1","layer_7",17,0.666666666666667
"Periploca_laevigata","layer_1","layer_7",18,0.666666666666667
"Periploca_laevigata","layer_1","layer_7",19,0.666666666666667
"Periploca_laevigata","layer_1","layer_7",20,0.8
"Periploca_laevigata","layer_1","layer_7",21,0.666666666666667
"Periploca_laevigata","layer_1","layer_7",22,0.5
"Periploca_laevigata","layer_1","layer_7",23,0.4
"Periploca_laevigata","layer_1","layer_7",24,1
"Periploca_laevigata","layer_1","layer_7",25,0.666666666666667
"Periploca_laevigata","layer_1","layer_7",26,0.666666666666667
"Periploca_laevigata","layer_1","layer_7",27,0.666666666666667
"Periploca_laevigata","layer_1","layer_7",28,0.666666666666667
"Periploca_laevigata","layer_1","layer_7",29,0.666666666666667
"Periploca_laevigata","layer_1","layer_7",30,0.8
"Periploca_laevigata","layer_1","layer_7",31,0.4
"Periploca_laevigata","layer_1","layer_7",32,0.666666666666667
"Periploca_laevigata","layer_1","layer_7",33,0.666666666666667
"Periploca_laevigata","layer_1","layer_7",34,0.666666666666667
"Periploca_laevigata","layer_1","layer_7",35,0.666666666666667
"Periploca_laevigata","layer_1","layer_7",36,0.666666666666667
"Periploca_laevigata","layer_1","layer_7",37,0.666666666666667
"Periploca_laevigata","layer_1","layer_7",38,0.666666666666667
"Periploca_laevigata","layer_1","layer_7",39,0.666666666666667
"Periploca_laevigata","layer_1","layer_7",40,0.666666666666667
"Periploca_laevigata","layer_1","layer_7",41,0.666666666666667
"Periploca_laevigata","layer_1","layer_7",42,0.666666666666667
"Periploca_laevigata","layer_1","layer_7",43,0.666666666666667
"Periploca_laevigata","layer_1","layer_7",44,0.666666666666667
"Periploca_laevigata","layer_1","layer_7",45,0.8
"Periploca_laevigata","layer_1","layer_7",46,0.4
"Periploca_laevigata","layer_1","layer_7",47,0.666666666666667
"Periploca_laevigata","layer_1","layer_7",48,0.666666666666667
"Periploca_laevigata","layer_1","layer_7",49,0.666666666666667
"Periploca_laevigata","layer_1","layer_7",50,0.666666666666667
"Periploca_laevigata","layer_2","layer_7",1,0.666666666666667
"Periploca_laevigata","layer_2","layer_7",2,0.666666666666667
"Periploca_laevigata","layer_2","layer_7",3,0.666666666666667
"Periploca_laevigata","layer_2","layer_7",4,0.666666666666667
"Periploca_laevigata","layer_2","layer_7",5,0.666666666666667
"Periploca_laevigata","layer_2","layer_7",6,0.666666666666667
"Periploca_laevigata","layer_2","layer_7",7,0.666666666666667
"Periploca_laevigata","layer_2","layer_7",8,0.666666666666667
"Periploca_laevigata","layer_2","layer_7",9,0.666666666666667
"Periploca_laevigata","layer_2","layer_7",10,0.666666666666667
"Periploca_laevigata","layer_2","layer_7",11,0.666666666666667
"Periploca_laevigata","layer_2","layer_7",12,0.666666666666667
"Periploca_laevigata","layer_2","layer_7",13,0.666666666666667
"Periploca_laevigata","layer_2","layer_7",14,0.666666666666667
"Periploca_laevigata","layer_2","layer_7",15,0.666666666666667
"Periploca_laevigata","layer_2","layer_7",16,0.666666666666667
"Periploca_laevigata","layer_2","layer_7",17,0.666666666666667
"Periploca_laevigata","layer_2","layer_7",18,0.666666666666667
"Periploca_laevigata","layer_2","layer_7",19,0.666666666666667
"Periploca_laevigata","layer_2","layer_7",20,0.666666666666667
"Periploca_laevigata","layer_2","layer_7",21,0.666666666666667
"Periploca_laevigata","layer_2","layer_7",22,0.666666666666667
"Periploca_laevigata","layer_2","layer_7",23,0.666666666666667
"Periploca_laevigata","layer_2","layer_7",24,0.666666666666667
"Periploca_laevigata","layer_2","layer_7",25,0.666666666666667
"Periploca_laevigata","layer_2","layer_7",26,0.666666666666667
"Periploca_laevigata","layer_2","layer_7",27,0.666666666666667
"Periploca_laevigata","layer_2","layer_7",28,0.666666666666667
"Periploca_laevigata","layer_2","layer_7",29,0.666666666666667
"Periploca_laevigata","layer_2","layer_7",30,0.666666666666667
"Periploca_laevigata","layer_2","layer_7",31,0.666666666666667
"Periploca_laevigata","layer_2","layer_7",32,0.666666666666667
"Periploca_laevigata","layer_2","layer_7",33,0.666666666666667
"Periploca_laevigata","layer_2","layer_7",34,0.666666666666667
"Periploca_laevigata","layer_2","layer_7",35,0.666666666666667
"Periploca_laevigata","layer_2","layer_7",36,0.666666666666667
"Periploca_laevigata","layer_2","layer_7",37,0.666666666666667
"Periploca_laevigata","layer_2","layer_7",38,0.666666666666667
"Periploca_laevigata","layer_2","layer_7",39,0.666666666666667
"Periploca_laevigata","layer_2","layer_7",40,0.666666666666667
"Periploca_laevigata","layer_2","layer_7",41,0.666666666666667
"Periploca_laevigata","layer_2","layer_7",42,0.666666666666667
"Periploca_laevigata","layer_2","layer_7",43,0.666666666666667
"Periploca_laevigata","layer_2","layer_7",44,0.666666666666667
"Periploca_laevigata","layer_2","layer_7",45,0.666666666666667
"Periploca_laevigata","layer_2","layer_7",46,0.666666666666667
"Periploca_laevigata","layer_2","layer_7",47,0.666666666666667
"Periploca_laevigata","layer_2","layer_7",48,0.666666666666667
"Periploca_laevigata","layer_2","layer_7",49,0.666666666666667
"Periploca_laevigata","layer_2","layer_7",50,0.666666666666667
"Periploca_laevigata","layer_6","layer_7",1,0.666666666666667
"Periploca_laevigata","layer_6","layer_7",2,0.666666666666667
"Periploca_laevigata","layer_6","layer_7",3,0.666666666666667
"Periploca_laevigata","layer_6","layer_7",4,0.666666666666667
"Periploca_laevigata","layer_6","layer_7",5,0.5
"Periploca_laevigata","layer_6","layer_7",6,0.666666666666667
"Periploca_laevigata","layer_6","layer_7",7,0.666666666666667
"Periploca_laevigata","layer_6","layer_7",8,0.666666666666667
"Periploca_laevigata","layer_6","layer_7",9,0.666666666666667
"Periploca_laevigata","layer_6","layer_7",10,0.666666666666667
"Periploca_laevigata","layer_6","layer_7",11,0.666666666666667
"Periploca_laevigata","layer_6","layer_7",12,0.666666666666667
"Periploca_laevigata","layer_6","layer_7",13,0.666666666666667
"Periploca_laevigata","layer_6","layer_7",14,0.666666666666667
"Periploca_laevigata","layer_6","layer_7",15,0.666666666666667
"Periploca_laevigata","layer_6","layer_7",16,0.5
"Periploca_laevigata","layer_6","layer_7",17,0.666666666666667
"Periploca_laevigata","layer_6","layer_7",18,0.666666666666667
"Periploca_laevigata","layer_6","layer_7",19,0.5
"Periploca_laevigata","layer_6","layer_7",20,0.666666666666667
"Periploca_laevigata","layer_6","layer_7",21,0.666666666666667
"Periploca_laevigata","layer_6","layer_7",22,0.666666666666667
"Periploca_laevigata","layer_6","layer_7",23,0.666666666666667
"Periploca_laevigata","layer_6","layer_7",24,0.666666666666667
"Periploca_laevigata","layer_6","layer_7",25,0.666666666666667
"Periploca_laevigata","layer_6","layer_7",26,0.666666666666667
"Periploca_laevigata","layer_6","layer_7",27,0.666666666666667
"Periploca_laevigata","layer_6","layer_7",28,0.5
"Periploca_laevigata","layer_6","layer_7",29,0.666666666666667
"Periploca_laevigata","layer_6","layer_7",30,0.666666666666667
"Periploca_laevigata","layer_6","layer_7",31,0.666666666666667
"Periploca_laevigata","layer_6","layer_7",32,0.666666666666667
"Periploca_laevigata","layer_6","layer_7",33,0.666666666666667
"Periploca_laevigata","layer_6","layer_7",34,0.5
"Periploca_laevigata","layer_6","layer_7",35,0.666666666666667
"Periploca_laevigata","layer_6","layer_7",36,0.666666666666667
"Periploca_laevigata","layer_6","layer_7",37,0.666666666666667
"Periploca_laevigata","layer_6","layer_7",38,0.666666666666667
"Periploca_laevigata","layer_6","layer_7",39,0.666666666666667
"Periploca_laevigata","layer_6","layer_7",40,0.666666666666667
"Periploca_laevigata","layer_6","layer_7",41,0.666666666666667
"Periploca_laevigata","layer_6","layer_7",42,0.666666666666667
"Periploca_laevigata","layer_6","layer_7",43,0.666666666666667
"Periploca_laevigata","layer_6","layer_7",44,0.666666666666667
"Periploca_laevigata","layer_6","layer_7",45,0.666666666666667
"Periploca_laevigata","layer_6","layer_7",46,0.666666666666667
"Periploca_laevigata","layer_6","layer_7",47,0.666666666666667
"Periploca_laevigata","layer_6","layer_7",48,0.666666666666667
"Periploca_laevigata","layer_6","layer_7",49,0.666666666666667
"Periploca_laevigata","layer_6","layer_7",50,0.666666666666667
"Rubia_fruticosa","layer_7","layer_3",1,0.5
"Rubia_fruticosa","layer_7","layer_3",2,NA
"Rubia_fruticosa","layer_7","layer_3",3,0.333333333333333
"Rubia_fruticosa","layer_7","layer_3",4,0.4
"Rubia_fruticosa","layer_7","layer_3",5,NA
"Rubia_fruticosa","layer_7","layer_3",6,0.333333333333333
"Rubia_fruticosa","layer_7","layer_3",7,NA
"Rubia_fruticosa","layer_7","layer_3",8,0.4
"Rubia_fruticosa","layer_7","layer_3",9,0.4
"Rubia_fruticosa","layer_7","layer_3",10,0.5
"Rubia_fruticosa","layer_7","layer_3",11,0.8
"Rubia_fruticosa","layer_7","layer_3",12,0.75
"Rubia_fruticosa","layer_7","layer_3",13,0.8
"Rubia_fruticosa","layer_7","layer_3",14,0.857142857142857
"Rubia_fruticosa","layer_7","layer_3",15,0.5
"Rubia_fruticosa","layer_7","layer_3",16,0.4
"Rubia_fruticosa","layer_7","layer_3",17,0.666666666666667
"Rubia_fruticosa","layer_7","layer_3",18,0.333333333333333
"Rubia_fruticosa","layer_7","layer_3",19,0.4
"Rubia_fruticosa","layer_7","layer_3",20,0.333333333333333
"Rubia_fruticosa","layer_7","layer_3",21,0.4
"Rubia_fruticosa","layer_7","layer_3",22,0.666666666666667
"Rubia_fruticosa","layer_7","layer_3",23,0.666666666666667
"Rubia_fruticosa","layer_7","layer_3",24,0.857142857142857
"Rubia_fruticosa","layer_7","layer_3",25,0.4
"Rubia_fruticosa","layer_7","layer_3",26,0.4
"Rubia_fruticosa","layer_7","layer_3",27,0.285714285714286
"Rubia_fruticosa","layer_7","layer_3",28,0.666666666666667
"Rubia_fruticosa","layer_7","layer_3",29,0.5
"Rubia_fruticosa","layer_7","layer_3",30,NA
"Rubia_fruticosa","layer_7","layer_3",31,0.4
"Rubia_fruticosa","layer_7","layer_3",32,0.4
"Rubia_fruticosa","layer_7","layer_3",33,0.333333333333333
"Rubia_fruticosa","layer_7","layer_3",34,0.8
"Rubia_fruticosa","layer_7","layer_3",35,NA
"Rubia_fruticosa","layer_7","layer_3",36,0.5
"Rubia_fruticosa","layer_7","layer_3",37,0.8
"Rubia_fruticosa","layer_7","layer_3",38,NA
"Rubia_fruticosa","layer_7","layer_3",39,0.571428571428572
"Rubia_fruticosa","layer_7","layer_3",40,0.4
"Rubia_fruticosa","layer_7","layer_3",41,0.333333333333333
"Rubia_fruticosa","layer_7","layer_3",42,0.666666666666667
"Rubia_fruticosa","layer_7","layer_3",43,0.4
"Rubia_fruticosa","layer_7","layer_3",44,NA
"Rubia_fruticosa","layer_7","layer_3",45,0.5
"Rubia_fruticosa","layer_7","layer_3",46,0.4
"Rubia_fruticosa","layer_7","layer_3",47,NA
"Rubia_fruticosa","layer_7","layer_3",48,0.666666666666667
"Rubia_fruticosa","layer_7","layer_3",49,0.333333333333333
"Rubia_fruticosa","layer_7","layer_3",50,0.333333333333333
"Rubia_fruticosa","layer_3","layer_7",1,0.8
"Rubia_fruticosa","layer_3","layer_7",2,0.5
"Rubia_fruticosa","layer_3","layer_7",3,0.666666666666667
"Rubia_fruticosa","layer_3","layer_7",4,1
"Rubia_fruticosa","layer_3","layer_7",5,0.5
"Rubia_fruticosa","layer_3","layer_7",6,NA
"Rubia_fruticosa","layer_3","layer_7",7,1
"Rubia_fruticosa","layer_3","layer_7",8,1
"Rubia_fruticosa","layer_3","layer_7",9,1
"Rubia_fruticosa","layer_3","layer_7",10,0.8
"Rubia_fruticosa","layer_3","layer_7",11,1
"Rubia_fruticosa","layer_3","layer_7",12,0.666666666666667
"Rubia_fruticosa","layer_3","layer_7",13,0.5
"Rubia_fruticosa","layer_3","layer_7",14,0.666666666666667
"Rubia_fruticosa","layer_3","layer_7",15,1
"Rubia_fruticosa","layer_3","layer_7",16,0.8
"Rubia_fruticosa","layer_3","layer_7",17,0.8
"Rubia_fruticosa","layer_3","layer_7",18,0.8
"Rubia_fruticosa","layer_3","layer_7",19,0.8
"Rubia_fruticosa","layer_3","layer_7",20,0.5
"Rubia_fruticosa","layer_3","layer_7",21,1
"Rubia_fruticosa","layer_3","layer_7",22,0.5
"Rubia_fruticosa","layer_3","layer_7",23,0.8
"Rubia_fruticosa","layer_3","layer_7",24,1
"Rubia_fruticosa","layer_3","layer_7",25,1
"Rubia_fruticosa","layer_3","layer_7",26,0.5
"Rubia_fruticosa","layer_3","layer_7",27,0.666666666666667
"Rubia_fruticosa","layer_3","layer_7",28,0.5
"Rubia_fruticosa","layer_3","layer_7",29,0.5
"Rubia_fruticosa","layer_3","layer_7",30,0.5
"Rubia_fruticosa","layer_3","layer_7",31,0.666666666666667
"Rubia_fruticosa","layer_3","layer_7",32,1
"Rubia_fruticosa","layer_3","layer_7",33,0.666666666666667
"Rubia_fruticosa","layer_3","layer_7",34,0.5
"Rubia_fruticosa","layer_3","layer_7",35,0.666666666666667
"Rubia_fruticosa","layer_3","layer_7",36,0.8
"Rubia_fruticosa","layer_3","layer_7",37,0.666666666666667
"Rubia_fruticosa","layer_3","layer_7",38,0.5
"Rubia_fruticosa","layer_3","layer_7",39,1
"Rubia_fruticosa","layer_3","layer_7",40,1
"Rubia_fruticosa","layer_3","layer_7",41,0.8
"Rubia_fruticosa","layer_3","layer_7",42,0.666666666666667
"Rubia_fruticosa","layer_3","layer_7",43,1
"Rubia_fruticosa","layer_3","layer_7",44,1
"Rubia_fruticosa","layer_3","layer_7",45,0.666666666666667
"Rubia_fruticosa","layer_3","layer_7",46,1
"Rubia_fruticosa","layer_3","layer_7",47,0.666666666666667
"Rubia_fruticosa","layer_3","layer_7",48,1
"Rubia_fruticosa","layer_3","layer_7",49,0.5
"Rubia_fruticosa","layer_3","layer_7",50,0.8
"Schizogyne_sericea","layer_2","layer_1",1,0.5
"Schizogyne_sericea","layer_2","layer_1",2,0.4
"Schizogyne_sericea","layer_2","layer_1",3,0.857142857142857
"Schizogyne_sericea","layer_2","layer_1",4,0.5
"Schizogyne_sericea","layer_2","layer_1",5,0.333333333333333
"Schizogyne_sericea","layer_2","layer_1",6,0.4
"Schizogyne_sericea","layer_2","layer_1",7,0.666666666666667
"Schizogyne_sericea","layer_2","layer_1",8,0.8
"Schizogyne_sericea","layer_2","layer_1",9,0.8
"Schizogyne_sericea","layer_2","layer_1",10,0.666666666666667
"Schizogyne_sericea","layer_2","layer_1",11,0.666666666666667
"Schizogyne_sericea","layer_2","layer_1",12,0.4
"Schizogyne_sericea","layer_2","layer_1",13,0.5
"Schizogyne_sericea","layer_2","layer_1",14,0.5
"Schizogyne_sericea","layer_2","layer_1",15,0.5
"Schizogyne_sericea","layer_2","layer_1",16,0.857142857142857
"Schizogyne_sericea","layer_2","layer_1",17,0.5
"Schizogyne_sericea","layer_2","layer_1",18,1
"Schizogyne_sericea","layer_2","layer_1",19,1
"Schizogyne_sericea","layer_2","layer_1",20,0.5
"Schizogyne_sericea","layer_2","layer_1",21,0.666666666666667
"Schizogyne_sericea","layer_2","layer_1",22,0.4
"Schizogyne_sericea","layer_2","layer_1",23,0.285714285714286
"Schizogyne_sericea","layer_2","layer_1",24,0.8
"Schizogyne_sericea","layer_2","layer_1",25,0.8
"Schizogyne_sericea","layer_2","layer_1",26,0.4
"Schizogyne_sericea","layer_2","layer_1",27,0.8
"Schizogyne_sericea","layer_2","layer_1",28,0.5
"Schizogyne_sericea","layer_2","layer_1",29,0.8
"Schizogyne_sericea","layer_2","layer_1",30,0.666666666666667
"Schizogyne_sericea","layer_2","layer_1",31,0.8
"Schizogyne_sericea","layer_2","layer_1",32,0.75
"Schizogyne_sericea","layer_2","layer_1",33,0.4
"Schizogyne_sericea","layer_2","layer_1",34,NA
"Schizogyne_sericea","layer_2","layer_1",35,0.666666666666667
"Schizogyne_sericea","layer_2","layer_1",36,1
"Schizogyne_sericea","layer_2","layer_1",37,0.75
"Schizogyne_sericea","layer_2","layer_1",38,0.8
"Schizogyne_sericea","layer_2","layer_1",39,NA
"Schizogyne_sericea","layer_2","layer_1",40,0.75
"Schizogyne_sericea","layer_2","layer_1",41,0.571428571428572
"Schizogyne_sericea","layer_2","layer_1",42,0.8
"Schizogyne_sericea","layer_2","layer_1",43,NA
"Schizogyne_sericea","layer_2","layer_1",44,0.5
"Schizogyne_sericea","layer_2","layer_1",45,0.666666666666667
"Schizogyne_sericea","layer_2","layer_1",46,0.5
"Schizogyne_sericea","layer_2","layer_1",47,NA
"Schizogyne_sericea","layer_2","layer_1",48,0.8
"Schizogyne_sericea","layer_2","layer_1",49,0.8
"Schizogyne_sericea","layer_2","layer_1",50,0.5
"Schizogyne_sericea","layer_1","layer_2",1,0.5
"Schizogyne_sericea","layer_1","layer_2",2,0.5
"Schizogyne_sericea","layer_1","layer_2",3,0.666666666666667
"Schizogyne_sericea","layer_1","layer_2",4,1
"Schizogyne_sericea","layer_1","layer_2",5,0.666666666666667
"Schizogyne_sericea","layer_1","layer_2",6,0.666666666666667
"Schizogyne_sericea","layer_1","layer_2",7,0.666666666666667
"Schizogyne_sericea","layer_1","layer_2",8,0.8
"Schizogyne_sericea","layer_1","layer_2",9,0.5
"Schizogyne_sericea","layer_1","layer_2",10,0.5
"Schizogyne_sericea","layer_1","layer_2",11,0.666666666666667
"Schizogyne_sericea","layer_1","layer_2",12,0.5
"Schizogyne_sericea","layer_1","layer_2",13,NA
"Schizogyne_sericea","layer_1","layer_2",14,NA
"Schizogyne_sericea","layer_1","layer_2",15,1
"Schizogyne_sericea","layer_1","layer_2",16,0.5
"Schizogyne_sericea","layer_1","layer_2",17,NA
"Schizogyne_sericea","layer_1","layer_2",18,0.4
"Schizogyne_sericea","layer_1","layer_2",19,0.666666666666667
"Schizogyne_sericea","layer_1","layer_2",20,NA
"Schizogyne_sericea","layer_1","layer_2",21,0.5
"Schizogyne_sericea","layer_1","layer_2",22,0.666666666666667
"Schizogyne_sericea","layer_1","layer_2",23,0.666666666666667
"Schizogyne_sericea","layer_1","layer_2",24,1
"Schizogyne_sericea","layer_1","layer_2",25,0.666666666666667
"Schizogyne_sericea","layer_1","layer_2",26,0.8
"Schizogyne_sericea","layer_1","layer_2",27,NA
"Schizogyne_sericea","layer_1","layer_2",28,0.5
"Schizogyne_sericea","layer_1","layer_2",29,0.5
"Schizogyne_sericea","layer_1","layer_2",30,NA
"Schizogyne_sericea","layer_1","layer_2",31,0.5
"Schizogyne_sericea","layer_1","layer_2",32,0.666666666666667
"Schizogyne_sericea","layer_1","layer_2",33,0.666666666666667
"Schizogyne_sericea","layer_1","layer_2",34,NA
"Schizogyne_sericea","layer_1","layer_2",35,0.666666666666667
"Schizogyne_sericea","layer_1","layer_2",36,NA
"Schizogyne_sericea","layer_1","layer_2",37,0.666666666666667
"Schizogyne_sericea","layer_1","layer_2",38,0.666666666666667
"Schizogyne_sericea","layer_1","layer_2",39,1
"Schizogyne_sericea","layer_1","layer_2",40,0.666666666666667
"Schizogyne_sericea","layer_1","layer_2",41,NA
"Schizogyne_sericea","layer_1","layer_2",42,0.666666666666667
"Schizogyne_sericea","layer_1","layer_2",43,0.666666666666667
"Schizogyne_sericea","layer_1","layer_2",44,1
"Schizogyne_sericea","layer_1","layer_2",45,1
"Schizogyne_sericea","layer_1","layer_2",46,0.666666666666667
"Schizogyne_sericea","layer_1","layer_2",47,0.666666666666667
"Schizogyne_sericea","layer_1","layer_2",48,0.5
"Schizogyne_sericea","layer_1","layer_2",49,NA
"Schizogyne_sericea","layer_1","layer_2",50,0.5
